汉族	"汉族是中国的主体民族。汉族人口为1220844520人，占91.6%(2010，未包括香港、澳门特别行政区和台湾省数据)，占全国人口总数的91.51%。汉族的远古先民大体以西起陇山、东至泰山的黄河中下游为活动地区。公元前21世纪后，中原地区相继出现了夏、商、西周几个王朝。他们虽都自认黄帝为其祖先，实际却来自不同的部落集团，经过漫长历史年代的接近、交往、斗争和融合，形成了共同族体。西周时已出现华、夏单称或华夏连称的族名，以区别于蛮、夷、戎、狄等；至战国时，秦、楚、齐、燕、韩、赵、魏同称诸夏。后经兼并、争战，形成诸夏统一趋势，进至中原的戎、狄、夷、蛮也与华夏融合，华夏成为稳定的族体，分布区域已达东北辽河中下游、西北洮河流域、西南巴蜀黔中、东南湖湘吴越等广大地区。前221年秦兼并六国，统一诸夏，建立了中国历史上第一个统一的中央集权制的封建国家。汉族以先秦华夏为核心，在秦汉时期形成统一民族。

汉族的族称，是在中国统一的多民族国家形成、发展过程中确立的。前206年汉朝继秦而兴，前后历400余年，经济、文化及国家的统一有了新的发展，原称华夏的中原居民称为汉人。在以后的历史发展中，汉人成为中国主体民族的族称，历代占中国人口绝大多数，在各方面发展中占主导地位。汉族历经与各族的共处、迁徙、融合，形成了在松辽平原及黄河、淮河、长江、珠江等农业发达地区及城市集中分布，在边疆与当地各族交错杂居的分布特点。另外，在历史发展过程中，汉族有相当数量人口移居海外，形成当地的华裔或华侨。20世纪50年代以来，特别是改革开放以后，中国在政治、经济、科技、文化、教育、卫生、体育等方面都取得伟大成就，汉族人民和各少数民族人民紧密地团结在一起，艰苦奋斗，开拓进取，为祖国的繁荣富强作出了巨大贡献。汉族在古代创造了灿烂的文化艺术，具有鲜明的特色。拥有众多影响深远的代表人物和作品。在自然科学方面，天文学和数学成就为世人瞩目。古代农学曾有农书370余种。在古代汉文学发展中，诗歌的发展占显著地位，如楚辞、乐府、唐诗、宋词等都有许多艺术成就极高的作家与作品；其他如散文、小说等也著称于世。

汉族的语言通称汉语，属汉藏语系，是世界上历史最悠久、最丰富的语言之一。主要方言有七种。现代汉语的标准语是普通话。汉文(见汉字)起源于远古，通行的方块字从殷商的甲骨文和商周的金文演变而来。20世纪50年代以后，中国政府有计划地进行文字改革，制订了汉语拼音方案，推广普通话，简化汉字。汉族的衣、食、住和风俗习惯从古至今颇有特色，因时代的变化而变化。移风易俗，推陈出新，接受外来文化的影响，现代、文明、科学、舒适已成为生活习俗发展的趋向。汉族通行一夫一妻制婚姻，婚姻家庭以牢固稳定著称。以注重礼仪、尊长爱幼为美德。丧葬过去行土葬，现大部分通行火葬。节日以春节最为隆重。还有清明节、端午节、中秋节等。有的节日已成为汉族和一些少数民族的共同节日。汉族自古对各种宗教采取兼容并蓄的态度，有部分人信奉佛教、道教以及基督教新教、天主教等。民间尊崇孔子和儒学。

【历史沿革】

汉族的先民据先秦文献记载的传说与夏、商、周立都范围，汉族的远古先民大体以西起陇山、东至泰山的黄河中、下游为活动地区；主要分布在这一地区的仰韶文化和龙山文化这两个类型的新石器文化，一般认为即汉族远古先民的文化遗存。

远古传说，还描述了汉族先民曾经历漫长的原始公社制时代。在黄帝以前，经过“知母不知父”的母系氏族部落的阶段；关于黄帝的传说，则标志着由母系氏族部落转化为父系氏族部落，并已进入部落联盟阶段。传说在黄帝之后相继以禅让方式为大部落联盟首领的尧、舜、禹，虽都被认为是黄帝的子孙，然而历史传说又表明，汉族远古先民，实包括来自羌、夷、苗、黎等氏族部落集团的人。因而，又有虞舜出自东夷，夏禹出自羌、戎的记述；还有一些传说中的人物，按不同记述，可解释成亦羌、亦夷、亦苗黎。这种历史传说的矛盾现象，反映了不同来源的氏族部落集团逐步融合为同一个族体，创造共同祖先的历史过程。

公元前21世纪，中原地区的原始公社制时代走到了历史的尽头，阶级社会已经出现在黄河中、下游平原的土地上。从公元前21世纪以后，相继出现了夏（约公元前21世纪～前16世纪）、商（约前16世纪～前11世纪）、西周（约前11世纪～前771年）几个王朝。夏王族为大禹之后。商王的祖先本是东夷，周王自称其先民为夏人的一支，杂居于戎、狄之间，与羌人关系密切。这些虽都自认黄帝为其祖先，而实际却是来自不同部落集团的人们，首先在黄河及其支流渭、汾、伊、洛下至河济之间以及淮河支流汝、颍上游；继而发展至淮河、泗水、长江、汉水的广大地区。经过漫长历史年代的接近、交往、斗争和融合，而形成为共同族体。西周时，已出现华、夏单称或华夏连称的族名，以与蛮、夷、戎、狄相区别。但是，这时华夷之辨尚不甚严。

春秋（前770～前476）时，华夷贵贱尊卑的观念已很强烈，当时区分华夏与蛮夷的标准，族类与文化都被重视，文化尤为首要因素。华夷因礼俗、服饰等因素而往往可以互相易位。例如：杞为夏后，因他们与东夷杂处而行夷礼，就被看作东夷；吴国公族出自周室，因随越人习俗，被视为蛮夷；楚国王族的先人，西周初受封于荆蛮之区，春秋初楚王自称蛮夷率先称王，诸侯称他们为荆蛮；后来楚王争霸中原时，以维护华夏礼制自居，又被尊为华夏；秦的祖先本是东夷，而兴起于渭水上游与戎、狄杂处，习俗多与戎、狄相同，后定居渭河中下游，从事农耕，成为周朝大夫。平王东迁之后，受封为诸侯，在西周镐京地区立国，春秋时期，一般把它看作西戎。至战国（前475～前221），秦、楚不仅与齐、燕、韩、赵、魏同称诸夏，而且是两个最强大的华夏诸侯。七雄合纵、连横、兼并、争战，但族体相同，形成诸夏统一趋势；进至中原的戎、狄、夷、蛮也逐渐与华夏融化，于是华夏成为稳定的族体，分布区域也已达东北辽河中下游，西北洮河流域，西南巴蜀黔中，东南湖湘吴越等广大地区。

汉族的形成与漫长的封建社会公元前221年秦始皇兼并六国，统一诸夏。在中国历史上第一次建立了统一的专制主义的中央集权的封建国家。在秦汉国家统一的条件下，汉族形成了统一的民族。

在汉族社会发展的历史上，封建社会漫长是一个突出的特点。虽然中国古代社会分期的学术讨论进行了差不多半个世纪，至今仍无完全一致的结论，但秦始皇统一中国时已进入封建社会，则已基本上得到统一的认识。关于汉民族何时形成的问题，在1954～1956年间，中国学术界曾进行过一次广泛的讨论，大体有3种观点：①汉族在秦汉时代已经具备了形成民族的条件，及至形成以后又不断得到了发展。到近代由于资本主义制度在中国没有占统治地位，汉民族也因之没有形成为资本主义民族。②民族是资产阶级上升时期的产物，汉族形成为民族，应在1840年以后。③汉民族的形成应与中国资本主义萌芽的历史时期相吻合，明末清初，或者早在唐(618～907）、宋(960～1279)应是汉族形成为民族的时期。这场学术讨论，涉及对民族的定义、民族形成的理论和汉民族形成的具体历史等多方面问题的探讨，至今仍在深入发展，尚无定论。根据民族的一般特征和史籍的记载，目前学术界较为普遍的看法，认为汉族是以先秦的华夏族为核心，在秦汉时期形成为统一的民族，至1840年，经历了在封建君主专制制度下的两千多年的发展过程；1840年以后至1949年在反帝反封建斗争中得到新的发展；1949年中华人民共和国建立以后，与中国各族人民一起逐步发展为社会主义民族。

汉族的族称，是在中国统一的多民族国家形成、发展过程中确立的。秦统一以后，华夏的族称仍然沿用。但原属山东(崤山以东)六国之民，已同为秦朝“黔首”。秦虽国祚短促，然而西域（包括今新疆）诸族、匈奴至汉代仍称中原人为秦人。公元前206年，汉朝继秦而兴，前后400余年，沟通西域，屯田湟中，设立护乌桓校尉，降服匈奴，征服西南夷并设立郡县，平定赵氏南越及东瓯、闽越。于是多民族中国的统一有了新的发展。从汉朝以后，华夷同居中国，特别是东晋十六国和南北朝(317～589)时期，“五胡”在中国北部建号立国，成为统治民族。论族别，他们虽不讳为夷狄，论国别则以据有两京（长安、洛阳）而自居中国正统。于是因为原称为“华夏”的中原居民行汉礼仪，服汉衣冠，遂逐渐地称之为“汉人”。在以后的历史发展中，“汉人”便逐渐成为中国主体民族的族称，历代均占全国人口的绝大多数，在经济、文化、政治制度等方面的发展中，起了主导作用。

分布的特点汉族分布地区的特点，是在统一的多民族的中国的形成、发展与确立过程中逐渐形成的。

历史上汉族人口有过几次大规模自黄河流域和淮河以北向长江、珠江流域南移。秦统一六国时，曾将关东强宗大量迁入关中，西汉（前206～公元8）时也有过类似移民活动，然而当时的经济发展决定了黄河中下游各郡为全国人口最稠密的地区。如以秦岭与淮河为界把郡县地区划为南北两部，两汉大体都是北部约占当时户口总数的80％，南部约占20％。从东汉（公元25～220）末年起，北部割据混战，人民开始南迁，而西晋(265～316)末年“永嘉之乱”，黄河流域人民大规模南迁至长江中下游与长江中上游及汉水流域。经南北朝，继续有人口南移，使长江流域人口不断增加，但仍未改变北部人口多于南部的分布状况。然而如果拿隋末与西晋时的南部诸郡人口总数相比较，则长江流域与岭南各地人口增加了一倍以上。

唐末藩镇割据混战，五代(907～960)相仍，北部人口又一次出现了南迁趋势。到北宋末年，金兵南犯，出现了第二次人口南迁的高潮。南方人口大增，主要集中在四川盆地以及洞庭、鄱阳、太湖等大湖周围和长江、珠江三角洲地区。这些地方成为人口稠密之区，人口密度高于北部各州。除以上两次大规模人口南迁之外，另外还有几次具有相当规模的人口南迁。南部经济自东晋以来发展迅速，至两宋时，中国的经济重心南移，南方人口不仅密度高于北方，而且汉族人口的总数，至明、清时也已超过北方。

自秦汉到清朝，历代都有不少汉族人民通过屯垦、移民、掳掠、流亡等方式移居边疆各地，与边疆少数民族交错杂处，共同开发边疆。两千多年间，移居边疆的汉族有不少融入当地少数民族之中，其中唐代的东北渤海人、西南南诏人、辽代契丹人、清初满族等都以融化大量汉族人民而壮大、兴旺起来。其他各少数民族在发展过程中，也都吸收了汉族的成分，而边疆各民族内迁，与汉族杂处，往往大都融入汉族之中。汉族所以人口众多，与不断吸收其他少数民族成分壮大兴旺起来是分不开的。

汉族经历与中国境内各民族长达数千年的共处、迁徙，于是形成了在松辽平原及黄河、淮河、长江、珠江等大河巨川流域农业最发达的地区及城市集中分布，在边疆与当地各民族交错杂居的分布特点。

在长期的历史发展过程中，汉族有相当数量人口移居海外。其中有的在移居国生根发展，成为当地的华裔，有的则保持中国国籍，成为散布在世界各地的华侨。

反帝反封建斗争汉族历来是一个富于革命传统的民族，对于封建地主阶级和君主专制制度的残酷压迫剥削，自秦末陈胜、吴广揭竿而起，在中国古代举行过大大小小千百次农民起义，其中有些是以汉族或某一少数民族为主，有许多其他民族参加的起义斗争。斗争的目标也不断深化。明末李自成起义，曾提出“均田免粮”的口号；清代太平天国运动中制订了《天朝田亩制度》，说明到了封建社会末期，农民已试图用平均主义去改变封建土地不均与等级森严的封建压迫。虽然这些起义都由于历史与阶级的局限而最终失败，但它对中国历史的发展发生了重大影响。

对于民族压迫，汉族人民有着英勇反抗的历史记录，尤其是对于外国侵略者，汉族人民往往与国内其他各民族联合起来，共同为保卫祖国而英勇斗争。明朝中叶以后，西方殖民者东来，荷兰殖民主义者侵占中国台湾，郑成功领导的抗清队伍一举驱逐荷兰殖民者，这一斗争得到了台湾各族人民的支持。清初，沙俄殖民者侵入黑龙江流域，黑龙江各族人民共同奋起坚决反抗，后来在康熙皇帝决策进行驱逐沙俄殖民者的雅克萨战斗中，汉族军民和各族军民紧密团结、浴血奋战，终于取得了雅克萨反击战的胜利。说明在古代中国各族人民当外国殖民者侵入时，已表现了同仇敌忾、团结战斗的英勇斗争精神。

1840年，英国向中国发动鸦片战争，从此中国逐渐沦为半殖民地、半封建社会，直到中华人民共和国成立，经历了一个世纪之久。资本帝国主义的侵略，加速了中国自然经济的分解，在东南沿海形成了以上海、广州、天津等大城市为代表的工商业发达的大城市，并且主要在这些大城市产生了民族资产阶级和无产阶级。资本帝国主义在中国肆意掠夺，破坏了中国主权，以至策划瓜分中国。英国对中国发动了两次鸦片战争，法国侵华战争，中日甲午战争，八国联军侵华战争，以至1931年“九一八”日本侵占中国东北，等等，给中国强加一系列不平等条约，侵占中国大块领土。所有这些都表明帝国主义与中华民族的矛盾是近代中国社会的主要矛盾。而中国封建主义、官僚资本主义势力是帝国主义统治中国的支柱。1840年以后发生的历次反侵略战争与其他形式的反侵略斗争，都是汉族和中国其他民族人民共同参加的。尽管历史上民族压迫所造成的隔阂仍然存在，但在外国入侵、大敌当前的民族危急关头，则充分表现了中国各民族人民同仇敌忾的爱国主义精神。近代历次反侵略战争，以及平英团斗争、义和团运动等，都是以汉族人民为主要参加者，同时也有其他少数民族参加的反侵略斗争。孙中山领导的“同盟会”所发动的广州起义、镇南关起义、云南河口起义及辛亥革命，均为以汉族为主体有少数民族成员参加的资产阶级旧民主主义革命。孙中山在“同盟会”时提出的“民族主义”，以推翻二千年封建专制君主制度紧密结合，与那些单纯鼓吹排满的政治派别划清了界限。辛亥革命以后，建立中华民国，以汉、满、蒙、回、藏五族共和为政体，虽被帝国主义操纵的军阀所篡夺，但对汉族和中国其他各民族的觉醒，都起了积极的作用。

1919年“五四”运动，标志着无产阶级领导的新民主主义革命的开始。五四运动的新文化运动，马克思列宁主义的传播，以及同工人运动相结合，导致1921年中国共产党的诞生。中国新民主主义革命的发展与胜利，一般都是在汉族地区首先兴起，逐渐发展到边疆民族地区。在中国共产党的领导下，汉族与各兄弟民族在反帝反封建革命斗争中联合起来。在新民主主义革命阶段，对外反对帝国主义侵略，求得中华民族的彻底解放；对内反对封建主义、官僚资本主义的统治，求得国内各民族的平等，建立独立富强的新中国，成为汉族人民与各兄弟民族共同的行动纲领。经过长期的斗争，终于在1949年共同缔造了伟大的中华人民共和国。

建国后的变化中华人民共和国建国以来，在中国共产党和人民政府的领导下，随着社会主义革命与建设事业的发展，不仅汉族本身的面貌发生了巨大变化，而且和各兄弟民族建立了以平等、团结、互助为特点的社会主义民族关系。

1978年中国共产党十一届三中全会以来，随着祖国社会主义各项建设事业的迅速发展，汉族人民的生活不断改善，文化水平日益提高，正在与各兄弟民族一道为建设社会主义现代化的祖国大步前进。汉族与各兄弟民族的社会主义民族关系也在迅速发展。

【风俗文化】

传统观念和宗教信仰

在汉族社会中，宗族观念根深蒂固，直到1949年前，同姓同宗在汉人观念中，仍是一种很强的联系纽带。据清代有名学者钱大昕考证：夏、商、周三代，“男子未有系姓于名者”，“盖三代以前，姓与氏分，汉魏以后，姓与氏合。”（《十驾斋养新录》卷12）实际上汉魏以来，汉族数以千计的诸多姓氏中，有些发源于远古氏族，有些发源于先秦封国，或祖先的居地、官职与名字，也有相当大的部分来自少数民族融入而增加的姓氏。即使同姓，也有因赐姓或其他少数民族融入而采用汉姓等情况，并不意味着血统上系同一来源。在宗法制度下，汉族的亲属是以父系为中心论亲疏。父系家族的延续被认为是至关重要的事。祭祀祖宗，不断血食烟火，被认为是每个家庭的头等大事，无后被认为是最大的不孝。这种观念极大地影响着汉族古代的人口观，有所谓“多子多福”的说法。

汉族古代的国家观念，也与家族观念相联系，所谓一家一姓的天下，实际是父系家族观念的无限扩大。皇帝被奉为“天子”、“君父”，人民被视为“子民”。在这种制度下的道德规范，认为“孝”是“忠”的基础，“忠”是对“孝”的最高要求。同时，一切人伦学说，都建立在“天命观”的哲学基础上，维护皇权统治及富贵尊卑一切秩序，都是天命的体现。汉代思想家董仲舒(公元前179～前104)根据“天人相与”的神学观点，发挥孔、孟儒家学说，总结出体现于人伦的“三纲”、“五常”，成为古代汉族社会伦理道德和立法的重要基础。

风俗习惯与节日

汉族通行一夫一妻制婚姻（见一夫一妻制家庭），家庭婚姻以牢固稳定著称。中华人民共和国成立后，废除封建家长制，妇女地位提高，与男子享有平等权利。以注重礼仪，尊长爱幼为美德。丧葬过去通行土葬，现在大城市已通行火葬，在中小城市和部分农村也逐渐推行火葬。饮食以米、面为主，常吃蔬菜，喜食肉、鱼、蛋类，注重烹调技术。住房大中城市多为楼房，也有砖瓦平房；农村北方地区多为砖瓦平房或土木结构的平房，多为一户或二、三户一院。衣着历代变化较大，到20世纪40年代末，男女多为对襟或斜襟上衣和长裤，夏季多穿浅色衣服，冬季多穿黑、蓝色衣服。

主要节日为春节，最为隆重，还有清明节、端午节、中秋节等。"
蒙古族	"蒙古族有人口5981840人（2010年），主要居住在内蒙古自治区和新疆、辽宁、吉林、黑龙江、甘肃、青海、河北等省、自治区的各蒙古族自治州、县。此外，还有少数蒙古族聚居或散居在宁夏、河南、四川、云南、北京等省、市、自治区。

蒙古族主要聚居区在内蒙古自治区，全区有蒙古和汉、回、满、达斡尔、鄂温克、鄂伦春、朝鲜等50多个民族，2005年全区总人口为2386万人，其中蒙古族421万人。

内蒙古自治区位于我国北部边疆，东西直线距离2400多公里，南北跨度1700多公里，面积118.3万平方公里，约占我国国土总面积的12.3%。全区以高原为主，有地域辽阔的内蒙古高原和鄂尔多斯高原，山脉由东到西有大兴安岭﹑阴山和贺兰山，沙漠主要集中于西部，有巴丹吉林和腾格里沙漠，另还有一些山地和丘陵。其中，兴安岭以西、阴山以北的内蒙古高原和黄河大湾以南的鄂尔多斯高原地势平坦，海拔一般都在1000米以上，大部有植物覆盖，分布着呼伦贝尔﹑锡林郭勒﹑科尔沁﹑乌兰察布﹑鄂尔多斯和乌拉特等全国著名的草原，是我国著名的天然牧场。全区草原面积达8700公顷，可利用的草场面积6800公顷，占全国可利用草场面积的1/5。畜群以羊、牛为主，其次为马、骆驼等。三河牛﹑三河马﹑草原红牛﹑乌珠穆沁肥尾羊﹑敖汉细毛羊﹑内蒙古细毛羊、阿尔巴斯白山羊﹑阿拉善驼等，都是全国闻名的优良畜种。

全区可利用耕地为549万公顷，人均耕地面积0.24公顷，居全国第一，是全国人均耕地面积的3倍。大兴安岭以东有辽河和松嫩平原的小部分分布，号称“谷仓”，是国家农业开发的重点地区。阴山山脉(由大青山、乌拉山和狼山组成)形成一条天然屏障，对阴山南麓的河套平原和土默川平原的农业生产极为有利。那里土质肥沃，沟渠纵横，农田遍布，素有“塞上米粮川”之称，是内蒙古的主要产粮区。主要农作物有小麦、糜子、莜麦、玉米、高粱、大豆、土豆、胡麻、油菜籽、甜菜等。河套平原也是我国三大甜菜产区之一。

河流有黄河﹑额尔古纳河﹑嫩江和西辽河四大水系，地表径流量90%以上集中在东部地区，全区共建有大小水库472座，有效灌溉面积18.5万公顷。黄河流经西南部，有航行灌溉之利，盛产驰名的“黄河鲤鱼”。湖泊较大的有呼伦湖、贝尔湖、乌梁素海、岱海、黄旗海等，盛产鲤、鲫、鲢、银鱼等鱼类，尤其是呼伦池，素有“鱼声喧嚣，饮马不进”之说。境内有达不苏、吉兰泰等数百个盐池、碱湖，盛产盐碱。其中吉兰泰盐场是我国最大的机械化湖盐场、湖盐区，也是最大的碘盐加工基地。

森林面积居全国首位。被誉为“祖国绿色宝库”的大兴安岭，森林面积占全国森林面积的1/9，林木蓄积量占全国总量的12%。在山林中和草原上，栖息着很多珍禽奇兽，出产贵重皮毛，还有鹿茸、熊胆、麝香、虫草等名贵药材，甘草、党参、麻黄、黄芪、小茴香、大黄、知母等中草药400余种。素称“药中之王”的甘草产量最大，土特产品木耳﹑蘑菇、黄花菜等均畅销国内外市场。

内蒙古地区地下蕴藏着丰富的矿产资源，有煤、铁、铬、锰、铜、铅、锌、金、银、锡、云母、石墨、水晶、石棉、玛瑙等，已经探明的有92种，其中62种矿产的储量居全国前10位。煤炭资源仅次于山西，居全国第2位，储量在100亿吨以上适宜露天开采的特大型煤田有5处，其中以准格尔﹑霍林河为最；铌、锗和天然碱储量居全国之首。内蒙古也是我国发现新矿物最多的省区，1958年以来，中国获得国际上承认的新矿物有50余种，其中10种发现于内蒙古。

内蒙古草原自古以来就是我国古代北方少数民族活跃﹑驰骋的舞台。匈奴﹑东胡﹑鲜卑﹑乌桓﹑柔然﹑敕勒、回鹘﹑突厥﹑契丹﹑女真﹑蒙古等众多的古代北方民族，在这个舞台上留下了丰富的文化遗产，文物古迹遍布全区各地。比较著名的有：呼和浩特的五塔寺﹑大召﹑昭君墓﹑白塔，包头市的五当召﹑美岱召，伊金霍洛旗的成吉思汗陵，巴彦浩特市的延福寺，赤峰市的辽上京﹑辽中京、大明塔，鄂伦春的嘎仙洞等。

内蒙古自治区首府呼和浩特（意为青色的城），建于明代，称作“库库和屯”。明万历十六年（1588年）定名为“归化”。新中国成立后，恢复了呼和浩特（即“库库和屯”的异译）的名称。

蒙古族有自己的语言文字。蒙古语属阿尔泰语系蒙古语族，分内蒙古、卫拉特、巴尔虎布利亚特三种方言。13世纪初，蒙古族在回鹘文字母基础上创制了自己的文字。元世祖忽必烈命西藏喇嘛八思巴创制蒙古新字，俗称“八思巴字”,是根据藏文加以变化创制而成。元朝时是“国字”，元亡以后基本不再使用。14世纪初，蒙古学者却吉•斡斯尔对最初的蒙古文字进行了改革，成为至今通用的﹑规范化的蒙古文字。新疆的蒙古族使用卫拉特方言。17世纪中，札雅•班第达对通用的蒙古文字稍加改变，使卫拉特语音得以准确表达出来，被称为“托忒•必扯克”（意为精确的文字），这种文字被称为“陶德”（托忒）蒙古文。

【历史沿革】

蒙古族形成于13世纪初，最初只是蒙古诸部落中的一个以东胡为族源的部落所使用的名称，后来逐渐吸收和融合了聚居于漠北地区的森林狩猎和草原游牧部落，发展成为这些部落的共同名称。“蒙古”一词是“忙豁勒”的音变，最早见于唐代，即新﹑旧《唐书》中的“蒙兀室韦”。“蒙兀”是“蒙古”一词最早的汉文译名，后来又有“蒙骨”﹑“朦骨”﹑“萌骨子”﹑“盲骨子”﹑“萌骨”等许多同音译名。“蒙古”的汉文译写始见于元代文献。

额尔古纳河(唐代称望建河)东岸地区，是蒙古部的历史摇篮。大约在公元7世纪，蒙古部开始向蒙古草原迁移，12世纪，它已经散布在今鄂嫩河﹑克鲁伦河﹑土拉河的上游和肯特山以东一带，并分衍出乞颜﹑札答兰﹑泰赤乌等许多部落。蒙古部之外，在蒙古草原和贝加尔湖周围的森林地带，还有塔塔儿﹑翁吉剌﹑篾儿乞﹑斡亦剌﹑克烈﹑乃蛮﹑汪古诸部。它们大小不等，经济文化发展也不平衡。游牧在草原上的被称作“有毡帐的百姓”,主要从事畜牧业；居住在森林地带的被称作“林木中的百姓”,主要从事渔猎。公元11世纪，他们结成了以塔塔儿为首的联盟，强大一时。因此“塔塔儿”或“鞑靼”(音达达)曾一度成为蒙古草原各部的通称。后来西方社会通常就将蒙古泛称为鞑靼。宋﹑辽﹑金时代，漠北的蒙古部统称为黑鞑靼，漠南的汪古部为白鞑靼。有时鞑靼也泛称中国北方各民族。13世纪初，以成吉思汗为首的蒙古部统一了蒙古地区诸部，并逐渐融合为一个新的民族共同体。“蒙古”一词由原来一个部落的名称变成为民族名称。

成吉思汗原名铁木真，他统一蒙古各部后，于1206年在斡难河(今鄂嫩河)畔召开了忽里勒台(大聚会)，被各部贵族推戴为全蒙古的大汗，号成吉思汗，建立了统一的蒙古贵族政权，这个封建汗国对蒙古社会的发展起了重要作用。即位后，他展开了大规模的对外军事征伐活动。1211年和1215年大举向金进攻，占领中都(今北京)；1219年发动第一次西征，版图扩展到中亚地区和南俄。1227年征服西夏时病逝。随后的窝阔台汗和蒙哥汗继续进行征伐活动，先后灭西夏﹑金和其他政权，还征服了中亚和欧洲部分地区，建立了四大汗国。1260年，忽必烈作了大汗，把统治中心由漠北的和林迁至燕京(后称大都,今北京市)。1271年改蒙古国号为“元”，1279年，灭南宋，统一了全国。元代，蒙古地区被分封为许多封建领地，分属于岭北﹑辽阳﹑甘肃三行省和中书省。

元亡后，明朝在辽东西部﹑漠南南部﹑甘肃北部和哈密一带先后设置了蒙古卫所20多处，各卫所长官都由蒙古封建领主担任。15世纪初，漠西蒙古瓦剌部(即元代的斡亦剌部)和东部蒙古本部（明朝人称为鞑靼）先后向明朝称臣纳贡，与明朝建立了臣属关系。1409年，明朝封瓦剌部三个封建主马哈木为顺宁王﹑太平为贤义王﹑把秃孛罗为安乐王。1413年又封东部蒙古本部封建主阿鲁台为和宁王。后来达延汗曾一度统一东部蒙古本部各部势力，并调整了其封建秩序，在整顿大小领地的基础上，重新划分了六个万户，分左﹑右两翼各三万户。16世纪中叶以后，原驻牧于哈拉哈河两岸及克鲁伦河附近的东部蒙古本部中的喀尔喀部逐渐向漠北迁移，形成为札萨克图汗﹑土谢图汗﹑车臣汗等三大部(清雍正三年,又从土谢图汗部分出赛音诺颜汗部,统称喀尔喀四部)，是为漠北蒙古；蒙古本部的其他部分仍留居于原地，形成了漠南蒙古。1571年，明朝封漠南蒙古右翼领主﹑土默特部俺答汗为顺义王，并授予很多领主以官职。漠南蒙古左翼则继续与明朝处于对立状态。漠西蒙古瓦剌部在16世纪时分为准噶尔(绰罗斯)、杜尔伯特部﹑土尔扈特部﹑和硕特四部。明末，土尔扈特部移牧于今伏尔加河下游，清乾隆三十六年（1771年）又挣脱了沙俄的奴役，返回祖国；和硕特部向东南迁徙，移牧于青海等地。

漠南蒙古16个部49个封建主在1636年前后归属于后金——清。此后，漠北蒙古和青海的厄鲁特蒙古各部封建主先后向清朝遣使纳贡。同时，沙俄的侵略魔爪伸进了我国新疆厄鲁特蒙古地区，并收买和策动厄鲁特准噶尔部贵族噶尔丹等对青海蒙古﹑漠北蒙古和漠南蒙古发动侵袭，清朝经过多次用兵，终于在1776年平定了准噶尔少数贵族的叛乱，重新统一了蒙古族地区。为了加强对蒙古族的统治，在重新调整蒙古原来的大小封建领地“兀鲁斯”﹑“鄂托克”的基础上，清政府参照满族的八旗制，在蒙古族地区建立了盟旗制度。

鸦片战争以后，随着外国资本主义的入侵，蒙古族地区和全国一样,也逐渐沦为半殖民地半封建社会。同时,富有光荣革命传统的蒙古族人民反帝反封建斗争也一直坚持不懈地进行着。

在侵略中国的资本主义列强中，沙俄最先伸出侵略魔掌，随后日本势力逐渐渗透到蒙古地区。17世纪初，沙俄利用多种方式侵略蒙古地区。鸦片战争后，沙俄不仅通过一系列不平等条约侵占了我国大片领土，还攫取了各种特权，倾销商品﹑输出资本﹑修筑铁路﹑掠夺资源，控制蒙古地区的经济命脉。辛亥革命时期，沙俄趁机勾结和支持少数封建上层和喇嘛活佛---哲布尊丹巴等在蒙古地区策动所谓“独立”﹑“自治”,煽动民族败类发动叛乱，妄图借机吞并蒙古地区。辛亥革命后,日本帝国主义加紧侵略我国东北和东蒙古地区。20世纪30年代初，内蒙古大部分地区沦为日本帝国主义的殖民地。他们网罗蒙﹑汉奸头目，如德穆楚克栋鲁普(即德王)﹑李守信﹑王英等，拼凑伪军，建立傀儡政权，对沦陷区蒙﹑汉各族人民进行残暴统治，掠夺和搜刮财富。

由于国外帝国主义﹑国内反动统治阶级和蒙古族内部统治势力的残酷掠夺和压迫，蒙古族地区生产严重衰退，各族人民生活极端贫困，人口急剧下降。如内蒙古土默特旗,1939年有4.8万人，到1946年只剩下2万人。

为了摆脱民族危亡的命运，蒙古族人民前赴后继地进行了英勇的革命斗争。17世纪初期，蒙古族人民就给予沙俄侵略者以坚决的回击。1607年，厄鲁特蒙古和鞑靼蒙古人民共同组成了5000人的队伍，一举消灭了入侵我国西北边疆的200多沙俄哥萨克侵略军。沙俄武装侵略者又采用了威逼诱骗的手法，妄图拉拢蒙古各部首领“转入俄国国籍”﹑“归附俄国”，遭到各部爱国首领的拒绝，将劝降的“使节”赶出蒙古包，从而挫败了沙俄的阴谋。

1859年6月，英﹑法侵略军进犯大沽口，驻守在那里的2000多名蒙古族骑兵在僧格林沁的指挥下，不顾清朝政府的卖国投降命令，奋起自卫还击。经过一昼夜激战，击沉敌舰4艘，毙伤敌军400多人，打得侵略军狼狈逃窜。

太平天国运动时期，蒙古族人民掀起了反对清朝政府和蒙古族封建统治阶级的斗争。1858年，内蒙古伊克昭盟乌审旗爆发了由贫困牧民丕勒杰等领导的“独贵龙”运动(或作“多归轮”,蒙古语“环形”、“圈子”之意。参加“独贵龙”的人，开会时按环形席地而坐，发表文件签名时也依次将名字排成一个圆圈，因以得名)，反抗贵族官吏的苛捐杂税和兵差徭役。此后，在内蒙古西部地区，蒙古族人民都以“独贵龙”的形式与统治阶级不断地展开斗争。内蒙古东部则有蒙古族白凌阿领导的义州﹑朝阳起义，汉、蒙古等族人民团结战斗，打击了统治者。

辛亥革命时期，蒙古族人民展开了以保护牧场和反夺地为中心的反抗北洋军阀的斗争。锡尼喇嘛(乌勒吉吉尔格勒)领导的乌审旗“独贵龙”运动，成为当时伊盟(鄂尔多斯市)革命斗争的中心。1912年和1914年先后在后套地区和达拉特旗爆发了反对王公出卖旗地﹑苛捐杂税和官差徭役的斗争。这年冬天，朝阳﹑绥东﹑建平等地的蒙﹑汉各族人民也掀起了抗捐抗税斗争。

中国共产党成立不久，中共北方政治委员会的负责人李大钊等同志对内蒙古开展了革命工作。1924年，多松年﹑李裕智﹑乌兰夫﹑吉雅泰等蒙古族先进分子光荣地加入了中国共产党，并在北京蒙藏学校组成了蒙古族的第一个党支部。此后，许多蒙古族学生加入了中国共产党或社会主义青年团组织，积极地参加了党领导的学生运动和各种革命活动。

国内革命战争时期，党为了加强对内蒙古地区革命斗争的领导，在呼和浩特﹑包头﹑察哈尔﹑热河等地建立了党的工作委员会，成立了革命群众团体-----工农兵大同盟。还利用刊物向蒙古地区各族人民宣传革命道理以及党对蒙古民族解放事业的主张。1926年，有不少蒙古族的革命青年到农民运动讲习所学习聆听毛泽东同志的教导，成为农民运动的骨干。大革命失败后，许多优秀的蒙古族共产党员和革命志士如多松年﹑李裕智等惨遭杀害。但是，内蒙古地区的革命斗争并没有停止。1929年,在东部地区爆发了嘎达梅林反对蒙古王公贵族勾结东北军阀出卖土地的斗争。

抗日战争时期，党领导内蒙古蒙﹑汉各族人民在伊克昭盟和大青山地区抗日游击根据地开展抗日斗争。抗战胜利后，蒙奸补英达赖等在锡林郭勒盟西苏尼特旗成立了所谓“内蒙古共和国临时政府”。乌兰夫等同志对这种分裂活动进行了坚决斗争。在发动群众的基础上，召开了内蒙古人民代表大会，解散了“临时政府”，1945年11月在张家口召开了内蒙古各盟旗代表会议，成立了内蒙古自治运动联合会。1946年4月3日在承德召开了自治运动统一会议，撤销“东蒙古自治政府”，成立了内蒙古自治运动联合会东蒙总分会和兴安省人民政府。1947年5月1日，正式成立了内蒙古自治区。

解放战争中，从1947年5月至1950年8月，内蒙古骑兵参加大小战斗600多次，歼灭敌军2万多人，缴获战马2万多匹﹑各种枪支1万多件。他们为民族自身的解放以及中华民族的彻底解放做出了重要贡献，同时也实现了对蒙古民族社会制度的重大改变。

元代以来，蒙古族在祖国许多科学文化领域做出了贡献。早在13世纪初，蒙古族就创制了自己的文字，促进了蒙古族文化的发展，陆续出现各种形式的历史﹑文学作品。13世纪中叶写成的《蒙古秘史》(汉译名《元朝秘史》)是蒙古族的一部重要的历史﹑文学名著，它是蒙古族对祖国古代文化的一个重大贡献，现已被联合国教科文组织定为世界著名文化遗产。元代，脱脱主持编纂的《宋史》﹑《辽史》、《金史》是我国重要史籍，有许多蒙古族学者参加了三史的修撰。元代还出现了不少蒙古族的书法家和优秀学者，如却吉•斡斯尔等，他们编译了许多汉文﹑藏文和其它文字的著作。在地理学和测绘学方面，元朝政府主编了《大元一统志》,记载了当时全国的地理情况。蒙古族的口头文学以英雄史诗《江格尔》最为著名，是中国文学史上“三大英雄史诗”之一。元代，还有很多蒙古人使用汉文进行诗歌、散曲、杂剧等的创作，并取得一定成就。

明代，蒙古族的文化有了进一步发展。《黄金史》﹑《黄金史纲》和《乌巴什洪台吉的故事》是这一时期的重要历史﹑文学著作。此外，还编著了许多种蒙﹑汉对照的词汇集和蒙古语法书，如《华夷译语》、《心鉴》等。突出的是对《蒙古秘史》和《甘珠尔经》的翻译工作。对于《蒙古秘史》,除把全书译成汉文外，还把蒙古语原文用汉字逐句逐字地音译出来，使这部宝贵的历史文献得以保存下来，是蒙﹑汉、回等族学者共同努力的结果。《甘珠尔经》是蒙﹑藏﹑汉族学者共同合作翻译的，通过《甘珠尔经》的翻译，使蒙古语言的规范化和词汇的丰富性得到了进一步的发展；同时,也促进了蒙﹑汉﹑藏等族的文化交流和共同发展。这时蒙古族的文化对满族文化也发生了影响。老满文就是用蒙古文字母创制的，后来在字头上加以圈点就是新满文。在词汇和语法方面蒙古语对满语的影响也很大。

清代，蒙古族文化发展比较突出的一个方面，就是书面语言的形成和规范化。蒙古族学者或单独﹑或与其他民族学者合作,编纂了很多蒙古语辞典和多种民族文字对照合编的大辞典。如《蒙文旨要》、《蒙文启蒙注释正字苍天如意珠》﹑《蒙文全释》﹑《蒙藏语汇》和四体(满﹑蒙﹑汉﹑藏)﹑五体(满﹑蒙﹑汉﹑藏﹑维吾尔文)《清文鉴》﹑《西域同文志》(满﹑蒙﹑汉﹑藏﹑维吾尔﹑托忒文)﹑《三合便览》(满﹑蒙﹑汉文)等。历史著作以《额尔德尼脱卜赤》（汉译《蒙古源流》）最为著名，还有《阿萨喇克齐史》、《大元盛朝史》和《西斋偶得》﹑《凤城琐录》等。《谋生鉴》是蒙古族最早的一部经济著作。不少蒙古族学者还翻译了近百种汉﹑藏等族的古典文学作品，如《红楼梦》﹑《水浒传》﹑《三国演义》﹑《西游记》等，对于丰富和发展蒙古族文学和语言词汇起了积极作用。

医学和历算也有很大发展，蒙古族的医学和天文历算是在汉﹑藏两族的影响下发展起来的。蒙古族医生主要是喇嘛医，以治创伤和接骨最为著名。17世纪时此种疗法传到内地。医学著作如《四部甘露》、《珊瑚验方》、《蒙医金匮》、《蒙医制剂和脉诊》、《蒙药正典》等在医学理论、方剂、诊断和药物等方面都有较大影响。此外还译注了许多医学著作，如《蒙藏合壁医学》﹑《脉决》﹑《医学四部基本理论》《药五经》等。在兽医方面，蒙古族也有重要贡献。在历算方面，蒙古族天文学家和数学家明安图的贡献比较突出。他前后在清朝钦天监工作了数十年，参加了《律历渊源》、《历象考成后编》﹑《仪象考成》三部天文历法书的编纂工作。此外，还著有《割圜密率捷法》一书(后来由他的儿子和学生续完)，是我国第一个用解析方法研究圆周率的人，在祖国数学发展史上做出了贡献。他在近代地图测绘方面也有极大成绩，由于他两次到新疆实地测量，才使我国第一幅用近代方法测绘的全国大地图《皇舆全览图》得以全部完成。蒙古族研究数学并有著作留于后世的，还有清末的都伦(字郭甫)等。在清代钦天监中也还有不少蒙古族天文研究人员。此外在机械制造﹑兵器制造﹑毛织﹑建筑﹑水利等方面，蒙古族也有一定成就和贡献。

近代社会蒙古族在文化方面也做出了重要贡献。蒙古族著名文学家尹湛纳希的成就最为突出，《一层楼》、《泣红亭》和历史小说《青史演义》都是著名的文学作品。民歌中的《黑骏马》、《嘎达梅林》等表现了蒙古族特有的民族生活和英雄人物。《沙格德尔的故事》是蒙古族文学宝库中的一支奇葩，把蒙古民间谚语﹑比喻﹑民歌﹑好力宝﹑赞词﹑祝词等兼收并蓄，溶化在自己的诗歌里，以此作为向敌人进攻的锐利武器，深为蒙古族人民所喜爱。语言学、历史学著作有《蒙文指要》、《蒙文要义大全》和《水晶鉴》等。

从13世纪初蒙古族进入阶级社会以来，直到鸦片战争前夕，其社会制度一直是封建领主制度，但不同时期社会组织的名称出现过一定的变化。

蒙古帝国建立前，畜牧业是蒙古族主要的经济部门。牧民从事畜牧,逐水草进行四时迁徙。畜牧方式:或以“阿寅勒”(个别家族)单独放牧，或以“古列延”形式组成一定规模的营盘进行集体游牧。所以，“阿寅勒”和“古列延”是最基本的生产和生活单位。“兀鲁思”即部落是由或多或少的“阿寅勒”组成，在一定的“嫩秃黑”(牧地)上放牧，是蒙古的基本社会组织。其组织内部，有贵族、属民、奴隶，贵族是统治阶级，属民和奴隶是被统治阶级，奴隶的数量很少。

大蒙古国建立后的蒙元时期，成吉思汗在蒙古草原推行千户制，蒙古大汗是整个国家土地和人民的所有者，蒙古诸王因分封制度获得自己的民户和封地，世袭占有，并对其子孙进行家庭内的再分封。他们的领地和所属民户被合称为爱马，或投下。异姓封建主成为千户长、百户长，领地也可以世袭，但其职责是为贵族服务。元朝在蒙古草原地区虽设岭北﹑辽阳﹑甘肃三行省和中书省进行管辖，但同时又实行了宗王出镇漠北制度，蒙古草原继续被分封给诸王和贵族功臣，故而部落仍然是草原上的基层组织，千户则是部落的下属单位。“阿寅勒”还是最基本的生产和生活单位，所有蒙古牧民都隶属于某一个千户、某一个宗王或那颜。

明代，元朝统治势力退往蒙古草原，恢复为单一游牧经济的民族政权，其基层组织在前后两个阶段发生过重大变化。明弘治（1488-1505）以前，爱马仍然是蒙古社会基本的社会组织，拥有爱马的人不仅是大汗、诸王、公主、外戚和勋臣，还有很多官员。弘治以后，达延汗统一蒙古，拥有全部领地和属民，高居权力顶峰，对子孙实行逐层分封，分封给诸子每人一个兀鲁思（土绵、万户），诸子再把领地和属民向自己的儿孙们分封，每人掌管一个鄂托克。这样，汗廷（大蒙古国）--兀鲁思（土绵、万户）--鄂托克就形成了金字塔式的封建等级制度。所以，明中后期，鄂托克取代了爱马的名称，成为蒙古社会组织的基层组织，也是蒙古最基本的军事﹑行政和经济单位。蒙古贵族、僧侣上层、异姓封建主是统治阶级，而大部分平民、奴仆、一般的僧侣徒众是被统治阶级，是贵族剥削的对象。

清代，清政府在蒙古地区实行盟旗制度。旗是蒙古地区基本军事和行政单位，同时也是皇帝赐给旗内各级蒙古封建主的世袭领地。清政府任用蒙古贵族出任扎萨克，统领各旗。漠南蒙古49旗的扎萨克既处理旗内的行政、司法、赋税等事务，也是一旗的最高军事长官。漠北、漠西、青海等地的扎萨克没有兵权，其军队由清政府派往各地的将军、大臣及参赞大臣节制。除此之外的总管旗和喇嘛旗是清廷的直属领地，不设扎萨克，不实行会盟，由政府委派总管进行管理。遇有重大事务，蒙古各旗会盟协商解决办法，这就是会盟制度。漠南49旗由清廷分别指定若干旗分头会盟。漠北和漠西地区仍以蒙古大部落为单位，单独会盟。此盟旗制度一直延续到民国时期。会盟的主要任务是检阅蒙古地区兵员数量、素质和军备状况。清前期，蒙古社会仍然是封建领主制社会，王公贵族和僧侣封建主是封建领主，阿勒巴图、私属民和奴仆是被统治者。清中期以后，随着蒙古地区封闭性被打破，流民大量迁入，农业发展，封建的剥削方式开始盛行。农区出现地主和农民阶级，牧区出现牧主和牧户阶级，他们之间的人身依附程度大大降低了。这些给蒙古社会带来了阶级关系的新变化。

【风俗文化】

蒙古族是中国北方古老的游牧民族，古代以畜牧业为主，兼营农业和手工业。现代社会，建立并发展了加工业和工业。畜牧业生产是蒙古族人民历史上赖以生存发展的主要经济生产方式，畜产品为其衣食之源，内蒙古大草原是他们活跃的历史舞台。

蒙古族的物质生活，具有独特的民族风格。

蒙古族的服饰是受蒙古草原生活环境决定的。服饰中，长袍是蒙古族人民的传统服饰，袍子肥大，不开叉。过去牧区的冬装多为光板皮衣，也有以绸缎﹑棉布做衣面的；夏季一般穿布类；颜色一般爱用红﹑黄﹑深蓝色。冬季牧人放牧时可以暖身御寒，夏季可以防止蚊虫叮咬。他们还喜欢用红绿色绸缎作腰带，并佩挂吃肉用的刀子，刀鞘装饰十分漂亮。有的还挂着火镰﹑鼻烟盒等。喜欢穿软统牛皮靴子，长到膝盖。这同样是与牧区自然环境和常年流动在外的游牧生活特点相适应的。农区农民多穿布衣，有长袍(开叉)﹑棉衣﹑棉袄﹑衬衣﹑衬衫等，冬天多穿毡靴﹑靰鞡，穿高筒靴的少，也扎腰带。男子喜戴蓝﹑黑﹑褐色的帽子，也有用绸子把头缠上的。女子都用红﹑蓝色的布把头缠上，冬季和男人一样戴上圆锥形的帽子。未婚女子把头发从前方中间分开，扎上两个发根﹑发根上面带两个大圆珠，发梢下垂，并用玛瑙﹑珊瑚﹑碧玉等装饰起来。现在，蒙古族服饰方面有了极大的变化。冬季无论男女都穿新潮的皮衣﹑羽绒服，既轻暖又美观；夏季的穿着更是多种多样，从服装款式﹑用料和汉族基本一致。男子西装革履，女子也多为西服和裙装。只有在祭敖包或召开那达慕大会时，其主持者﹑参加歌舞表演的人和极少数与会者才会穿传统服装。

饮食受其经济生产类型制约。牧区以牛﹑羊肉及奶食为主，以粮食﹑蔬菜为辅。奶品有奶豆腐、奶疙瘩﹑奶干﹑奶酪﹑奶油﹑酸奶等。早晨吃炒米喝奶茶，茶中加上酥油和少许青盐，味道鲜美可口。中午和晚上多喜吃牛﹑羊肉。砖茶是牧民不可缺少的必需品，煮好后少加些鲜奶。牧民烧饭﹑煮茶的主要燃料是牛粪，火焰恰到好处。农村以粮食为主，奶食为辅。现在，经济发展,人们的饮食结构改善了许多，除肉食外，各地冬夏都能吃到新鲜蔬菜。

居住也与其生产方式相适应。圆形蒙古包是蒙古族牧民传统的居住工具，具有便于搬运﹑易于拆搭﹑抵抗风寒等特点，适于游牧生活。一般蒙古包高七﹑八尺，直径丈余，以圆形围壁“哈那”和伞形顶架“窝尼”组成。周围和顶上覆以厚毡，用毛绳从四面缚起来。包顶中央有天井，用于通风与吸收阳光。部分牧区及半农半牧区使用土木结构的蒙古包，外形大体与毡包相同。有的在向阳处开着窗子，里面砌火炕，在伊盟(鄂尔多斯市)一带称“独贵”，意为圆形。也有少数汉式砖房，多为王公府第和活佛、喇嘛、官员的住宅。农业区及半农半牧区常见的是二间或三间的平房，搭南北炕或东炕，同汉式房屋相仿。现在，随着蒙古族游牧习俗向定点放牧或舍饲半舍饲转变，蒙古族人民几乎完全定居在砖瓦房或楼房里。只有在那些旅游区才能见到传统意义上的蒙古包了。

过去，蒙古族在生产﹑生活中的交通工具和方式以骑马为主，另外还有勒勒车。现在牧区多骑摩托车，或开吉普车放牧，很多牧民都拥有多台生产和生活用的机动车。

蒙古族是一个非常热情﹑好客﹑直率的民族，茫茫的草原上没有旅店，但每一座蒙古包里的主人都会愉快地招待那些素不相识的客人，他们端出奶茶，斟上奶酒，煮上羊肉，或以歌劝酒，或敬献哈达，热诚招待客人。全家男女老少围着客人坐下，问长问短，宛如自家人。告别的时候常送出很远，指示路线，十分亲切。

新中国成立前，蒙古族地区曾有过很多落后的婚姻习俗，如贵族一夫多妻﹑包办婚姻﹑结婚前要由喇嘛念经或求神问卦﹑重聘礼﹑抢婚、收继婚习俗等风俗。新中国成立后，他们严格实行一夫一妻制，青年男女都是自由恋爱，自主择偶，绝大多数家长接受和同意孩子的选择，父母前往女方家“征得同意”只是一种必要的程序。那些落后婚俗大部被废除。

由于劳动力不足，也有一些家庭招婿入赘。新中国成立前，招婿在各地叫法和内容都有所不同。西部阿拉善旗叫“夫尔根阿卜那”(即招婿)，一旦被招入赘就算家属。经过一定时间后，岳父认为可以另过时，拨给一部分财产分居。东部蒙古名称上叫“夫沁夫尔根”，即雇佣的女婿，表现为雇佣关系，不被认作是家属。现代社会，那些男方家中兄弟较多，女方家中没有男孩的家庭也会选择从妻居的生活方式，但在社会和家庭中已经不再受到歧视。

新中国成立前，蒙古族的丧葬一般有火葬﹑土葬和野葬（也称天葬）。西部牧区常见的是野葬。人死后将尸体放在木轮车上拉着跑，直到掉下来为止。尸体置于荒野，被狼或野鹰吃掉，死者的灵魂即可以升天堂。七天后，如果死者的尸体还在，被认为是不吉祥的，必须继续请喇嘛念经﹑向喇嘛布施，替死者祈祷消灾。火葬主要是上层喇嘛，土葬则多为王公贵族以及农区或半农牧区的蒙古人。新中国成立后，蒙古族野葬形式消失，完全改用土葬和火葬，其丧葬方式的选择主要取决于自己家族的习惯。

蒙古族以家庭为基本的生产和消费单位，一般由夫妻和未成年子女组成。因其素有敬老习俗，家庭中辈分最高的男子为家长，掌握实权，丈夫地位高于妻子。牧区﹑半农半牧区略有不同，男子处理家庭大事时，一般须征得妻子的同意。儿子结婚后分居，另立门户。通常是住在父母的蒙古包(现在大多为房屋)附近，共同走“敖特尔”(即游牧,现在是划定区域放牧)。财产继承上，一般是在子女结婚时一次性分配一定的家产，从此再没有分配和继承家产的机会。和父母一同生活并负责父母晚年生活的子女将是父母所有财产的最终继承者。

很多蒙古族牧民酷爱钻花烟锅(烟斗)，曾有“一个烟锅换一只羊”之说。用五种金属原料钻成花﹑鸟﹑鱼﹑兽等花纹图案的烟锅，再配上红玛瑙烟嘴和檀香木烟杆，不仅实用，还是十分精美的工艺品。

蒙古族重要节日有春节﹑兴畜节和那达慕等。其中，那达慕是蒙古族最为盛大、影响广泛的节日。

“那达慕”，系蒙古语“娱乐”或“游戏”的意思，每年7﹑8月牲畜肥壮的季节举行。大会召开时，男女老少穿着节日盛装，乘车骑马，云集在碧绿丰美的草原。他们或参加比赛，或专程赶来参观娱乐。素日宁静的草原彩旗飘飘，人流涌动，牛羊欢叫，牧马嘶鸣，顿时变成欢笑的海洋。传统的那达慕大会上只举行射箭﹑赛马和摔跤的比赛；现代那达慕从内容和形式都有了很大的丰富和发展。除了传统的男儿三艺——摔跤﹑赛马、射箭比赛之外，还增添了其他体育竞赛﹑文艺演出﹑图片展览﹑放映电影﹑交流生产经验﹑篝火晚会等内容，同时开展经贸活动，进行物资交流，还要表彰劳动模范。那达慕这一古老的活动发展成为融文体﹑经贸﹑旅游于一体的草原盛会，焕发出新的活力。

那达慕大会上的摔跤比赛，最引人入胜的是民族式摔跤。脸色黝黑﹑身体魁伟的摔跤手上身穿着镶有铜钉的黑色摔跤衣“昭德格”,下穿白色跤裤，腰系彩绸做成的围裙，脚蹬蒙古靴或马靴，袒胸露背，有的跤手还在脖子上围着五彩缤纷的饰物“江戈”。当音乐响起的时候，跤手们跳着雄健的“鹰步”上场，对方的摔跤手也按着民族古老的传统风格，挥舞双臂，犹如雄鹰展翅，勇士们的搏斗开始了。

赛马更需要有勇敢顽强的精神。自古以来，蒙古人民对马就有特殊的感情，他们从小就在马背上长大，都以自己拥有一匹快马感到自豪。训练烈马﹑精骑善射是蒙古族牧民的绝技。赛马比赛开始，骑手们一字排开，个个扎着彩色腰带，头缠彩巾，洋溢着青春的活力。赛马的起点和终点插满各种鲜艳的彩旗，四面八方聚来的人都汇集在起点和终点。只听号角长鸣，骑手便纷纷飞身上鞍，扬鞭策马，一时红巾飞舞，如箭矢齐发。刹那间，好骑手就象飞箭一样超过所有的对手，奔向终点，成为草原上最优秀的健儿。骑手与马一般在驯马的过程中都建立了默契的骑乘关系，只要骑手在很远的地方打个呼哨，马儿就会嘶鸣着飞奔而来。

现代社会，摔跤和赛马在生活和生产中的作用相比之下削弱了许多，但作为蒙古族文化的重要组成部分仍被保留下来。

蒙古族一向有“音乐民族”﹑“诗歌民族”之称。河套地区流传有这样一句话:“河套的民歌牛毛多，唱了三年，唱了一支牛耳朵。”反映了内蒙古民歌之多。蒙古民歌可分为长短调两种体裁，蒙古民歌充分反映出蒙古族人民质朴﹑爽朗﹑热情﹑豪放的性格，听了使人有置身蒙古草原之感。“好力宝”是内蒙古民间流传很广的一种演唱形式，有固定的曲调，唱词是触景生情的即兴创作，深受群众欢迎。另外还有“玛哈塔勒(赞词)”﹑“于热勒(祝词)”﹑“岱日勒其(对口唱)”﹑神话﹑童话、传说﹑说书等内容和形式。

马头琴是蒙古人民最喜爱的民族乐器，因琴杆上端雕一个精致的马头而得名。最早的马头琴称为“奚琴”或“胡琴”，起源于东胡的“奚”(即库莫奚)，清末称作“潮尔”。演奏形式多半是独奏，或是自拉自唱。马头琴拉出来的声音辽阔低沉，悠扬动听，仿佛把人们带进茫茫无边的草原。

蒙古族舞蹈久负盛名，传统舞蹈有马刀舞﹑筷子﹑安代﹑驯马手、小青马等。通过草原马上生活提炼而成的马舞，造型挺拔豪迈，步伐洒脱轻盈，在一挥手、一扬鞭、一腾跳之间，都使人感到骏马的纵越和蒙古人民剽悍﹑勇敢的性格，具有浓郁的民族特色。"
回族	"回族是我国人口较多的一个少数民族，总人口10586087人（2010年，不包括台湾省），全国的31个省、自治区、直辖市均有分布。宁夏回族自治区是其主要聚居区，全区拥有回族人口186.25万，占全国回族总人口的18.9％。另外，回族人口在20万以上的地区还有：北京、河北、内蒙古、辽宁、安徽、山东、河南、云南、甘肃和新疆等。以东、中、西三大地区来看，回族人口在西部地区最多，占其总数的60.75%。其次是东部地区，中部地区最少。从南北来看，回族主要分布在黄河流域的北方各省区，南方分布的回族人口较少。根据第五次人口普查资料，在56个民族中，回族按省区市显示出的人口分布离散度仅次于汉族和高山族，位居第三，这表明回族是我国分布最广的民族之一。

关于回族分布的特点，有的学者将其描述为不规则的“丁”字形，有的学者则以“衣”字型来描述。但总体上看，主要表现为“大分散，小聚居”的格局。“大分散”主要表现为全国2000多个县（市）几乎都有回族分布。这还体现在回族人口占所在省区市总人口的比例上，在31个省、自治区、直辖市中，回族人口占所在省区市总人口10%以上的只有两个(宁夏和青海)，占1%－5%的有6个，占1%以下的有23个省区市。同时，从回族人口占各地少数民族总人口的比例来看，最高的是宁夏回族自治区，最低的是广西壮族自治区，有10个省、自治区、直辖市的回族人口占到了这些省区少数民族总人口的50%以上。

“小聚居”的特点集中体现全国回族居住的情形中，在西部省区，回族以连片聚居为特点，反映在回族自治区、自治州、自治县都在北方或西部地区。而东部地区，则以县、村、街道聚居为特点，又多在大运河沿线一带。与西北地区不同，东南地区回族聚居的规模大体在百人到万人左右。

回族“大分散，小聚居”格局集中表现在回族自治区、自治州、自治县和民族乡的分布上。回族自治地方一共有14个，其中，1个自治区，2个自治州、11个回族自治县(包括联合)；其中1个自治区、2个自治州和6个自治县（回族自治县共11个，包括联合）均在西北。全国有回族乡140个，西北地区只有37个，西南地区有28个,华北地区有27个，华东地区有12个，东北地区有5个，中南地区有31个。

值得注意的是，在183个百万人口以上的城市中，大约有97个城市的主要少数民族是回族，尤其是东中部城市，回族占的比例更高。在全国还有4个城市的行政建制上专设回族区,分别是洛阳市的瀍河回族区、郑州市的管城回族区、开封市的顺河回族区、呼和浩特市的回民区。由此看出回族是我国56个民族中城市化程度最高的民族之一。

回族是回回民族的简称，“回回”最初为他称，后来才演变为自称。“回回”一词，最早见于北宋沈括的《梦溪笔谈》，指唐代以来安西（今新疆南部及葱岭以西部分地区）一带的“回纥”人（“回鹘”人）。“回回”可能是“回纥”、“回鹘”的音转或俗写。南宋时，“回回”，除包括唐代的“回纥”、“回鹘”外，还包括葱岭以西的一些民族。这都和现在所说的“回回民族”不同。十三世纪初叶，蒙古军队西征期间，一批中亚各族人以及波斯人、阿拉伯人，不断地被签发或自动迁徙到我国来。他们主要以驻军屯牧的形式，以工匠、商人、学者、官吏、掌教等不同身份，散布在我国各地。他们被称作“回回人”，是当时“色目人”的主要部分，后来他们也就以“回回”自称了。

回族也有一些他称。宋元时期，蒙古民族的官方文书将回族先民称为“撒尔塔兀勒（Sartqul）”；元代将Musulman（穆斯林）音译为“木速蛮”和“木速鲁蛮”，意思等同于汉文中的“回回”，此种情形也见于明代的《回回馆杂字》（汉语、波斯语分类词汇）、《高昌馆杂字》（汉语、维吾尔语分类词汇）。迄今，在不同地区，各个民族语言中对回族还有各种的他称。藏族将回族称为“卡西（Kace）”，可能因为西藏部分回族来自克什米尔；蒙古族称回族为Hotun，据说当地回族来自和田；新疆的维吾尔族、哈萨克族和柯尔克孜族则将回族称为“东干（Tung’gen或Tung’gan）”，据说因为当地回族来自潼关，也有将Tung’gan解释为“留下来居住”；因回族中马姓较多，四川彝族地区将回族称为“马家（Majia）”；云南的佤族和傣族将回族称为“帕西（Basi）”，意为来自波斯的人。不同的称呼不仅反映出回族和众多民族杂居的情形，也反映了回族来源的多元性，以及职业和迁徙的特点。

当代回族通用汉语，不同地区持不同方言。在回族先民东迁初期，是阿拉伯语、波斯语和汉语同时使用的。由于长期和汉族杂居，特别是汉人成份在回回中日渐增多，在长期发展过程中，就逐渐习惯于以汉语作为本民族的共同语言，并保留了一些阿拉伯语和波斯语的词汇。元朝时期的“回回文”是指新波斯文、又称“普速蛮字”。当时元朝政府中设有回回译史、回回掾史、回回令史，就是用回回文起草文书、翻译文书的专职人员。同时元朝还有官办的回回国子学和回回国子监，教学主要内容是新波斯文。进入明代，尽管官方还有从事穆斯林语文教学、翻译工作的“回回馆”，而汉语作为回族的共同语言已经固定下来。明中叶，伴随经堂教育的兴起，出现了经堂语和小儿锦。经堂语是中国伊斯兰教清真寺经堂教育中使用的一种专门语言，它是用汉语音译阿拉伯语或波斯语，或用汉语语汇意译波斯语和阿拉伯语，并吸收和改造了中国儒、道、佛各教经典用语和民间用语的成分。小儿锦则是经师们在中国特定历史条件创造的一种拼音文字。它用阿拉伯字母拼写汉语而成，其中包含有阿拉伯文、波斯文语汇，偶尔夹杂个别汉字。不仅在经书写作时使用，有时也被运用在通信、记事等交际中。此外，与其它民族杂居的回族也会使用其它民族的语言文字，并受到他们文化的影响。如云南西双版纳的回族，就还使用傣语、傣文，穿傣族服装，住傣族式的竹楼；云南洱源县的回族，穿白族服装，使用白族语；云南迪庆藏族自治州和西藏拉萨地区的回族，使用藏语文；和彝族杂居的四川凉山的回族，兼通彝语。此外，在内蒙古和新疆地区的回族，有不少人兼通蒙古语、维吾尔语或哈萨克语。

【历史沿革】

回族的族源可以追溯到唐代。根据现有史料，唐高宗永徽二年(651年)，阿拉伯和波斯的商人陆续由海路来华，在广州、泉州、杭州、扬州及长安等城市定居。他们被称为蕃客或土生蕃客，被视为回回民族的先民。宋代东来的犹太人，由于宗教上的亲近关系，后来也成为回族一部分。

13世纪初叶，蒙古军队西征期间，一批批中亚各族人以及波斯人、阿拉伯人，不断被签发到中国来。他们主要以驻军屯牧的形式，以工匠、商人、学者、官吏、掌教等不同的身份，散布在全国各地，成为形成回族的主体人群。宋元时寓居在占城（今越南中南部）即“占城回回”、中印半岛南部和南洋诸岛上属于马来人种的“昆仑回回”因迁居中国而成为回族的先民。

明代仍有大量的人群融入回族。如原籍为阿拉伯、波斯、西域突厥诸种和东南亚的“归附回回”，还有侨居的“寄住回回”，他们往往以“贡使”形式进入中国，使团成员多达数百，贡事完毕，有的返归本国，有的则侨居或定居中国，明朝永乐间苏禄东王病逝山东德州，其后人守坟，成为德州北营回民的先祖。

学术界一般认为回族大致形成于明代，而元代是回族形成的准备时期。元代蒙古军队西侵后，把中亚西亚各族人编入探马赤军签发东来。按照规定，探马赤军“上马则备战斗，下马则屯聚牧养”。当时回回屯聚牧养的地方，有甘肃河西、宁夏、河南、山东、河北一带，以及云南等地。此后，又有大批的回回军士在社的编制下，投入农牧业生产中去，而成为普通的农牧民。同时，被迁移东来的还有大批回回工匠、回回商人多半居住在城市和交通要道上。由于屯戍和手工业、商业的经营，共同的经济生活初步形成。

由于回回人对元朝的开国及其军事、政治、经济都有很大影响。特别是回回上层参与了元朝的政事，据文献记载，回回人在政府中担任各种职位的官吏不少，其中任职中书省左、右丞相，平章政事及参知政事等重要职务者多达320人；在10个行中书省任丞相、平章、参政等重要职务者多达65人。这给回回人在各方面的发展提供了有利的条件。

明代是回回民族最终形成的时期。元朝灭亡以后，回回人和蒙古人一样，也有一个逐步内附的过程。随着明初全国社会经济的恢复和发展，回回的分布和经济情况也有一定的发展和变化。在陕甘，回回继续垦荒种地，并不断有归附明朝政府的回回人迁徙到这里来，人口逐渐增加。当时陕西关中、甘肃河州、宁夏灵州至平凉、固原各州县，回民众多，形成了回回的主要聚居点。随着商业贸易的往来，回回军士的屯田镇戍，官吏学者的宦游，特别是农民起义中的流动迁徙，使回回的分布就愈来愈分散。但在农村往往自成村落，在城镇往往聚居关厢或若干条街巷的大分散、小聚居的特点始终不变。明代文献记载：回回“同类则相遇亲厚，视若亲厚，视若至亲。”“自守其俗，终不肯变。”大约经历了200多年，以回回人为主体，融合了国内汉、维、蒙等多种民族成分逐渐形成为新的民族共同体。

到了清代，回族在全国各地聚居点仍在增加，其中尤以西北陕甘宁青和云南、山东、河南、安徽等地回族人口最为稠密。与明代一样，具有以农业为主，兼营牧业、手工业和商业的特点。此时，回族农业已十分成熟，农业人口占其总人口的绝大多数，农耕方式与汉族相差无几。牧业以饲养牛羊为主，手工业以屠宰、制革、农产品加工、刺绣等为主，一些地方的回族还开发矿藏，发展矿业。商业作为回族的传统经济部门，这时也得到进一步发展，回族商人的足迹遍及乡村和城市，内地和边疆，并产生了一些著名的回族商业集团，开辟了许多新的长途交通线。经营的范围也十分广泛，以皮毛业规模最大，最具特色，出现了许多皮毛集散地。

各地回族以不同的形式参加反抗帝国主义侵略的斗争。鸦片战争时期，驻防在浙江沿海一带的陕甘回、汉官兵2000名，对英国侵略者进行了英勇的抗击。1855年，在新疆塔城，由于沙俄帝国主的贸易官蛮横地阻止中国人民在自己的土地上开采金矿，并残暴地杀害了回族和其他民族的矿工及其家属，激起了各族人民的义愤。在回民矿工徐天尧、安玉贤的率领下，焚烧了沙俄在塔城的商栈和货物，赶跑了掠夺成性的侵略者，充分显示了回族人民反抗外来侵略，保卫国家主权的勇敢斗争精神。1895年中日甲午战争中，回族将领左宝贵率领军队，负责平壤的守卫，在战斗中，他亲自在炮台上指挥，连战四昼夜，以身殉国。1900年，八国联军攻打北京的战斗中，一支主要由回族官兵组成的甘肃军队，在廊坊和北京正阳门等战斗中，英勇顽强，给敌军以沉重的打击。在推翻封建专制王朝的辛亥革命中，武汉、西安、成都、重庆、上海等地的回民分别参加了各种斗争。

五四运动和中国共产党成立，为回族人民的彻底解放指明了方向。在五四运动中，山东济南回民投身于当地运动，组织了“回民外交后援会”等爱国团体，参加了捣毁亲日派喉舌《昌言报》的斗争。马云亭等三位带头的回民爱国人士惨遭亲日派军阀回奸马良的杀害，进一步激起了山东、河北、北京、天津各界人士的爱国义愤。在天津，郭隆真、刘清扬等回族进步女青年，积极参加爱国演讲、宣传、请愿、示威等，并和周恩来和邓颖超一起组建了研究马克思主义的小组——觉悟社。后来郭隆真同周恩来等同志一起为了探求革命真理，去法国勤工俭学，成为中国共产党的早期党员。1925年回国后，她一直在北京做党的妇女工作。1928年，担任中国共产党山东省委委员，1930年在青岛从事工人运动，次年，不幸被捕，坚贞不屈，惨遭军阀杀害。郭隆真等人的革命活动代表了回族中先进分子在中国共产党创建时期所作的贡献。

第一次和第二次国内革命战争时，中国共产党领导下的各地工人运动如“二七”大罢工、省港大罢工等，以及各地的农民运动，也都有回族先进分子参加。长辛店机车厂工人吴祯，在中国共产党领导的劳动补习学校学习，受到马克思列宁主义教育，积极参加革命斗争，得到工人的信赖，被选为铁路工会委员，后在“二七”大罢工中，担任调查团团长，被军阀吴佩孚逮捕，受尽酷刑，被害牺牲。吴祯的斗争事迹，标志着回族工人的觉醒。

中国工农红军的长征，在回族中播下了更多的革命种子。红军在回族地区宣传党的民族政策，尊重回民风俗习惯和宗教信仰自由，使广大回族群众深受感动，使他们认识到中国共产党主张民族平等、民族团结和抗日救国的道理。在甘肃省西吉县（今属于宁夏回族自治区）的单家集，毛泽东主席和其他领导同志热情地与回民交谈，并参观了清真寺，向阿訇仔细了解回民的生活情况，受到回民群众的热烈欢迎。在长征中，回族群众主动给红军送情报，当向导，支援红军。还有不少回民青年踊跃参加红军，北上抗日，在陕甘宁边区还成立了回民骑兵师。

早在土地革命时期，在陕甘红军的帮助下，甘肃正宁县龙咀子成立了回民自治政权，建立了党组织，发展了回族党员，进行了分粮食、分土地的革命运动。1936年8月，红军在甘肃宁夏交界的豫旺、海原一带的回民聚居地区，帮助当地回民建立了“豫海回民自治政府”，选出雇农出身的马和福为自治政府主席，还建立了以回民为主体的县游击大队，进行打土豪、分田地的反封建斗争。这是中国共产党的民族区域自治政策在回族中的早期实践。

抗日战争中，回族各阶层人士纷纷投入救国运动中。在陕甘宁边区和各抗日根据地，中国共产党领导回民建立了各种抗日救国组织。在回民较多的地方还帮助建立了乡一级的自治政权。在中国共产党领导和八路军、新四军的帮助下，在陕甘宁边区以及河北、山东、山西、安徽等地从无到有建立了大小数十支回民抗日武装。在陕甘宁边区，建立了回民抗日骑兵团，他们战斗在陇东一带，对保卫边区和开展回民工作作出了积极的贡献。在冀中，马本斋率领的回民支队，学习和运用毛泽东同志的战略思想和八路军的战术原则，对团结冀中地区广大回、汉族人民，坚持开展敌后抗日游击战争，作出了积极的贡献。到解放战争时期，各地回民武装多编入野战军，为解放全中国而继续战斗。在国民党统治地区的各阶层回民，面对国民党政府覆灭前的种种暴政，积极参加了罢课、罢工、罢市、抗税等各种爱国民主运动。河南、云南等地回民，积极参加了当地的反蒋敌后的斗争。在北平、天津、南京、西安、昆明等地从事地下工作的回民党员，冲破黎明前的黑暗，为迎接这些城市的解放作出了积极的贡献。

在延安时期，中国共产党就非常关怀回族的工作。当时，在中央党校和民族学院积极培养回族干部，并建立了回民的群众组织。1941年，《回回民族问题》在延安出版，该书第一次用马克思主义的观点，科学地论证了回回是一个民族，驳斥了蒋介石否认回回是一个民族的大汉族主义的谬论，阐述了中国共产党对回回民族的政策，指明了回回民族解放和发展的方向，对回族人民的革命斗争有很大的影响。

不论在政治、经济、文化上，回民族在历史上都涌现过不少杰出的人物，对当时人民生活和生产建设都作出了积极的贡献。

元朝初期著名的政治家赛典赤•赡思丁任云南平章政事期间，注重农业生产，设立屯田区，倡修昆明河，广设驿站，兴办儒学，并注意协调民族关系，对云南的政治、经济、文化的发展以及中央政权和云南关系的密切作出积极贡献。和宋朝的包拯一样，明代的海瑞是中国历史上清官的典范、正义的象征。他一生居官清廉，刚直不阿，深得民众的尊敬与爱戴。关于他的传说故事，民间更广为流传。后经文人墨客加工整理，编成了著名的长篇公案小说《海公大红袍》和《海公小红袍》，或编成戏剧《海瑞》、《海瑞罢官》、《海瑞上疏》等。中国历史上著名航海家郑和，29年里率领庞大的船队，七下西洋，访问了亚洲、非洲等30多个地区和国家。这一空前壮举，促进了中国同这些国家之间的友谊和国际之间的经济文化的交流，表现了中国人民大无畏的英雄气概。

在科学技术方面，回族对祖国作出了很大贡献。天文学家扎马鲁丁向元世祖撰进的《万年历》颁行全国，并建立观象台，制造浑天仪、斜纬仪、平伟仪、地球仪、方位仪、天球仪和观象仪等七种天文仪器，在中国天文学史上，占有重要地位。元代著名的建筑学家亦黑迭儿丁是元大都宫殿和宫城的设计者和工程组织者，其设计奠定了其后整个北京城市建筑发展的基础。回回医术在外科和药物使用上都有显著疗效，其医药也有自己的体系。

在文学、哲学、艺术方面，元明以来还涌现出许多像萨都剌、高克恭、丁鹤年、丁澎、改琦等名家。元代百科全书式的学者赡思不仅通经学、文史，还钻研天文、地理、水利、算学等，作出了杰出的成就。明代著名的思想家李贽认为宇宙以物质性的阴阳二气为基础，经过无数变化，生出万事万物来，具有一些朴素唯物主义因素。强调社会平等说，反对圣人凡人之分、智愚之别，反对封建教条和男尊女卑观念，反对“咸以孔子之是非为是非”。怒斥官吏之罪恶行径，在文学方面提出“童心说”，主张创作须抒发己见，反对复古摹拟。一生著有《李氏焚书》、《续焚书》、《藏书》、《续藏书》、《李氏文集》、《李氏丛书》等。其富有战斗精神的反封建主义启蒙思想，影响了明末的社会思潮。五四运动前后，仍然起着解放思想的积极作用。

【风俗文化】

回族形成后，是一个以农业经济为主的民族，但却以善于经商而著称。唐宋时代，蕃客就活跃在“丝绸之路”和“香料之路”上。长安（今西安）、河西走廊地区以及东南沿海的广州、扬州、泉州、杭州等城市，是他们经商落居的主要地区。他们开设“胡店”和“波斯肆”，经营香料、珠宝、象牙、犀角及中国的丝绸、药材、铜器、陶瓷等。先民的商业活动，沟通了中西方经济文化的交流，加强了边疆地区与内地的联系，促进了沿途城镇的兴盛繁荣，也奠定了回族商业文化的基础。元代回回的商业活动扩展到大江南北、长城内外。香料、珠宝、金银饰品、粮食、皮张等是他们经营的主要商品。明代回族形成后，商业经济继续发展。

回族经营传统商业主要有珠宝业、香料业、医药业、饮食、屠宰业、马贩、驼队、羊皮筏子及其长途贩运业。珠宝业和香料业是回族先民从事的主要行业。早在公元７世纪前后，有许多波斯人来到扬州、长安等地，从事以珠宝为主的生意。这个传统后来得到极大的发展，新中国建立前，北京市的珠宝业大约有70％是回族人经营的。而且回民经营的香料业、制药业、制瓷业等也蜚声海内外。饮食业是回族一项比较普遍的传统行业。俗语说：“回回两大行，小买小卖宰牛羊”；“回回两把刀，一把卖牛肉，一把卖切糕”；“回族三大行，羊肉、馒头、贩粜粮”，等等。这说明饮食业是多数回民生计方式。马贩、驼队也是回族普遍经营的一个传统行业。回民在历史上就喜欢养马、骡、驴、骆驼，还经常贩运牛、羊、马、驴、骡子、骆驼等，包头等地的回民因背靠内蒙古大草原，所以一般回民都以贩卖牲畜为业，从中营利。同时，大多数“马贩”主要用驴、马、骆驼经常出去搞长、短途贩运，而且走时找几个伴儿一起走，所以，过去回民习惯称马贩为“赶脚”、“马帮”、“驼帮”、“吆骡子”，把赶车、马、骡的人叫“脚户”。

日常生活中，回族不抽烟、不饮酒，但特别喜欢饮茶和用茶待客。由于分散各地，形成了不同的饮茶习俗，北方回族地区有罐罐茶；云南回族中有烤茶；湖南回族中有擂茶。盖碗茶是西北回族的一种特殊嗜好。最有代表性的是“八宝盖碗茶”，即盖碗内泡有茶叶、冰糖、枸杞、核桃仁、芝麻、红枣、桂圆、葡萄干（或苹果干）等。

头饰是回族最典型、最富有特点的服饰。在衣、冠颜色上以白、绿、黑色为主。回族妇女一般都头戴白圆撮口帽，戴盖头（也叫搭盖头）。无论在泉州、广州、海南等沿海地区，还是在内地，一般都是绿、青、白三种颜色，有少女、媳妇、老人之分。一般少女戴绿色的，已婚妇女戴黑色的，有了孙子的或上了年纪的老年妇女戴白色的。绿盖头清俊娇丽；白盖头干净持重；黑色盖头素雅端正。大都选用丝、绸、乔其纱、的确良等高中档细料制作。老年人的盖头较长，要披到背心处；少女和媳妇的盖头比较短，前面遮住前颈即可。

西北地区的回族在长期的历史中发展出了丰富民间曲艺，比较著名的就是“花儿”和“宴席曲”。“花儿”是最具有回族特色的民间歌谣，特别是甘肃、青海、宁夏、新疆一带的回民，有手搭耳后、面对青山唱“花儿”的习惯。“花儿”又名“少年”，发源于回民聚集的临夏，后由甘肃发展到青海、新疆一带，大都在回民中演唱。经过数百年的演变，曲调有一百余种，已形成河州花儿、莲花山花儿、宁夏花儿、青海花儿等不同的流派和风格。一般禁止在家里和村庄唱“花儿”，只能在野外唱。除了平时唱“花儿”外，各地还逐步形成了一些“花儿”会。

宴席曲是西北地区回民在新婚宴席等喜庆场合演唱的曲调，特别在甘肃临夏和青海民和、化隆及宁夏等地极为盛行。有些回族青年举行婚礼时，提前邀请一些有名的唱把势，前来祝贺助兴。有独唱，有对唱，有合唱，此起彼伏，增加了婚礼的喜庆气氛。

回族有习武之俗。回族武术种类很多，历史上曾经被称为“昆仑派”，是我国四大武术派别之一。民间流行的查拳、回回十八肘、教门弹腿、八极拳、八门拳、心意六合拳、通背拳、马家拳、护手拳、八封太极拳、白猿通臂拳、双刀、大刀、阿里剑、伸缩剑、古兰剑、燕尾剑、鱼尾剑、河州棍、马家枪、沙家枪、环子锤等，均属回族的武术。其中回回十八肘、教门弹腿、查拳等曾作为国术列入民国时期军事训练项目中。

回族的传统体育还有踏脚、打木球和掼牛等。踏脚可一人对一人，也可二人对四人等，基本的动作是平踏、破脚、背脚、连环转、飞脚等。打木球，俗称“打篮子”、“打锁儿”或“赶毛球”。木球是用一种硬度强、不易破裂的木头制作的小球，长约8厘米，粗约10厘米。打木球，器具简单，规则明确，容易掌握。每人只要准备一根60厘米长的木棒或木板，用来击球即可。比赛场地，一般是长约30米，宽约20米，中间有一道中场线，两边底线中间各有一个3米宽、0.5米高的球门，类似冰球门。比赛时间一般为20分钟至２小时左右，分上下场。民间木球打法有三四种，如打圈杠、刁杠和赶龙等等。掼牛是每年宰牲节专门进行表演体育活动，一般没有什么严格规则，主要是根据每个人的力量和技巧，在一定时间内把牛掼倒为目的。通过拧、扛、压等一系列动作把大公牛掼倒，使之四脚朝天。这些活动均是既可娱乐，又可健身、自卫的活动。"
藏族	"我国藏族总人口6282187人（2010年），主要分布在我国西藏自治区和青海、甘肃、四川、云南等省区。藏族是汉语的称谓，藏族自称为“博〔bod〕”。藏语对居住在不同地区的人又有不同的称谓：居住在西藏阿里地区的人自称为“兑巴”，后藏地区的人自称为“藏巴”，前藏地区的人自称为“卫巴”；居住在西藏东境和四川西部的人自称为“康巴”；居住在西藏北境和四川西北部、甘肃南部、青海地区的人自称为“安多娃”。统称为“博巴”。

藏语属汉藏语系藏缅语族藏语支。依地区划分为卫藏、康、安多三个方言，卫藏方言和康方言都有声调。安多方言没有声调。藏文创制于公元7世纪前期，是有4个元音符号和30个辅音字母的拼音文字，自左向右用竹笔、墨汁书写，字体主要为“有头字”（楷体）和“无头字”（草体）两种，通行于整个藏族地区。

藏族聚居地区高山连绵，雪峰重叠，地势高峻。青藏高原平均海拔约4000米。祁连山、昆仑山和唐古拉山、冈底斯山、喜马拉雅山等山脉，由西向东，横亘青海和西藏全境；横断山系北高南低，纵贯四川和云南西部地区。耸立在我国和尼泊尔王国之间的珠穆朗玛峰，海拔8844.43米，是世界第一高峰。藏族地区江河纵横，湖泊星布。举世闻名的黄河和长江，都发源于青海境内，黄河源在巴颜喀拉山的雅拉达泽山麓，长江北源在可可西里山，南源在唐古拉山麓，蜿蜒而东，一泻千里，主要支流有洮河和通天河等，西藏西部有狮泉河、噶尔河、象泉河，东部有怒江、澜沧江、金沙江，雅鲁藏布江横贯西藏南部。青海湖是我国最大的咸水湖；藏北高原湖泊众多，有纳木错、奇林错等湖，喜马拉雅山北麓盆地玛法木错、羊卓雍错等湖闻名于世。

藏族地区草原辽阔、水草肥美，生产以牧业、农业为主。藏系绵羊、山羊和牦牛、犏牛，是青藏高原的特产。牦牛体大毛长，耐寒负重，除供肉用外，还是重要的交通运输畜力，俗称“高原之舟”；黄牛与牦牛的杂交品种犏牛，是最好的役畜和乳牛。河曲马、大通马、工布骡等都是本地区的良种。农业以种植生长期短、耐寒抗旱的青稞为主，也有小麦、豌豆、荞麦、蚕豆等农作物；在河谷温暖地区，还产油菜、土豆、萝卜、卷心菜、元根和苹果、核桃等。南部河谷温暖的部分地区也种植水稻和棉花。

藏族地区森林茂密，盛产各种珍禽异兽和名贵药材。林业方面有杉、松、柏、白桦、青棡等品种。在西藏雅鲁藏布江中下游广阔地带、青海东南部、甘肃南部和四川、云南西部，有大面积的原始森林，是我国的著名林业区。山谷林间，栖息着太阳鸟、鹫和熊猫、金丝猴、长尾叶猴、熊、扫雪等珍贵动物，还产熊胆、麝香、鹿茸和冬虫夏草、雪莲、灵芝等贵重药材。

藏族地区水力资源极为丰富，地下宝藏十分富饶。利用水力、地热发电有着很大潜力，天然气和铜、铁、煤、云母、硫磺等蕴藏量大，内陆湖泊还盛产硼砂、盐、芒硝和天然碱等。在青海柴达木盆地和藏北高原还富含油矿。

【历史沿革】

藏族的历史是祖国历史不可分割的一个组成部分。藏族最早聚居于西藏雅鲁藏布江中游两岸，在聂拉木、那曲、林芝、昌都等地区考古发掘中，曾发现新、旧石器时代的文化遗存。根据古藏文历史文献记载，西藏山南地区最早由氏族组成了称为“博”的六牦牛部诸部落，在《后汉书•西羌传》中，称为“发”羌。6世纪时，山南地区的雅隆部落首领成为当地部落联盟的领袖，号称“赞普”（王），已经进入奴隶制社会，并与汉族和西北地区诸族部有直接的往来。

7世纪初期，雅隆部落以武力兼并苏毗、羊同诸部，赞普松赞干布统辖了整个西藏地区。自此，他定都逻娑（今拉萨），设官授职，划分军政区域，创造文字，制订法律，统一度量衡，建成自称为“博”的奴隶制王朝，汉文史籍中称为“吐蕃”。

吐蕃建政之后，藏族和以汉族为主体的各民族在政治、经济、文化等方面的交往，有了很大的发展，吐蕃与唐朝的接触日益频繁，藏汉关系友好。641年赞普松赞干布与唐文成公主联婚，710年，赞普墀德祖赞又与唐金城公主联婚。两公主先后将唐朝的高度文明和中原地区的先进生产技术传入吐蕃，唐蕃之间使节往还不绝，吐蕃派遣子弟赴长安学习，并迎请唐朝儒者和工匠艺人来到吐蕃，这对于密切藏汉民族关系、加强经济文化交流和推进藏族社会发展，都发挥了积极的作用。唐蕃统治阶级之间也曾进行过残酷的战争。吐蕃征服了青海的吐谷浑和云南的南诏等政权，先后兼并了西北诸羌和西南诸蛮部，赞普墀松德赞时期武力深入到西域河陇，并趁唐朝“安史之乱”，于763年一度攻入长安。由于长期的用兵，致使人力物力大量损耗，社会生产受到破坏，吐蕃内部的矛盾日趋激化，进入9世纪后半期，吐蕃王室分裂内讧，各个地区爆发了一场声势浩大的奴隶和属民大起义，极大动摇了吐蕃政权的统治，藏族奴隶制社会逐渐解体。

从10世纪到12世纪期间，整个藏族地区彼此不相统属，形成了向封建农奴制度过渡的分裂割据局面。其中，在西藏西部，建立了历时较久的阿里地方政权；甘肃中部的六谷部以及青海东部的唃厮啰部首领，曾受中央政权的册封，并发展了汉藏两族间的茶马贸易。而在其余藏族地区，政治上逐渐出现了许多为地方豪族所把持的实力集团；经济上逐渐成了许多以个体小生产为基础的自给自足的居民点，交换有了一定的发展；早已从印度和汉地传入的佛教，吸收了藏族地区原始宗教本教的某些内容，受到了人们普遍的信奉，并逐渐形成为一种教派遍布各地的地方宗教，即所谓的藏传佛教。藏传佛教的传播和发展，渗透到藏族人民生活的各个领域，寺院上层人物往往和当地豪族紧密结合，产生了新兴地方势力统治下的政教合一制度。

元朝把藏族地区的分裂局面统一在中央王朝的统治之下。中央设置宣政院（初名总制院），管理全国佛教事务及藏族地区军政事务，以西藏萨迦教派第五世祖师八思巴为帝师并兼宣政院事。在藏族各聚居区分设3个宣慰使司都元帅府，分别管辖西北、西南各省藏族地区和西藏地区，并在乌思藏（指阿里以东的前、后藏地区）设置了十三万户府，派员前往清查户口，建立驿站，厘定赋税。由中央颁发封地文书肯定各地封建领主对所属庄园的占有，封赐印信诰命以确立各级官吏的职权，史称元朝“郡县土番之地”，这是中央正式在西藏官建制的开始。明、清两代对藏族地区的施政，就是在元朝旧制的基础上发展起来的。

明朝对西北、西南藏族地区，基本承袭元朝统治管理的办法，对西藏地区退行“多封众建”政策，先后分封三大法王和五大地方之王。同时，通过朝贡和回赐，互通有无，体现西藏与中央政治上的隶属关系。明以来，藏族地区社会安定，经济发展迅速，文化艺术繁荣，与内地的交往更趋广泛和密切。

清朝统一中国，在中央设置理藩院（1906年改为理藩部），管理西藏、蒙古等地事务。对于西藏地区，正式册封了藏传佛教格鲁派两大活佛为达赖喇嘛（1653年）和班禅额尔德尼（1713年），设立西藏地方政府“噶厦”（1751年），并任命驻藏大臣（1728年）驻藏，会同地方办理西藏行政事务。1793年清朝击退了入侵西藏的廓尔喀军以后，正式颁行了“钦定藏内善后章程”。“章程”对于西藏地区的官制、军制、司法、边防、财政、户口、差役和涉外事宜等，都做了详细具体的规定，确立了驻藏大臣负责全面督办西藏事务的职权。对于西北、西南藏族地区，仍沿元、明土司制度进行制度管理，并直接置于西宁办事大臣（1725年设）和四川总督（后设川滇边务大臣）的管辖之下。清末加紧推行“改土归流”政策，为青海和西康的建省准备了条件。

1840年鸦片战争以后，藏族地区成了英、俄、法、日等国的角逐场所。1888年，英国军队入侵后藏，在隆吐山遭到藏军的坚决抵抗。藏族人民在各地烧教堂、逐洋人，投入爱国守土斗争。1904年，英国侵略军武装侵入拉萨，沿途遭到强烈反击，藏族军民于后藏江孜宗奋勇抵抗，给予英军以沉重打击。清朝政府却一再委曲退让，多次与英国签订了丧权辱国的不平等条约。

辛亥革命后，在英国煽动下，西藏发生了驱汉事件。中、英代表在印度西姆拉举行谈判，英方于1914年提出无理的“内外藏”划分草案，遭到我国代表严词拒绝。英方代表麦克马洪竟背着我国代表，私自和西藏地方政府官员非法划定中印边界线，即臭名昭著的“麦克马洪线”。1914年7月，中国政府代表奉中央政府训示，拒绝在《西姆拉条约》上签字，并发表严正声明，拒不承认此类条约或文件。中国政府同时将此立场照会英国政府。“西姆拉会议”遂以失败告终。

民国历届政府都在中央设有管理蒙藏事务的专门机构。1929年，国民政府设蒙藏委员会于南京，并建青海省；1939年，建西康省。西藏地方以外的西北、西南藏族地区，分属青、甘、川、康、滇等5省管辖。1934年，国民政府决定在拉萨设立蒙藏委员会驻藏办事处，作为中央派驻西藏地方的专门机构。

1921年，中国共产党成立后，在土地革命纲领中曾明确提出要废除藏族王公、喇嘛等封建特权。中国工农红军长征北上抗日，于1935至1936年先后通过四川、西康、云南、甘肃和青海等省藏族地区，在各地发动贫苦藏族劳动人民进行土地改革，建立劳动人民民主政权。1949年，中华人民共和国成立，藏族各聚居区先后解放。1951年，西藏和平解放。

藏族聚居地区，在民主改革以前，普遍实行政教合一的政治制度。

在西藏，清朝设置“噶厦”（即西藏地方政府），设四名“噶伦”，由三俗一僧充任。地方政府的下面，分设两个机关，一称“仔康”（即审计机关），设四名俗官，管理俗官系统一切事务，审计地方行政收支和各地差税负担等事宜；一称“译仓”（即秘书机关），设四名僧官，管理僧官系统一切事宜，秉承达赖喇嘛或摄政之命，受地方政府领导并监督其工作，负责钤印和调派僧官等事宜。地方政府统辖行政机构两组，一组是十几个“勒空”（即办事机构），分掌地方政府各项事务；一组是“基恰”（即总管机构），分掌各地“宗”（相当县）、“谿”（即庄园）行政事务。这两组机构接受地方政府的直接领导，并在“仔康”、“译仓”两个机关的间接约束下，进行地方行政工作。西藏地方政府在名义上接受达赖喇嘛（或摄政）的领导。

由于历史的沿革和变迁，西藏地方政府辖区之外，还有一些区域性政权。在后藏地区，由班禅所属重要堪布，组成“囊玛岗”（即内务机构），后称班禅堪布会议厅（新中国成立后改行委员制），管理属下地方行政事务，在名义上接受班禅的领导。此外，如萨迦地区的萨迦法王，山南地区的拉加里王，波密地区的噶南木弟巴，管辖昌都部分地区的德格土司等，都在各自辖区内行使管理权，是从土司、万户制度保存下来的。

组成西藏地方的基层行政单位，相当于县一级的，藏语称“宗”；相当于区一级的，藏语称“谿”，是“谿卡”（即庄园）的简称。一些大谿相当于县一级的宗。在少数牧区，还残存着藏语称为“如”、“错”、“雪卡”等部落组织，受西藏地方政府的领导。

在青、甘、川、滇等省境内的藏族各个聚居地区，自从清朝采取“改土归流”政策后，已有一部分地方归各行省统辖，但大部分地方，仍然属于当地的土司衙门和大寺院的领地。农区的土司、土官等，牧区的千户、百户等，在其所辖地区设有官署、公堂，拥有行政权力。有的土司势力衰弱，或依附于各省统治者，或受西藏地方政府的庇护，业已名存实亡。各省境内以格鲁派为主的各大寺院，历代受明、清皇帝或达赖喇嘛以及各大土司的封赠，逐渐形成兼以各寺主、活佛、堪布为首的统治势力。这些寺院，不但对其内部和属寺有一套严密的组织机构，还对其所在地区拥有封建特权。甘南夏河的扎希奇寺（拉卜楞寺），下辖“拉、弥、却”（即神、俗、教）三区，并拥有遍布各地的百余属寺。川西理塘的大喇嘛寺，曾指挥过五路民团的武装。寺院集团与世俗集团组成了政教合一的体制。

过去西藏社会等级森严，把人们划分为三等九级。中等中级以上的高级官吏、世袭贵族、上层僧侣等和中等下级以下的农牧奴、工匠艺人等所谓的三等九级之别，都是根据人们对于土地的所有权和占有权而区分的。在西藏等地的话语里还有日常用语、敬语和最敬语之分。举凡服饰、居处、坐骑、哈达等，都按照社会地位的高低而有明显的区别。

藏族社会基本上只有两大对立的阶级，即农奴主阶级和农奴阶级。西藏地方政府在法律上是全部土地牧场的所有者，但就对于土地的占有形式来说，地方政府又通过封赐而把“谿卡”即庄园赠予贵族和寺院，组成藏语所称“雄该却松”的官家、贵族、寺院等庄园的占有者三大领主。

官家的庄园即“雄谿”。是在地方政府的直接管理下以一定的租额交付农奴承包下来，将一部分租税划作高级官吏的薪俸，另一部分租税按比例充作各辖属机构单位的经费。

贵族的庄园即“该谿”。西藏的贵族是通过世袭或立功而受封的，依财产多少以定地位的高低，大约二三百家贵族中，有二十几家大贵族拥有各自的几十处庄园。

寺院的庄园即“却谿”，这是接受地方政府的封赠或贵族的布施所取得的，一部分是寺院占有的公产，另一部分则上层僧侣占有的私产，有些寺院的大活佛、大喇嘛完全操纵寺院公有的庄园。

三大领主及其代理人约占西藏人口的5%，贵族和寺院各占有西藏土地的30%左右，其余的大约40%的土地属于地方政府占有。在各省藏族聚居地区的土地、牧场，分别为当地土司、头人、千户、百户等统治上层和大、小寺院所占有。

农奴一般指“差巴”、“堆穷”（康区称“科巴”）和“朗生”（奴隶），占藏族人口的90%，他们隶属于各自的领主，没有任何人身自由。

“差巴”，意为支差的人。西藏地区的“差巴”耕种的份地，称差岗地。为取得一份差岗地，“差巴”要向地方政府支应各项差役，并且要为领主的自营地从事无偿劳动。在川西藏区，土司官寨的农奴亦称为“差巴”，头人和寺院的农奴则称为“科巴”。“科巴”，意为需要的人，在社会上又低于“差巴”，相当于西藏的“堆穷”。

“堆穷”，意为小户，是“差巴”破产后降为农奴中的又一等级。“堆穷”不能领种差岗份地，只能依附于领主或富裕“差巴”，耕种极少量的“耕食地”，为主人服繁重的劳役。

在西藏总人口中，还有5%的奴隶，称为“朗生”（即家奴）；在各省藏族地区称法各异，如寺院称为“塔娃”，农区称为“娃子”，牧区称为“才约”（意为终身服劳役者），这些人完全丧失了生产资料和人身自由，终生从事各种沉重的劳动，他们是受剥削压迫最深的奴隶。

此外，在个别偏远的游牧部落中，还保留着氏族制的一些残余；而在邻接汉族农业地区的村落中，则有些已经出现了地主经济。

藏族各聚居地区的农奴，负担着沉重的实物地租和货币地租。他们的常年收入，有70%以上是被剥削掠夺。除负担地租以外，农奴更主要的是承担各种繁重的劳役。在西藏地区，领种份地的农奴，要服两种差役，一是外差，即专门为地方政府支应的劳役；一是内差，即在领主的自营地上从事的劳役。另外还有一种兵差地，种兵地的差巴，要支应兵差。在牧区，牧奴要向牧主领放一定数量的牲畜，每年须依领得的头数计租交纳。同时，所有的领主又都是高利贷主。他们向农奴强放高利贷，最突出的是寺院，采用放债和不等价交换进行残酷榨取。农奴因受高利贷盘剥，往往家破人亡，沦为乞丐和奴隶。有占人口95%以上的农奴以及奴隶，世世代代被束缚在领主的土地上，受驱使和奴役，被领主转让、馈赠、陪嫁和交换，生活处于极困难的境地。

藏族地区的苛捐杂税更是多如牛毛。一个农奴从生到死，要向领主交纳数不清的捐税。有的是临时新增的摊派，后来却纳入常规，日复一日，有增无减，往往多达数十甚至一百多种捐税。

因此，在封建农奴制度的长期禁锢下，使藏族长期陷于人丁不旺，生产停滞不前的境地。

【风俗文化】

在政教合一、封建农奴制度统治下的藏族社会，藏族各阶层人民的社会生活和风俗习惯，具有本民族的历史传统和文化特征。

藏族习惯上有名无姓。名字一般有男女性别之分，通常是两字或四字，多取自佛教经典，因而重名的人较多，分别在名字上加上大、小或本人的特征，也有在名字前面加上出生地、居住地或本人职业以示区别。贵族、活佛在名字前面有房名、官名或尊称，房名是世袭庄园的称号，没有血缘的意义。

藏族男女多蓄辫，喜戴首饰。男子头发编成独辫盘在顶上，也有的剪短如盖。女子成年后开始蓄辫，有的梳成双辫，有的梳成许多小辫披在背上，并在辫梢或特制的发架上挂上饰物。男女都喜戴呢帽或细皮帽。藏族的衣着上身穿绸、布长袖短褂，外着宽肥的长袍，右襟系带。一些农区妇女穿无袖长袍，长袍多用羊毛织成的氆氇制成。牧民男女多不穿短褂，只穿无布面的羊皮长袍，在领口、袖口和衣襟上，缝上细长皮或色布镶边。男女均穿氆氇长靴或牛皮长靴。男子腰间系长带。农区女子多在腰间系一条图案瑰丽的围裙，藏语称“邦单”。通用栽绒毛毯作卧垫和坐垫，盖羊皮被或氆氇被。他们常袒出右肩，便于活动，或袒出双臂而以两袖将袍系在腰间。袍长及脚，睡觉时宽舒腰带，全身可以蜷伏于长袍之中，以代垫被。喇嘛的袈裟通用紫红色氆氇制成，用长幅缠身，下穿围裙，足登长靴，头戴僧帽。哈达是一种特制的丝织长巾，在拜访客人时，双手捧上，表示敬意。

农区的主食糌粑是用炒熟的青裸或豌豆磨制成面粉，用茶水拌食。藏族人民喜欢酥油茶和奶茶。酥油茶是将酥油与热茶倒入特制的木筒捣拌而成。牧区的主食为牛羊肉。进餐时，使用随身携带的木碗和带鞘短柄尖刀。每餐量少，一般日食五、六餐。喜饮青稞酒。以牛奶制成的酸奶、奶渣等，也是日常的食品。有些地区，也食用米饭和面条。牧区妇女喜用酥油涂面护肤。僧人不忌荤，可以吃肉。

农区多垒石建屋，牧区则用帐篷。房屋平顶多窗，造型简洁，敦实质朴，具有浓厚的民族特色，多建筑于向阳高处，座北向南。一般以石块或夯土筑墙，形如碉房，楼房上层住人，室内多设有佛龛，下层多作库房或畜圈，有院落。层内铺木板或坐垫。牧区帐篷用牦牛毛织成，色黑，冬暖夏凉，迁移方便。农村多半在房外围以小墙以为小院，供放柴草和豢养牲口或家禽之用。藏族不吃奇蹄类兽肉，大部分地区没有吃飞禽和鱼的习惯。狩猎只为取得麝香、鹿茸等名贵药材和皮毛。

寺院建筑别具风格，层楼重叠，整齐壮观，主殿经堂宽敞，寺门前砌修大小佛塔供煨松柏枝用，周围多置转经筒，由人顺时针方向转动，借以祈福禳灾。拉萨的布达拉宫建于红山上，高达13层，工程艰巨，气势宏伟，金顶巍峨，红白垩壁，起落自然，浑然一体，是藏族建筑艺术的光辉典范。

目前在广大农林牧区，传统的交通运输方法仍然普遍使用。运输主要以牦牛和驴骡为主。马匹多为骑乘所用。牛皮船是藏族特有的水上交通工具，以木架作龙骨，用整张牛皮缝就；还有挖空的独木舟以及木制船只。桥梁则有铁索桥、溜索桥、藤网桥和简易的木桥等。

在一些大城镇和大寺院，有少数从事木工、铁工、石工等手工匠人。藏族的雕塑技艺高超，为大活佛造的肉身泥塑，酷肖本人。独具风格的唐卡画以铁线描法为主，结构谨严，神态逼真，颜料色泽鲜艳。织氆氇，先以木、石制成的纺锤将羊毛捻成毛线，然后用简单的木制织机织成。使用石磨或水磨磨制面粉，酥油用皮口袋和木筒捣制。藏族有用土法制香、造纸、制陶的手工业。副业有种采草药虫草、贝母等。

藏文文献中，保存了大量的文化遗产，最早有手卷、木牍、金铭、石刻等。雕版印刷传自内地。书籍为横条散叶梵箧本，除举世闻名的甘珠尔、丹珠尔两大佛学丛书外，还有关于韵律、文字、哲理、史地、天文、历算、医药等专著和小说、戏剧、传记、诗歌、故事、寓言等撰述，风格独特，文笔隽永，大大丰富了祖国的文化宝库。其中如早期著作《藏文文法三十颂》，医药学巨著《四部医典》，历史名著《贤者喜宴》、《青史》、《宗派源流》，传说故事《文成公主》、以及著名的世界最长的史诗《格萨尔王传》，传说小说《米拉日巴传》、《颇罗鼐传》，格言诗歌《萨迦格言》、《仓央嘉措情歌》等传世著作，早已脍炙人口，并已译成多种文字，在国内外出版。

工程浩大的宗教典籍的收集、整理和出版、研究工作不断取得进展。布达拉宫、罗布林卡、萨迦寺等所藏经卷和佛教典籍得到很好的保护，《布达拉宫典籍目录》、《雪域文库》和《德吴宗教源流》等文献典籍得到及时抢救、整理和出版。1990年以后，藏文《中华大藏经•丹珠尔》（对勘本）、《藏汉对照西藏大藏经总目录》等陆续整理出版。已经印制出版《甘珠尔》大藏经1490部，还印行藏传佛教的仪轨、传记、论著等经典的单行本供给寺庙，满足僧尼和信教群众的学修需求。中国佛教协会西藏分会办有藏文会刊《西藏佛教》和一所西藏佛学院、一个藏文印经院。国家还在北京开办了中国藏语系高级佛学院，专门培养藏传佛教的高级人才。2005年，成功完成了藏传佛教首届高级学衔授予工作。

藏医有悠久的历史，注重实践经验，讲究“望、闻、问、切”，兼通采集和炮制药物的方法以及针灸、按摩、外科手术等技术，尤其对于治疗风湿、关节炎、胃病等有独到之处。

藏族使用本民族的历法，以五行、阴阳与十二生肖记年。一年分四季、十二月。每月大建三十日，小建二十九日。一般三年置一闰月。推算精确，可预测日月蚀。算计以小石子、树枝等作筹码。

藏族民间广泛流行格言谚语，比喻生动，寓意深刻。藏族能歌善舞，歌曲旋律顿挫抑扬，歌词贴切合韵，唱时还可伴以各种舞蹈，舞姿优美，有独舞、对舞和群舞，或以上身腰臂作舞，或以下身腿足作舞，而以踢踏舞为最具特色，有些舞蹈以各种乐器伴奏。乐器多仿取自内地的雅乐，节奏细致悠扬。宗教乐器以长柄鼓、长筒号为主，演奏出大自然的声音和飞禽走兽的鸣叫声，远闻数里之外。宗教舞蹈，戴各种面具，或拟神、或扮人、或舞兽。

藏戏，是一种独特的戏剧艺术,拥有众多的艺术品种和流派。西藏藏戏是藏戏艺术的母体，此外还有青海的黄南藏戏、甘肃的甘南藏戏、四川的色达藏戏等分支。藏戏唱腔高亢雄浑，基本上因人定曲，每句唱腔都有人声帮和。藏戏原系广场剧，只有一鼓一钹伴奏，别无其他乐器。藏戏的服装从头到尾只有一套，演员不化妆，主要是戴面具表演。

藏族人民的风俗习惯得到尊重和保护。他们在保持本民族服饰、饮食、住房的传统风格和方式的同时，在衣食住行、婚丧嫁娶各方面也吸收了一些体现现代文明、健康生活的新习俗。如藏餐，在保持传统特色的前提下，新的原料不断增加；烹调技术不断成熟，出现了藏餐、中餐、西餐多种餐饮文化相互融合、优势互补的新格局。

在西藏自治区，一些传统节庆活动如藏历新年、萨噶达瓦节、望果节、雪顿节等和许多寺庙的宗教节庆活动得以保留和继承，同时吸收了不少全国乃至世界性的新兴节庆活动。藏历元旦是藏族人民最重要的节日，要穿着盛装相互拜年，并到寺院朝拜祈福。正月十五日，各大寺院举行法事，入夜，各家点燃酥油灯盏，在青海塔尔寺和拉萨大昭寺等寺，喇嘛用酥油制成的酥油花，色彩鲜丽，雕塑精巧，远近驰名。四月十五日，相传为释迦牟尼成佛和文成公主到西藏的日子，各地举行宗教活动纪念。七月粮食收成在望，农民背着经卷转绕田间，称旺果节，预祝当年丰收。"
维吾尔族	"维吾尔族总人口为10069346人（2010年），主要聚居在新疆维吾尔自治区。新疆的维吾尔族主要分布在天山以南，塔里木盆地周围的绿洲是维吾尔族的聚居中心，其中尤以喀什噶尔绿洲、和田绿洲以及阿克苏河和塔里木河流域最为集中。天山东端的吐鲁番盆地，也是维吾尔族较为集中的区域。天山以北的伊犁谷地和吉木萨尔、奇台一带，有为数不多的维吾尔族定居。此外，在我国湖南省桃源县和河南省渑池县，也有少量维吾尔族分布。

新疆维吾尔自治区地处我国西北边陲、亚欧大陆腹地，是我国面积最大、陆地边境线最长的省级行政区。全区面积166万平方公里，约占全国总面积的1/6；陆地边境线5600多公里，约占全国陆地边境线总长的1/4，由北向南依次与蒙古、俄罗斯、哈萨克斯坦、吉尔吉斯斯坦、塔吉克斯坦、阿富汗、巴基斯坦和印度8个国家接壤。

新疆的地形特点是山脉与盆地相间排列，盆地被高山环抱，俗喻“三山夹两盆”。新疆北有阿尔泰山，南有昆仑山，天山横亘中部，把新疆分为自然景色各异、风貌迥然不同的南北两个部分。习惯上，称天山以南为南疆，天山以北为北疆。天山南麓，有我国最大的盆地塔里木盆地，盆地中央是我国最大的沙漠塔克拉玛干大沙漠。天山北麓，有孕育克拉玛依油田的准噶尔盆地和宽阔富饶的伊犁河谷地。此外，在天山东端，有我国夏季气温最高、陆地上海拔最低的吐鲁番盆地。

山区融雪和降水是新疆河流的源泉。新疆有数百条河流，除额尔齐斯河注入北冰洋外，其余皆为内流河。世界上最长的内流河塔里木河和叶尔羌河、玉龙喀什河、车尔臣河灌溉着塔里木盆地四周肥沃的土地，伊犁河、额尔齐斯河、乌伦古河及玛纳斯河哺育着北疆广阔的田野和牧场。许多内流河的下游，潴为湖泊，有罗布泊、博斯腾湖、布伦托海、艾比湖等，盛产鱼类和芦苇。

新疆属典型大陆性气候。南疆干旱而温暖，有“塞外江南之称”；北疆较为寒冷，雨雪充沛。区内山脉融雪形成众多河流，为分布在盆地边缘和河流流域的绿洲提供了灌溉水源。在盆地边缘的沙漠和戈壁开发绿洲，是维吾尔族农业的特色。小麦、玉米、水稻是新疆主要的粮食作物，经济作物以棉花为主。新疆的自然资源十分丰富。天山有蕴藏量极大的煤和铁，阿尔泰山以盛产黄金著称，昆仑山的和田玉自古有名，还有各种有色金属和稀有金属、绵延千里的油气田、亟待开垦的可耕地，地热、风能、太阳能也有着很大的开发潜力。

“维吾尔”是民族自称，意为“团结”、“联合”、“协助”之意。在不同的历史时期，汉文文献对这个族名有不同的译写。4世纪文献中称为“袁纥”。6世纪末、7世纪初文献中称为“韦纥”。788年以前文献中称为“回纥”。788年以后至13世纪70年代则称为“回鹘”。13世纪70年代至17世纪40年代称为“畏兀儿”。17世纪40年代到20世纪初则称为“回部”、“缠回”。1935年称为“维吾尔”，并一直沿用至今。

现代维吾尔语是维吾尔民族的共同语言，属阿尔泰语系突厥语族。历史上，维吾尔语的发展经历了三个阶段：古突厥语阶段（7-13世纪），察合台语阶段（14-18世纪），近代和现代维吾尔语阶段（19世纪-现在）。在我国，现代维吾尔语分为中心、和田、罗布三个方言，标准语以中心方言为基础，以伊犁—乌鲁木齐语音为标准音。维吾尔语与同语族的哈萨克语、柯尔克孜语、乌孜别克语等亲属语言既有许多共同之处，也有自己独具的特点。

维吾尔族使用文字的历史十分悠久，在不同的历史时期和地区采用不同的字母系统书写自己的语言，文字名称也不相同。8世纪在鄂尔浑河流域建立政权的回纥人曾用突厥如尼文。9世纪至15世纪之间，今新疆和甘肃河西走廊以及葱岭西的回鹘人都曾使用过以粟特字母为基础的回鹘文，但各地区使用的时间长短不同，东部的回鹘佛教徒使用的时间最长。葱岭西回鹘和葛逻禄等部建立的喀拉汗王朝自10世纪信奉伊斯兰教后，改用以阿拉伯字母为基础的文字，称为王朝突厥文。这种文字随着伊斯兰教的传播不断扩大使用范围，在15世纪基本取代了回鹘文，成为维吾尔族和新疆、中亚一带突厥语诸族通用的文字。由于起初主要使用在原察合台汗国的领地，故称为察合台文。现行的维吾尔文，是在晚期察合台文为的基础上改进而成，经过不断改进和补充，迄今已成为维吾尔族全民通用的文字。1960年，曾进行过拉丁化的文字改革，但由于全面改用新文字的条件尚不成熟，故1982年9月起停止使用新文字。

【历史沿革】

维吾尔族的族源，可以追溯到公元前3世纪游牧于我国北方和西北贝加尔湖以南、额尔齐斯河和巴尔喀什湖之间的“丁零”(“丁灵”、“丁令”)。也有人认为，维吾尔族的先世与匈奴有血缘关系。

公元前3世纪，“丁零”生活在山地森林和蒙古草原的北部边缘，以狩猎和畜牧为生，相继受草原上的匈奴、鲜卑和柔然汗国的奴役。4世纪以后，“丁零”又被称为“铁勒”、“铁历”、“赤勒”或“敕勒”，分布于西起伏尔加河，东至兴安岭的东西万余里的欧亚北方大草原上。由于他们使用的车轮高大，又被称为“高车”。活动于贝加尔湖一带的被称为东部铁勒，其中的“袁纥”部，在5世纪时成为“高车”诸部之首，也就是7世纪时“铁勒”诸部中的“韦纥”。

5世纪中叶，在准噶尔盆地东部出现了一个以阿史那氏为核心的铁勒部落，被称为“突厥”。552年，阿史那氏建立了包括整个蒙古草原和准噶尔盆地的突厥汗国，使其他一些铁勒部落成为它的属部。突厥贵族残酷的统治激起了各铁勒部落的反抗。为了与突厥贵族相抗衡，“韦纥”、“仆固”、“同罗”、“拔野古”等东部铁勒中较大的九个部落结成地域性的“回纥”部落联盟，被称为“九姓铁勒”，简称“九姓”。

统一九姓铁勒各部的第一代可汗是骨力裴罗。744年(天宝三年)，以骨力裴罗为领袖的回纥联盟在唐朝大军的配合下，推翻了突厥汗国，并建立起漠北回纥汗国。回纥汗国的疆域包括贝加尔湖以南，阴山以北，兴安岭以西和阿尔泰山以东的蒙古草原地区。诸部落原有的名称从此基本消失，统称“回纥”。就在这一年，骨力裴罗被唐朝册封为怀仁可汗，回纥汗国成为唐朝的属国。此后，历代可汗都接受唐朝的册封。回纥与唐朝一直保持友好和从属关系，并两次出兵助唐朝平定“安史之乱”。788年（唐贞元四年），回纥可汗顿莫贺上书唐朝，取“回旋轻捷如鹘”之意，改回纥为“回鹘”。

9世纪中叶，回鹘为黠戛斯所败。回鹘诸部纷纷离散，有的被黠戛斯所俘，有的南迁至内地，但大部分迁到西域，进入安西都护府辖地和于阗以西的地方。还有一些到达甘肃西部，投奔了吐蕃。

西迁的回鹘，一部分进入天山东部地区。866年，居住在北庭和吐鲁番一带的回鹘首领仆固俊自北庭出击，大败吐蕃的大将尚恐热，夺取西州、北庭、轮台等要地。从此，回鹘人以高昌为中心建立了高昌回鹘王国。其势力范围东起哈密，西及阿克苏，北至伊犁河，南接吐蕃（今和田、敦煌间）。

西迁的回鹘，还有一支进入中亚草原地区。10世纪中叶，回鹘联合葛逻禄、样磨等族建立了强大的喀拉汗王朝。起初，建都城于八拉沙衮城(今巴尔喀什湖南吹河源西南)，后来迁都喀什噶尔。强盛之时，其辖境包括今新疆地区的疏勒、莎车、于田、和田等地。到11世纪初，玉素甫•喀迪尔汗将于阗的李氏王朝灭亡，把伊斯兰教传到今日的和田地区。喀拉汗王朝统治时期，在促进当地各族经济发展、提倡游牧的突厥部落定居和传播伊斯兰教方面，起了重要作用。

12世纪初，部分契丹人在耶律大石的率领下，从东北西迁至中亚，先后征服了喀拉汗王朝和高昌回鹘王国，建立了契丹人的政权，史称西辽。西辽统治者对回鹘百姓的政治压迫和经济掠夺非常严重。西辽末期，蒙古强盛。高昌王决定依靠蒙古汗国来摆脱西辽统治。他们设计除掉了西辽派来的少监，并宣布脱离西辽，归顺成吉思汗。高昌回鹘王国成为蒙古汗国的属国。

成吉思汗的次子察合台在封地上建立了察合台汗国。到1320年，分裂为东、西两部分。1514年夏，东察合台汗国阿黑麻汗的三子赛义德定都叶尔羌，称叶尔羌汗国。其疆域东起哈密，西至帕米尔高原，南界西藏，北接天山。在它最强盛时，除了天山南部地区外，还将巴尔喀什湖以东以南地区、伊塞克湖地区、费尔干纳盆地以及巴达克山和瓦罕地区都纳入了自己的统治范围。赛义德汗以伊斯兰教为旗帜，统一了整个塔里木盆地。

西迁后定居西域的回鹘，既融合了早就分布在天山以北和西部草原游牧的突厥语各部，又融合了两汉以来移居这里的汉人，他们同原来就居住在南疆广大地区操焉耆、龟兹、于田语的人民以及后来迁来的吐蕃人、契丹人、蒙古人等长期相处，繁衍发展，到16世纪初形成维吾尔族。这一时期是维吾尔族民族形成的重要时期。

9至12世纪，回鹘社会经济和文化迅速发展。游牧的畜牧业逐渐转向定居的农业。回鹘地区与内地的商业贸易空前繁荣。通过“互市”将马匹、玉器、乳香、药材等大量运往内地，换回铁器、茶叶、丝绢和钱币。封建制度进一步确立，形成了以回鹘可汗和各级伯克(官吏)组成的农、牧主阶级。兼有汉族和西域特点的回鹘文化高度发展，表现在使用回鹘、汉、梵、萃利、婆罗米等多种文字和历算、绘画等各个方面。这个时期，南疆地区形成了维吾尔两大文化和文学中心，即北部的吐鲁番(包括天山以北的别失八里)和南部的喀什。这个时期产生的大量文献，包括行政公文、文学创作、宗教典籍和民间契约等，是研究维吾尔族历史和语言文化的重要材料。

蒙古兴起后，现新疆大部分地区属察合台汗国领地。在大批汉族人民调遣到天山南北屯田的同时，还有许多维吾尔族人进入内地，除了手工业工匠之外，还有不少知识分子，其中就有今湖南桃源县的维吾尔族和回族的祖先。维吾尔族对元代的政治、经济、军事和文化都有重大的影响。当时，许多维吾尔族人入仕元朝，他们接受汉族先进文化，出现了不少优秀的政治家、军事家、文学家、史学家和翻译家。最早的蒙古文就是塔塔统阿采用回鹘文字母创制的。廉希宪、桑哥、阿礼海涯、燕只不花、脱烈海牙等在元朝中央和地方政府中担任过中书平章政事、尚书右宰相和平章政事、宣慰使等重要职务。流传于明代的散曲“海盐腔”是著名的维吾尔文学家贯云石的创作之一。沙剌班、廉惠山海牙参加了《金史》、《辽史》和宋英宗、显宗实录的修纂。杰出的农学家鲁明善著有《农桑衣食撮要》。《资治通鉴》、《本草》、《贞观政要》等书，也在当时译成了回鹘文。

从14世纪末到16世纪末，东起哈密、南至和田的广大维吾尔族地区，经过二百多年的分散割据，才逐步统一成个大范围的封建割据的喀什噶尔汗国。因迁都叶尔羌，又称叶尔羌汗国，统治者仍是蒙古察合台后裔。清初，叶尔羌汗国与清朝建立了朝贡和通商关系，维吾尔族和内地各族人民之间的往来继明代时疏时密之后又趋于正常化。由于代表不同地方封建集团的伊斯兰教“黑山”、“白山”两个教派争权，1678年北疆准噶尔汗国的噶尔丹汗在维吾尔人伊斯兰教白山派（依禅派）首领阿帕克和卓的引导下，率领准噶尔军队南下，消灭了叶尔羌汗国，并建立了以阿帕克和卓为“帕夏”(皇帝)的政教合一的农奴制傀儡政权，对南疆实行残酷统治和任意掠夺。阿帕克和卓及其后人，为了保住自己的统治地位，相继依靠准噶尔部蒙古人和中亚的外来侵略者，不断在南疆制造分裂和暴乱，给维吾尔族人民造成了巨大的灾难。1757年(乾隆二十二年)，清朝平定了准噶尔贵族的叛乱。1759年，又粉碎了阿帕克和卓的后人大和卓木波罗尼都和小和卓木霍集占在南疆的反清叛乱，剿灭了所谓独立的“巴图尔汗国”。这一系列措施在客观上起到了安定新疆局势、有利于民族发展的作用。

清政府为加强对新疆的管辖，在新疆实行军政合一的军府制度。在1762年(乾隆二十七年)设总统伊犁等处将军作为西域最高的军事行政长官，统治南疆、北疆，统辖归附于清朝的中亚和哈萨克、布鲁特(柯尔克孜)各部。在地方行政制度方面分别采用州县制、扎萨克制和伯克制。喀什噶尔参赞大臣总理维吾尔族聚居的南疆8城(喀什噶尔、英吉沙尔、叶尔羌、和田、阿克苏、乌什、库车、喀喇沙尔)。这些地区的长官阿奇木伯克，总管各种事务。另外，还有管理地亩、粮赋、司法、水利、治安、商业和宗教的伯克。伯克们受到清政府的优遇，授予品级、田地、养廉银和种地人户(农奴)，有军功者还可豁免田赋、差役。由于朝廷任免的各级伯克代替了原来的世袭伯克，在一定程度上削弱了封建地方势力，促进了封建农奴制的解体。此外，清政府还采取了兴办屯垦、举办商业、降低税率等一系列措施。这在客观上对维吾尔族社会的发展起到了一定的促进作用。

18世纪中叶以后，新疆完全处于清政府的直接统治之下，但各族人民艰难困苦的生活处境并没有得到根本改变。封建统治阶级日益沉重的阶级压迫和残酷剥削，最终使广大维吾尔族人民忍无可忍，纷纷奋起反抗。1765年，新疆爆发了乌什起义，这是维吾尔族人民第一次大规模的武装反封建斗争。在赖黑木图拉、额色木图拉父子的领导下，起义群众杀死阿奇木伯克及乌什办事大臣。起义者坚守阵地，连妇女、儿童也投入战斗，他们屡败清军，坚持半年之久。在阶级矛盾日益尖锐的情况下，维吾尔族封建主为维护其统治、达到摆脱清政府羁绊的目的，不断煽动民族主义情绪，利用教派斗争缓和阶级矛盾。从1820年至1828年，受英国唆使，南疆维吾尔族反动封建主的代表、大和卓木之孙张格尔，以宗教旗帜为掩护，由英国提供武器和直接指挥策划，多次侵扰南疆，未能得逞。此后的二、三十年间，张格尔的子侄自称和卓，继续骚扰南疆，涂炭生灵，使广大维吾尔族人民深受其害。他们的反动行径不但得不到人民的支持，反而激起了各族人民的反抗，总是以失败告终。

鸦片战争爆发后不久，在太平天国、捻军和云南、陕西、甘肃各族农民武装起义的影响下，新疆于1864年爆发了反清民族大起义，迅猛的反清风暴席卷天山南北，震撼了清朝在新疆的统治。此间，在南疆和北疆先后出现了几个互不统属的割据政权：以库车为中心的热西丁汗和卓(回族)、以乌鲁木齐为中心的妥明(回族)、以和田为中心的哈比布拉汗(维吾尔族)、以喀什为中心的金相印(回族)与思的克伯克(柯尔克孜族)，以伊犁为中心的塔兰其苏丹(维吾尔族)。但是，“民族”、“宗教”的旗号转移了群众斗争的目标，以致维吾尔族和新疆各族人民用鲜血换来的胜利果实，最终总是被一小撮民族和宗教上层所篡夺。封建割据政权的头目们称王、称汗，对劳动人民进行更加残酷野蛮的封建统治。他们相互火并，给新疆各族人民带来了更大的灾难。

1865年，喀什噶尔封建主金相印和思的克伯克，利用维吾尔等各族人民在疏附的起义，企图以拥护“圣裔”号召群众，从浩罕将张格尔之子布素鲁克迎来喀什。英国扶持的浩罕国军官阿古柏，趁机入侵新疆，建立了“哲德沙尔汗国”(七城汗国)，占领了南疆和北疆的乌鲁木齐、玛纳斯等地，对新疆各族人民施行中世纪伊斯兰教汗国野蛮、暴戾的统治，维吾尔族人民与各族人民遭受了前所未有的浩劫。

在阿古柏入侵南疆之际，沙俄为了维护其在中亚的既得利益，与英国保持势力均衡，加紧和阿古柏勾结，背着清政府暗地与阿古柏签订了非法的通商条约。1871年，沙俄借口“中国西部各省的暴动”，俄国“绝无坐视之理”，悍然以“代收代守”为名出兵，侵占伊犁。沙俄侵略者在伊犁地区进行了长达十年的殖民统治，对新疆各族人民实行“分而治之”的政策，其间所犯罪行，罄竹难书。在阿古柏和沙俄的血腥统治下，维吾尔族和新疆各族人民面临着深重的民族危机。

彻底摧毁阿古柏政权、收复伊犁是新疆和我国各族人民的共同利益和愿望。在维吾尔族和新疆各族人民的支持和协助下，1877年清军取得了讨伐阿古柏得胜利。1881年，中、俄两国签订《伊犁条约》。中国虽然收复了伊犁，却失去霍尔果斯河以西7万多平方公里之地，赔款900万卢布。在此之前，沙俄通过1860年的《中俄北京条约》和1864年的《中俄勘分西北界约记》两个不平等条约，已经强割中国西北地区44万多平方公里的土地。不仅如此，沙俄还在不得不交还伊犁时继续作恶，用武力劫走当地维吾尔、回、蒙古、哈萨克、柯尔克孜等族人民达10万人之多。与此同时，侵略军肆意破坏农田、水渠、房屋、果园，抢劫粮食、牲畜。伊犁九城有五城几成废墟，有三城只剩下颓垣瓦砾一片。伊犁河右岸九个乡的维吾尔族人民，所有财物也被洗劫殆尽。

1884年，清政府将原伊犁将军所辖西域之地建为行省，名为新疆。清政府这一措施，对于巩固西北边疆、防御外国侵略、开发和建设新疆都有十分重要的意义。维吾尔族和新疆各族人民在外国侵略者和本族封建统治阶级造成的战争灾难中，深感分裂祖国、破坏民族团结的危害。建省以后，新疆与内地的关系更加密切，维吾尔族和新疆各族人民在反帝反封建的斗争中也愈益团结一致。

辛亥革命以后，新疆处在杨增新、金树仁、盛世才的统治之下。1933年，英国策动泛突厥主义分子穆罕默德•伊敏和沙比提大毛拉等人在喀什建立“东突厥斯坦独立伊斯兰共和国”。1937，年日本帝国主义阴谋支持马木提、尧乐瓦斯组织所谓“独立”的伊斯兰教国家，马木提又勾结马虎山共同叛乱。这一系列罪恶活动，都遭到维吾尔族和新疆各族人民的坚决反击，帝国主义的分裂阴谋始终未能得逞。

1933年“四•一二”政变后，盛世才攫取了统治新疆的大权。此时，正值我国民族危亡的关键时刻，中国共产党开始了在新疆的革命活动，领导新疆各族人民为争取和实现和平民主进步而斗争。1935年，经过中国共产党的努力和各族人民的强烈要求，盛世才采取一些进步措施，提出了“反帝、亲苏、民族平等、清廉、和平、建设”六大政策。同年，我党领导各族人民组织成立了群众性的反帝斗争组织“新疆民众反帝联合会”，出版了刊物《反帝战线》。1937年，北上抗日的中国工农红军西路军的一部分进入新疆。接着，党中央、毛主席先后派遣陈潭秋、毛泽民、林基路等同志到新疆，根据中国共产党的抗日救国十大纲领积极开展工作。在新疆工作的共产党员，克服重重困难，贯彻执行党的方针政策，在新疆传播马列主义，毛泽东的著作《论持久战》和《新民主主义论》在新疆出版。随着党在新疆地区工作的开展，维吾尔族和新疆各族人民学到了革命的真理，人民的生活有了一定程度的改善。1942年，盛世才公开投靠了国民党，反苏反共，新疆的共产党员、进步人士、爱国青年和无辜的劳动人民遭到残酷的迫害。陈潭秋、毛泽民、林基路等大批共产党员、进步人士被投入监狱并被秘密杀害，革命先辈为党的事业和新疆各族人民的利益献出了宝贵的生命。

1944年8月，盛世才下台，国民党开始直接统治新疆。国民党在政治上实行高压政策，进驻新疆的军队人数骤增至10万。推行保甲制度，建立“自卫团”，以镇压各族人民。维吾尔族地区原有的“伯克”，在辛亥革命以后虽已废除，但许多“伯克”有钱有势，横行地方。维吾尔族地区一般每县都有5个卡孜阿訇(大阿訇)，掌管当地宗教事务。封建豪绅与宗教上层密切勾结，操纵基层政权。在维吾尔族聚居的城乡，宗教法庭是执法机关，权限之大是信仰伊斯兰教各国中仅有的。劳动人民蒙冤受屈，重则惨遭鞭笞、断肢、油烹、活埋等酷刑，轻则脸抹黑灰、倒骑毛驴游街示众。教权与政权的结合从生活上、精神上奴役着维吾尔族人民。

国民党统治新疆期间，苛捐杂税达数10种之多，农民每年仅交纳的土地税一项就占全年收入的15%以上。各族人民平均纳税金额比1937年增加了7倍。经过中国共产党人10年努力而开始发展起来的工商业，几乎摧残殆尽。国民党统治新疆的时期是维吾尔族和新疆各族人民历史上极其黑暗的时期。

1944年，在伊犁、塔城、阿勒泰三个地区爆发了反对国民党反动统治的斗争（解放后统称“三区革命”）。在中国共产党的影响下，三区革命领导人阿合买提江•哈斯木、阿巴索夫等，对麦斯武德、穆罕默德•伊敏、艾沙、乌斯满及其他民族分裂主义分子进行了坚决的斗争，纠正了革命初期的严重缺点和错误，有力地打击了国民党在新疆的统治，对促成新疆的和平解放起了一定的作用。

1949年9月，中国人民解放战争和人民革命已在全国取得决定性胜利，中国人民解放军已经迫近新疆地区。9月25日，新疆国民党驻军在警备司令陶峙岳的率领下，通电起义。9月26日，以包尔汉为首的新疆省政府也宣布起义。新疆通过和平的方式获得解放，维吾尔族和新疆各族人民的历史揭开了新的一页。

维吾尔族社会制度，在不同历史时期有多种不同的组织形式。

据《旧唐书•回纥传》载，回纥最初称其首领为“俟斤”、“颉利发”。后来，吐迷度自称可汗。内外宰相和其他各级官吏，一般从俟斤、颉利发和可汗的家族和血缘亲近的氏族部落中挑选任命。由骨力裴罗缔造的回纥汗国是以内九族（九姓回纥）为核心，再加上外九族而构成的。内九族中的药罗葛氏为王族集团，可汗常从药罗葛氏里产生。外九族原为联合回纥反对突厥的一个部落联合体。795年，汗位从药罗葛氏转到阿跌氏手中。

在高昌回鹘王国时期，最高统治者称为“亦都护”，其权利是专制和世袭的，他是王国的最高立法者和执行者，亦都护委任九宰相、都督、司法官和各级伯克对国家事务和地方行政进行管理。

喀拉汗王朝的政治制度从多方面继续了原回鹘、样磨、葛逻禄、乌古斯等突厥语部族的传统，同时也深受伊斯兰国家尤其是萨曼王朝社会制度的影响。最初，喀拉汗王朝实行“双王制”，即大可汗和副可汗，大可汗称“阿尔斯兰汗”，驻于八拉沙衮，副可汗称为“卡迪尔汗”，先驻于怛逻斯，后迁至喀什噶尔。后来，喀拉汗王朝的最高统治集团还使用过“布格拉汗”“桃花石汗”等称号。王朝的中央和地方官吏有宰相、传令大臣、宫廷大臣、将军、财务大臣、内侍大臣、叶护、伯克等。

叶尔羌汗国实行分封制，每位汗登基后的首要工作就是分封近亲和功臣。受封者是封地的总督。封地不能世袭，但是当某个总督的势力发展到足以与汗抗衡时，封地便成为世袭了。汗国的官制较为复杂，汗廷的最高行政官是宰相，地方官主要由汗廷委派的行政官员。叶尔羌汗国时期，宗教势力——和卓是不可忽视的力量，在汗国后期他们把持和操纵着政权。

清朝前期，在新疆实行军府制，并在维吾尔聚居区采取了许多新的政策，其中最主要的就是改革了伯克制，即分散阿奇木伯克的权利，废除世袭制为任命制，并规定伯克的养廉、俸禄办法，尽量限制伯克无端搜刮百姓，但是伯克仍旧是独霸一方的封建领主。

1884年，清朝政府在新疆建省，废除了伯克制度，削弱了地方封建割据势力，实现了新疆与其他各省行政制度的一致，实行更为直接的统治。

辛亥革命后，新疆进入了军阀统治时期。杨增新、金树仁政府基本上承袭了清朝末年的制度，保留了封建王公制。盛世才统治前期，为了稳定局势，争取民心，巩固统治，制定并执行“六大政策”，这在客观上稳定了新疆的政治局势。随着时间的推移，盛世才暴露他军阀本性，彻底投靠国民党蒋介石，新疆完全处于国民党中央政府的直接统治之下。

1949年9月，新疆和平解放。党中央立即在新疆设立中共中央新疆分局，并相继在新疆建立了各级党的领导机关。1949年12月17日，在党的领导下，由新疆各族各界代表联合组成的省人民政府宣告成立，包尔汉任人民政府主席。省人民政府彻底废除了历来反动统治者执行的民族压迫政策，保证了各民族一律平等和各族人民当家作主的权利，并在全疆开始土地改革运动。

1953年12月22日，经中央人民政府批准的《新疆省民族区域自治实施办法》正式发布。在新疆先后成立了巴里坤哈萨克自治县、木垒哈萨克自治县、焉耆回族自治县、察布查尔锡伯自治县、和布克赛尔蒙古自治县、和昌吉回族自治州、巴音郭楞蒙古自治州、博尔塔拉蒙古自治州、伊犁哈萨克自治州。在这个基础上，1955年10月1日新疆维吾尔自治区正式成立，首府设在乌鲁木齐。民族区域自治的实施，进一步实现了维吾尔族和新疆各族人民当家作主的愿望，大大提高了各族人民的积极性。新疆维吾尔自治区人民代表大会及其常委会根据民族区域自治法赋予的权力和新疆的实际，制定了适应新疆特点和需要的各种法规和决议。

【风俗文化】

在漫长的历史发展过程中，维吾尔族人民用勤劳和智慧创造了优秀的文化，形成自己的民族习俗，有着独特的民族风情。

维吾尔族的习俗有命名礼、摇床礼、割礼、婚礼、葬礼等。命名礼、摇床礼是给婴儿举行的仪式，给婴儿起名和祝愿他们。割礼一般只限于7岁至12岁的男性儿童，是男孩步入成年的标志。

维吾尔族的传统饮食以面食为主，喜食羊、牛肉，蔬菜吃得相对较少。主食的种类很多，最常吃的有馕、抓饭、包子、拉面等。馕是用小麦面或玉米面制成的，在特制的火坑内烤熟，为形状大小和厚薄不一的圆形饼。抓饭，维吾尔语称“颇罗”，是用大米、羊肉、羊油、食油、胡萝卜焖成的一种饭食，味道鲜美。蒸包子，维吾尔语称“曼它”；烤包子，维吾尔语称“撒木萨”，用面做皮，用羊肉丁、羊油拌少许洋葱做馅，皮薄肉多。另外有拉面、炒面、汤面、“纳仁面”等。名菜有烤全羊、清炖羊肉、烤肉等。维吾尔族喜欢饮茶。维吾尔茶是由小豆蔻、肉豆蔻、肉桂、丁香、孜然、胡椒、干姜、荜澄茄等15种天然植物经科学加工精制而成，具有健脾胃、化食、散寒、驱风、润便、醒脑之功能。

维吾尔族服饰种类多样而又优美。传统的男子外衣称为“袷袢”，长过膝、宽袖、无领、无扣，穿时腰间系一长带。女子普遍穿连衣裙，外罩坎肩或上衣。妇女和姑娘都喜欢用天然的乌斯蔓草汁画眉，染指甲，戴耳环、手镯、戒指、项链等。妇女外出时，要带头巾或蒙面纱。维吾尔族不论男女老幼都喜欢戴“尕巴”(四楞花帽)，用黑白两色或彩色丝线绣出各种民族形式的花纹图案。过去未婚少女都梳十几条发辫，以长发为美。婚后一般改梳两条，辫梢散开，头上别一把新月形的梳子作为装饰，也有将双辫盘成发髻的。现在，除了传统的服装和服饰之外，在城市普遍流行穿时装。

维吾尔族传统的庭院式的住宅大致可分为“外间”、“餐室”、“后室”三种基本平面组合形式。各地区大都以一种形式为主，但同一形式在具体布局上也有较大差别。浩瀚的沙漠、剧烈的风沙、夏季炎热少雨、冬季寒冷的生态环境，使维吾尔族非常注重对环境的改造和美化，因而庭院式的住宅在果园花圃、白杨、葡萄棚的衬托、掩映中显得非常朴实、清新与雅静。对房屋的装饰，维吾尔族也非常重视，呈现出多样化的装饰手段。不过，每个家庭墙壁上都挂有壁毯，土坑上都铺有地毯，这是其共同的特点。

维吾尔族是一个尊老爱幼，热情好客的民族。路遇尊长或朋友，要把右手放在胸口，男子相见要握手，妇女相见要互相拥抱，贴一下右脸，都以“撒拉木”问安，最后，双手抚膝躬身道别。晚辈要先向长辈施礼，现在多以握手作为见面礼。

维吾尔族普遍认为宾客盈门是令人羡慕的事，说明这家人为人好。通常客人如果同时到来，要分男女长幼进门，上炕入座，最尊贵及最年长的客人，要坐在炕中间主人特意铺的褥子上。饭前饭后主人都会提着洗手壶为客人冲洗双手，一般冲洗三遍，客人不得将水乱甩。主人先给每人斟一碗茶水，双手敬上，然后在客人面前铺开一张餐布，摆上各种点心、瓜果及美食，有条件的还要宰羊款待来宾，让客人尽情享用。有时主人会弹起都塔尔、热瓦甫等民族乐器，以歌舞助兴。用餐结束时，在年长者的带领下，要念“都瓦”祈祷。如果天晚了，主人总要热情挽留，拿出最好的被褥给客人用。客人临走时，主人总要送出大门以外，目送客人远去。

维吾尔族文学具有悠久的历史和丰富的内容，在维吾尔族文化中占有重要的地位，是祖国文化宝库中的重要组成部分。维吾尔文学的主体由三部分组成：民间文学、古典文学、现当代文学。

维吾尔民间文学体裁形式多样，有民间故事、寓言、笑话、谚语等。其中，民间故事是维吾尔族民间文学的重要组成部分，故事内容往往是统治者残酷盘剥劳动人民，而劳动人民利用智慧，巧妙地揭发和挫败统治者的阴谋诡计，如《桑树荫影的故事》、《阿凡提的故事》等。还有鼓舞劳动热情，抒发对美好生活的愿望和教育后代，以及描写爱情生活的故事。如民间故事《三条遗嘱》是教育人民要团结互助，战胜困难，从而获得幸福的故事；《两个懒汉》是教育人们要热爱劳动，不图安逸享受的故事；《聪明的其满汗》、《农家姑娘》、《钟情机智的女人》是对维吾尔族妇女们勤劳和高尚品德的热情赞扬和歌颂。

维吾尔古典文学以《乌古斯可汗传》、《福乐智慧》、《突厥语大辞典》、《真理的入门》和《五部长诗集》最为著名。

《乌古斯可汗传》，又称《乌古斯可汗传说》，是在古代维吾尔族人民中广为流传的一部民间英雄史诗。其内容主要分两部分：第一部分为古代维吾尔族古老的神话、传说；第二部分主要讲述了乌古斯可汗征战的历史。它用民间史诗特有的写法叙述了许多历史故事，再现了维吾尔族先民社会生活的原始风貌，对于研究古代维吾尔族的历史、文学和语言具有重要的价值。

《福乐智慧》是玉素朴•哈斯•哈吉甫献给当时喀拉汗王朝的君主不格拉汗的。用突厥文写成，直译应为“给予幸福的知识”。阐述诗人经邦治国的政治主张和哲学观点，体现了诗人倡导的行为准则和人生理想。诗歌总结了维吾尔族草原游牧文化，诗人公开宣称“以秦国圣哲的至理微言写成”，既继承了汉族文化，又接受了阿拉伯、波斯和中亚文化的影响，从而开创了维吾尔文学的新时代，这部辉煌巨著具有深刻的社会性、哲理性、优雅的艺术性和多种文化的兼容性，影响大、流传广。目前，《福乐智慧》在国内有维文、汉文版本，在国外已有俄文、英文、德文、土耳其文、乌兹别克文、哈萨克文、吉尔吉斯文等多种全译本和日文、乌克兰文等节译本。

《突厥语大辞典》是玛赫穆德•喀什噶里于公元1074年用阿拉伯语编写成，是世界上第一部大型突厥语辞典。这部辞典提供了有关新疆和中亚地区丰富的历史、地理知识和各种专业术语，可称为一部关于突厥民族的简明百科全书。全书除了长篇序言外，共有七千多词条。《突厥语大辞典》附有一幅圆形地图，这幅地图描绘出作者当时所了解的世界，也是流传到今天的最早和最完整的中亚地图。

《真理的入门》是由艾合买德•尤格纳克写于13世纪初的一部劝戒性长诗。用阿鲁孜韵律的木塔卡里甫格式写成。作者以伊斯兰教的伦理道德观念，劝戒世人遵循教规和公德，以此恢复社会的秩序和宁静。《真理的入门》对研究喀喇汗王朝时期的维吾尔文学、语言、历史和哲学等都具有重要价值。

《五部长诗集》由艾里希尔•纳瓦依创作，为五部叙事长诗的合集，用察合台文写成，其哲学思想对维吾尔族的伦理道德的形成影响极大。五部叙事长诗中以《圣贤传》最为有名，记述了伊斯兰教发展史上的一些著名圣贤人物，对维吾尔古典文学影响很大，并在维吾尔人的精神生活中占有重要地位。此外，17世纪—20世纪初还出现了一些揭露封建统治势力与封建专制制度的作品，如赫尔克特的《爱情与苦恼》、阿不都克热木•那扎里的《热比亚一赛丁》、《莱丽与麦吉侬》等。

维吾尔现当代文学受俄国影响较大。小说、戏剧的出现，突破了过去以诗歌独尊的传统，代表作有黎•穆塔里甫的《黎•穆塔里甫诗选》(汉文)、《黎•穆塔里甫文集》(汉、维文)，尼米希依提的《祖国之恋》、《塔里木姑娘》，赛福鼎•艾则孜的《第一列火车的呜叫声》、《阿曼尼莎汗》等。

维吾尔族民间音乐从体裁上可分为木卡姆、民间歌曲、民间歌舞、民间器乐、说唱音乐、宗教音乐等，继承了疏勒乐、于阗乐、龟兹乐、高昌乐、伊州乐的的优良传统。其中，“十二木卡姆”是一种包括歌曲、器乐曲和舞蹈在内的古典大曲形式，有喀什木卡姆、多朗木卡姆、哈密木卡姆三种类型，由民间音乐家们在习俗节日、喜庆婚礼和娱乐晚会上表演。16世纪杰出的维吾尔族女音乐家阿曼尼沙搜集整理各地流行的木卡姆，将其编为十二套歌舞大曲，使木卡姆形式趋于定型。2005年，“十二木卡姆”被联合国列入世界非物质文化遗产保护名录。

维吾尔族民族乐器有弹拨、吹奏和打击乐器等数十种之多。“独他尔”和“热瓦甫”是最常用的独奏和合奏乐器，音色清亮、柔和。“达甫”是用手指敲击的羊皮鼓，鼓边木框镶有许多活动的小铁环。随着鼓声铿锵作响，多用于舞蹈伴奏。

维吾尔族的舞蹈轻巧、优美，以旋转快速和多变著称。传统的舞蹈有顶碗舞、大鼓舞、铁环舞、普塔舞等。“赛乃姆”是最普遍的民间舞蹈形式。即兴表演的舞蹈有时一人独舞，有时二人对舞，也有时三、五人同舞的。在乐队伴奏之下，围坐成圆圈的群众拍手唱和。当音乐节奏由中速转为快速，舞步也越来越急促时，“凯——那”(加油)、“巴力卡勒拉”(妙啊)的呼声随之四起，舞蹈者的情绪也更加炽烈。各地的“赛乃姆”具有自己的风格，通常冠以地名。如喀什“赛乃姆”、伊犁“赛乃姆”等，以示区别。流行全疆尤其盛行于南疆的“夏地亚纳”，意为欢乐的舞，是一种民间集体舞蹈。参加人数不限，队形也不固定。不同地区的“夏地亚纳”，曲调各有特点，有的欢腾华丽，有的浑厚有力。“夏地亚纳”的基本步伐以小跳步为主，两臂上举，手掌内外快速抖动，给人以欢乐、轻快之感。被誉为民间艺术之花的“多朗”舞，是富有劳动人民生活气息的舞蹈。它的内容表现了古代麦盖提一带人民的狩猎活动。舞蹈动作骠悍、刚劲、热情奔放、节奏感强。伴奏“多朗”舞的音乐，称为“多朗木卡姆”、“多朗赛乃姆”，曲调结构朴实、演唱风格宽广、豪迈，具有浓郁的草原情调。还有流行于吐鲁番、鄯善、哈密等地的“纳孜尔库姆”，用舞蹈动作表现活泼、诙谐的内容，充分反映出维吾尔族人民乐观开朗的性格。

维吾尔医药学是中国医药学的重要组成部分。“维吾尔族医药学”简称“维医”，有悠久的历史和比较完整的理论体系。维吾尔医学以“土、水、火、空气”为代表的“四大物质学说”和“血津、痰津、胆津、黑胆津”的“四津体液学说”为基本理论，创立了一整套诊断和治疗疾病的方法。诊断疾病重视查脉、望诊和问诊。内科疾病多以内服药为主，非体液型气质失调疾病采用调正法，体液型气质失调疾病采用致病体液成熟法、致病体液排泄法、主药根治法，此外还有熏药、坐药、放血、冷热敷、日光浴、温泉浴、埋热沙等20多种疗法，对肝胆疾病、消化疾病及白癜风、糖尿病、血管硬化性心脏病等有着较好的疗效。在外科方面，在服药的同时采用烙法、热罨、披兽皮、结扎、手术、针刺、按摩、手法复位等20多种疗法，常用药已达800多种，制剂400多种。

维吾尔族出现过许多优秀的医生、医学家和医学著作。维吾尔名医比吉•赞巴•希拉汗的《医学宝鉴》、《伤寒解义》，维吾尔著名科学家、哲学家、天文学家、医学家法拉比（870—950年）的《论自然界》、《论人体学》、《论神经学》、《器官的功能》、《论自然物的热性、寒性，湿性、干性》，维吾尔名医贾马力丁•阿克萨依的《阿克萨依》，著名维医药学家胡都优木汗•阿吉（1567—1658）参与编写的《回回药方》，喀什维医医院创建人玉素甫•阿吉生前编著的《卡祖农》，第一部大型维医著作四卷本的《维吾尔医百科全书》等，都是优秀的维吾尔医学著作。"
苗族	"我国境内的苗族人口为9426007人（2010年），在我国56个民族中仅次于汉、壮、满、回，位居第五位。苗族人口的分布特点是大散居、小聚居，全国各省、自治区、直辖市均有苗族分布。据全国第五次人口普查，贵州省苗族人口最多，有430万人，占全国苗族总人口近一半。其次是，湖南192万人，云南104万人，重庆50万人，广西46万，湖北21万人，四川15万人，广东12万，海南6万。这8省（区、市）的苗族人口占全国苗族总人口的98%。贵州、云南和湖南湘西有较大的苗族聚居区，如黔东南苗族侗族自治州的苗族有159万，湘西土家族苗族自治州有苗族80万。其他地方的苗族居住较为分散，一般以一个或几个村寨为单位，和其他民族交错杂居。杂居区的苗族多数都是聚族而居，自立村寨，很少与其他民族合村共寨。

苗族大多居住在边远山区，但由于分布地域广阔，各地自然环境差异也较大。黔东南、黔南和桂北处于云贵高原边缘，海拔从1000多米降至400米左右，地势由西北向东南倾斜，境内有苗岭山脉延绵全境，潕阳河、清水江、都柳江贯穿苗区。湘西、湘西南、黔东北、鄂西南和渝东南位于云贵高原东侧的武陵山脉地带，海拔、地形与黔东南地区相近，境内有武陵山脉延伸其间，河流有沅水、酉水、澧水和清江等。这些地区年平均温度为15℃，年降雨量1060-1600毫米左右，无霜期长，冬暖夏凉，四季分明，雨量充沛，不仅宜于稻作，而且十分有利于林木生长。粮食作物以大米为主，辅以玉米、薯类、小麦、豆类及高粱等，经济作物有油菜、烟叶、苎麻、甘蔗、花生、棉花等。木材资源十分丰富，其中用材林有松、杉、柏、楠、青枫等，尤以杉木最负盛名。经济林有油茶、油桐、核桃、板栗、柑橘、猕猴桃等，还出产党参、桔梗、吴萸子、三七、金银花等药材。地下矿藏资源也极为丰富，其中汞、钨、锑、锡、铅、煤、铁、黄金等的蕴藏量较大。川南、黔西北、云南的苗族大多居于高山之巅或半山腰，少数居住河谷平坝，这一带海拔较高，气候寒冷，山高路险，水资源匮乏，农耕条件较差，除河谷平坝和少数半山区适宜水稻种植外，其余以玉米、麦类、荞麦、甘薯、马铃薯为主食。药材、各种山珍和果木都很丰富，药材有天麻、三七等，山珍有竹笋、山药、香菇、木耳、蕨菜、水芹菜等，野生水果如猕猴桃、八月瓜、梅子、李子等。还有煤、铁等矿藏资源。海南苗族地区地处热带，盛产橡胶及各种热带水果。

苗族族称，既是他称，也是自称。除湘西方言区自称为“仡熊”、“果雄”，其他地区的苗族则多自称“模”、“蒙”、“髳”、“苗”。汉语所称的“苗”，来自苗族自称。新中国成立后，根据苗族人民的意愿，经过民族识别，将族称定为苗族。

苗语属汉藏语系苗瑶语族苗语支。苗语大致可分为湘西、黔东和川黔滇三个大方言，7个次方言，18种土语。湘西方言（东部方言）主要通行于湘西土家族苗族自治州，黔东北的松桃苗族自治县，湖北的恩施、宣恩、来凤、鹤峰和重庆的秀山、酉阳、彭水等县，分5种土语；黔东方言（中部方言）主要通行于黔东南苗族侗族自治州，广西融水苗族自治县、三江侗族自治县，湖南的靖州、会同等县，贵州安顺地区和黔西南、黔南布依族苗族自治州的部分苗族中，分5种土语；川黔滇方言（西部方言）主要通行于贵州中部、西部、南部、北部和川南、贵北以及云南全省，分8种土语；此外，还有部分苗族操汉语、侗语、瑶语、布依语、壮语等其他民族语言。苗语的方言、次方言和土语尽管存在着一些差异，但相通部分仍占60%以上。

传说苗族古代曾有文字，后来失传，这些传说现在已难以考证。20世纪初，一些苗族知识分子为发展苗族文化教育，创制了一些方言文字，如湘西石板塘创制的方块苗文、石启贵创制的速记苗文，贵州松桃龙绍华运用国际音标编制的苗文课本，等等。一些外国传教士为了传教的需要也创制了一些苗文。但是这些苗文因种种条件的限制，未能在苗族群众中推行。新中国成立后，党和政府组织大批包括苗族学者在内的苗语语文学家，对全国苗语进行了普查研究，改革了“老苗文”，另外创制了东部、中部、西部三种方言的拉丁拼音苗文，并在苗族群众中推广使用，受到广大苗族人民的欢迎。

【历史沿革】

从历史上看，各地苗族主要是从若干比较集中的聚居区在不同时期分散出去的；还有一些来源不同的民族成份同化在苗族之中。有人曾认为汉文文献中所提到过的曾在江、淮一带居住、后在洞庭湖地区落脚的“三苗”，可能就是现在苗族的祖先。也有人认为现在的苗族可以溯源到殷周时代的“髳”人。有关苗族的族源问题在史学界中尚无一致的定论，但是已有足够的证据可以证明的是，早在两千年前的秦汉时代，苗族的祖先就已经聚居在湘西、黔东这个当时称作“五溪”的地区。史书中侮称居住在这里的包括苗族祖先在内的少数民族为“五溪蛮”或“武陵蛮”。后来，他们陆续向西迁徙，才逐渐形成现在的分布格局。在苗族民间流传的历史传说“古歌”里，追述他们曾在湖泊众多的平原上生活过的远祖，怎样经过千难万险流徙到现在居住的地方。“日月向西走，山河往东行，我们的祖先啊，顺着日落的方向走，跋山涉水来西方”，就是苗族大迁徙情况的反映。

唐宋时的汉文文献中，开始称五溪地区的汉族以外的居民为“苗人”，主要就是指现在苗族的祖先。在汉人中还有把布依、仡佬等族误称为“仲家苗”、“仡佬苗”等等，直到解放后经过民族识别，才予以纠正。

大约在公元3世纪有一部分当时称为“五溪蛮”的苗族先民沿乌江西上，进入今黔西北和川南；5世纪又有一部分进入川东、鄂西；九世纪有一部分被掳入云南；16世纪有一部分被征调落户于海南岛，这些都是较大规模的移动。至于较小的集团，甚至一家家在山区里大体上“顺着日落的方向走”的流动，更是经常发生，他们在迁移流动中四处分散了。这个分散的过程开始得相当早，有些已超过千年。

各地的苗族在不同的条件下发展了各自的特点，这些特点表现在苗族内部的多样性和社会经济发展上的不平衡。苗族古代社会的发展过程，曾经历过漫长的无阶级、无剥削的原始社会。据《后汉书》记载的有关“五溪”地区包括苗族先民在内的少数民族，一直到晋代仍保留着浓厚的图腾崇拜，在祭祀时，有把鱼和肉糅杂在一个木桶里，敲打着木槽祭神的习俗，反映了人们曾经从事渔猎的生产活动。

大约在后汉时代（公元1至3世纪），五溪地区的少数民族已开始从事农业生产，掌握了用木皮织绩和以草实染衣的纺织和染色的技术，有了产品交换，但氏族首领和人民处于平等地位，生产力水平低下，仍处于原始社会阶段。

从魏、晋至隋、唐时期，苗族的原始社会已逐渐崩溃，由血缘关系组成的氏族公社，已逐步发展为以地域关系组成的农村公社了。历史上苗族有一种社会组织，南宋时称为“门款”，清代称为“宰款合榔”、“合款”或“门款”等。集三五至二三十个相邻村寨为一个“小款”，大、小“款首”由公认推举产生，以后逐渐为封建统治阶级把持。款有定期会议，有由公众制订的规约，以保护私有财产和维持社会秩序，对违约者，轻则处以罚金，重则开除出“款”，甚至处以死刑。款内各村寨有相互支援的义务，否则依款约制裁。解放前苗族地区存在的“合款”、“合榔”组织，是地区性的政治、经济联盟，可能就是农村公社组织的残余。从苗族流传的“议榔”古歌中，也可以看到古代农村公社的许多痕迹。

大约在唐末宋初，苗族逐步进入了阶级社会。公社首领对土地已有了支配权，并带有领主经济的性质。同时，苗、汉人民频繁接触，在汉族封建经济的影响下，更推动了正在形成的苗族领主经济的发展，这些领主们自称为“官”（汉文文献中称为“土官”），在他们的统治下的农奴称为“田丁”。宋朝又分封一些少数民族上层分子为当地各州的刺史，这使领主经济的发展从政治上得到了更大的保证。在封建领主的统治下，田丁耕种着领主的土地，不纳租赋，但必须为领主提供无偿劳役，他们被编入军事组织“门款”中，领主对田丁有极大的支配权，甚至任意罚或“草判”（审判），领主之间发生仇杀时，田丁必须参加战斗，为领主卖命。

这时，农业和手工业都有了一定的发展。有较多的粮食用于交换食盐，“溪布”已成为对中央封建王朝的主要贡物，兵器中有质量较高的铁刀，和坚固的“甲胃”、“标牌”、“偏架弩”等。到了宋末，湘西苗族人民已经掌握了采矿、冶金的技术，以蜡染为代表的染织业也相当发达，当时被称为“点蜡幔”。商业也随之发达起来，并出现了苗、汉人民定期交易的市场。

元代，苗族地区已出现了很大的封建领主，元朝统治者加封他们各种长官司的职务，通过他们统治苗族人民。元、明时期，苗族封建领主经济已有相当发展，但黔东南的古州、都江一带，封建领主经济还是处于初期的发展阶段，这一带地区的苗族，大寨统领着几十个小寨，大寨的苗族称为“爷头苗”，小寨称为“洞崽苗”，小寨人民必须为大寨的领主们服无偿劳役；大小寨之间严禁通婚，保持着严格的等级界限。黔西和滇东北的苗族人民处于彝族土司统治之下，他们大部分是彝族土司的农奴，耕种土司的土地，向土司交纳租赋和服无偿劳役，同时他们又是土司的军士，担负着“巡逻”的责任，人身依附非常严重。

明代，是苗族地区领主经济发展最高阶段，并且开始解体，地主经济正在形成和发展。明朝中央政府于弘治十五年(1502年)在湖南城步苗族地区开始实行“改土归流”，使地主经济得到顺利的发展。湘西苗族地区的地主经济也正在迅速发展中。清康熙、雍正年间,在苗族地区先后实行改土归流,对“生苗”区进行武力“开辟”。虽然这一过程充满了血腥，但这一措施在相当大的程度上打破了以往苗区的封闭和隔绝状态，对瓦解领主制和促进地主经济的发展，起了很大作用。但在黔西和滇东北的苗族地区，土司大领主虽被废除了，而土司小领主仍然被保存下来，领主经济仍然继续存在，直到清末，才基本上被地主经济所代替。

改土归流后，苗族地区的社会经济获得了长足的发展。湘西和黔东北的苗族人民，大量使用铁质工具，种类很多，有铁尖木犁、铁耙、镰刀、长柄刀斧等，还能自制纺车、碓和石磨，并使用小筒车等灌溉田地。武器有锐利的环刀和火枪，此外，还能打制精巧的银项圈、手镯等装饰品。农业生产技术有较大提高，加上许多苗区兴修水利，扩大耕地面积，致使农作物的种类增多，产量增加。贵州古州一带，稻、糯、豆种数都有10种之多；湖南永绥厅，包谷、黄豆年产万余石；黔东南地区，水稻的亩产量是上田五石，中田四石，下田三石。此外还经营畜牧业和纺织业以及饲养猪、养鱼等家庭副业。在湘西、黔东南的苗族地区,普遍出现定期的市场，商品交易相当发达。黔东南清水江流域，有不少苗族人民贩运木材。随着封建地主经济的发展，土地的兼并和财富的集中日益加剧。乾隆年间，湘西已经出现拥有一二千石谷子的苗族大地主。至嘉庆年间，湘西已出现了七八千石谷子的大地主。

综上，湘西和黔东南苗族地区大约在东汉末年（公元3世纪）正处于原始社会时期。魏晋到隋唐，和汉族接触的地区已开始了阶级分化，并向封建制过渡。宋元时期，大部分苗族地区已形成封建领主经济。从明朝起，开始向封建地主经济过度，大约在清乾嘉年间，才基本上消灭了领主制。在长期的历史发展进程中,历代中央王朝在苗族地区推行了一系列政治制度,主要有秦、汉时期的郡县制，唐宋时期的羁縻州制，元、明、清初时期的土司制，清代改土归流后实行的保甲制。

1840年鸦片战争以后，由于苗族地处山区，交通比较闭塞，外国资本主义经济势力还没有直接侵入苗族地区，封建经济结构仍然完整地存在着，封建地主经济仍继续向前发展。至19世纪80年代以后，外国资本主义在苗族地区的政治势力进一步扩大，经济势力开始直接伸入，苗族地区社会经济就走向半殖民地半封建化了。资本主义列强的资本、商品输入和掠夺原料的结果，刺激了苗族地区商品经济的发展，并出现某些资本主义经济萌芽。但这种社会变化在各地参差不齐，在湘西、黔东、桂北、渝东南等地区，商品经济和资本主义因素的发展较明显，如湘西等地已出现拥有田地2000多亩的大地主，他们兼营榨油、染色、酿酒及桐油贩运等工商业，有资本数千银元，而贵州以西的苗族社会经济却几乎没有变化。在其他一些发展比较落后地区的苗族，如云南边境等地的苗族，还受着当地土司或地主的剥削与压迫，直到解放前的几十年里，一直过着“苦鸟无树桩，苗家无地方”的烧山垦荒，迁徙不定的生活。

20世纪初，中国进入军阀混战和国民党统治时期。在此时期，苗族地区兵燹丛生、战祸连年，政治黑暗，社会动荡不安。商品生产和资本主义因素有所发展，但同时资本主义列强经济文化侵略日益加深，封建剥削和军阀、国民党政府的搜刮和掠夺也不断加重。在多重压迫和剥削下的苗族人民，生产力水平低下，经济发展缓慢，生活苦不堪言。

苗族是一个苦难深重的民族，但顽强勇敢的苗族人民有着悠久的反压迫、反剥削的光荣传统。为了反抗历代统治阶级的压迫,苗族人民曾多次进行大规模的武装起义。早在东汉时期,包括苗族在内的武陵等地的各族人民多次举行起义。东汉末年的黄巾军起义，也得到武陵等地各族人民的响应。唐末，黄巢农民起义军由桂林向潭洲（今长沙）进军时,湘、黔、桂三省苗族等各族人民群起响应。南宋理宗年间又有大苗山各族人民联合起义。

元世祖至元二十七年（1290年），贵州中部苗、布依等族人民起义，坚持斗争一年多。元末，湘西苗、土家、侗、瑶和汉族等人在吴天保的领导下，从1346年到1349年，先后攻占靖、沅、辰等州县，与元末刘福通、徐寿辉等农民起义军遥相呼应。

1430年湘西、黔东北苗民起义，与12万明军奋战4年。明英宗年间，湘、黔苗族20万人起义，以清平县香炉山为根据地，屡败明军，斗争坚持了2年多。1513年以龙麻阳为首的湘、黔、川三省边区的苗族人民起义，明朝政府勾结地主武装经过2年的时间，才将起义暂时镇压下去。1539年，这一地区的苗族人民又在龙许保、吴黑苗等人的领导下起义，坚持斗争达15年之久。此后，苗族人民的反抗此伏彼起，前仆后继，连续不断。

清代，由于封建统治者的残酷镇压，激起了苗民的强烈反抗，斗争此起彼伏。其中规模最大的有：雍乾年间包利、红银领导的苗族人民起义；乾嘉年间，湘西、黔东北地区石柳邓、石三保、吴半生、吴八月等领导的苗族人民反清起义，以及咸同年间黔东南等地爆发的以张秀眉为首的苗民大起义。张秀眉为首的苗民起义先后坚持了18年之久，是苗族历史上时间最长、影响范围最广的一次斗争，在中国近代史上写下了光辉的一页。苗族人民纪念这次运动中杰出的领袖张秀眉等的颂歌一直流传到今天。

在国民党政府统治时期，苗族人民反抗压迫的斗争，也是一浪高过一浪。如1936年春夏湘西苗族人民爆发了反对封建屯田制度的革屯运动。以苗族贫农黎明元等为首先后发动了武装起义，组成“湘西苗民革屯抗日救国军”，提出了“废屯归民”、“抗日救国”的口号，革除了清嘉庆以来延续了一百多年的屯田制度。1942年凤凰县苗族还举行了“跳仙会”起义，反抗国民党的征兵抓丁、增加税捐和实行食盐公卖等重重压迫和剥削。

第二次国内革命战争时期，在中国共产党的领导下，广大苗族人民积极投身到革命运动中。如湘鄂西、广西左右江和海南岛吊罗山、母瑞山革命根据地的建设，湘、鄂、川、黔等地区工农民主政权的建设，苗族人民都积极参加，作出了突出贡献。

红军长征时，经过苗族地区，播下了革命火种。在红军经过的广大苗族地区，苗族人民纷纷起来，支援、参加红军，有的还组织了自卫队，在当地坚持武装斗争。

解放战争时期，各地苗族人民分别参加了黔西的盘北游击队、黔东北的松桃游击队、广西的桂北武装工作队、云南滇东南地区滇桂黔边区纵队和广东海南岛的琼崖纵队等等,开展抗粮、抗兵、抗税及解放当地城镇乡村的活动。

新中国成立后，广大苗族人民积极配合解放军展开了剿匪斗争。在历史上，湘西等地山区一直是土匪活动的地方，他们到处袭击区乡人民政府，杀害革命干部，掳掠群众财物，使人民无法安心生产和生活。为了消灭匪患，安定社会秩序，巩固人民政权，在1950年进行了长达一年的斗争。到1951年初，匪患被全部消灭。

苗族内部有一套完整的社会组织和社会制度，即鼓社制、议榔制和理老制。

新中国成立前，苗族鼓社是由共同源于一个男性祖先而结合起来的人们的集团。鼓社一般由同宗的一个或数个自然村寨组成，小的几十户或百来户，大的几百户乃至上千户。一个社共立一个鼓祭祖，有共同的宗教节日、共同的地域观念和共同的习惯法规，穿同一服饰，操共同的方言。一个宗族就是一个大鼓社，称“黑社”，又有许多分社，苗族称为兄弟鼓社，又称“白社”。“黑社”一般有果略（即鼓头）、果叙（即歌头）、果当（桌头）、果熙（礼头）、果扎（武头）、果养（活路头）、顶王（护头）、顶榜（护尉）、珈也扬（粮头）等头领，共称为“鼓社九鼓头”，由他们共同领导全社事务。鼓社的最高权力机关是全体社员大会，也就是13年一届的鼓社节。届时男女老幼都要参加。鼓社节要举行隆重的祭祖活动，祭祀央公、央婆，并选举新一届鼓头，讨论决定鼓社规约和其他重大事项。鼓社具有组织和发展生产，调整婚姻关系，促进人口增长，调整内外部关系等基本职能，并具有“军事单位”的职能，负有维护氏族的荣誉与复仇的职责。苗族鼓社是一个结合得十分紧密的血缘集团，亲属称谓制度、祖先崇拜、地域观念以及人们在生产、生活中所体现出来的互助精神是其重要支柱，有力地支持着鼓社组织观念。因此，鼓社是氏族制的残余。至近现代，鼓社组织只保持在操中部方言的黔东南地区，其他地区已经消失或大部分消失。

议榔是不同宗的家族组成的地域性村寨组织，即农村公社组织。各地苗族的叫法不一。黔东南叫“构榔”或“勾夯”,也叫“构榔会议”；广西叫“栽岩会议”或“埋岩会议”；湘西大部分地区称“合款”；云南金平县叫“丛会”或“里社会议”。它是苗族社会中一种议定公约的制度,是地区性的政治经济联盟组织。议榔组织大小不一，几个或几十个寨子组成的最为普遍。议榔的最高权力机关是议榔大会，其任务主要讨论有关大事,制定议榔款约，选举各种执事首领。议榔设有榔头（湘西称为“款头”或“款首”，广西融水称“头老”,贵州从江称为“该歪”,云南金平称“丛头”）一人,副榔头若干人，另有“硬手”和“老虎汉”（军事首领）、祭司、“行头”和“理老”（主持司法）等若干执事首领。议榔头人根据“议榔规约”维持一方社会秩序。其主要职责为调解并处理争执田土和山林所有权的纠纷、婚姻纠纷、偷盗事件、民族内部纠纷、违反禁忌事件、互相残杀事件，并组织人们起来共同对敌、抗击外侮等等。寨老、榔头一般不脱离生产，但随着社会的发展,在阶级分化剧烈的地方,也有了一些变化。在黔东南的一些地区,民国时期有的寨老、榔头还兼任甲长、保长、联保主任，蜕变为地主阶级,并利用议榔来维护本阶级的利益，使议榔的性质产生了变化。议榔通过组织制定的习惯法榔规款约来进行管理，榔规款约一经群众通过，就成了不成文的法律。过去，苗族议榔规约在维护当地的生产、生活及社会秩序等方面，发挥了重要作用。直至现代，在许多苗族地区，议榔的形式依然存在，议榔规约被换上了与现代社会生活相适应的内容，成为政府的行政组织及法律法令的有效补充，在社会生产和维护社会安定方面，起到了非常重要的作用。

理老（或称“寨老”、“乡老”）是苗族村寨中的自然领袖，他自然形成，不经选举产生,也不世袭。理老大致有三级：一个村寨的理老，称之为“寨老”或“勾往”，主要调解发生在本村寨内的纠纷；一个鼓社（氏族）的理老，称为“鼓公”或“娄方”，主要调解管理发生在本氏族内的纠纷；一片地方（包括若干村寨）的理老，称为“勾珈”或“大理头”,负责调解发生在本片地方内的重大纠纷案件。理老熟悉古理古规，主持公道，办事认真，能言善辩，在人们心目中享有崇高的信誉和威望,对维护苗族社会的生产、生活秩序，曾起到过十分积极的作用。

【风俗文化】

苗族是一个以农业为主的农耕民族。新中国成立前，苗族的农耕生产可分为两种不同类型，即山地生产和水田生产。山地生产主要采用的是“刀耕火种”的耕作方式，包括砍伐树木、焚烧草木、播种、看护和收割等主要过程，一般连作2至3年即停歇数年，又称轮耕或游耕。山地所产杂粮以玉米为主，其他有豆类、麦类、荞子、薯类等。为尽量利用土地，苗族对各种作物多作套种安排，即一块地每年或几年分种不同的杂粮，以保证产量。西南多山少地，苗族只能在一些山间小盆地及溪河沿岸开发出若干水田，或将一些山坡改造成梯田。近代以来，大部分苗族地区已由山地生产为主转变为以水田为主。苗族种植水稻，其耕作技术相当讲究，他们比较重视改良土壤，注意稻种的合理密植，并总结出自己的一套田间管理技术，有一套防治病虫害的方法，讲究追肥及合理排灌。值得指出的是，苗族在长期的水稻生产实践中，为了在有限的土地上提高产量，很早就有在稻田中养鱼的习惯。稻田中养鱼，不仅在原有土地上增加了鱼产量，而且稻谷产量和质量都有所提高。

在农业出现以前，狩猎和采集就是苗族劳动生产的主要部分。进入农耕社会后，狩猎仍是农业经济的重要补充，一直延续到近现代。20世纪50年代以后，随着国家关于生态环境、野生动物保护等法律法规的颁布，伴随着苗族地区畜牧业的快速发展，狩猎才在苗乡逐渐减少或消失。狩猎采集社会食物资源平均分配给全体成员的重要特征对苗族社会产生了深远影响。苗族在几十年前仍保存着“进山打猎，见者有分”的古老的分配方式；这一古风遗存在苗族现实生活中的另一表现就是强调团结协作、互助及集体至上。

苗族服饰在各地各有其特点。黔西北、滇东北的苗族男子穿带有花纹的麻布衣服，肩披织有几何图案的羊毛毡；其他各地苗族男子一般都穿对襟或左大襟的短衣，下着长裤，束大腰带，头缠青色长巾，冬天脚上多缠裹绑腿。妇女的服饰款式复杂多样，据不完全统计，多达130种以上，头上的发髻和裹巾，衣衫的颜色，绣花的图案，以及裙子的有无和长短等等，不仅省与省之间，而且县与县之间，有时甚至寨与寨之间，常有不同的特点。湘西、黔东北、渝东南和鄂西南一带苗族妇女服装属湘黔渝鄂型，都是上身着大襟右衽衣或中长衣，下着长裤，衣袖、裤脚和衣领周围都镶有花饰，胸系绣花围腰，服饰多为青色或蓝色，多数包头巾。黔东型包括苗语黔东方言的全部苗族，女装都尚藏青色，大领衣（少数为大襟衣），不分截的百褶裙,衣、裙花饰以刺绣为主，用织锦为饰较为普遍；多数挽椎髻，少数盘发包头。黔中南型属苗语川黔滇方言的苗族，妇女服装多为大领对襟和大领左、右衽,着大襟衣的占少数，百褶中裙，长裙较少，衣外多披附属饰件；衣裙多数以挑花、刺绣、蜡染为饰，少数无花。川黔滇式分布在苗语川黔滇方言的滇、黔、川、桂四省，妇女服装的基本款式为大领对襟或大领左、右衽短衣，部分衣外有附属饰件，部分着外披，大多着百褶多截中长裙，前系裙围，后垂飘带；多数地区为盘发或挽髻后，外包头巾，个别地区大量掺假发或麻后挽成大盘，不缠头巾。海南苗族妇女着对襟半长青布衣，一般仅颈部及胸前各钉一颗纽扣，下穿蜡染短裙，长与衣齐，穿时，裙在内，衣在外；天冷时，缠青色绑腿。银饰是苗族服饰的主要装饰品，苗族群众都喜爱银饰，各个支系的苗族妇女盛装时都佩戴多种银饰。

苗族饮食习俗自有其特点。黔东南、湘西、海南岛和广西融水的苗族，主食为大米，也有玉米、红薯、小米等杂粮；黔西北、川南、滇东北的苗族，则以玉米、土豆、荞子、燕麦等为主食。副食种类很多，肉类有自家养的家畜、家禽和鱼类，蔬菜有豆类、菜类、瓜类，此外还采集野菜和从事渔猎等以补充。酸辣二味是苗族生活中不可缺少之物。过去，由于山区缺少食盐，因此很多苗族人民终年淡食，只能以酸辣调味，日久形成习惯。苗族人尤其喜欢吃酸，几乎家家户户都自制酸汤、酸菜、酸辣，腌制鱼肉，苗家的酸汤鱼肉嫩汤鲜，清香可口，闻名遐迩。苗族喜饮酒。平时劳作之余，喝一点酒，舒筋活血，消除疲劳；亲友来访，逢年过节，红白喜事，必以酒待客，久之形成了一套喝酒的传统习俗和礼仪，很多地方的苗族宴饮和敬酒时，还有唱酒歌的习俗。湘、桂、黔交界地区的苗族还流行喝油茶，它不仅是苗家待客时必备的饮食佳品，而且还是平时饭前饭后的一种特制饮料，有些地方甚至以油茶当中饭吃。湘西、黔东北和重庆南部则将炒米茶作为过年节时饮用和招待亲友贵宾的高档饮料。

苗族一般聚族而居，村寨周围茂林修竹，风景幽美。村寨大多设有寨门，寨内种植有常青的保寨树。苗族地区盛产木材，因而房屋大多为木结构建筑，以瓦或杉木皮、茅草等盖屋顶。黔中或黔西地区也有用薄石板盖屋顶的。房屋的形式，各地不尽相同，居住在山麓、河边或平坝的苗族住房有平房和楼房两种，居住于山区的苗族住房多为“吊脚楼”。建筑在山区的吊脚楼，是在有二三层阶梯的坡地上，利用山坡的自然地势于下方竖立较长的木柱，而上方则竖立较短的木柱来支撑，上铺楼板，盖房屋。吊脚楼下不住人，一般是堆放杂物或关养家畜。海南岛和云南昭通地区的苗族，则住长方形的茅草房或十分简陋的“杈杈房”,是以树干交叉搭棚，上盖茅草，以树枝或竹片编墙，涂以稀泥，以此来挡风避雨。随着社会的发展，苗族地区的民居建筑发生了很大变化。特别是改革开放后，苗族民居建筑更是焕然一新，“杈杈房”早已成为历史，土木、砖木、砖混结构的房屋比比皆是。

苗族讲究礼节，各种场合都是长幼有序、大小有别。过去苗族家庭用餐一般是男的先吃，女的后吃，有时母亲可以与丈夫和儿子同桌进餐，但女儿和儿媳总是后吃。若家里来了客人，用餐时男客由男的陪同进餐，女客由女的陪食。若老幼同桌吃饭，上坐老人，其余则分坐。老、幼或主、客同在火坑边烤火叙谈时，靠近中柱的那一方习惯让长辈、老人或客人坐。家人出门，夫妻同路,男前女后，且要保持一定的距离。父子同行，20岁以下的儿子必须走在父亲的后面，否则会被认为不懂礼貌。母子同行，儿子可以领先，年迈的母亲则跟在后面；兄弟或姊妹同行，兄或姊一般照例先行，如弟弟或妹妹年幼，则须让他们走在前面，以示对他们的爱护。

苗族的岁时节日文化丰富多彩。由于居住分散，各地苗族过的节日也不尽相同。

黔东南部分地区和广西融水县盛行过“苗年”，在农历九、十、十一月的卯（兔）日或丑（牛）日举行，要准备丰盛的食品，还要供祭祖先，接着休息5至10天，并举行各种盛大的娱乐活动，有踩鼓、跳芦笙、赛马、斗牛、斗鸟、“游方”等活动。

“四月八”是苗族一个隆重的传统节日，流行地区较广，但各地的意义不同。贵阳等地，是为了纪念战死的先辈英雄亚努。每逢农历四月初八日，贵阳附近几县的苗族，都穿上盛装来到贵阳市喷水池附近，吹笙奏笛，对歌谈心，纪念传说中的英雄。湘西苗族四月八节日的起源与贵阳的相似。黄平苗族的四月八是在城东的飞云洞举行，每年的这一天，附近的苗族不分男女老少,都在这里游乐一天。城步苗族的四月八称为“乌饭节”,传说是为纪念祖先而兴起的。

“跳花节”是苗族地区一个民族情趣浓厚的传统节日，主要是苗族男女青年交友求偶和群众性社交娱乐的节日。“跳花”又名“跳月”、“踩花山”、“扎山”等，各地无统一日期，但大多是农历正月或春天。节日期间，许多地方都设有“花场”，场中插一根“花杆”，开场那天要举行跳芦笙、爬花杆、斗牛、赛马、耍刀等活动。期间青年未婚男女进行“游方”活动，跳舞对歌，选择意中人，谈情说爱；老人们则会老友交新友，摆叙家常。

不少苗族地区还盛行以跳芦笙为名的芦笙节，具体日期各地不一，但内容大同小异，规模盛大。节日来临，在宽敞的芦笙场，往往聚集十几支甚至数十支芦笙队伍，芦笙由青壮年男子吹奏，另有身着盛装的苗族姑娘数十人跳芦笙踩堂舞。届时，人们从四面八方涌来，观众最多时达数万人，蔚为壮观。跳芦笙的同时，还进行赛马、斗牛、斗鸟、“游方”等活动。

此外，各个地区还有龙船节、花山节（五月初五）、吃新节（农历六七月间稻谷成熟时）、清明节、赶秋节（立秋）等等。苗族的这些传统节日带有浓厚的娱乐性和强烈的社交性，它在延续和传承民族文化的同时，也使苗族群众疲惫的身心有了放松和休憩的机会，因而得到苗族群众的喜爱。

苗族一般是一夫一妻制的小家庭,儿子结婚生育后即自立门户,家庭成员一般不超过三代。有些人家要等所有兄弟都结婚后才开始分居。年老父母一般由幼子供养。云南部分地区要父母死后才分居。在小家庭中，夫妻的地位基本平等，丈夫比较尊重妻子的意见和要求，家庭比较和睦。

苗族的婚姻严禁同宗族者婚配，一般是异姓通婚，同姓不同宗有的也可通婚。婚姻缔结的主要形式是自主婚姻，过去也有父母包办的,但婚前青年男女都有比较自由的恋爱活动，多在节日或农闲时举行，在村寨附近有固定的地点，由本寨姑娘与外寨男青年在此对歌，双方有意后则互赠礼品作为定情的信物。这种传统的青年男女之间的社交活动，在黔东南称为“游方”（又称“摇马郎”），广西融水称“坐妹”或“坐寨”，湘西及贵州松桃叫“会姑娘”，黔西北则称“踩月亮”。即使在歌场上结交了，结婚一般也都要征得父母的同意。云南楚雄一带苗族，几十年前，还有“姑娘房”制度，即在村寨里专设两幢公房，供未婚青年男女分别住宿，他们在此唱歌娱乐，乘机择偶。同时还存在“抢姑娘”的习惯，抢来的姑娘如不同意，仍可回家，如同意结婚，则大办酒席。湘西和贵州苗族还有“还姑娘”（又称“还种”）的习俗，即舅家有优先娶外甥女作媳妇的权利，即使舅家无子，外甥女出嫁，也必须征得舅舅的同意，并要向舅家送一笔“外甥钱”。有的地方还保留亡夫兄弟可娶寡嫂或弟媳的习惯叫作“转房”。新中国成立后，政府推行新的婚姻制度，“抢姑娘”、“还姑娘”、“转房”等习俗已逐步消失。

苗族婚姻的缔结过程非常复杂，婚礼仪式也极为复杂。毕节地区和云南屏边等地，结婚一般都是新娘步行到夫家，不拜堂。但湘西地区是坐轿，威宁地区是坐轿或骑马。宣恩新娘到夫家时，必须从侧门进入洞房，并由陪伴的未婚姑娘端盘请新娘新郎喝“交杯酒”。贵州黔东南的一些地区，夫家要准备一对熟鲤鱼给新娘“掐鱼祭祖”，表示她已成为夫家的成员。湖南、湖北、川东、贵州松桃、天柱和晴隆的部分苗族中，新娘出嫁以后就长住夫家。其他地区苗族还盛行“不落夫家”,即新妇结婚后就返回娘家，要待二三年或数年后才到夫家长住。

过去，苗族的丧葬形式比较复杂，有树葬、悬棺葬、岩洞葬、火葬和土葬。树葬即是人死后用树皮包裹起来挂在树上，贵州剑河县摆久乡苗族就曾采用这种葬俗，直到20世纪50年代才逐渐消失。惠水、罗甸、望谟等地少数苗族的悬棺葬俗沿袭至20世纪30年代。土葬已成为苗族现今采用的主要葬式。现代各地苗族成年人正常死亡后举办丧葬形式和过程，已经渐趋一致，只是在细节上有所差别。

苗族的民间口头文学非常发达，其数量浩繁，内容丰富，形式多样，艺术精湛，包括古歌、传说、民间故事、歌谣、叙事诗、谚语格言等样式。民间叙事诗中有反映婚姻爱情的诗如《仰啊莎》、《娥娇与金丹》等，有反映阶级斗争的诗如《告刚》等。其中以古歌中的《开天辟地歌》、《枫木歌》等最为有名。这些民间文学绝大部分都以诗歌的形式来记。它们通俗易懂，一般是五言体或七言体，大多只讲调而不押韵，篇幅长短不拘，有的只有几行，有的却长达15000行。短的一般属于抒情，长的一般用于叙事。苗歌一般曲调简单，变化不大，节奏也不太严格，适合吟唱。在保持用音度的情况下，常常随歌唱者的气量，可长可短。黔东南施洞口一带的“飞歌”（确切的意译应是“高歌”，即“高声唱歌”。）常为二人或四人的齐唱，高亢嘹亮，豪迈奔放，曲调明快，有强烈的感染力。

苗族音乐，丰富多彩。有民歌曲调、芦笙曲调、唢呐曲调和策琴曲调，其中最普遍的是民歌曲调和芦笙曲调，而芦笙曲调是苗族音乐中最有代表性的曲调。芦笙是流行于各苗族地区的著名乐器，由六支竹管组合而成，大的长至一二丈，小的只有八九寸，各地芦笙在构造和音调上有着显著的差别。除芦笙外，还有唢呐、莽筒、箫、笛、唢呐、鼓、锣、琴等。很多地区的苗族青年还擅长吹木叶。苗族的舞蹈起源很早。芦笙舞是苗族最有代表性传统节目，其特点是大的队形主要有两排一字形和圆形两种。由数十名青年男子在前吹笙引导，数十名至百余青年女子踏着芦笙节拍跟随于后，进三步退一步，围绕场地循序而进。此外，湘西和贵州松桃一带的苗族鼓舞，流行于贵州黄平、施秉、凯里、贞丰、安龙等县苗族中的板凳舞，贵州丹寨县苗族的“锦鸡舞”，黔东南和黔南地区苗族的铜鼓舞，川南苗族的跳坛舞，湖北宣恩的摆手舞和茶盘舞等，各有独特的风格，为当地苗族群众喜爱。

苗族的挑花、刺绣、织锦、蜡染、银饰等民间工艺瑰丽多彩。用蜡刀蘸蜡在白布上画好图案花纹后，浸入染缸染色，然后用水煮沸，脱去黄蜡现出蓝底白纹图案的蜡染工艺，已有上千年左右的历史，在苗族民间流传甚广。中华人民共和国成立后，已发展到能染彩色图案。目前，蜡染工艺又得到了一定程度的改进，花色品种更加丰富多彩，远销海内外，成为贵州等苗族地区重点开发的民族旅游工艺品。

苗族很早就有自己的宗教信仰。经过长期的历史发展，不同地区苗族的宗教信仰有所不同。有的苗族地区由于交通闭塞，苗族信仰原始宗教；有些地区苗族群众与汉族群众长期相处，受汉族的宗教信仰的影响，特别是道教和佛教（苗民通称为“客教”）的影响，兼信仰汉族的宗教；还有少数苗族地区，如威宁、石门坎和湘西沅陵等地在近代由于受外国传教士的影响，有改信天主教和基督教的。但总的来看，多数苗族群众信仰的仍是本民族长期形成的原始宗教，它包括自然崇拜、图腾崇拜、鬼神崇拜、祖先崇拜。

苗族的主要自然崇拜对象有天、地、日、月、巨石、大树、竹、山岩、桥等。在云南的金平麻栗坡等地的一些苗族中，每当农作物抽穗时都要祭“天公地母”，祈求天地使农作物丰收，这是苗族崇拜天、地的遗迹。

苗族先民有自己崇拜的图腾。由于苗族支系繁多、分布广，他们崇拜的图腾有多种。如枫木、蝴蝶、神犬（盘瓠）、龙、鸟、鹰、竹等。黔东南地区的苗族先民把枫木作为图腾进行崇拜，认为自己的祖先源于枫木；另外他们还把蝴蝶作为图腾，认为其祖先姜央是“蝴蝶妈妈”所生。湘、鄂、川、黔交界地区的苗族先民还以盘瓠为图腾，至今这一带还保留了不少盘瓠庙、辛女宫。而贵州西部苗族则以鸡为图腾。

时至今日，苗族中还十分盛行祖先崇拜。黔东南地区的苗族从最早崇敬枫木、蝴蝶转为崇敬人类的始祖姜央，认为他是苗族的祖先，每个鼓社都设“鼓石窟”，供奉“央公”、“央婆”；湘西苗族崇拜的始祖是“落公”、“螺母”。为了祈求祖先神灵的庇佑，各地都有规模较大的杀牛祭祖活动，如黔东南的鼓社节，铜仁、松桃叫“吃牛”或“椎牛”，黔西南和安顺、镇宁等地叫“砍牛”。湘西有“还落愿”，祭祀“落公”、“螺母”。每逢节日，苗族群众也都要举行祭祖仪式。许多苗族地区，家家堂屋正中都供有祖宗牌位，平时天天祭祀。"
彝族	"彝族人口8714393人(2010年)，主要分布在滇、川、黔、桂四省（区）。其中云南有405万人，以楚雄彝族自治州、红河哈尼族彝族自治州及峨山、宁蒗、石林等县较为集中。四川212万人，其中，凉山彝族自治州是全国最大的彝族聚居区，约有181万人，马边、峨边两个彝族自治县，约有10万人。贵州约有彝族70万人，主要聚居于毕节地区、六盘水市和安顺地区。广西壮族自治区7000多人，聚居在隆林、那坡两县。其余分散在全国各地。

彝族分布在我国西南高原与东南沿海丘陵之间，境内地貌主要为高山与深谷，地形和气候条件十分复杂。既有海拔3000米以上的高寒山区，如滇东、黔西乌蒙山两麓和四川大凉山的部分地区，气候寒冷，宜于放牧和兼营高山农业；有海拔1000米至2500米左右的山区和半山区，如小凉山、哀牢山、无量山一带，是亚热带季风气候区；也有海拔1000米以下的丘陵和河谷地区，如金沙江、元江谷地等，气候炎热，干旱少雨。

彝族地区水电、矿产资源丰富，农业、牧业、林业各具特色。装机容量分别为1260万千瓦、360万千瓦、180万千瓦的溪洛渡、锦屏一级、官地等大型水电站已正式开工建设。稀土、铅、锌、铜、铁等矿产资源储藏量大、品位高。由于各地自然条件的差异，农产品的种类十分丰富。楚雄州的粮食作物以水稻、玉米为主，大豆、薯类次之；小春作物有小麦、蚕豆。经济作物有烤烟、棉花、花生等；红河州的亚热带水果香蕉、菠萝、芒果、荔枝等享誉国内外。凉山州粮食作物以土豆、玉米、水稻为主，荞麦、燕麦次之；经济作物有苹果、烤烟、石榴、甘蔗、蚕桑等。此外，还盛产天麻、杜仲等中药材。彝族地区草山草坡资源丰盛，有许多天然牧场适于畜牧。饲养的牲畜以牛、羊、马、猪为主。优良品种“黑山羊”、“建昌马”、“德昌牛”、“小耳猪”等享有盛名。

西南彝族地区有着丰富的林业资源，生长着大量的马尾松、云南松、飞松、麻粟、桦木、桉树、樟树、油桐等，生物多样性丰富。楚雄州境内森林面积达1000多万亩，森林蓄积量为4562万立方米。红河州、凉山州与贵州毕节、威宁彝区亦是著名的“绿色宝库”。在深山密林中栖息着虎、叶猴、金丝猴、熊猫、长臂猿等国家一类保护动物，此外，还有熊、岩羊、孔雀等异兽珍禽。

新中国成立前，由于地区和方言不同，彝族支系繁多，有许多不同的他称和自称，主要的他称有“夷”、“黑彝”、“白彝”、“红彝”、“甘彝”、“花腰”、“密岔”等。主要的自称中，云南昭通、武定、禄劝、弥勒、石屏，四川大、小凉山的彝族自称“诺苏”、“纳苏”、“聂苏”，这部分彝族约占总人口的1/2。云南哀牢山、无量山及开远、文山、马关一带的彝族自称“密撒（泼）”、“腊苏（泼）”、“濮拉泼”、“尼濮”等。贵州的彝族自称“糯苏”、“纳”、“诺”、“聂”等。新中国成立后，经过民族识别，按照广大彝族人民的共同意愿，以鼎彝之“彝”作为统一的民族名称。

彝语属汉藏语系藏缅语族彝语支，有北部、东部、南部、东南部、西部、中部6种方言，其中包括5个次方言，25个土语。北部方言分布在四川和云南宁蒗等县，东部方言分布在贵州和云南东北部，南部方言分布在云南和广西，其余3个方言分布在云南。彝族文字为表意文字，又称音节文字，史书中称“爨文”、“韪书”，或“罗罗文”、“倮文”，通称老彝文。该文字大约形成于13世纪，据估计，现存的老彝文大约有一万多个字，经常使用的有一千多个。每个字形代表一个意义，没有偏旁和部首，同一字形有多种不同的书写格式，主要为由左向右直书或横书。贵州大方县发现的明代铜钟，铸于明成化二十一年（1485年），钟面刻写的彝文是现存最早的彝文铭文。许多彝族地区都保留着用老彝文抄写的书籍，如《勒俄特依》、《玛穆特依》、《阿姆尼惹》、《齐书苏》等。这些书籍可分为九类，即祭祀经文、占卜、历法、谱牒、诗文、伦理、历史、神话、译著，老彝文中大量使用同音假借字，由于彝语有六个方言，各地方言差异较大，代音的文字也因地各异，老彝文的字形、读音均不统一。为使彝文能更好地为广大群众服务，1975年，四川凉山彝族自治州以喜德语音为标准音，以“圣乍”话为基础方言，制订了四川《彝文规范试行方案》，确定了819个规范文字，并设计出“彝语拼音符号”，便于注音学习。1980年国务院批准该方案。目前，已在四川彝族地区推广使用。

【历史沿革】

彝族的来源众说纷纭，主要有北来说、南来说、东来说和云南土著说等，学术界比较一致的看法是北来说。据汉文和彝文历史资料记载，彝族先民与分布于我国西部的古羌人有着密切的关系，彝族主要源自古羌人。在公元前2世纪至公元初期，彝族先民活动的中心大约在滇池、邛都（今四川西昌东南）两个区域。在这些地区居住着称为“邛都”、“昆明”、“劳浸”“靡莫”和“滇”等从事农业或游牧的部落。根据彝族的历史传说，其祖先在远古时代居住在“邛之卤”，后来才南下到“诺以”、“曲以”两水沿岸（即金沙江和安宁河流域）。大约在公元3世纪以后，彝族的先民已经从安宁河流域、金沙江两岸、云南滇池、哀牢山等地逐渐扩展到滇东北、滇南、黔西北及广西西北部。由于彝族先民定居西南后，曾不断与其他民族融合，如古代南方的濮人后裔就有许多成为了今天的彝族。贵州古彝文典籍《西南彝志》中就有许多关于“濮变彝”的记载。同时，古代彝族居住的地区，又分布着彝语支的其他许多部落。因此，彝族在历史上的名称十分复杂。

大约在2000多年前，彝族先民已经过渡到父系氏族社会。据彝文典籍记载，彝族的祖先“仲牟由”有6个儿子，这6个儿子就是彝族尊称的“六祖”。“六祖”为武、乍、布、默、糯、恒六个支系的祖先。根据贵州彝族水西土司安氏世传的父子连名谱系，自仲牟由至清康熙三年（1664年）的水西土司安坤，历传85代，由此上溯，“仲牟由”约为战国初期人。六祖分支标志着彝族先民由氏族、部落走向部落联盟阶段。大约在公元前二、三世纪，居住在云南滇池周围的彝族先民已开始进入阶级社会。汉初，在滇池地区（原“滇国”领域）设益州郡，彝族先民为“滇王”所统治。公元8世纪，在云南哀牢山北部和洱海地区出现了六个地方政权，史称“六诏”（六王）。其中“蒙舍诏”的首领皮罗阁在783年统一“六诏”，建立了以彝族为主体，包括白、纳西等族在内的“南诏”奴隶制政权，并由唐朝册封为“云南王”。同一时期，在贵州彝族地区也出现了“罗甸”等政权，总称为“罗氏鬼主”。公元937年，封建制的“大理政权”取代了由于奴隶和农民起义而崩溃的“南诏”，从此，云南彝区开始走向封建制。13世纪后，“大理”、“罗甸”相继被元朝征服，并在这些地区设置路、府、州、县和宣慰司。元末，云南许多彝族地区封建地主经济迅速发展，但在一些地区领主经济和奴隶制残余仍然不同程度的存在。明代，在彝族地区兼设流官、土流兼治和土官三种官职，对彝族地区的经济发展起了十分显著的促进作用。清代实行“改土归流”，加强了对彝族地区的直接统治，从而使大多数彝族地区的领主经济解体，封建地主经济进一步发展。

1840年鸦片战争后，中国逐渐沦为半封建半殖民地社会，广大的彝族人民也深受苦难，鸦片在彝区大肆泛滥。凉山彝族奴隶主利用鸦片换得大批枪支、白银，有了枪支，他们又进一步向四周扩展势力，掳掠各族人民为奴隶。由于有了枪支，彝族内部的冤家械斗日益频繁，使广大彝族陷入水深火热之中，许多彝族被迫背井离乡，向安宁河以西至丽江地区迁移。

为反抗剥削压迫，彝族人民在历史上进行过多次英勇抗争。特别是近代，彝族人民的反抗斗争汇入了全国各族人民的反帝反封建斗争的洪流。清咸丰年间哀牢山彝族李文学领导的起义声势浩大，影响深远，坚持斗争达23年之久（1853——1876年）。19世纪末，金平、元阳等地彝族、哈尼族人民曾多次联合反抗入侵我国边疆地区的法国侵略者。滇南的彝、汉各族人民，曾多次反对法国侵略者修筑滇越铁路。光绪二十五年（1899年）蒙自爆发了彝民杨自元带头火烧法国“海关”的事件。辛亥革命和护国运动中，许多彝族志士参加了推翻帝制的斗争。1913年至1916年间，在凉山州的冕宁、越雟一带爆发了彝族人民反抗奴隶制度的大起义。由于起义的高潮在1914年，这一年为彝历的虎年（彝语称虎为拉，称年为库），故史称“拉库起义”。

新民主主义革命时期，彝族人民在中国共产党的领导下，积极投入了新的革命斗争。1927年，蒙自县五六百汉、彝族人民，在党的领导下，提出了土地革命的口号，并在山区建立了苏维埃政权。1935年至1936年，红军一、二方面军两次经过彝区，在滇东北、滇北和凉山彝区宣传民族政策，受到广大彝族人民的拥护，许多彝族优秀儿女参加了红军。在冕宁，红军打开了监狱，放出了“坐质换班”的彝民。冕宁拖乌彝族果基家头人小叶丹在党的民族政策感召下，与红军总参谋长刘伯承按照彝族的传统习俗在冕宁彝海结盟，使得红军顺利通过了彝区，取得了抢渡大渡河、飞夺泸定桥的胜利。刘伯承还将“中国夷民红军沽鸡（即果基）支队”的红旗授予小叶丹，鼓励他们组织游击队反抗国民党统治。红军播下的革命火种在彝区广泛传播，人们怀着对红军的敬意和思念，珍藏着红军留下的红旗、用过的物品，许多彝族还将这一年出生的儿女用红军来命名，如“红军惹”、“红军嫫”。在解放战争中，路南圭山和弥勒西山彝族在党的领导下，建立了游击武装和革命根据地，同国民党军队进行了英勇的斗争。滇南、滇东北、滇西和凉山等地的彝族与其它民族人民也建立了游击队，为配合中国人民解放军顺利进军，解放上述地区作出了贡献，许多彝族人民的优秀儿女在革命斗争中献出了宝贵的生命。

新中国成立前，由于彝族居住分散，社会发展极不平衡，各彝族地区存在不同的社会组织与政治制度。

云南省武定、禄劝两县的北部和红河南岸某些土司地区，在20世纪上半叶还保留着封建领主制经济残余，建立在这种经济基础之上的社会政治制度是土司制。清代中叶以前，土司势力尚强，当地的土地、山林等尽归土司所有，群众隶属于各土司。近百年来，土司势力逐渐衰落，新中国成立前夕，领主制经济形态已残缺破碎。虽然土司使用各种办法防止土地外流，但许多“官田”还是通过各种方式转到百姓手中。同时，百姓自开的“私田”也越来越多，无法控制。到解放前夕，武定、禄劝的土司区内，百姓的私田已占整个田地的一半左右；红河南岸的土司区，也有部分田地转到百姓手中，有的还取得了土地所有权。黔西北与滇东北一带，新中国成立前尚有许多小领主的残余势力存在。这些小领主是“改土归流”残存的土目，威宁、毕节、赫章等地土目较多，势力也较大；大方、黔西、水城、织金、纳雍等县土目不多，势力较弱。虽然土司和土目地区都存在封建领主经济的残余，但两者之间以至各地区之间，在残存的程度上和表现的形式上都有一定的差异和特点。总体来讲，在上述土司、土目统治地区，封建领主的剥削以实物地租为主，包括地租、官租、杂派、押金等等，剥削量约占佃农农业总收入的30-60%，其中还不包括劳役地租在内。民国以后，国民党政府在1934年至1935年间，先后在这一地区推行保甲制，其政治组织与汉族地区基本相同。

这一时期，滇、黔、桂广大彝族地区及四川的部分彝族地区渐渐进入了以封建地主制经济形态为主导的社会。但是，由于生产资料的占有和阶级关系的结构不同，各地还存在着一些差异。云南的大部分、贵州的部分和广西全部彝族地区，封建地主经济已成为该社会的主要经济形态。土地抵押、典当，特别是买卖关系盛行，导致了激烈的土地兼并与阶级分化。作为主要生产资料的土地，地主每人平均占有的数量约为贫农每人平均占有数量的7倍以上。地主、富农占有的牛、马、驴、骡等大牲畜较多，各种农具齐全，而贫苦农民的大牲畜很少，农具也残缺不全。这类彝族地区的地主阶级约占当地总农户数的5%左右，贫雇农户约为60-80%。一些彝族地主不仅压迫剥削本民族的农民，而且也压迫剥削其他各族人民。与此同时，许多彝族农民除受到本民族的地主阶级剥削外，也遭受到汉族地主的统治和剥削。但在某些贫困山区，土地集中程度较低，自耕农民占绝大多数。如云南弥勒县第三乡，土地改革时约有村民530户左右，其中彝族占80%以上，整个乡没有一户地主、富农，绝大多数为自耕农民。

在四川部分彝族地区，已进入封建地主制经济阶段的地区主要在今凉山州安宁河两岸、川滇大道附近，以及雷波、马边、峨边、叙永、古蔺等县靠近汉族地区的地方。上述地区有两种情况：安宁河两岸、川滇大道附近及雷波、马边、峨边的边缘区，基本上是从奴隶制经济解体的条件下直接发展到封建地主制经济的；屏山、叙永、古蔺等县则是“改土归流”后在封建领主制经济解体的基础上，向封建地主制经济过渡的。在由奴隶制直接发展为封建地主制的地区，虽然社会的主导生产方式已是封建制经济，但由于它脱胎于奴隶社会，故奴隶制的残余与影响还相当顽固地保留着。

处于封建地主经济的彝族地区，近百年来也有资本主义因素的萌芽。19世纪末叶以来，在滇越铁路及其支线沿线，由于社会生产力的发展，已出现若干资本主义性质的企业，一些企业由彝族经营。1878年前后，个旧锡矿区有大小彝族资本家20余人。最小的企业拥有工人40多人，大的拥有四五百人，最大的竟达千余人之多。民国以后，在滇东北彝族统治阶级中逐渐形成一个军阀官僚集团，并在1927年起直到新中国建立前取得了云南的统治权。其中一部分人建立或控制了一些工商业机构与企业，逐步走上发展资本主义的道路。如他们控制了云南的金融机构——富滇银行，还在个旧及滇北先后建立了个旧锡公司、云南炼锡公司、云南矿务公司及滇北矿务局等工矿企业。除了上述“官商”企业外，他们还以集股或个人名义开办了一些私人的企业。仅在昭通一带，就有“昭通民众实业股份有限公司”和“福鹤公”、“永达”、“庆丰祥”、“同协庆”、“裕通”等十几家商号，主要从事棉纱、油脂、山货、药材的买卖，也进行黄金、白银、枪支的贩卖，并开设了一些银行、钱庄和店铺，垄断了滇东北及黔西北和凉山部分地区的工商业。此外，他们还在昆明、上海及香港等地开办企业、银行或设立办事机构。

凉山彝族地区，还处在等级森严的奴隶制社会。奴隶主和奴隶及一般劳动生产者之间的阶级关系，是通过森严的等级形式表现出来的。全体社会成员按生产资料占有和严格的等级和血缘关系划为“兹莫”、“诺合”、“曲诺”、“阿加”、“呷西”5个等级。“兹莫”，彝语为“权利”之意，汉语称为“土司”，历史上曾是整个凉山彝区的最高统治等级，后来逐渐衰弱，统治区日益缩小。“兹莫”在大部分地区的统治权被“诺合”等级所取代。“诺合”，意为“群体”，是主人、主体、黑色的意思，汉语称之为“黑彝”，是凉山彝族社会事实上的最高统治等级，约占当地彝族人口的7%，享有各种政治经济特权，是生产资料、土地和“阿加”、“呷西”的主要占有者，与其他等级有不可逾越的鸿沟。曲诺”，为白色之意，汉称“白彝”，是被统治者中的最高等级，介于黑彝与“阿加”、“呷西”之间，占人口的50%左右，人身隶属于黑彝奴隶主，住在主子辖区，不得随意迁徙，每年要为主子服一定的无偿劳役。他们一般占有部分土地和生产、生活资料，少数富裕“曲诺”也占有部分“阿加”、“呷西”。“阿加”意为“门里门外的手足”，汉称“安家娃子”，占总人口的33%左右，无迁徙自由，全年绝大部分时间为主子服无偿劳役，主子可以整户的或单个的出卖“阿加”。“阿加”的子女可以全部或部分地被主子抽作“呷西”，一般有着极少量的土地及其它生产、生活资料。“呷西”意为“主子锅庄旁边的手足”，汉称“锅庄娃子”，是被统治者中的最低等级，约占人口总数的10%左右，他们一无所有，毫无人身自由，可以被主子任意买卖和虐杀。主子为其配婚成家后即可成为“阿加”。所有被统治等级成员，皆被统治者称为“节伙”。“节伙”有被统治者的含义，过去被汉族称为“娃子”。

凉山彝族地区，没有统一的政权组织，除少数兹莫（土司）统治区外，诺合家支的统治起着政权组织的作用。家支具有原始氏族组织的特征，彝语称为“楚西”或“楚加”，是以父系血缘为基础、由父子联名的谱系为纽带而联结起来的组织，每一家支有其共同的祖先和姓氏。凉山家支林立，诺合家支约100个左右，各诺合家支有较稳定的地域，家支间互不统属。家支没有常设的管理机构，但每个家支都有数目不等的头人，称为“苏易”和“德古”，他们阅历丰富，精通彝族习惯法，善于排解纠纷，受人尊重。家支内部的重大事情由“集尔集铁”和“蒙格”决定。在彝语中前者意为“商议”；后者意为“大会”。“集尔集铁”即头人会议，主要商量家支内部问题，也可商量家支间的一些问题。“蒙格”即家支成员大会，是家支成员参加的重大会议，主要讨论本家支成员被杀或同外家支冤家械斗等重大事件。凉山彝族的家支虽然互不统属，但各家支所遵循的习惯法，其内容基本一致，家支头人在行使职权时，并无成文法律，其唯一依据就是按习惯法办事。正如彝谚所说“祖上留下的规矩，诺合的儿孙要遵守，曲诺的儿孙也要服从”。习惯法彝语称“节威”，含有“规矩”、“制度”的意思。在当时森严的等级制度下，习惯法的主要职能是：维护兹莫、诺合贵族奴隶主的神圣地位，保护兹莫、诺合奴隶主的特权。对违者，家支要依照习惯法予以惩处。如为了维护统治等级的血统“纯洁性”，统治等级与被统治等级之间严禁通婚及婚外性关系，对违犯者不仅要开除家支，甚至还要处以死刑。保护兹莫、诺合的财产所有权不受侵犯，同时允许和保护他们到外地去掳掠奴隶和财物。但是习惯法限制诺合对本家支成员财物的掳掠与盗窃，对违者处罚相当严厉，被统治等级如盗窃统治等级的财物，严重者会被处以死刑。维护兹莫、诺合对被等级的统治，允许对反抗者进行镇压。习惯法规定，凡反抗主子的，轻者则被毒打，重则被出卖或处死。维护本家支的利益，视不同情况与其它家支联合或斗争。习惯法规定，各家支必须维护本家支的利益，并可为本家支的利益进行斗争，这种家支间的，有时甚至是家支内部的斗争，就是习惯上称的冤家械斗，其实质就是奴隶主之间争夺利益的战争。在凉山彝族奴隶社会里，家支林立，冤家众多，械斗频繁，造成了重大的人员伤亡和财产损失，阻碍了社会的发展。

【风俗文化】

在漫长的历史长河中，彝族创造了光辉灿烂的民族文化，孕育了浓郁醇厚的民族风情。

彝族生产民俗的发展经过三个阶段：即采集渔猎阶段——农牧并重阶段——以农耕为主、畜牧为辅阶段。目前，绝大多数彝族地区都进入了第三个经济阶段。生产工具是创造物质文化的基础和条件，彝族以农业生产为主，主要铁制农具有犁、铧、秧斧、条锄、板锄、镰刀、砍刀等，分别用于开荒、砍伐、耕地、耙田、挖田、收割等。木制农具有木犁、牛轭、连枷、柴架、背板等。竹质农具有箩筐、簸箕、背篮，用于选种、积肥等。新中国成立以来农具不断更新，农民已用上了新式山地犁、拖拉机、打谷机、喷雾器等。狩猎工具主要有弓箭、矛、撵网、扣厩、绊绳、火枪等。飞石索是彝族传统的远距离狩猎工具，系用竹皮或麻绳织的敞口网兜。沿边系着3条约1米长的绳索，使用时把3条绳合束，网兜中放置若干石块，然后旋转几周，便可将网里的石头抛出四五十米击中野物。彝族妇女均自织麻布，纺麻线多用纺轮，也有纺车，纺车与汉区纺车相似。

彝族支系繁多，居住分散，自然环境复杂，社会经济发展不平衡，其服饰在质地、款式、纹式等方面形成了明显的地域特征。大体可根据凉山、乌蒙山、红河、滇东南、滇西、楚雄六个彝族聚居区分为六大类型。凉山彝族传统服饰，男女皆穿右衽大襟衣，披擦尔瓦、披毡、裹绑腿，平时跣足，冬天穿麻鞋。男子头缠中髻，不同次方言区的样式不同，左耳戴蜜腊珠、银耳环等饰物。男裤在北部方言区根据不同的次方言有“大裤脚”、“中裤脚”、“小裤脚”之别。妇女着百褶裙、戴头帕，生育后，可戴帽或缠帕，喜佩耳饰、手饰，戴银领牌。传统衣料以自织自染的毛麻织品为主，传统色彩为黑、红、黄三色。图案纹饰多为鸡冠、羊角、火镰、蕨草、窗格等动植物和生活物品。乌蒙山彝族服饰男女均为青、蓝色大襟右衽长衫或短衫，长裤，缠黑色或白色头帕，系白色腰带，着绣花高钉“鹞子鞋”或“鹰头鞋”。男子服饰无花纹，披羊毛披毡，女子服饰领口、袖口、襟边、下摆均饰彩色花纹组合图案。红河地区彝族男子服饰多为对襟、短衣、长裤。妇女服饰款式多，既有长衫，也有中长衫和短装，大多外套坎肩，系围裙，头饰琳琅满目，尤喜以银泡、绒线做花为饰。图案以自然纹为多，几何纹次之。滇东南地区彝族女装款式为右襟或对襟上衣、长裤，个别地区着裙。男装为对襟衣，外套坎肩，着宽档裤。服饰工艺有挑花、刺绣、镶补、蜡染等。滇西地区彝族妇女多为前短后长的右大襟衣，下为长裤，系围腰，套坎肩。巍山、弥渡两县妇女佩戴羊毡裹背。男子着右大襟长衫、羊皮坎肩、宽裤脚、头包青帕。楚雄地区彝族女装为右大襟短衣和长裤，少数地区上着对襟衣，下着花裙。工艺以镶补、平绣为主，图案多为花卉。禄劝、寻甸等地妇女的盛装是古老的贯头衣，这种服饰前短后长，宽大无袖。男子服饰为对襟小褂，披羊皮褂，长裤，还保留有着火草布、麻布衣的习俗。

彝族人民在适应自然的过程中创造了富于特色的各式民居。凉山彝族民居为“瓦板房”；贵州和云南北部及中部是“土掌房”、“方型碉楼”、“垛木房”和“厦片房”；广西和云南东部则是“干栏式”住宅。彝族村寨一般聚族而居，多坐落在依山傍水、向阳避风、树木茂盛、土地肥沃、地形开阔、有利于耕牧和军事防御的山坡上。在高山多散居，半山和河谷地带多聚居。一个血缘家支聚居在一起，形成自然村落，小则几户，多则几十户，血缘较近的各支分散相邻。按彝族习俗，儿子结婚后需另外建房居住，父母随最小的儿子居住。“瓦板房”的建筑材料很简陋，大部分是山草、竹、木、砂土、块石等，用砖瓦甚少。河谷与高山地区略有区别。河谷地区多为土掌房，用泥土做墙、木材做板瓦，内部隔板都用木板，梁柱及椽子的连接全部用木榫。高山地区多用竹墙、板瓦，内部间隔亦用竹墙，梁柱、椽子多用竹材或竹木混合，多用竹篾、山藤绑扎，板瓦上用石块压实，地坪一般夯土。现在，彝族地区已普遍建砖瓦房，有的地方还建起了外观保持民族特色，内部装饰非常现代化的建筑。

彝族的饮食原料及食用方式有独特的风格。主食型食物为土豆、玉米、荞麦、大米等。副食型食物有肉食类、豆类、蔬菜类、调料类、饮料类。肉食类以牛、羊、猪、鸡为主，待客需杀牲，以杀牛为贵，羊、猪次之。豆类多为黄豆、胡豆、碗豆等，黄豆的一种食法彝族称为“都拉巴”，即将黄豆磨成浆，连糟加酸菜煮吃。调料类主要采集三种野生植物，一为“哈拉古”树叶，一为乔木“穆库”的根和花，一为草本植物“切批切克”的根。这三种植物均有奇特的香味。饮料类主要为酒，彝族待客以酒为主，彝族谚语说“汉人贵在茶，彝人贵在酒”、“有酒便是宴，无酒杀猪宰羊不成席”，说明对酒的重视。彝族的酒主要有坛坛酒（又称咂酒）、桶酒、水酒等。凉山彝族喜吸兰花烟，其它地区彝族喜吸叶子烟。许多彝族地区有饮茶的习惯，茶从汉区输入，但也有自种的，如贵州水城玉舍一带彝族就擅长种茶，饮前将茶放在一个小罐中烤香，而后再放水煮开食用，称为“烤茶”。

彝族婚姻的特点是同族内婚、家支外婚、等级内婚、姑舅表优先婚和姨表禁婚。这一特点在凉山彝族地区表现得最为突出，新中国成立前若异族通婚，按习惯法要处死或逐出家族。严禁家支内婚，同宗、同姓通婚视为乱伦，违者处以死刑。严格执行等级内婚，统治阶级的兹莫和诺合与被统治阶级的曲诺、阿加、呷西之间，禁止通婚，婚外性关系也在严禁之列，违者均要处死。曲诺和阿加不通婚，但限制没有前者严格，主要区别在于彝族后裔和非彝族后裔之间，如彝族曲诺与非彝族后裔通婚或发生性关系，一些地区会被处死，多数地区是以降低其等级作为处罚。彝族传统婚姻中有转房习俗，有生育能力的妇女丈夫去世后，子女又尚未成年，则须转嫁给死者的同胞兄弟或近亲叔侄。如彝族家中无子嗣，家支内部有权分配其财产，称为“吃绝业”。新中国成立后，同族内婚和等级内婚的限制已被打破，彝族青年男女以感情为基础自由恋爱，出现了跨族别婚、跨等级婚、跨国界婚。

一夫一妻制是彝族婚姻的基本形态。新中国成立前，由于各地彝族社会发展不平衡，同时也存在少数土司和诺合一夫多妻，一般家庭因转房或无嗣纳妾而造成的一夫多妻现象，极少数地区还保留有夫兄弟婚和妻姊妹婚残余。彝族家庭以父权为核心，在彝族家庭中，实行父子联名制和财产父系继承的原则，儿子婚后即另立门户，只有幼子婚后与父母同住。妇女在家庭中的地位十分低下，只有家政的支配权，没有参与财产分配的权利，也不能参加重要的社交活动。男子是一家之主，拥有家产决定权和子女婚姻决定权。新中国成立后，这一现象得到改变，妇女地位逐渐提高，男女平等的意识已深入到彝族家庭。

彝族的礼仪风俗文化丰富多彩。婴儿诞生是件大喜事，按照传统习俗要举行许多仪式。这些仪式主要有降生礼、出户礼、祝福礼、拜望礼等，以示庆贺。

少女成年，要举行成年仪式。彝族少女成年的换裙仪式，彝语称为“撒拉火”，意为脱去童年的裙子，换上成年的裙子，俗称“换童裙”，在少女13岁或15、17岁时举行。换裙前的女子梳单辫、穿耳线，着红、白两色两截裙，裙边镶有一粗一细两条黑边。换裙的具体时间由母亲掌握，要选择吉日佳期举行，这一天家里像过节一样喜气洋洋，富裕者要杀猪宰羊，大宴宾客，穷困者至少也要杀鸡买酒，招待邻居。换裙仪式只邀女性参加，不允许任何男子在场。仪式的主持人是村里被认为是无灾无祸、人财两旺的老年妇女，彝语称她为“衣者衣莫”。

彝族的婚礼保留了许多古老的习俗，如泼水、抹黑脸、哭嫁、新娘婚前禁食、婚后“坐家”等。彝族男女婚前要举行订婚仪式，订婚时要先取吉兆合婚,男女双方各杀一头猪,取胆、胰观看，以胆色澄黄、胰大直肥为吉，若胰脏卷曲则为凶，表示不能相配。婚期根据双方出生年月的属相选定，一般都在每年的农历十一月以后到次年二月这段秋收后的黄金季节举行，最佳日子是在有六颗星与月亮成一平行线的时候，彝族称为“他波”。最佳婚龄是17、19岁。女子如果过了17岁还未出嫁，则要再举行一次成年礼。

大部分地区彝族实行土葬，凉山彝族实行火葬，葬后，就地挖土、石盖严，或将骨灰装入袋，用马驮藏于岩穴。此后，要为死者举行“安灵”仪式，用一寸左右的竹子，外包白羊毛，缠红线，装进长五寸、挖有槽的木棒内，再用麻皮缠，削尖木棒两端，挂在一块竹篾笆上，灵牌便做成了，彝语称为“马都”。“马都”置于室内梁下上方神位上。神位是家中最神圣的地方，不许玷污。父母的“马都”一般供奉在幼子家中，逢年过节，家人都要祭献酒肉，以表示对死者的精神寄托。待父母双亡三年以后，要择日举行隆重的送灵仪式，将“马都”送至人迹罕到的山洞安放。滇、黔、桂地区的彝族受汉族葬俗影响较大，多实行土葬。

节庆是各地彝族生活方式和习俗的集中表现。有以农业生产为主的农事节庆；有以祭祀神灵、祖先为主的祭祀节庆；有以追念英雄人物和重大事件为主的纪念节庆；有以欢庆丰收、庆祝胜利为主的庆祝节庆；有以歌舞戏曲活动为主的社交娱乐节庆等。主要的节庆有：彝族年。彝族年是川、滇、黔彝族隆重的传统节日，彝语称“库施”。各地过年时间不一，一般在每年农历十月至十一月中、下旬选吉日过年。火把节，为彝族的传统节日，日期为每年农历的六月二十四日，历时三天。节日期间，人们身着盛装，集中在村寨附近的平坝或缓坡上，唱歌、跳舞、赛马、斗牛、斗羊、摔跤、选美等，活动的内容丰富多彩，热闹非凡。早上，人们要杀牲祭祖；晚上，要举着火把在庄稼地中转游，意为烧死害虫，祈求庄稼丰收。此外，黔西、滇东彝族在农历的三月三要过祭山节；云南石屏、元阳、巍山一带的彝族每年要过两次祭龙节，第一次在夏历二月第一个属龙日，第二次在秋收前，称“赔龙”，意为感谢龙王爷的雨露之恩；云南楚雄的彝族每年农历的二月初八要举行插花节，�名的史诗类诗歌有《勒俄特依》、《玛穆特依》、《阿细的先基》、《西南彝志》、《哈依迭古》《梅葛》、《查姆》等。叙事长诗和抒情长诗的代表作有《我的幺表姝》、《妈妈的女儿》、《阿诗玛》、《一双彩虹》、《逃到甜蜜的地方》等。民间故事与传说反映了一定历史时期的社会内容和不同的特点，如《洪水的故事》、《天地万物的起源》反映了彝族对人类起源的认识。《飞马》、《罗木阿智》等表现了奴隶与奴隶主的斗争，歌颂了劳动人民的聪明机智。民间故事中有大量的神话故事，如《王九点》、《阿达吉鲁》、《牛的来历》等等。童话和寓言题材广泛，简短有力，想象奇特，寓意深远，如《天神的哑水》、《吹笛少年与鱼女》、《大雁姑娘》等。彝族谚语，称为“尔比尔吉”，是彝族人民非常喜爱的一种口头文学。其特点是词句精炼，音律铿锵，想象丰富，名式整齐，易于上口，便于诵记，具有普遍而深刻的群众基础。“尔比尔吉”是人们处理问题的依据，教育人的警句，起着道德规范和习惯法的作用，指导着人们的言行。"
壮族	"壮族是我国少数民族中人口最多的一个民族，共有16926381人（2010年）。在全国的31个省、自治区、直辖市中均有分布，主要聚居在我国的南方，范围东起广东省连山壮族瑶族自治县，西至云南省文山壮族苗族自治州，北达贵州省黔东南苗族侗族自治州从江县，南抵北部湾。广西壮族自治区是壮族的主要分布区，共有1420.71万人，占壮族总人口的87.81％，主要聚居于南宁市、崇左市、百色市、河池市、柳州市、来宾市、贵港市等地。另外，分布在云南省文山壮族苗族自治州的有98.1万人，散居在云南省其他地区的有12.9万人；广东省连山壮族瑶族自治县有4.2万人，另有4000余人居住在与连山毗邻的怀集县下帅壮族瑶族乡；贵州省黔东南苗族侗族自治州从江县有1.6万人；湖南省江华瑶族自治县有5000余人。壮族居住的地方，基本上连接成一片，大部分聚居，也有相当一部分和汉、瑶、苗、侗、仫佬、毛南、水等族杂居。

壮族分布的地区，边沿多山，中部丘陵起伏，地势由西北向东南倾斜。西部有六诏山脉从云南文山延伸到广西的那坡县，北部有凤凰山、九万大山、大苗山和天平山等，东部广东连山有五岭之一的萌渚岭绵延起伏，中部偏东盘亘着大瑶山、莲花山等山脉，中部偏西有都阳山、大明山等，南部和西南部边沿有十万大山、公母山、大青山等。

壮族地区山多地少，素有“八山一水一分田一片海”之称，山区、丘陵占土地面积的82%左右。丘陵海拔一般在100～400米，坡度较缓，土层较厚，雨水丰富，光照条件好，适宜于农业、林业和畜牧业的发展，是壮族地区人口较为稠密的地区，也是农业和多种经营较为发达的地区。壮族地区平原少，且分布零星，比较大的平原有右江谷地、南宁盆地、宁明谷地等，它们实际上都属盆地。右江谷地地势平坦，土地肥沃，光照充足，水热条件好，发展农业十分有利，是水稻、甘蔗、芒果的生产基地，素有“桂西明珠”之称。壮族地区石山面积大，且分布广，尤其是壮族主要聚居地的广西西部地区，裸露型的喀斯特地貌占了当地土地面积的60%以上。喀斯特地貌是“九分石头一分土”，不大适合人类居住生存，但由于久受雨水侵蚀，形成了众多奇特瑰丽的岩洞和地下河流，自然景色十分幽美。桂林和阳朔，自古就有“桂林山水甲天下，阳朔山水甲桂林”之美誉。广西南宁市武鸣县的伊岭岩，素有“小桂林”之称的靖西县旧州，凌云县的水源洞，柳州市的白莲洞，云南文山州广南县的莲洞、白云洞、响泉瀑布，文山县的仙人洞，等等，也都是天下少有的奇景。喀斯特地貌区还蕴藏着丰富的矿产资源，尤其是铝土、锰、锡、锑、钨等矿的保有储量和产量，都在全国占有重要地位。壮族地区还有丰富的石灰石资源，不仅分布广泛，而且储量大、质地好，可建成中国南方最大的水泥基地。

壮族地区的南部面临北部湾，这里是我国重要的热带渔场，盛产各种名贵海产，特别是出产的“南珠”，据史料记载至迟在汉代就已开始采集。现在，这里仍然是我国重要的产珠区，向有“珍珠之乡”的美称。我国北部湾海岸线曲折，多港湾，从东到西分布有铁山港、廉州港、三娘港、钦州港、防城港、珍珠港等港湾，形成天然港群海岸。这些沿海港口同时具有水深、避风、浪小等自然特点，距港澳地区和东南亚的港口都较近，是我国西南地区面向东南亚、连接世界各地的重要出海口，具有十分重要的战略地位。

壮族地区地处低纬，北回归线横贯壮族聚居地的中部，属亚热带季风气候区。雨水充足，年均降雨量在1835毫米左右；气候温和，年平均温度在20℃左右，冬无严寒，南部夏季酷热。四季草木常青，百花盛开，物产丰富多样，主要盛产各种热带、亚热带作物。柑、橙、柚、香蕉、荔枝、龙眼、芒果等水果产量名列全国前茅；甘蔗的种植面积和产量均为全国之最，是世界10大产糖区之一；松香、松节油的产量约占全国的一半。名贵药材和土特产资源丰富，素有“土特产仓库”之称，驰名中外的三七、罗汉果、蛤蚧和茴油（又称八角油），是壮族地区素负盛名的特产。西北和西南部山区，森林覆盖，盛产柳州杉、银杉、樟木等名贵木材。

壮族地区河流纵横，有左江、右江、郁江、红水河、龙江、柳江、黔江、桂江等，汇流于西江，奔向东南，经广州入南海；有盘龙江、普梅河、锦江等，向南流经越南入海。由于降水丰沛，这些河流的径流量都较大，地表水资源极为丰富，居全国第5位；水电资源理论蕴藏量达1900万千瓦，居全国第8位，红水河还被誉为全国水电资源的“富矿”。喀斯特地貌区，虽然地表水流相对贫乏，但地下水资源极为丰富，有着极大的开发利用前景。

壮、布壮，原是壮族自称。在汉文史书中译写为“撞”、“徸”等，读音“壮”，最早见于宋代文献中。新中国成立后统一写为“僮”。1965年10月12日，根据当时的国务院总理周恩来的提议，并征得壮族人民的同意，由国务院正式批准，把僮族的“僮”改为强壮的“壮”字。“壮”字有健康的意思，也不会误读。从此以后，僮族一律改写为壮族。

壮族除自称“布壮”以外，还有“布越”、“布雅伊”、“布衣”、“布沙”、“布土”、“布侬”、“布央”、“布曼”、“布饶”、“布傣”等自称。“布”，在壮语中是“人”的意思。

壮语属汉藏语系壮侗语族壮傣语支。有南北两个大方言，但语法结构、基本词汇大体相同。南北两大方言大致以郁江和右江为分界线，延伸到云南省文山州的广南、砚山一带。北部方言约占壮族人口的2／3，划分为8个土语区，即邕北土语、右江土语、桂边土语、柳江土语、桂北土语、红水河土语、邱北土语、连山土语；南部方言约占壮族人口的1／3，划分为5个土语区，即邕南土语、左江土语、德靖土语、砚广土语和文麻土语。

唐宋以来，壮族民间曾流行“土俗字”，这种文字是在汉字的基础上，利用汉字的音、义组合而成。根据1989年广西少数民族古籍整理出版领导小组办公室出版的《古壮字字典》（初稿）统计，共有10700多个字，其中定为正体字的有4918个。这些字都是从上百年或数百年前出版或手抄的牒诉、券约、师公唱本、山歌本、故事传说、族谱、信件和碑文中收集下来的，说明这种方块壮字在壮族地区民间曾广泛流行过。不过，由于古壮字地区差别较大，缺乏规范，因此各地壮族之间无法形成统一的壮族文字，主要依靠汉文进行交流。1955年，党和人民政府帮助壮族人民创制了一种以拉丁字母为基础的壮文，并培训壮文骨干，出版书报，壮文在扫盲、宣传党的政策等方面，起了积极的作用。20世纪80年代，又完成了《壮文方案》的修订工作，使壮文进一步通用化，壮文也再次进入各级各类学校。壮文的推行，有利于壮族文化的传承和发展。

【历史沿革】

壮族是一个历史悠久的民族。先秦秦汉时期汉族史籍所记载的居住在岭南地区的“西瓯”、“骆越”等，是壮族最直接的先民。

先秦时期，我国长江中下游以南至东南沿海地区，广泛分布着一个被称为“百越”的族群，分布于今广东、广西一带的西瓯、骆越就是其中的一部分，他们当时还处于氏族部落社会的发展阶段。公元前221年，秦始皇统一六国以后，派尉屠睢率领50万大军，分兵五路，进军岭南，在越城岭一带曾遇到西瓯人的强烈抵抗。到公元前214年，秦始皇派史禄率兵开通灵渠，通粮饷，运军队，秦军才战胜西瓯人，统一了岭南地区，并在岭南设立桂林、南海、象三郡，将该地区正式纳入中央王朝的统治之下。据考古资料和史书记载，这时的西瓯、骆越人已经使用铜铁器，开始步入了文明时代。尤其是西瓯人，他们在首领译吁宋的领导下，利用所熟悉的丛林和山地进行作战，能与数十万秦军周旋数年，迫使秦军“三年不解甲驰弩”，说明西瓯人的社会组织已经相当发达，并且能够比较有效地运转，已经进入了部落联盟或酋邦时代。当时，为了保障南征岭南的军事后勤供给，击败西瓯人的抵抗，秦始皇还派监禄在广西东北部修筑“灵渠”，沟通了湘、漓二水。灵渠的修筑，极大地便利了五岭南北的交通往来，有利于岭南地区的经济文化发展。秦朝统一岭南后，还将大量汉族人口迁居岭南，与越人杂居在一起。从此以后，西瓯、骆越人同内地各族人民的政治、经济、文化联系更加密切了，而这种联系，对于岭南西部越人社会的进一步发展，起了积极的作用。

从东汉到魏晋南北朝，岭南地区（即后来的两广地区）的土著民族，被称为“乌浒”、“俚”、“僚”或“俚僚”，他们是西瓯、骆越的后裔。东汉末年，中原战乱，社会动荡不安，不少大姓豪族为避乱而迁居岭南，从而促进了岭南地区封建化的发展。受其影响，世居岭南的俚僚大姓贵族，纷纷在各地称雄，使岭南土著民族社会中，也出现了一些“雄于乡曲”的“大姓”。如高凉、合浦的冼氏，钦州、合浦的宁氏，桂州的李氏，高凉的黄氏等，都是这时期岭南著名的土著大姓。他们拥有“地方数千里，奴婢万余人，珍宝充积”的财富。与此同时，社会上却存在着大量贫穷的、甚至“父子世代为奴”的普通劳动者。

冼氏是秦汉以来高凉一带的大姓。冼夫人在南朝梁大同初年嫁给南迁的汉人大族、高凉太守冯宝为妻，拥有部落10余万。她自幼聪颖贤明而多谋略，能安抚部众，和辑百越和南迁当地的汉族移民，隋朝时受到隋文帝的嘉奖，被封为谯国夫人。冼夫人为维护国家统一和地方安宁，作出了巨大的贡献，受到后人的敬仰。

唐五代时期，壮族先民仍被称为俚、僚、乌浒（乌武）等，但也出现了以地域或以大族姓氏命名的族称，如“西原蛮”、“黄洞蛮”、“侬洞蛮”或泛称“洞蛮”、“洞氓”等。宋代以后，壮族族称又有了新的变化，出现了“撞”、“布土”、“土人”等称谓。元明以后，被侮译为“獞”，另外还有自称壮、侬、郎、土、沙等。这些称谓原来都有一定的地域性，但明、清时期，“壮”的称呼已广泛见于整个广西和广东西部，成为壮族最普遍的一种族称。1952年统一称为“僮”（音壮）。1965年改写为“壮”。

唐宋时候的壮族先民，社会经济有了新的发展。农业以稻田为主，已大量使用牛耕，耕作技术已发展到“深耕溉种，时耘时籽，却牛马之踏履，去螟螣之戕害，勤以朝夕，滋以粪土”的程度。故有“稻粟皆再熟”，“种稻似湖湘”，“粮粒丰储”，“猪牛鸡鸭肥大蕃息”的景况。手工业有铜、铁、纺织等，特别是綀子布和壮锦（当时称为“緂布”）已驰名全国。綀子布，“洁白细薄”，“清凉离汗”。壮锦，则“白质方纹，广幅大缕”、“佳丽厚重，诚南方之上服也”。但是比起中原地区来，社会生产的发展还是比较落后的，许多地区仍然采用种子就地点播，不移秧、不灌溉、不施肥、不除草的粗放耕作方式，有的边远山区甚至停留在“刀耕火种”及以狩猎为生的原始生产状态。

到明清时期，壮族地区的社会经济发展又有所提高。右江地区的今武鸣、平果一带，“四野宽旷，轩豁秀丽。石山起伏蜿蜒，敷为平原，两水绕山合流而入巨浸。江水既通，商货辐凑，盖比内地。”就是庆远那样的“戍垒密遮，使车罕至”的地方，也成为“士抱经而谈，民杂兵而种”，各族人民祥和安居的一方乐土。在横州一带，人们或筑堤围塘蓄水，或引溪流灌溉，这样的农田已相当普遍。稻田的耕作也较细致，播种育秧，中耕除草一二次，使上田每亩达到2石。坡地则开为畬地种植旱禾，种后也除草一二次，产量与水田不相上下。许多石山地区的壮族农民，也掌握了“煅石为灰”的技术，并把石灰应用于调节土地酸度了。畜牧业也有很大发展，猪、牛、羊、马的饲养很普遍，一些人口不多的农户甚至也养有十数头牛，其发展水平，大致和相邻的汉族地区接近。

壮族是一个热爱自由、富于斗争精神的民族。历史上，壮族人民为了反抗中央王朝和当地土官、流官的黑暗统治，曾经发动了无数次反封建、反压迫的起义斗争。其中规模较大、影响较深远的有唐代西原州（左江流域）黄乾曜、潘长安、黄少卿领导的起义，宋代广源州首领侬智高领导的“南天国”大起义，宋代宜州（宜山、南丹一带）的土兵起义、抚水州（环江县等）的农民暴动和明代壮族农民韦银豹领导的古田县（永福县地）农民起义，以及府江起义、八寨起义等。所有这些如火如荼的人民起义，都沉重地打击了封建统治，推动了壮族历史的前进。

壮族人们还曾经多次和各族人民一起奋起反击交趾（后称安南）封建统治者和倭寇的武装侵略，担负起了保卫祖国边疆神圣领土的重任。

11世纪初期，交趾（今越南）在李朝的统治下逐步强大起来，并推行对外扩张政策，乘北宋王朝忙于抵御北方的辽朝和西夏而无暇南顾之机，摆脱宋朝的控制，频频侵掠我左右江侬峒、黄峒地区和钦、廉沿海地区。熙宁八年（1075年），交趾国王李乾德命其辅国太尉李常杰率10万大军大举入侵广西，水路攻陷钦州、廉州，陆路连陷永平、太平两寨，农历十二月，合兵进犯邕州城（今南宁市）。邕州知州苏缄急调附近各族土兵和汉兵入城固守抗敌，终因寡不敌众，坚守42天而城破。当时，广西左右江溪峒壮丁及壮、瑶族人民，纷纷起来阻击交趾侵略者，截其后路。不久，宋王朝援兵来到。在官兵、土兵及壮、汉各族人民的协同奋战下，终于打败了交趾侵略者，胜利地保卫了祖国领土的完整。

明嘉靖年间，倭寇侵入我国东南沿海各地，严重威胁我国东南海疆的安全。明朝政府征调“俍兵”抗敌，在广西田州府（今田阳县）已故土官岑猛的妻子瓦氏率领下，“俍兵”前往东南沿海抗倭。明嘉靖三十四年（1558年）四月，瓦氏“俍兵”与湖南永顺、保靖“土兵”（由土家族苗族组成）的协同作战，在王江泾（今浙江省嘉兴县北）的著名战役中，一举歼灭倭寇3000余人，取得了抗倭以来的第一次大捷。之后，瓦氏俍兵又在陆泾坝等战役中，屡建战功。江浙一带人民高度赞扬瓦氏俍兵的抗倭精神，广泛传诵“花瓦家，能杀倭”。瓦氏夫人不愧为壮族历史上反抗外来侵略斗争中的一位女英雄，至今仍为壮族人们所传颂。

近代以后，面临着资本帝国主义势力的侵入和国内反动统治集团的腐败统治，壮族人民又和其他各族人民一道，走上了反压迫求解放的道路。

1851年，震撼中外的太平天国革命就发生在壮、汉、瑶族杂居区的桂平金田地区，当时参加金田起义的壮族达数千人，约占当时太平军总数的四分之一。太平军离桂北上后，很多壮族将士随军北上，并构成太平天国和太平军的基本骨干，有的还成为重要领导人。太平天国牺牲的第一个领导人，后来追封为嘏王的卢六，是桂平紫荆山高坑冲的壮族；北王韦昌辉，也是桂平县的壮族；北上时担任前军主将、屡立战功，后在长沙壮烈牺牲的西王萧朝贵，是武宣县的壮族；率军北伐，直抵天津、前锋进逼北京，威震中外的两名将领李开芳和林凤翔，都是武鸣县的壮族；太平天国革命后期的中军主将兼正掌率、掌理朝政的赞王蒙得恩，是平南县的壮族；南征北战，攻克苏州，歼灭戈登“常胜军”的慕王谭绍光，是象州的壮族。壮族的革命将领和广大官兵，在太平天国的整个革命战斗中，起了重要作用。特别是壮族妇女和男子一样，转战南北，出生入死，“赤足裹头，攀援岩谷，勇健过于男子，临阵皆持械接仗”，给腐败的官军以沉重的打击。

太平军北上后，壮族地区的农民起义烽火，此起彼伏，越烧越旺。其中规模较大的有陈开、李文茂领导的大成国农民运动；黄鼎凤（壮族）领导的贵港农民起义；李锦贵（壮族）领导的上林县农民起义；李文彩（又名李七，壮族）领导的永淳县农民起义和吴凌云领导的战斗于左江流域的“延陵军”起义。他们同太平天国遥相呼应，互相配合，共同打击敌人，为我国近代史上写下了光辉的一页。

19世纪七、八十年代，法国帝国主义以暴力侵吞越南南部之后，接着便向越南北部和我国西南部大举侵略，中国人民被迫奋起反抗，保卫祖国，支援越南人民。以刘永福（广西上思县壮族）为统帅的“黑旗军”首先投入战斗。“黑旗军”是在壮族地区建立和发展起来的，其主力是壮族农民领袖吴凌云、吴亚忠所领导的壮族农民起义余部。黑旗军的前营主将黄守忠、左营主将吴凤典等20余名大小将领，都是广西上思、宁明一带的壮族。当法国侵略者侵占河内，并企图沿着红河向我国边疆推进时，黑旗军便应越南政府的邀请，同越南军民一起，反击侵略者，打得侵略军闻风丧胆，如惊弓之鸟。当时战争的亲历者唐景崧在他的《请缨日记》中写道：“河内城虏，夜辄自哗，惊呼黑旗来，敌胆已落”。黑旗军的抗法援越、保家卫国的伟大功绩，是永远不可磨灭的。

1885年2月，法军在尼格里的统率下进攻我国南大门镇南关，炸毁城墙，并狂妄地插上一块牌子，上面写着：“保卫国境的不是石头的墙垣，而是条约的履行。”叫嚣中国的门户已不再存在了，只有签订投降条约才是出路。但是，边关的壮、汉各族人民，对于敌人的这种嚣张气焰，予以迎头痛击。他们自发地组织起来，英勇抵抗法国侵略者，发誓“我们将用法国侵略者的头颅，来重建我们的门户”。当清朝爱国将领冯子材率领萃军前来反击时，壮、汉各族人民积极支援，终于取得了举世闻名的“镇南关大捷”。壮族农民蒙大，给冯子材带路，还亲自带领一个敢死队，挥舞着大刀长矛，砍杀了成百个敌人。他的英雄事迹，至今仍为边境壮族人们所传颂。

壮族人民对辛亥革命的贡献也是巨大的。1907年的钦、廉、防城起义中，孙中山曾任命邕宁县的壮族农民领袖王和顺（原名张德卿）为“中华民军南军都督”，参与领导这次起义。同年发动的“镇南关”武装起义，孙中山又任命钦州壮族农民起义领袖黄明堂为“镇南关都督”，以凭祥州的李右卿（壮族）为副都督，攻占了镇南关，得到了孙中山的高度赞扬。次年3月，孙中山又以黄明堂为指挥，关仁甫、王和顺为副指挥，发动了云南河口起义。1911年广州黄花岗起义中，有不少壮族同盟会会员参加战斗，在此役壮烈牺牲的七十二烈士中，就有韦云卿、韦树模等壮族英烈。在反对袁世凯的护国起义中牺牲的有壮族革命领袖农实达等。所有这些，都充分表现了壮族人民敢于革命，不怕牺牲的革命英雄气概。

被毛泽东同志称为“读了半本马列主义，红了半个中国”的韦拔群，于1921年在东兰武篆区成立“改造东兰同志会”，联合了100多名革命青年，提出“打倒土豪劣绅”，“铲除贪官污吏”、“取消苛捐杂税”等口号，得到了广大农民群众的拥护。次年，领导农民武装起义，打土豪，进攻东兰县城，农民武装队伍发展到1500多人。1925年，党在梧州建立了中国共产党在广西的第一个支部。是年冬，韦拔群等从广州农民运动讲习所学习结束后，回到东兰，在党的领导下，开展农民革命运动，筹办农民运动讲习所，培养农民运动骨干，宣讲革命道理，并在东兰、凤山等县、区、乡建立农民协会、妇女协会。同年，韦拔群组织农民武装，同当地的地主豪绅作针锋相对的斗争，再度攻占东兰县城。1928年底，韦拔群加入中国共产党。此后，他为创建、巩固和发展右江革命根据地，而进行了不懈的斗争。

与此同时，奉议、恩隆等地的农民，从1924年8月起，就在奉议壮族黄治峰的领导下，开展了反贪官、反苛捐杂税的斗争。百色起义后，黄治峰历任右江赤卫军总指挥、红七军第四纵队纵队长、红七军第二十师副师长、军部参谋处处长等职。随军北上到中央革命根据地后，1934年又接受党中央委派，回右江革命根据地开展工作，途中不幸被捕，壮烈牺牲。

1929年，党中央派邓小平、张云逸、叶季壮等到广西开展工作。9月，中共广西省委在南宁召开了广西省第二次党代表大会，邓小平在会上传达了党的第六次全国代表大会的决议，会议根据“六大”精神，作出了建立民主政府、武装推翻国民党统治、深入开展农民运动等决议。1929年12月11日，在中国共产党的领导下，邓小平、张云逸组织和发动广西右江两岸壮、汉、瑶等族人民，举行了有名的“百色起义”，成立了有壮、汉、瑶等族参加的中国工农红军第七军，由张云逸任军长，邓小平任政委，下辖三个纵队，韦拔群担任了第三纵队长。同一天，在田东平马镇召开各县农民代表及红七军的士兵代表大会，宣布成立右江工农民主政府，选举雷经天为主席，公布工农民主政府的政治纲领及各项政策，韦拔群、陈洪涛（壮族）为政府委员。接着，右江流域的百色、奉议（今属田阳）、恩阳（今属田阳）、恩隆（今属田东）、思林（今属田东）、向都（今天等县地）、镇结（今天等县地）、果德（今平果县）、隆安、东兰、凤山等地相继解放，并建立了县、区、乡各级工农民主政府。

1930年2月1日，俞作豫领导广西警备第五大队，在龙州宣布起义，建立了中国工农红军第八军，由俞作豫担任军长，邓小平兼任政委，并成立了左江革命军事委员会。接着左江地区的龙州、宁明、明江（今属宁明县）、崇善（今属崇左）、左县（今属崇左）、雷平（今属大新）、万承（今属大新）、养利（今属大新）等县，也相继解放，并成立了县革命军事委员会。在左、右江流域各县建立了革命政权的同时，都安、南丹、天峨、凌云、河池等县的部分地区，也建立了革命政权。至此，广西左右江革命根据地，拥有广西西部和西南部的20多个县、人口200多万的广大壮族地区，使壮族人民的革命斗争进入了新的高潮。

抗日战争期间，在中共右江特委和各地党组织的有力地领导下，壮族和各族人民一起进行了英勇的抗日游击战争，为抗日战争的胜利作出了巨大的贡献。1949年，广西各地在党的领导下，普遍发动了武装起义，开展人民游击战争，积极配合中国人民解放军南下部队作战，到1949年年底，广西、云南、广东等壮族地区相继解放。

从此，壮族人民进入了一个新的历史时代，即社会主义革命的新的时代。

壮族是我国南方地区的土著民族，秦汉以前处于独立发展的历史阶段，秦汉以后一直处于中央王朝的治理之下，社会政治、经济、文化的发展深受中央政府统治政策和汉族社会文化的影响，并且这种影响随着中央王朝统治力的逐步深入和汉族移入人口的增多而不断加强。由于受影响的地区差异性较大，新中国成立前壮族的社会政治制度和社会结构呈现出多样性的特点。

在汉壮杂居的壮族东部等地区，壮族社会发展受汉族的影响较大，与汉族处于相近的发展状态，其社会政治制度处于封建地主制度的发展阶段。而在壮族聚居的广西西部和云南文山州地区，唐宋以来主要处于壮族土官（土司）的统治之下，处于封建农奴制的发展阶段，其社会政治制度较为特殊。

在土官（土司）辖区之内，土官掌握着全部的政治、经济和文化大权，并设置有权力机构进行统治。这些权力机构的设置因土司官职高低、辖地大小及经济实力的不同而有所不同。在那些辖地较大、社会经济发展较好的土州、土县，其土官衙门一般都设有文武职官。各土州、土县还设有监狱，由土官衙门管辖。

土官衙门之下，还分立区、段、亭、哨、都、路、屯、堡、坡、镇、甲、方等建置，有土目、甲目、哨正、保正、头人、总方等所谓外官，负责清查奸细，听理诉讼，组练壮丁，征收租税等工作。这些构成了土官地区的乡村权力系统。土官通过这些组织机构，将其势力深入到辖地内的各村各户，对人民实行统治。

明代中叶以后，土官（土司）制度日益显得落后腐朽，土官的统治也越来越残暴，他们不仅为封建中央王朝所不满，也为壮族人民所厌弃，“改土归流”成为历史的必然。经过清代前期至民国时期长达二百余年的改土归流，西部壮族地区终于全面摧毁了已经不能适应当地社会发展的封建农奴制度，地主经济获得了全面的发展。

壮族的社会组织结构，近代以来随着社会经济的发展和汉族文化影响的加深，发生了较大的变化。

壮族历来有聚族而居的习俗，古代壮族的大姓莫氏、黄氏、侬氏、韦氏、覃氏、罗氏、岑氏、蒙氏、闭氏、甘氏等，都是在原来氏族制基础上演变而成的，并长期聚族而居，所谓“举洞纯一姓者”是也。受到汉族文化的影响，一些壮族地区的宗族组织和宗族文化比较发达，建有祠堂，立有族规，并修有族谱。在同姓同族聚居的壮族村落中，三代以内的父系亲属称为房族，三代以外的称为门族或宗族，而房、门、宗族总称为家族。同宗族禁止通婚。宗族内部关系依靠族长、族产、祠堂、族规进行维系。族长一般由男性担任，一些地方是自然形成的，一些地方则由直系血缘的长子继承。族长的职责一般是管理宗祠和宗族的共同财产，组织和主持祭祀及其他公共活动，调解族人内部纠纷，主持家产继承和对外交涉等。20世纪50年代后，由于时代的影响，壮族地区的宗祠多已破废荒圮，有的改为他用，宗族活动逐渐减弱或停止，宗族势力对壮族村民生活的影响也日渐减弱，但近年来一些地区出现了宗族活动复起的趋势。

在宗族势力和宗族文化不发达的壮族地区，还有另一种形式的村社管理组织“都老制”。这是一种更为古老的壮族乡村管理组织，主要由以“都老”为首的管理机构、长老会和村民大会构成。“都老”，又叫村老、寨老、父老、乡老、头人、郎火、款头等。都老大多是自然形成的，也有一部分是村民公选或官府委派的，一般没有报酬。都老的职责主要是领导村民制定村规民约，维护村寨社会秩序，掌管全村公共财产，主持集体祭祀典礼，领导公共建设，调解村寨内部纠纷以及村寨之间的纠纷，等等。都老制是凭借壮族传统社会的法律制度和风俗习惯进行运作的。明代中期以来，随着国家权力对乡村社会的深度渗透，这种制度也在发生蜕变和走向式微，逐渐被保甲制和乡村甲制所取代。

保甲制是清朝为加强政府对基层社会的干预和控制而实施的。在壮族地区，保甲制也得到了局部的推行。雍正四年（1726年），清帝特意下令在壮、苗等少数民族聚居的地区和土司地区，比照内地，建立保甲之法。为了有效地发挥保甲的功能，清政府对保甲首事的选任提出了标准，要求由土民“公举诚实、识字及有身家之人报官点充”。但是由于壮族地区的政治、经济和文化结构与汉族地区相比有较大的差异，因此保甲制在这里的推行不可能脱离当地的实际情况，有相当长的一段时间其保甲首事多由壮族传统权力机构的首领——都老等担任。后来随着壮族社会的发展和传统社会结构的逐步解体，保甲首事的职位又逐渐由地主、富农等权贵取代。

清代在壮族地区所推行的保甲制，最初主要局限在壮、汉杂居地区的城镇及其近郊，以后才逐步推广。但是由于壮族居住分散，村落规模不大，更由于壮族社会制度的复杂性，使得保甲制度在壮族地区，尤其是交通不便的偏远乡村的推行受到较大的限制。在这些地方，传统的民间控制系统——如宗族、村社等，发挥着更为有效的作用。

新桂系统治广西以后，对乡村基层社会控制系统进行了改革，于1933年起，在县之中推行新的基层建制。乡村“人必归户，十户为甲，十甲为村，十村为乡，十乡为区”；城镇“十甲为街，十街为镇，十镇为区”，建立起乡（镇）村（街）甲制。到1940年夏季，广西全省包括壮、瑶、苗等少数民族聚居地区在内的所有县份，都实行了新的乡村基层建制。

保甲制和乡村甲制都是中央集权统治下的地方基层社会权力系统，尤其是乡村甲制以其严密的组织制度，对乡村社会起着高度控制的作用。随着其在广西壮族地区的全面推广，壮族社会政治一体化的进程得到迅速推进，壮族社会的现代化进程也获得了较大的发展。

新中国成立后，随着土地改革的开展和完成，壮族乡村传统势力被打破，乡村甲制走向衰亡。此后，中国共产党进行了民主建政和划乡建政，原来处在社会最底层的贫雇农被发动起来，壮族乡村社会旧有的宗族、家庭社会文化网络进一步被瓦解，国家权力以不同于清代民国的形式，深度下渗到了广大的壮族乡村，壮族乡村传统社会组织和结构发生了根本性的变化。到人民公社化时期，国家权力向壮族基层社会的下渗和管理强度达到历史的顶点。20世纪80年代初，人民公社体制虽走向解体，但与全国其他地区一样，乡、村、村民小组的乡村体制接着统领壮族乡村，壮族社会政治一体化的过程进一步得到推进，壮族社会的现代化进程不可逆转地发展起来了。

【风俗文化】

壮族的文化艺术丰富多彩，历史悠久，特点突出。

左江崖壁画，大约已有2000年以上的历史，主要分布在广西西南部的宁明、龙州、崇左、扶绥等县境内的左江及其支流明江两岸的悬崖峭壁上。目前已经发现的共有183处，以宁明县明江畔的花山崖壁画为最著名。在这面宽约200米、高约50米的临江峭立的宽大的崖壁上，密集地布满了色彩鲜红的各种画像，目前尚能辨认的画像有1800多个，最大的人物画像高达2.41米，小的约30厘米。左江崖壁画画像种类主要有人物、动物和器物三种，笔调粗犷有力。左江崖壁画是壮族先民杰出和不朽的艺术创造，其内容在一定程度上反映了古代壮族先民的社会生活情况。

铜鼓，已有2000多年的历史，目前仅广西出土和收藏的就有600多面，民间收藏和登记在册的有1400多面。铜鼓的类型很多，大小不一，最大的直径达1.63米。重量小者二三十公斤，大者近500公斤。铜鼓的用途历来说法不一，有军乐、民乐、祭乐，以及权力财富的象征等等说法。铜鼓不仅是一种实用器物，同时也是一种精美的艺术品。它既有浮雕式的花纹图案，又有立体塑物，是雕刻艺术和立塑的综合体，是综合的艺术品，体现了壮族工匠高超的铸造技术和艺术水平。

壮锦是壮族妇女独创的手工艺品。以棉纱为经，丝绒为纬。经线一般为原色，纬线用各种彩色，织成各种美丽的花纹图案。壮锦色泽鲜艳、织工精巧、质地松软、结实耐用。壮族人民喜爱象征吉祥的凤，因此，“十件壮锦九件凤”，壮锦上的凤各个鲜活生动，别具特色。壮锦花色品种多样，用途广泛，可用作床毯、被面、围裙、背带、腰带、手提袋、挎包、头巾、衣物装饰等。根据历史记载，唐、宋时已有生产。明、清时，壮族妇女曾因善于织锦而闻名全国。新中国成立后，壮锦作为极富民族风格的手工艺品得到进一步的发展，除继续生产传统的花纹图案外，还创制了40多种新的花纹图案。

壮族民间常用的乐器有唢呐、蜂鼓、铜鼓、大鼓、铜铙、铜锣及笙、箫、笛、马骨胡、天琴等。天琴是壮族最古老的弹拨乐器，主要流传于广西西南部与越南交界的龙州、宁明和防城一带，至今已经有上千年的历史。在壮族民间广为流传的传说《妈勒访天边》中，壮族先祖妈勒就是弹着天琴去天边寻找太阳的。

壮族的舞蹈有“舂堂舞”、“绣球舞”、“捞虾舞”、“采茶舞”、“扁担舞”、“铜鼓舞”等等。舞蹈的特点是主题鲜明，舞步雄捷，诙谐活泼，感情逼真，时而激昂慷慨，时而缠绵悱恻，充分体现了壮族劳动人民的倔强和爱憎分明的性格。

壮族在漫长的历史发展过程中，创造了许多神话、传说、民间故事、谚语等丰富多彩的民间文学。在布洛陀神话基础上创造的《布洛陀》长诗，是壮族的一部古老而宏伟的创世史诗，是史前时期壮族社会的百科全书，主要流传于红水河流域的巴马、东兰、凤山、天峨、南丹、河池、宜山、都安、马山和右江流域的百色、田阳、田东、平果等县。它以诗歌的形式，生动地叙述了天地日月的形成、人类的起源、各种牲畜和农作物的来历，以及远古人们的社会生活等，热情地赞颂了布洛陀这个被称为壮族始祖的神话人物创世的伟大业绩。透过这部史诗，可以看到史前壮族社会的基本面貌，以及壮族人民的生活和生产情况。

壮剧是壮族舞台艺术形式，是壮族民间文学、音乐、舞蹈、技艺的综合性艺术。壮剧大体上可分为师公剧、北路壮剧、南路壮剧、富宁壮剧、广南壮剧、乐西土戏等六种。师公剧主要流传于河池、柳州等地的壮族地区，是在“跳神”的基础上发展起来的，相传唐代就有了。传统剧目有《莫一大王》、《白马姑娘》、《顺知戽海》等。北路壮剧主要流行于百色市北部的西林、田林、隆林、凌云、乐业一带，最早在西林旧州一带的壮歌及民间杂耍“板凳戏”的基础上发展起来的，大约形成于清朝乾隆年间。光绪三年（1877年），云南富宁县已出现较完整的壮剧剧目《侬智高》手抄本。以后还演唱《卜牙》、《文龙与肖尼》、《刘三姐下凡》、《牛郎》、《鲤鱼》、《刘二打番鬼》、《太平天国》等剧目。南路壮剧主要流行于桂西南壮语南部方言区的德保、靖西、那坡、天等、大新等县一带以及田阳、田东的部分乡镇，是在靖西的提线木偶戏和德保的马隘壮戏的基础上发展起来的。提线木偶戏，已有100多年的历史，剧目大多取材于汉族的传统剧目如《杨门女将》、《西游记》、《三国演义》等。马隘壮戏，最初是用“双簧”式的方法演唱，后吸收民间的“马隘调”、“汉龙调”和靖西木偶戏的唱调发展而成为近代的“马隘戏”调。因为德保和靖西是南路壮剧的两大发源地，所以南路壮剧也称为“德靖壮剧”。富宁壮剧、广南壮剧、乐西土戏三种壮剧都是云南省文山壮族苗族自治州的壮族剧种，流行范围不广，分别流行于富宁、广南八宝、文山一带。壮剧的表演艺术具有健康、朴实、活泼等特点。南路壮剧和北路壮剧的音乐唱腔比较多彩，表演技艺如身段、步法、手法、武打等等都有其独特之处，具有浓厚的民族色彩与风格。

壮族住房多数与当地汉族相同。广西西南和西北部分地区的壮族村寨，还保持着古老的传统住房形式“干栏”，又称“麻栏”。分上下两层，上面住人，下面关养牲畜和存放杂物。这种住房形式，是古代百越民族的住房特点，已有数千年的历史。因为它具有适应于南方山区地形、气候和预防毒蛇猛兽侵扰的优点，所以一直延用到现代。近年来德保、靖西、巴马等地方的房屋虽然已经朝着现代居室方向发展，为砖石或钢筋混凝土构造，但一些房屋的结构还保留着干栏的基本特征。龙胜各族自治县的龙脊壮族聚居区的“干栏”式建筑，是保留至今最为完整的，吸引着众多的中外游客前往参观游览。

壮族的服装，大部分和汉族相同，但在桂西乡村中，尤其是中老年妇女，还保存着自己民族服装的特点。如广西西北部，中老年壮族妇女多穿无领、左衽、绣花滚边的衣服和滚边、宽脚的裤子，腰间束绣花围腰，下身穿褶裙和绣花鞋，喜戴银首饰；广西西南部龙州、凭祥一带的壮族妇女，至今仍穿着无领、左衽的黑色上衣，头上包成方块形状的黑帕，下身穿黑色宽脚裤子。

古代壮族曾流行过文身、凿齿等习俗。唐代文学家柳宗元就曾提到柳州峒民（壮族古称之一）尽是文身人。宋代史书《太平寰宇记》也记载说今贵港市一带的妇女出嫁时要凿去一颗牙齿，古称“凿齿”。现在，这些风俗只在偏远的局部地区有零星流传。

壮族是最早栽培和种植水稻的民族之一，稻作文化十分发达，稻米也自然成为壮族人民的主食。稻米制作方法多种多样，有蒸、煮、炒、焖、炸等，各种米饭、米粥、米粉、米糕、糍粑、粽子、汤圆等，是壮族人民日常喜爱的食品。如果掺和其他材料，还可以制成许多更加味美营养的食品，如八宝饭、八宝粥、竹筒饭、南瓜饭、“彩色糯米饭”等。居住在干旱山区的壮族，由于不宜种植水稻，则以玉米为主食。壮族人民喜食水产，鱼蛤螺蚌，皆为珍味；山林中的菌果、蝉、蛇、禽、兽，也是壮族人民的日常佳肴。嚼槟榔是壮族的传统习俗，今广西龙州等地的壮族妇女仍有此喜好。有些地方，槟榔是招待客人的必需品。

壮族多一夫一妻制家庭。过去，“女娶男嫁，夫从妻居”曾经较为盛行，后来过渡到“从夫居”的父系家庭为主。直到近、现代，壮族农村地区仍普遍存在婚后“不落夫家”的习俗，新娘出嫁那一天，由十来个同辈姐妹陪同到新郎家，有的地方当天婚礼过后即回娘家，有的地方新娘与同辈姐妹一起在新房中歌唱达旦度过新婚之夜，次日一起回娘家。以后逢农忙或节日才到夫家劳动几天。一般要到二、三年后或怀孕后才长住夫家。这种文化现象被认为是壮族婚姻制度从“从妻居”到“从夫居”转变进程的一种过渡形态。

壮族传统的丧葬习俗，主要有两大葬法，即土葬和火葬。清代中叶以后，土葬成为主要葬法。壮族的土葬，以“二次葬”为主要葬式。二次葬，也称捡骨葬、拾骨葬，壮族称之为“金罈葬”、“金钟葬”等。其葬法是：亲属死后，以薄棺就近埋葬，起“长墓”；待三五年筋肉腐朽后，再掘坟开棺捡其骨骸装进陶制的“金罈”中，然后择定风水宝地埋葬，起“圆墓”。前述壮族的火葬，也是用“金罈”装储骨灰，然后择地而葬，也属于二次葬式。近代以来，有个别富贵之人，为显示自己的身份，一次葬非常隆重，墓地也建得异常堂皇，不再做二次葬，民间称之为“大葬”。不过，在一般民众观念中，对此种葬式并不看重，也不认可。

壮族的节日多与当地汉族相同，春节、元宵、春秋社日、清明、端午、中秋、重阳、除夕等传统汉族民间节日，也是壮族的岁时节日。壮族比较具有本民族特点的节日是“三月三”歌节、“牛魂节”、“中元节”等。

壮族每年有数次定期的民歌集会，其中以“三月三”歌节最为隆重。壮族一向以能歌著称，早在汉代刘向的《说苑•善说篇》中，就有关于先秦时期壮族先民所唱的《越人歌》的记载。壮族民歌形式、内容丰富多彩，有二三句的，也有三四句以至更多的；流行七字句和腰脚韵。有盘歌（或称“猜歌”）、哭嫁歌、贺新居歌、生活歌、农事歌、时政歌、历史歌，等等。壮歌的特点是善于触景生情，托物取喻，以猜谜、盘问的形式，唱出有声有色、动人心弦的歌词。传说唐代有个著名的女歌手刘三姐，创造了声调悠扬、寓意深远的歌谣，歌颂人们从事劳动和爱情的幸福，揭露上层统治者的贪婪与不仁，因而至今仍得到壮族人民的传颂，被称为“歌仙”。壮族有定期聚会唱歌的传统，而且唱歌的地点也比较固定，这种集体唱歌的特定场所叫“歌圩”。其早期历史可追溯到氏族部落时期，源于先民们祭祀神灵祈求生育和丰收的宗教活动，而后逐步演变成为青年男女定期聚集原野，“以歌代言”、“以歌择偶”的一种社交活动，又进而发展成为群众性的游乐节日。每到圩日，远近几十里内的男女老少，都盛装汇集于此，享受自己民族的狂欢节。1984年，广西壮族自治区人民政府正式将农历三月初三这一天定为壮族的全民性节日——“三月三”歌节。

“牛魂节”，又称“牛王节”、“开秧节”。多在春耕以后的一天进行，有的地区固定于农历四月初八进行，因为相传这一天是牛王的诞辰。传说牛王原来是一位天神，奉玉帝之命下凡帮助人们耕作。人们感激他的功劳，便在其诞辰祭祀牛魂。这一天，各家各户都将牛梳洗一番，并修整牛栏，带着一篮五色糯米饭和一束鲜草，到牛栏旁边祭牛魂，然后把一半食品及鲜草分给每头耕牛吃。

农历七月十四日的“中元节”，又称“鬼节”、“敬祖节”，是仅次于春节的大节日，主要内容是祭祖和祀鬼。这天，家家户户杀鸡宰鸭（过去这个节日忌讳用鸡作祭品，只能用鸭或鹅祭祀，尤以鸭为主，这个节日甚至因此也被称为“鸭儿节”），蒸糕做馍，并用彩色纸裁成四季衣裤，以备祭祀之用。白天在家祭祀祖先之后，入夜还要到山角河边，进行野祭，燃香点烛，焚烧纸衣，祈求野鬼别来作祟。"
布依族	"布依族总人口约2870034人（2010年），主要分布在贵州、云南、四川等省，其中以贵州省的布依族人口最多，占全国布依族人口的97%。主要聚居在黔南和黔西南两个布依族苗族自治州，以及安顺市、贵阳市、六盘水市，其余各市、州、地均有散居。

布依语属汉藏语系壮侗语族壮傣语支，与壮语有密切的亲属关系。壮语北部方言和贵州望谟、册亨、独山、平塘、安龙、兴义等市县的布依语基本相同。由于布依族与汉族长期的文化接触和交流，因此布依语词汇系统中有不少汉语借词。布依语有完整的语音系统、丰富的词汇和富于表现力的语法结构。布依语划分为黔南、黔中、黔西三个土语区（习惯上称第一、第二、第三土语区）。布依族过去没有自己的文字，一般使用汉文，布依摩经中采用汉字记音或运用偏旁部首按汉字“六书”造字法创造一些新字记录经文。1956年中央人民政府组织专家创制了以拉丁字母为基础的布依族拼音文字方案。该方案经过两次修订，现在布依族地区重点推行。

布依族居住的地区，属我国南方隆起于四川盆地和广西丘陵之间的一个亚热带岩溶化高原，环境独特，自然资源丰富。布依族聚居区，苗岭山脉盘亘其中，山的主脉由西向东延伸，支脉绵亘全区，主峰云雾山在都匀、贵定之间。西北部有乌蒙山，由滇延伸至黔，海拔多在2500～2800米，其中韭菜坪达2900米，是贵州高原最高峰，也是贵州高原珠江水系和长江水系的分水岭。境内地形北高南低。贵阳、安顺、兴义、安龙、贵定、惠水一带，海拔在1000米以上，黔桂边界河谷地带，海拔降至400米左右，个别地方如黔南罗甸县摆金河与红水河汇合处的下大湾河口，海拔只有242米。地势起伏，海拔落差大。

布依族地区岩溶分布广泛，面积达80%，是世界上岩溶发育最完整、最典型的地区之一。岩溶地貌景观表现为石林、石丛、峰林、溶丘、洼地、漏斗、竖井、落水洞、盲谷、溶盆、槽谷、瀑布等。众多的岩溶泉流入地下，形成溶洞、伏流、暗河。

布依族地区河流密布，主要有分布于南部、西北部的南盘江、北盘江、红水河，北部的三岔河、六冲河，东南部的曹渡河、都柳江等。除了这些河流，还有蜿蜒于群山峡谷之间的众多溪流。这些都给布依族地区带来了丰富的水利资源。国家重点水利工程南盘江天生桥水电站、黄泥河鲁布格水电站等，不仅给布依族地区人民提供了充足的照明用电，同时也为发展工农业生产创造了有利条件。

布依族地区属中、北亚热带湿润气候区，气候基本特点表现为：热量充足，雨量充沛，雨热同季，终年温暖湿润，“冬无严寒，夏无酷暑”；年平均温度为16℃左右，年降雨量在1000～1400毫米之间；无霜期270～350天，适宜各种农作物生长。布依族大多居住在土地肥沃的河谷、坝子，他们利用上述气温及水利条件，种植各种粮食作物：主要有水稻、玉米、小麦，其次为旱稻、小米、高梁、红稗、荞麦、薯类、豆类等。经济作物有棉花、油菜、苎麻、烤烟、甘蔗、茶叶、土靛、黄果（橙）、柚子、芭蕉、香蕉、木耳、板栗等等。南、北盘江及红水河流域有大面积森林，江边盛产大楠竹。林木有松、杉、青杠、白杨等等。都匀、兴义一带出产梦花树，是制造蜡纸和过滤纸的优质原料。深山密林中栖息着虎、豹、熊、麝、獐子、金鸡、水獭等多种珍禽异兽，并出产杜仲、天麻、五倍子、黄草、麝香等贵重药材。水产中鱼类很多，都匀、贵定、平塘、龙里、花溪出产的娃娃鱼（大鲵）是稀有的国家保护动物。地下矿藏十分丰富，尤以煤矿、金矿、锑矿、磷矿著名，各县市均有丰富的煤矿储藏量，故有“西南煤海”之美称。金矿集中分布在黔西南州和安顺市的镇宁、关岭、紫云等县，藏量丰富。锑矿分布在黔南州的独山、三都、惠水及黔西南州的晴隆、册亨、兴仁等县，仅晴隆县的大厂、兴仁县的放马坪两个矿点探明的储量约4.926万吨。磷矿分布在黔南州的瓮安、福泉两县市，“瓮福磷矿区”的磷矿蕴藏量约8亿吨，品位在24～38%之间，居全国第一。

布依族地区风光秀丽、景色宜人。这里有被誉为“高原明珠”的花溪、驰名中外的黄果树大瀑布、安顺“龙宫”、兴义“马岭峡谷”、关岭“花江大峡谷”、荔波“小七孔、樟江大峡谷”、镇宁的“犀牛洞”、平塘“藏字石”、贞丰“三岔河、双乳峰”、清镇的“红枫湖、百花湖”、普定的“夜郎湖”、长顺“杜鹃湖”、安龙的“招提”等等。布依人常常几十户、上百户聚族而居，村寨依山临水，村前田畴纵横。独特的自然景观和浓郁的民族风情，已经成为中外友人和旅游者考察观光的胜地。旅游业正在成为布依族地区新的经济增长点。

【历史沿革】

布依族具有悠久的历史。据历史学家考证，布依族源于古“百越”，秦汉以前称“濮越”或“濮夷”，东汉六朝称“僚”，唐宋称“蕃蛮”，元、明、清至中华人民共和国成立前称“八蕃”、“仲家”、“侬家”、“布笼”、“笼人”、“土人”、“夷族”等。布依族自称“濮越”或“濮夷”，用汉字记音写为“布夷”、“布依”、“布越依”、“布绛”等等。在布依族语言里，“布”是“族”或“人”的意思。故旧方志中，有将布依族记为“夷族”、“夷家”、“夷人”者。除自称之外，不同地区布依族之间还互相称为“布笼”、“布那”、“布土”、“布都”、“布央”、“布笼哈”等等。1953年，根据本民族意愿并经国务院批准，统一命名为“布依族”。

从民族语言、古称、自称及地理分布考察，布依族与壮族具有同源的关系。我国古代越人，人口众多，分布范围很广。分布于两广、贵州一带的西瓯、骆越等族是古代越人的组成部分。现代壮语、布依语与史书记载的骆越语（或称萎语）相同或近似。这是壮族、布依族同骆越人渊源关系的有力证据。此外，古代越人的风俗习惯，如居住“干栏”、敲击铜鼓等等，现代壮族、布依族中仍有遗存。

有学者认为，西汉时的“夜郎”国与布依族有一定渊源关系。其证据为：“夜郎”国辖地虽广，但其中心区当在布依族聚居的今贵阳市、安顺市、黔西南或黔南自治州一带；其次，“夜”与“越”、“郎”与“骆”音近，而“郎夜”（即“夜郎”）与“骆越”含义也是一样的，意为“以郎氏为首领的越人国”。“郎”、“骆”是古代越人对“郎”氏族王、官、领袖或头人首领的音译。最早见于《华阳国志•南中志》和《后汉书•西南夷列传》，相传“夜郎”出自“竹子”（即竹笋），长大后有德于西南夷，是为夜郎王。子孙相沿，以“郎”为首领或当官的。今布依、壮语仍称竹笋为“ranz”，译成汉字就是“郎”。明清称“土官”为“郎”，“汉官”称“汉郎”，又侮称变成“狼”。后来汉族却逐步用来称呼其族或其地。

魏晋南北朝至唐代，布依族、壮族被称为“俚僚”、“蛮僚”或“夷僚”。五代以后称布依族为“仲家”，宋代称壮族为“壮”。“仲”与“壮”同音异写。后来，由于长期分居，便逐步形成了布依与壮两个民族。

考古工作者在贵州省安顺、贵阳及黔南等现布依族聚居区出土了数十件新石器时代磨制石器，其中一些石器，如有肩石锛、带肩石斧等，其形状与东南沿海及华南地区的同类器物形状很相似，可能这些都是古代越人遗留下来的文化，同布依族先民有密切联系。

秦、汉时代的布依族地区，已经产生世袭的王或侯。王侯居住的地方已经形成了“邑聚”，并有强大的武装力量。这说明当时社会生产力已有较大发展。据考古证明，在布依族地区出土的两汉时代文物，主要是铜器和铁器。例如在黔西南州发现汉代的青铜犁、锄、斧、钺，清镇十八号墓出土汉代的青铜剑和钺，以及其它地区出土的汉代铁制锄、锸、铲等，表明当时布依族地区农业生产已经相当发达，但比中原地区落后，仍停留在铜铁并用阶段。这种情况，同《华阳国志》所说“畲山为田，无蚕桑，颇尚学书，……寡畜产，虽有僮仆，方诸郡为贫”是一致的。

西汉以后，“夜郎”地方政权被汉王朝所统一，置牂牁郡。从此，布依族地区和中原地区的接触逐渐增多。唐代，中原王朝在布依族地区设置了一些羁縻州县，以当地少数民族首领为刺史，世袭其地。五代时，增设了“八蕃”土司。宋朝继续推行“羁縻政策”，分别授给当地首领以刺史、司阶、司戈、将军等职衔，分别划归四川路、湖南路和广南西路节制。元代置罗甸宣慰司（安顺市属其地）、顺元路军民安抚司（贵阳地区）、都匀军民府（黔南州部分县属其地）、于矢部万户所（黔西南州及六盘水市盘县属其地）及泗城州军民府（黔南州部分县属其地）等。明代的土司制度更加趋于完备，一直到清雍正年间大规模推行“改土归流”以后，统治布依族地区达一千多年的羁縻制度和土司制度，才逐步结束。

明末清初，布依族地区社会生产又有了进一步发展。这时期，农具中锄头的重量和长度都普遍增加了，锄口也由过去的贴钢改进为夹钢；稻谷脱粒由从前使用棍棒改为使用挞斗，劳动效率大大提高。罗甸、安龙和平塘等地还使用了水碾。由于生产工具和生产技术的改进，生产力水平不断提高，“粮庄百姓”和“私庄百姓”逐渐发生两极分化，其中一部分人日益贫穷而沦为佃农，另一部分却日益富裕而形成富农、地主。而清朝“改土归流”运动，为布依族地区的经济发展提供了强大的政策支持，客观上加速了布依族地区经济的发展和领主经济、土司制度的崩溃。但是，随着地主经济的发展，土地高度集中，地主阶级对农民的剥削却越来越加重，阶级矛盾日益尖锐，激起了布依族人民无数次的反抗斗争。其中，规模最大的是发生于清嘉庆二年，由安龙县布依族农民韦朝元（号七绺须）、王阿崇（号王囊仙）和汉族桑鸿升领导的“南笼”起义。王阿崇是清朝中期布依族一位杰出的农民女领袖，出身于贵州安龙县洞洒寨的贫苦农民家里。清嘉庆元年（1796年），她与韦朝元一起领导“南笼”农民起义时还不到二十岁。嘉庆三年（1798年）九月，王阿崇等起义领袖不幸被俘英勇就义于北京。事后，当地人民曾把王阿崇、韦朝元等人的塑像安放在安龙县城和当丈寨里，其英雄事迹至今仍为布依族人民所传颂。

元、明、清土司制度统治时期的布依族地区社会形态，基本上停留在封建领主经济阶段。土司、土官占有领地内的全部土地，并对土民（农民、农奴）进行残酷剥削，但他们并不完全占有土民，也不能对之任意杀戮。领主把土民和领地分成哨、甲、亭、屯，分别交给哨目、甲目、亭目、甲头去世袭，再分给每一户土民一份土地，自耕自食，不得典卖，把土民紧紧束缚在这块领地上，让他们依附于领主，世代听从土官役使。

土官对领地和土民的统治，有直接、间接两种。直接统治的领地和土民（包括家奴）包括：（1）印田和耕种印田的土民。印田又称俸禄田，即土司将其领地内最好的水田分给附近农民耕种，农民自带耕畜和工具，无偿地为土司耕种，印田的收入全部归土司所有。（2）劳役田和耕种劳役田的土民。土司为了满足其家庭生活的需要，把一部分土地分给农民自耕自食，农民必须为土司无偿服劳役，这些田分别叫做伙夫田、挑水田、针线田、马料田、柴火田、小菜田等。农民种哪种田，就服哪一种劳役。（3）把事田、差役田、兵田和把事、差役、士兵。这是土司分给他的助手把事以及差役等的一种具有代俸性质的田地，由把事等自耕自食，无田赋差役，这种田的所有权仍属于土司，把事一旦去职，田地由土司收回。（4）家奴，以女性为多，是土司家庭的奴隶，无人身自由，她们多半是土司买来的或被陪嫁而来的。

间接统治的领地和土民包括：（1）“粮庄”（又叫粮田、公田）和“粮庄百姓”。“粮田”，是指土司辖区内，由农民“分地而耕，纳租于主（土司）”的田地。改土归流后，地权归属于王朝，改向朝廷上粮，即称为“粮田”或“公田”。耕种“粮田”的人，称为“粮庄百姓”或简称“粮庄”，他们除缴纳租赋以外，还要担负印田的无偿劳动。（2）“私庄”和“私庄百姓”。所谓“私庄”，是指从外地来投靠某一土司的农民，在土司指定的区域内开荒而形成的田地；耕种这种土地的农民，称“私庄百姓”。他们不交赋税，但逢年过节或遇到土官有红白喜事，要向土官“送礼”，每年还要向土官交纳一定的“烟火钱”。土司的劳役田，也多由“私庄百姓”耕种。“粮庄百姓”与“私庄百姓”，是土民中地位较高的阶层，积年累月便形成自由农民。

在太平天国农民革命的鼓舞和影响下，从19世纪50年代开始，布依族地区爆发了历时18年之久的贵州各族农民大起义。影响较大的有：1854年独山州布依族农民领袖杨元保领导的农民起义；1855年安顺郎岱马阿双起义；1861年归化农民响应太平军曾广依部所爆发的农民起义，等等。这些农民起义狠狠地打击和削弱了当时帝国主义和清朝统治者相勾结的反动统治势力。在起义中，布依族人民和当地苗、汉等兄弟民族人民团结战斗，结成了深厚的阶级友谊。

抗击帝国主义的侵略是布依族人民近代史上最为光辉的一页。光绪三十一年（1905年），布依族农民罗发先与罗光远等盟誓，提出“覆清灭洋”的口号，领导当地农民举行武装起义。光绪三十二年（1906年），都匀一带各族人民掀起了反抗法帝国主义文化侵略的斗争。贵定、独山、荔波等地各族人民纷纷响应，参加斗争的群众多达二万人。他们捣毁教堂，惩罚卖国投敌的官僚地主，充分表现了崇高的爱国主义精神和坚强不屈的革命意志。

1935年，中国工农红军北上抗日，路过黔南，沿途受到布依族和兄弟民族人民的热烈欢迎，不少布依族人民为红军带路、送粮、送情报。当红军来到镇宁县扁担山时，红军向当地布依族人民宣传党的民族统战政策，曾有不少布依族青年奋然参加红军，随军北上抗日。1937年，中共桂西党组织在黔南组织“抗日救国会”，借以团结一切抗日力量，打击不法豪绅恶霸。1944年，当日本帝国主义侵略者侵入黔南时，英勇的布依族人民纷纷组织起来，在独山、荔波、三都等地展开了激烈的反抗斗争，给侵略者以沉重的打击。从此布依族人民加入到反抗日本帝国主义侵略的行列中，成为抗日战线中一支重要力量。

布依族人民一直在为争取自由和解放而进行艰苦卓绝的革命斗争，并涌现了一批革命领导者。1932年，时任国民革命军西路纵队司令王海平（望谟县布依族），同意中共黔桂边委的要求，接待红军一个连到法卡（现属望谟县）驻扎，为边委在黔西南地区开展工作创造了条件。1936年红八军第一纵队与王海平部合作，在望谟县板陈消灭了来犯的广西督察军，后又收缴了贵州军阀杨瑜亮残部枪械。当地反对国民党军阀的“民变”武装领袖、布依族人陆瑞光，在镇宁弄染寨的家中接待彭德怀、李富春、杨尚昆等首长，并订立协定，反对蒋介石、王家烈、犹国才及苛捐杂税。红军临走时，曾送给他不少枪支、弹药。后来，陆瑞光带人去广西寻找红军，中途被阻返回，他又派人去安顺找到地下党组织。根据党的指示，他在镇宁、关岭、紫云边区发动组织群众，建立革命根据地。

1943年，贞丰县布依族、苗族等几千人，发动了“反苛政”起义，起义群众提出“官逼民反，不得不反”、“打富济贫”、“杀死杨狗儿（伪县长杨百举）”等口号，起义队伍迅速扩大。他们攻克贞丰县城，杀死恶霸，赶走伪县长，释放入狱群众，安龙、兴仁、镇宁等地各族人民纷纷响应，让反动派惊惶失措。1945年，布依族青年鲁仁俊领导安顺布依族、苗族人民发动了“反三征”（征兵、征粮、征税）起义，镇压了民愤极大的伪乡、保长。1948年，在党的领导下，安龙县布依族青年组织了一支700多人的武装力量，广泛开展“反三征”斗争。同年，中国人民解放军滇桂黔边区纵队成立，并在黔南建立了罗盘游击区，布依族青年王由植领导的关岭游击队改编为滇黔桂边区纵队盘北游击第七支队。1949年6月，布依族青年王秉鋆受滇黔桂边区党组织委派，领导布依族人民发动龙广暴动，狠狠地打击了国民党地方武装力量，并配合南下的中国人民解放军，解放了贵州省。从此，布依族人民与全国各族人民一起，获得了新生。

【风俗文化】

布依族民居有楼房、半楼房和平房数种。半楼房一般采取后半部是平房，前半部是楼房，或左（右）半部是平房，右（左）半部是楼房的建筑格局。楼房和半楼房建筑是布依族传统建筑形式。楼房上层高，住人，下层低，圈牲畜，古称“干栏”，或称“麻栏”。它的结构简单，形式美观，适用于南方山区的地形特点。在房间布局中，堂屋后壁设神龛供奉祖先，左右两侧分隔成灶房、寝室、客房。室内设有火堂，供一家人取暖炊薪。黔中一带，由于地产石头，从基础到墙体都用石头垒砌，屋顶也盖石板，称为石板房；加上石砌的寨墙和山顶的石砌古堡，形成典型的石头建筑群。如扁担山石头寨共230余户人家，所有房屋沿等高线排列，均以石料建成。村寨布局与寨前的田坝、小河及通向各处的石板平桥和石拱桥梁，相互映衬，彼此和谐。

布依族人民以大米为主食，兼食玉米、小麦、红稗、荞麦等。尤喜糯食，并有多种制作方法，如制成糍粑、圆糖粑、耳块粑、枕头粽和三角粽等。逢年过节，必食糯米饭，并以糯米粑赠送亲友。节日里还喜食用花汁和树叶汁染制的各色“糯饭”。副食有各种蔬菜、豆类和肉类。蔬菜加工制品有著名的“独山盐酸”、“酸辣椒”等。肉类加工有熏腌腊肉和香肠；喜食狗肉，各地加工方式不一，风味独特，较著名的有“花江狗肉”、“都匀黄焖狗肉”、“册亨狗肉全席”等。豆类制品主要有豆豉、豆腐、血豆腐等。辣椒、酸菜、酸汤为日常生活不可缺少。布依人家户户皆能酿制糯米酒和大米、玉米烧酒。一些地方还制作糯米烧窖酒、菸仁米酒、蔗糖酒等，颇有特色。有的米酒用野生刺藜果搀和酿造，营养丰富，用以款待贵客。刺藜酒酿造技术，已有数百年历史，如今已发展成大宗商品，畅销全国。

布依族服饰多为青、蓝、白等色。男子在20世纪70年代以前包头巾、穿对襟短衣或大襟长衫及长裤。老人多着长衫。20世纪70年代后男子服饰与汉装无异。妇女服饰式样颇多，镇宁、关岭、普定、六盘水一带目前仍保存布依族较古老的服饰：大襟短衣，领口、盘肩、衣袖和衣脚边沿，皆用织锦和蜡染各色几何图案镶制；下穿百褶长裙，用白底蓝色蜡染花布缝成，佩戴各种银质首饰。黔西南州和黔南州的罗甸等县布依族的妇女服饰，普遍为大襟衣，长裤脚；衣服的盘肩、袖口、襟沿镶有兰干；裤脚为大褶边，或蓝色裤脚镶青布和兰干。衣服的长短和裤脚的大小，各地区都不相同。自制的织锦和蜡染是布依族服饰的主要特点。布依族妇女讲究头饰，婚前头盘发辫，戴绣花头巾；婚后须改用竹笋壳作“骨架”的专门饰样，名曰“更考”，意为成家人。镇宁、关岭地区，姑娘喜拢高髻，形如拱桥，发上插着长约尺许的银簪，配上短衣长裙，绣花布鞋，走起路来风韵飘逸。其他地区则多着短衣长裤，或在衣襟、领口和裤脚镶上蜡染或刺绣花边。黔西南安龙、兴仁一带妇女喜用白布作头巾，戴各色绣花围腰，朴素无华，典雅大方。银、玉手镯、发簪和戒指、项圈等饰品为布依族妇女所喜爱，其样式别具一格，颇富民族特色。

历史上，各地布依族的婚姻习俗不尽相同。有父母包办的婚姻，也有完全自主的婚姻。从史书记载看，布依族在明代以前婚姻是自主的。明代以后，由于各民族的频繁交往和文化的相互交流，特别是以儒家文化为代表的汉文化的影响，布依族的婚姻礼俗才逐渐改变，婚姻缔结从自主择配变成了父母绝对包办。包办婚姻导致早婚（俗称“背带亲”）的产生，即婚姻当事人在幼儿时就由父母订了婚约，然后在十几岁时就结婚。婚礼结束后返回娘家居住，即“不落夫家”。有的则实行“姑舅表婚”，即舅之子娶姑之女，或者相反。

婚姻的缔结，分为“开口亲”、“订亲”、“结婚”三个阶段。先由男方家请媒人数次往返于女方家。媒人第一次到女方家时，勿须提及求亲之事，只须将礼物放在女方家神龛上，说明礼物是某家送的，闲聊一会即返。如过几天女方不退还礼物，媒人可第二次登门求亲。获得同意后，男方就备办一些礼物，邀请家族中的老人、青年人和亲戚，同媒人去女家吃订亲酒。这种仪式，称为吃“开口饭”，一些地区的布依族称之为“吃鸡”或“吃鸡腿”、“插毛香”等。第二次由男方家带酒、公鸡、猪肉及聘礼若干到女方家“订亲”。这一仪礼被称为“更客（吃羊）”或“更老尼（吃小酒）”、“更甘（甘是认定的意思）”等。名称虽异，其内容均为“接八字”和议定聘礼。此后，男方家可以确定婚期，并请媒人通知女方家，以便准备嫁妆。婚礼期间，新郎新娘三天内不得同宿，婚礼第二天，新娘要拜见翁姑及男方亲戚。婚礼第三天早上，新娘挑水或到厨房看一看，其意义类似于汉族的“下厨”。此礼行毕，新娘即启程回娘家，谓之“回门”。布依族村寨的婚礼，远近的青年们都可以赶来听歌唱歌，有的地方唱七八个昼夜。

在实行包办婚姻的同时，布依族青年男女间的交往是比较自由的。青年男女可以利用节日、走亲访友或赶场的机会，聚集在一起“朗绍朗冒”（“朗绍”指会女朋友，“朗冒”指会男朋友）。如果男子相中某姑娘，就请家族中的姐姐或妹妹充当“银雀”，传递信息，女子如若愿意，就把自己事先精心绣好的绣球抛给对方，男女双双走出人群，到不远处对歌。经过多次会晤，建立了感情，就可盟誓终身。

“朗绍朗冒”这种社交活动不限于未婚男女，已婚者亦可参加。不过对于未婚者来说是谈恋爱；对于已婚者而言，则可能是炫耀自己唱歌的才能，或者是对父母包办婚姻的反抗。“朗绍朗冒”中除唱情歌外，还唱苦歌、告状歌和逃婚调等。过去，青年人常因不会唱歌，而找不到对象。现在，“朗绍朗冒”已经不再是布依族青年男女唯一的交际方式了。

布依族家庭实行父系家长制。家长有支配家中经济和指挥成员的权力。男性长辈皆受尊敬，为人正直者更有威望。族中纠纷，自行调解，无须上诉官府。妇女的地位低于男子，寡妇可以继承财产，如果再嫁则不能继承。一些地方有“兄终弟及”（俗称“填房”）的婚制。

家庭结构普遍是小家庭，也有三四代同堂的大家庭。一般情况下，人口较多的人家待儿子长大成婚后就分开居住。有的地区分家时，家中的财产必须先留父母的“养老田”和未嫁姑娘的“姑娘田”，其余田地、房产按子均分。若遇绝嗣人家，财产由其亲属继承。分家后，父母大多同满子（幼子）居住。有的地区没有留“养老田”，几个儿子轮流赡养父母，并共同承担安葬的职责。

布依族丧葬在清代以前，行火葬，不垒坟。清代中叶后才逐渐垒坟、立碑。当老人逝世后，丧家即向舅家和至亲好友报丧，并请本民族的“布摩”（祭师）择定吉日，举办丧事。丧葬仪式繁简程度视家庭经济情况而定。富有之家，要举行“古夜王”仪式，砍牛做斋，大办酒席，丧期甚至长达七天、九天。停柩期间，丧家一律素食。葬式有土坑墓、石棺墓、石室墓、岩洞葬、停棺待葬（二次葬）、瓮棺葬等。

布依族有许多传统节日，除过大年、端午节、中秋节等与汉族相似外，“三月三”、“四月八”、“六月六”等节日都具有本民族的固有特色。

大年节，据方志记载，布依族“以十一月为岁首”。平塘、荔波一带至今仍在十一月三十日“过小年”，但大多数地区已将年节并入春节。每到腊月，家家户户忙着酿酒、打糯米粑、腌制腊肉、做血豆腐，或缝制新衣。除夕以丰盛酒菜供奉祖宗，并燃放爆竹，阖家守岁到鸡鸣。正月初一则有姑娘争挑第一担水回家（名曰“聪明水”）、男孩争先到土地庙旁用绳子牵来小块石头放入畜圈（意为“六畜兴旺”）之俗。大年期间，青年们相邀外出“朗绍朗冒”；中老年人则彼此拜年祝贺，一同饮酒为乐。有的地方还举行玩龙、舞狮、赛马、掷石、铜鼓、唢呐、歌舞、篮球等等娱乐活动。一般到正月十五元宵节后，才开始下地干活。

二月二，主要是祭祀“土地神”，保佑全寨安宁，杀鸡敬祖，吃两色（白、黑）糯米饭。云南省的布依族，这个节日要过三天，进行以祭“老人房”为中心的祭祀活动。三月三，主要是祭山神或扫寨赶鬼，预祝丰收。贵阳附近村寨，举行“三月三对歌会”，又称“仙歌节”或“地蚕会”（传说这天害虫闻听歌声就不敢危害庄稼）。四月八，是纪念耕牛的节日。布依族各地将这一节日称为“牛王节”或“牧童节”、“开秧节”等。这天家家吃“牛王粑”和糯米饭，并以之喂牛，让牛休息一天，用枫树叶泡水给牛洗澡。这一天也是惠水一带布依族青年男女坡上聚会吃糯米饭、唱歌玩乐的日子。

六月六，祭田神、土地神和山神，祭毕用鸡血沾上各色纸旗，或做成大鸟形分别插在各块田中。与此同时，召开“议榔”会议，宣布各种榔规榔约，且由榔头监督执行，借以保护社会财产安全。许多地方（如惠水县的董朗河两岸、兴义市的查白场等）还举行规模盛大的玩山活动。六月六节还有相关的传说。如兴义的查白场传说是为纪念被恶霸逼婚、双双殉情的一对青年男女的；安龙县则是纪念布依族人民反抗封建统治的起义胜利。三中全会以后，由于贯彻执行民族政策，经国家民委批准，确定“六月六”为布依族人民的共同佳节。其隆重程度，仅次于大年节。

吃新节，又叫尝新节。因各地的谷米成熟有先有后，过节日期不尽相同。一般在稻谷将成熟时，由家中男子到田中摘来少量谷穗，放在甑中与糯米一同蒸熟后敬祖。望谟、册亨等地，把新糯谷取来后，先煮熟晾干，舂去谷壳，再用开水泡胀蒸成糯饭，布依语称“根金毫模”。

汉族节日流传到布依族地区后，发生了一些变异。如清明节，布依族除了为新故老人上坟外，还要为所有已故祖先挂纸（俗称挂青）。但望谟县桑郎一带，清明不扫墓，三月三才上坟。红水河一带清明吃三色糯米饭。端午节在布依族中被区分为大端午节（农历五月初五）、小端午节（农历五月十五）。这天布依族除吃粽子外，还吃五色糯米饭。而七月半，布依族要杀鸡、杀猪或杀牛祭祖，为逝者烧纸钱或金银绿锭，送寒衣等生活用品。红水河沿岸要连过三天。十四日做“搭连粑”供祖先。十五日晚到河边放冥船，让其随水漂流。十五、十六日年轻人和孩童聚集大榕树下，或荡秋千，或打陀螺，或去游泳。惠水断杉一带，集中于古桥堡对歌，跳粑棒舞和铜鼓舞，同时进行唢呐比赛。中秋节，布依族一些地方则有孩童“偷瓜”之俗。孩童们将“偷”来的老瓜用红布包好，一路放着爆竹往送膝下无子的年轻夫妇家中，由无子夫妇将南瓜与糯米烹煮而食。被“偷”南瓜的主人不能打骂“偷瓜人”。人们相信用“偷”来的瓜煮糯饭吃，可以生子。

布依族的文化艺术丰富多彩。民间广泛流传的神话、故事、童话、寓言、谚语、诗歌等口头文学，传述着古老的民族历史，歌颂着人民的勤劳勇敢，揭露了旧社会的黑暗和残暴，展望着新社会的幸福和光明。其题材广泛，意境优美，内容健康，语言生动，富于想像力。神话传说如《洪水潮天》、《十二个太阳》、《赛胡细妹造人烟》、《卜丁射太阳》、《茫耶寻谷种》、《黄果树瀑布的传说》等都是人们喜爱的作品。

布依族的民歌，富有民族特色，有叙事歌、古歌、生产劳动歌、习俗歌、情歌、苦歌、哭嫁歌、儿歌、新民歌等。或用布依语演唱，或用汉语演唱，句式和结构不尽相同。用布依语演唱的有五言、七言、杂言三种句式和单段、双段、长篇三种章法。单段歌又称“散花调”，即单独一段自成一首；双段歌又称“双调”，即一首分成两段；长篇歌由若干段组成，或篇幅虽长、不分段落。曲调有“大调”、“小调”之分。“大调”用于婚丧等隆重的场合，音调高昂大方，引人入胜；“小调”则在月夜或“朗绍朗冒”谈情说爱的时候唱，音调柔和、婉转、活泼动听。演唱方式有独唱、对唱、重唱、齐唱等。凡遇建房造屋、迎亲嫁女、老人亡故、迎来送往等场合，都要唱相应内容的歌。有时要昼夜不停地唱数天，这往往带有互相比赛的性质。能歌者对身边的花草、雀鸟等，都可以激起其创作的灵感，编唱出优美含蓄的歌词来。

1950年以后，人民政府为布依族培养了自己的作家队伍，这些作家创作了不少布依族书面文学。如长篇小说《大古山的黎明》、《将军被刺之谜》等，中短篇小说《山鹰飞过河谷》、《儿女们的事情》、《迷梦》、《崖上花》等，散文集《绿色梦》、《瀑乡风情录》、《太阳女》等，诗歌集《盘江放歌》、《叶影集》、《山河恋》、《远山》、《古井》等，剧本《罗细杏》、《金竹情》、《黑山汉子》等，电视连续剧《六马兄妹》、《布依女》等。十一届三中全会后，有三部《布依族文学史》正式出版。

布依族常用的乐器有唢呐、月琴、葫芦琴、竹琴、巴勒、洞箫、短箫、姊妹箫、铜鼓、牛骨胡等。铜鼓是布依族最古老、最具有民族特点的乐器。它全部用青铜铸成，鼓身铸有各种花纹图案。1950年以前，几乎每寨都有铜鼓，隆重节庆必敲击为乐。举行丧葬、祭祀，则只有摩公才能按照仪式的程序敲击铜鼓。

布依族的舞蹈主要有《织布舞》、《糠包舞》、《狮子舞》、《龙舞》、《转场舞》、《铙钹舞》、《花裙舞》、《铜鼓舞》、《铜鼓刷把舞》等，舞蹈动作优美动人。它们把布依族生产生活和风俗习惯融为一体，用艺术形式生动地表现出来，深受人民群众的喜爱。

贵阳、长顺及黔西南册亨县等地区流行布依地戏，多在春节期间组织演出。有专门的戏班子，演员面具多为三国人物及布依摩师等。独山、平塘、三都等县一带，流行一种在花灯歌舞基础上吸收广西彩调艺术发展而成的花灯剧。

布依戏大约始于明末清初，各个戏班的召集人、戏师和演员均为农民。其编排的剧目、演唱的形式，都具有浓郁的乡土气息。剧目大多取材于本民族的故事、传说，如《六月六》、《王山打鸟》、《四接亲》、《金猫宝瓢》、《马边月》等。也有汉族剧目，如《玉堂春》、《柳荫记》、《包公案》等。布依戏音乐由本民族的民歌和民间坐唱曲调衍生而来；语言富有寓意性，擅长使用“比”、“兴”手法，显得诙谐、生动、传神；戏中武打，直接受到武术和木偶戏的影响，古朴而灵活，别具一格；演员的化妆，过去是借助于脸壳的夸张表情，性格化造型，曾引起戏剧界的关注。1956年布依戏《四接亲》、《玉堂春》参加了贵州省第一届工农业业余艺术会演，获得好评；1984年布依戏《罗细杏》、《金竹情》参加了贵州省少数民族戏曲研究汇报演出，《罗细杏》还被选拔参加全国少数民族戏曲剧种优秀剧目录像观摩演出，荣获“孔雀奖”。

布依族工艺美术素负盛名，主要有蜡染、刺绣、织锦、竹编、织染及陶瓷和雕刻等等。色彩绚丽、图案美观的布依族蜡染，是中华民族文化艺术宝库中的珍品。其传统工艺有靛染、蜡染、枫染和扎染四种，其中以蜡染最为著名。制作方法先用铜蜡刀沾蜡液在白布上绘成涡状纹、波浪纹、菱形、对称几何图案等，再以蓝靛溶液配合草药印染，去蜡后即成。成品的自然冰裂纹，形式多样，美观大方。1980年以前，布依族地区有许多印染作坊。1953年，为了发扬少数民族的优良工艺传统，当地政府曾在安顺市建立了一所蜡染工厂，在传统的图案、去蜡、清洗的基础上，又进行了许多革新，使传统的蜡染工艺得到进一步的发展，成为畅销海内外的珍贵工艺品之一。

织锦，亦称“纳锦”，布依语称“读桂”。有“羊羔锦”、“鱼儿锦”、“人物锦”、“蝴蝶锦”等式样，图案为菱形、方形、三角形或回形字穿插组合，各色丝线衬托，花纹精致紧密，瑰丽美观。锦面类似丝绣，但却是在古老的布机上编织而成，且锦花背面向织者，编织中若要检阅花色，需用镜子从下面反照。妇女们就这样全凭记忆熟练操作，继承着祖辈的技术工艺。1984年全国旅游产品评比会上，布依族织锦被评为优秀产品；1985年在全国第五届工艺美术展中又获“优秀创作一等奖”，捧回了“希望杯”。

素有“土呢子”之称的布依族土花布，质地优良，品种多样，可制作成服装、床单、被面、桌布等用品。今日农村仍保持着自纺自织的传统。1985年重庆博物馆在镇宁县六马区一个村寨，就征集到各色土花布35种之多。荔波县以土花布为开发项目，年生产200多个品种，产值250多万元，创外汇20多万美元。

此外，荔波的凉席、独山的斗笠、平塘牙舟的陶器等都很有名。各地妇女的刺绣、剪纸技术、银铜首饰加工以及惠水的枫香印染蜡画等，亦甚精致。特别是平塘牙舟陶工艺考究，历史悠久。由本民族美术家设计制作的陶瓷，还曾作为贵州省政府的礼品赠送给新西兰总理等外国贵宾，为发展中外友谊做出了贡献。

布依族信仰祖先和多种神灵。山、水、井、洞及生长奇特的古树无不被认为是神灵的化身。各村寨建有土地庙。一些特定的宗教仪式，要供奉神竹。各地布依族还供奉雷神、门神、灶神、龙王等等。这些反映了布依族作为农耕民族的原始宗教信仰。

“摩教”是布依族宗教信仰中一个比较成熟的宗教信仰形式，介乎于原始宗教向人为宗教过渡的类型。其宗教职业者分为“布摩”和“摩雅”。布摩是通过学习而成的，在师父的带领下学习一系列的经文和仪式的程序，能够继承师父的衣钵便可出道。布摩尊奉“报陆陀”为开山祖师。在举行各种祭祖活动中，首要的仪式是恭请“报陆陀”莅临，以示整个祭祀活动的权威性。在摩经里，“报陆陀”具有超凡的力量和智慧，能够洞察古今，能够解决人世间任何难题。摩经的基本思想是：人间万物是由始祖神“报陆陀”创造的，万物皆有灵，灵魂具有神秘力量，需要祭祀和崇拜，经过特定仪式和条件万物可以相互转变，达到禳灾祈福的目的。人患疾病是由某种鬼魂作祟，通过举行某种仪式可以驱逐疾病。人死后，灵魂不灭，通过仪式的超度，使灵魂进入仙境。布摩有较为完备的祭祀经典——摩经，还有比较固定和规范的宗教礼仪。举行祭祀活动除了要履行一定的宗教礼仪外，还要辅以对经典的诵读。典籍浩繁的摩经，大致可分为用于丧葬超度活动中的多卷本《殡亡经》、《古谢经》等，也有用于祈福、驱邪、禳灾等目的的各类杂经。摩经包含了布依族古代社会的国家政治、经济和文化生活，乃至人们的社会交往和道德礼仪等内容。摩雅是在某种特定的场合下，通过鬼魂附体而后经布摩的点化（安坛）而形成的，摩雅的巫术活动称之为“打迷纳”。

明、清以后，佛教、道教、天主教相继传入布依族地区，民间有少数信仰者。从摩经的内容和布摩在各种仪式中使用的道具，可以看到佛、道、儒对布依族文化的渗透。明、清时期天主教在布依族地区传教，设有主教署、咨询会，其下有总铎口、堂口等。但因为传教士的为非作歹和天主教与布依族人民信仰相左，天主教遭到了布依族人民的反对。

布依族传统社会组织，有“宗族制”、“议榔制”、“寨老制”等。它们源于古代氏族管理制度，是古代民主制的继承和发展，同时也具有阶级社会的特色。

布依族宗族制，是由同宗同族的一个或数个村寨组成，各地皆然。其血缘组织联系紧密，内部禁止通婚。每个宗族都有族长。族长在宗族成年人中自然产生，一般由辈份较高并有威望者担任；或辈份虽不算高，但属族中经济大户、在社会中有能力有威望者亦可担任。族长之职责，对内申张家教家规，对族人进行道德品格的教育，教育内容包括办事公道、尊老爱幼、相互帮助、自立自强、与人为善、以理服人、热心公益、爱村爱家等。对违反族规者，族长可对之批评教育，甚至处罚。对外，族长代表本宗族利益，维护宗族尊严，体现宗族之风格气度。

宗族议事形式，体现为“家族长全体会议”、“家族长代表会议”、“当事人与评中人专门会议”、“有关方面协商会议”等等。遇事民主协商，决议后族长施行。

宗祠是宗族祭祖和聚会之所，平时有专人守护，定期由族长在祠内主持祭祀，宣布族规，合族聚宴。费用由家族“祭祀田”收入开支。

宗族聚会有“春节送铜鼓会”和“清明节祭扫祖坟聚会”。每个布依族宗族都有一面或数面铜鼓，作为本宗族祖传之宝。春节击鼓为乐，并祭祀铜鼓；至正月十五日晚收鼓，再祭一次。然后，集体送铜鼓到族长家保存，全族置酒宴饮，显示宗族的团结和意志。“清明节祭扫祖坟聚会”，由族长主持召开各家长会议，确定祭扫规模、分工及费用数额。每户出钱若干，届时聚于祖坟前，杀猪备酒祭祖，举行合族宴会。此举有忆祖思今，团结向上之功能。

议榔制，在平塘、惠水等县布依语称“议榔”；在望谟、册亨等县称“议各习”。“榔”源于布依族早期社会的血缘组织，又是本氏族对部落酋长的称谓。“议”即“集中”、“聚会”之意。随着社会发展，“议榔”逐步变为以地缘关系为主的农村公社组织。

“议榔制”组织，小的包括一个或数个毗邻村寨；大的包括数十百寨。不分姓氏宗族，都可以参加。议榔设有榔头、巫师，以及分管军事、主持司法的头领。组织的最大权力机构是议榔大会。主要讨论议榔内重大问题；制定榔规榔约；选举各种执事头领。规约的主要内容是：保护私有财产不受侵犯；维护生产、生活秩序；维护公共道德纲纪伦常；决定保卫集体安全和抵御外侮的具体措施，等等。榔规榔约体现组织内群众的意志和愿望，并有较强的约束力，人人必须遵守，违者必究。在社会动乱时期，榔规榔约往往发挥较大作用。

布依族地区每个村寨都有寨老会，布依语称为“卜板”。寨老是一寨的自然领袖，由群众推举。寨老人数，二三人至五六人不等，视村寨大小、人选多少而定。寨老的威望和权力是自然形成的。他们是村寨中有处理事务能力的人，平时村寨中有什么事情都乐意找他们商量，听取他们的意见；在发生重大事件需要大家一致行动时，人们乐意听从他们的指挥，公认他们的地位。寨老无需经过正式的选举产生，也不存在世袭的问题。他没有任何特权和利益，其职责是排解寨内外的各种矛盾纠纷，与村民协商制定保护山林及农作物的“乡规民约”，作出制止或进行械斗的决定，主持村寨内的红白喜事、祭寨神仪式和各种集会。这种具有一定原始性的社会组织形式，直至20世纪80年代仍遗存于一些布依族村寨中。

举行祭寨神庙会，亦是寨老职能之一。民国年间布依族各地盛行祭寨神习俗。一般每年对寨神奉祭数次，时间分别为正月初三、三月初三、六月初六、七月十五。每次献祭牛、猪、公鸡等牺牲，由寨老主持祭仪，祭师念经文祈祷丰收。寨人同餐共宴，这对强化寨规、增强内聚力有较大作用。1950年后，寨神庙会渐趋消失，但寨老制尚存余绪。"
朝鲜族	"朝鲜族人口为1830929人（2010年），主要分布在吉林、黑龙江、辽宁东北三省，集中居住于图们江、鸭绿江、牡丹江、松花江及辽河、浑河等流域。其中，吉林省朝鲜族人口为114.5万人，黑龙江省为38.8万人，辽宁省为24.1万人。此外，还有14.8万多朝鲜族散杂居于北京、山东、内蒙古、河北、天津等地。改革开放后，随着中国经济的迅速发展，越来越多的朝鲜族人口由传统居住地东北三省迁往京津地区、黄河下游、长江下游、珠江下游地区等沿海经济开放区。

朝鲜族最大的聚居区是吉林省延边朝鲜族自治州，2000年全州人口221万，其中朝鲜族有80万人，占我国朝鲜族总人口的41.6%。延边朝鲜族自治州位于吉林省东部，地处中俄朝三国交界，东与俄罗斯滨海边疆区接壤，南隔图们江与朝鲜咸境北道、两江道毗邻，濒临日本海与韩日相望。自治州下辖延吉、图们、龙井、和龙、珲春、敦化六市及安图、汪清二县，全州面积4.27万平方公里，约占吉林省总面积的1/4。位于吉林省东南部的长白朝鲜族自治县，是朝鲜族另一个民族自治地方，处于长白山的环抱之中，2000年全县朝鲜族有1.36万人。

延边朝鲜族自治州，是一个山青水秀，风光绮丽，气候宜人的好地方。这里属长白山丘陵地带，群山耸立，峡谷纵深。享有盛名的长白山，气势雄伟，风光奇特，景色秀美，长白山主峰白头山海拔2744米，是我国东北地区第一高峰，山顶上的天池宛若一块剔透的碧玉，是闻名中外的旅游胜地。天池北侧有一缺口，瀑布悬空而落，浩浩清流奔涌直泻，是鸭绿江、图们江和松花江的源头。奔流不息的海兰江、布尔哈通河、嘎呀河、珲春河、古洞河等碧波如染，蜿蜒回环，滋润着肥沃的土地。地处中、朝、俄三国交界的珲春市防川，则呈现出“鸡鸣闻三国、犬吠惊三疆”的独特边境风貌，这里距图们江出海口——日本海仅有15公里，天晴之日依稀可见湛蓝的日本海，是旅游者向往的胜地。

朝鲜族聚居的这片土地，不仅山川灵秀，而且物产丰美。大面积的原始森林覆盖着起伏重叠的山峦，素有“长白林海”之称，是我国重要的林业基地之一。延边朝鲜族自治州现有林地面积近320万公顷,森林覆盖率超过80%，林木蓄积量达3亿多立方米；长白县林地面积23万公顷，森林覆盖率85%，林木蓄积量达2千万立方米。在浩瀚无边的林海中，盛产各种药材、山货和土特产，最著名的是“人参、貂皮、鹿茸角”三宝以及纤维、油料、芳香、染料等植物资源；密林深处，栖息着东北虎、梅花鹿等多种野生动物。地下蕴藏着丰富的矿产资源，如铜、铅、锌和金矿，自清朝时就已经开始开采。其他如铁、锑、磷、石墨、石英、石灰石、油母页岩等矿藏，储量也十分巨大。

朝鲜族地区是我国北方著名的“水稻之乡”。享有盛名的延边稻米，晶莹剔透，清香扑鼻，清代延边龙井县明岩乡所产稻米就曾被钦定为贡米。这里还是我国重要的烟叶产区，自治州烟叶种植面积已达7000多公顷，年产量1万多吨。延边著名的“苹果梨”，果大、肉多、果心小，汁液丰富，酸甜适度，目前栽种面积已达1万公顷，年产量7万吨左右。此外，人参、党参、贝母、山葡萄、松茸、木耳、元蘑等，也是朝鲜族地区的特产。

朝鲜族有本民族的语言和文字。朝鲜语归属尚无有定论，一般认为属阿尔泰语系。我国朝鲜族现在使用的语言文字称为朝鲜语和朝鲜文。这种拼音文字，是在朝鲜王朝世宗主持下于1444年1月创制，最初称为“训民正音”，简称“正音文”，俗称“谚文”，后改称朝鲜文。朝鲜文现有40个字母，是音素字母，拼写时把同一音节的音素迭成字块，构成方块形文字。以前朝鲜文字中曾夹用汉字，现在都用民族文字拼写。

【历史沿革】

朝鲜族是由相邻的朝鲜半岛陆续迁入、定居东北地区而逐渐形成的我国跨境民族之一。1982年全国人口普查时发现，早在明末清初，有一部分朝鲜族的祖先就已定居在我国华北、东北境内。如河北省青龙县塔沟及辽宁省盖县朴家沟村姓朴的朝鲜族，他们在当地定居已有300多年的历史。

从19世纪中叶开始，有更多的朝鲜人接连不断地从朝鲜半岛迁入，这是中国朝鲜族的主要来源。由于当时朝鲜封建统治阶级残酷的剥削和压迫，特别是1869年前后朝鲜北部遭受了连续几年的自然灾害，饥寒交迫的朝鲜农民纷纷背井离乡，越过鸭绿江和图们江来到中国，在两江一带开垦，同汉、满等族人民杂居共处。据统计，1870年鸭绿江北岸一带已有28个朝鲜族聚居乡。1881年（清光绪七年），延边地区朝鲜族已达1万多人。1883年，在集安、临江、新宾等县的朝鲜族居民已有3.7万多人。同一时期，乌苏里江沿岸一带也移入为数不少的朝鲜农户。但此时迁入人口还不是很多，大多数春来秋去，居住尚不稳定。

19世纪末，清政府的封禁政策逐渐得到解禁，随后实行招民开垦政策。1881年在吉林设置荒务局，在南岗（珲春）、延吉、东沟等地设置招垦局，招募移民，凡应募移入者，均为中国臣民。1885年，清政府将图们江北岸长约700里、宽约50里的地区划为朝鲜族农民专垦区，更便于朝鲜农民大批移入东北地区定居。

1910年，日本强迫朝鲜政府签订《韩日合并条约》，朝鲜沦为日本殖民地。不堪忍受帝国主义残酷剥削和压迫的朝鲜人民和部分爱国人士，大量移入中国东北各地，到1918年已达36万多人。

1931年“九•一八”事变发生后，日本帝国主义只用三个月时间就把中国东北地区沦为其殖民地。为加强对东北地区的统治，把东北建成其物资供应地，日本帝国主义在组织日本农民移至东北地区的同时，还强制朝鲜人移居中国东北。据1940年8月统计，自1937年到1940年，日本以“集团开拓民”等名义强制移民到东北各地的朝鲜农户就达14725户。

到1945年日本战败前，在中国的朝鲜人数量已达216.5万。1945年8月日本投降以后，不少朝鲜人开始陆续返回朝鲜半岛。经过几年的人口变动，至1949年中华人民共和国建立后趋于基本稳定。1953年全国第一次人口普查时，朝鲜族人口为111.1万人。

朝鲜族先民越江开垦之际，处境十分困难。但是，他们在汉、满等民族的帮助下，他们披荆斩棘，辛勤劳动，在垦拓荒地的过程中，建立家园并逐渐定居下来，成为我国民族大家庭中的一员。作为一个农业民族，朝鲜族以在寒冷的北方种植水稻著称，他们在我国农业史上创造性地揭开了崭新的一页。原来图们江、鸭绿江流域多为山区和丘陵，气候寒冷，无霜期最短110天，最长160天，而且都是野草丛生，树根盘绕的荒原或沼泽地带，一般不易种植水稻。但朝鲜族先民不畏艰辛，刨地拓荒，积极试种水稻，终于使水稻在我国东北地区得以种植。在通化县大甸子等地，最早试种水稻成功，以后扩大到临江、怀仁、兴京、柳河、海龙等地，1877年延边开始种植。1906年，朝鲜族农民在和龙县勇智乡大教洞开掘了长达1308米的渠道，灌溉了33顷水田，并获得较高产量，从此延边地区的稻田面积逐年增加，成为我国东北地区著名的水稻产区。据统计，至20世纪20年代，吉林省延边地区、吉林地区水田的100%和通化地区水田的85%，黑龙江省水田的100%，辽宁省开原地区水田的90%、兴京地区和沈阳地区水田的85%、抚顺地区水田的80%和丹东地区水田的70%，均是由朝鲜族人民开发耕种的。

朝鲜族人民勤劳、勇敢，他们从朝鲜半岛移居中国东北时一无所有，在中国深受日本殖民统治者、反动政府和封建地主的三重压迫和剥削，因而他们的革命性很强。朝鲜族人民积极参加了中国共产党领导的各个阶段的反帝、反封建斗争，为新中国的建立做出了自己应有的贡献。

20世纪20年代末，当时东北地区的中国共产党组织还不健全。1928年中共满洲省委正式建立后，特别是在共产国际“一国一党”原则指导下，朝鲜族早期共产主义者纷纷加入中国共产党，党在东北地区的力量得到迅速壮大。据1931年11月中共《满洲省委扩大组织的问题决议案》记载，当时东北的“党员人数由百余人发展到二千多人，由十二个有组织的地方发展到五十五个”，其中“85%的党员是朝鲜族同志”。

“九一八”事变后，祖国东北大地遭到日本帝国主义的侵略统治，朝鲜族人民过着悲惨痛苦的生活。日本侵略者疯狂地推行警察、特务统治，利用宪兵警察和“特设部队”伪自卫团等反动武装，实行“三光政策”，任意屠杀人民，镇压革命力量。日本侵略者把许多朝鲜族村庄烧毁，将居民集体屠杀。例如1932年珲春县烟筒砬子一次被烧了20个村子、1600多户人家的房屋；在三汉里和荒沟，1000多名无辜妇女、儿童全遭杀害。1933年到1935年，在不到30万人口的延吉县，死于日本侵略者屠刀下的朝鲜族竟达两万人之多。延边民谣悲愤地控诉：“冬天死了垛成垛，夏天死了教狗扯。万人坑里埋满人，荒山野地死骨多。”充分揭露了日本侵略者残暴的统治。日本侵略者还企图割断抗日游击队与人民之间休戚相关的联系，强迫实行“集团部落”（集中营）政策，使朝鲜族人民失去了土地、房屋，妻离子散、家破人亡，整个民族濒于灭亡的境地。

但是，敌人愈残暴，朝鲜族人民的反抗愈炽烈。自1928年中国共产党延边区委（1930年8月改东满特委）成立，朝鲜族同各族人民就紧密团结在中国共产党的领导下，积极开展了抗日斗争。从1930年春到1932年春，延边地区先后掀起了“五卅”暴动、“八一吉敦”暴动和秋收、春荒斗争。同时，建立了抗日游击队和群众革命团体反日会、反帝同盟、农民协会等，积极开展各种抗日斗争，不断给日本侵略者以沉重的打击。

在抗日战争时期，朝鲜族人民不畏艰险，组织反日游击队，坚决抗击日本侵略者。后来这些游击队发展壮大成为东北抗日联军最重要的组成部分，正如东北抗日联军主要领导周保中同志所说：“1932年所建立的坚强的东满游击队和1933年所建立的强大的磐石游击队、珠河游击队、密山游击队、汤原游击队、饶河游击队都是由革命的朝鲜同志所创建的。后来它们发展成为抗日联军第一、二、三、四、六、七军。第五军里也有不少优秀的朝鲜同志。”东北的抗日游击根据地最初也主要建立在朝鲜族聚居地区，根据地的朝鲜族人民不仅从人力、物资等方面全力支援抗日游击队，还与之并肩作战，有力地粉碎了日军接连不断的“讨伐”，成为东北抗日游击队伍的坚强后盾。

抗日斗争中，各民族互相支持，互相掩护，涌现了许多英雄事迹。1936年秋，抗日联军的8名朝、汉族女战士在敌人的追击下，奋勇作战，直到射击出最后一颗子弹，一起跳进牡丹江光荣牺牲，用鲜血写下了“八女投江”的悲壮诗篇。1939年，抗日联军10名朝鲜族伤员在临江一个密林养伤时，经常从一位60多岁汉族老大爷那里得到食品，有一次老大爷为伤员磨玉米面时被敌人发现，他在酷刑下始终坚贞不屈，没有吐露半点有关抗联的情况，用自己的生命保护了朝鲜族战士。再如，时任中共东满特委书记的童长荣同志带重病指挥战斗时被敌人发现，当时童长荣病重不能行走，护理他的崔今淑（朝鲜族）不肯自己先走，背着童长荣边打边转移，最后弹尽力竭，二人共同英勇就义。

解放战争时期，朝鲜族人民在中国共产党的领导下，积极投身于新中国的解放事业。这个时期，朝鲜族人民一方面积极响应党的指示，建立巩固了东满、南满根据地，同时还在根据地开展了热火朝天的土地改革运动，积极支援解放战争。另一方面，朝鲜族聚居地区掀起参军热潮，出现许多送子、送夫参军，兄弟姐妹争相报名参军的感人场面。据统计，当时东北解放区参军的朝鲜族青壮年共有62924名，占朝鲜族人口的5%；延边地区有22.2万多名青壮年和1.9万多辆大车组成担架队和运输队支援前线。他们冒着生命危险，贡献了自己的力量。

在整个新民主主义革命斗争时期，朝鲜族人民的英雄儿女在中国共产党的领导下，英勇奋战，不惜牺牲，谱写了无数可歌可泣的壮美诗篇。据延边朝鲜族自治州政府统计，政府登记在册的革命烈士就有14740名，其中朝鲜族革命烈士占97%以上，延边朝鲜族中平均20户里就有一名烈士。如今，延边的各城镇和乡村到处矗立着缅怀烈士的革命烈士纪念碑，正如著名诗人贺敬之所道:“山山金达莱，村村纪念碑”。

在长期的革命斗争在中，朝鲜族涌现出许多杰出人物。例如，曾任中共满洲省委军事委员会书记、中华苏维埃第二次代表大会中央执行委员会委员、红军长征时任红色干部团参谋长、长征结束后任红军第十五军团第七十五师参谋长的杨林（1898-1936），东北抗日联军前身磐石抗日游击队创始人、东北抗日联军第一军杰出指挥员之一、与抗日联军著名将领杨靖宇并肩作战的李红光（1910-1935），曾任中共北满省委委员、东北抗日联军第三军军长及第三路军参谋长的许亨植（1909-1942），曾任中共河北省委书记兼天津市委书记的李铁夫（1901-1937）等。此外，还有著名绘画大师，被誉为“新疆与内地在美术上沟通”第一人、“新疆壁画考古第一人”的韩乐然（1898-1947），中国无产阶级革命音乐事业的开拓者之一、创作中国人民解放军军歌（《八路军进行曲》）和朝鲜人民军军歌（《朝鲜人民军进行曲》）的郑律成（1918-1976）等。

传统上，朝鲜族农村有许多以相扶相助为目的结成民间互助合作组织。从其类型看，既有解决经济困难的各种“契”组织，也有“品阿西”、“扫割里”、“读列”等与农活相关的组织。另外，还有各个村落为丧礼而组织起来的“香读”。

“契”是一种解决村民临时困难而形成的互助性共同生活组织，是以其成员中筹集一些钱应急使用为目的。根据不同功能“契”组织分为许多种。有互助冠婚丧祭的“婚礼契”、“婚丧契”等，有为村落共同事情的“洞契”，有互助农事的“农契“，也有为谋求同龄人之间的友谊而组织的“同龄契”。此外，还有“进学契”、“钱契”等。契组织一般以村落内居民所组成，但也有超越村落范围的。原来契组织主要由男性所组成，但后来出现许多以女性成员为中心的契。一般地说，处理公共事业和增进亲睦方面男性契较多，而女性契多以息利和扶助为目的。“契”的规模有大小，小契平均4—5人，而大契有数十人，甚至数百人。契组织在解决村民的应急事情和加强亲睦方面曾起过较大作用。

“品阿西”是一种换工，它是以家庭为单位的农活中，以换工形式解决劳力和畜力不足而随时组织的相互扶助组织。“品阿西”是农活需要一定劳力但只靠家庭劳力不成时组织起来的。其人数由2人到10人以内，带有暂时性倾向为其特征。后来“品阿西”不仅在农活中，而且在家内手工业、房屋建设和修缮、磨米等方面也广泛被利用。

“扫割里”是旱田犁地时为劳力和畜力的互通有无而组织起来的劳力辅助组织。它由有牛的家庭和没有牛的家庭组成一个作业单位（一般3—4户），包括5—6名劳力，他们同时作业但各有分工。一个村落里一般有几个“扫割里”组织，“扫割里”由一般邻里、亲戚之间组成，故这样组织起来的“扫割里”维持时间比较长久。

“读列”是水田地区为有效地进行灌溉、插秧、田间除草等一次性需要很多劳力的作业所结成的组织，一般在田间除草时组织起来。“读列”以村落为单位组成一个，这里包括村中全体男女劳力。“读列”组织有农旗和农乐，农旗一般称为读列旗，旗上写有“农者天下之大本”。农乐根据地方不同有风铮、风物、军物等不同叫法，其乐器以锣、长鼓、元鼓、法鼓等打击乐器为主。成员出去干活或归来时一定让农旗和农乐队打头阵。水田地区的村落一般都有“读列”组织。

“香读”是为葬礼而组成的互助组织。过去，几乎每个村落都有香读组织，每户都加入。该组织的负责人称为督监，在老人中选举。香读平时保管和管理“丧舆”（送葬时使用的大抬架，它是由十几人抬），如谁家有丧事，香读出面操持丧礼，负责动员年轻人抬丧舆和葬礼。过去，许多朝鲜族农村还存有香读，但在“文化大革命”时期作为封建迷信被排除，丧舆也被销毁。

新中国成立后，随着农村合作化的实现，过去农村建立的各种相互扶助组织也就尽其使命而成为历史。但是，一些互助习俗一直延续至今天。

朝鲜族由朝鲜半岛迁移至中国东北，属于被动性迁移，他们或者因生计所迫，或者为躲避日本侵略者镇压和进行民族独立斗争而越江到中国。所以，朝鲜族社会组织除了传统的民间互助组织以外，更多的是各类反日团体和带有自治性质的社会团体。在朝鲜族历史中，比较著名的团体有1910年代的《垦民会》、《扶民团》等带有自治性质的团体和《大韩独立军》、《北路军政署》、《光复团》、《西路军政署》等反日武装团体，1920年代的《参议府》、《正义府》、《新民府》等民族主义系列的反日团体，1940年中后期的《延边人民民主大同盟》、《东北朝鲜人民民主联盟》、《朝鲜人民民主同盟》、《吉林省民主联盟》等中国共产党领导下的朝鲜族群众团体。

中华人民共和国成立以后，实行民族区域自治政策，在少数民族聚集地区建立民族自治地方，为少数民族当家作主，自主管理民族内部事物创造了条件。吉林省延边地区作为中国朝鲜族最大的聚集地区，于1952年9月3日成立了延边朝鲜族自治州。1958年9月15日，成立了吉林省长白朝鲜族自治县。

民族区域自治是中国解决国内民族问题的基本政策，也是一项重要的政治制度。作为在中国较早建立的的民族自治地方，延边朝鲜族自治州在民族区域自治政策的指引下，政治、经济、文化等各项事业得到了较快发展，充分享受了民族自治权利。

延边朝鲜族自治州成立50多年来，中国共产党和中央政府十分关怀和支持延边的发展建设，党和国家主要领导人周恩来、朱德、贺龙、董必武、胡耀邦、赵紫阳、万里、彭真、叶剑英、邓小平、江泽民、李鹏、朱镕基等先后视察了延边。1983年邓小平视察延边朝鲜族自治州时，曾为延边留下“把延边朝鲜族自治州建设得更快更好些”的题词；1991年江泽民在延边曾为留下“把延边朝鲜族自治州建设成为全国模范的自治州”的题词。延边朝鲜族自治州广大干部和群众积极争创民族团结模范自治州。在中国共产党民族政策照耀下，延边朝鲜族自治州经济社会发展很快，许多经济社会发展指标位于全国30自治州之前列。

延边朝鲜族自治州还认真执行党的民族团结政策,促进民族团结事业,延边各民族和睦相处,平等、团结、互助的社会主义新型民族关系得到进一步巩固和发展。在延边，1954年第一个开展“民族团结宣传月”活动，第一个召开民族团结表彰大会；《民族区域自治法》公布以后，率先制定了《延边朝鲜族自治州自治条例》及8个单行条例；自治州的民族宣传工作、民族法制建设、语言文字工作以及民族文化、民族教育、民族体育等方面的工作，先后受到国家有关部门的表彰。1990年，国家民委授予自治州民族团结进步先进单位；1994年6月，自治州被省政府命名为“民族团结进步模范单位”；1994年9月，被国务院授予“民族团结进步模范自治州”，成为全国第一个获此殊荣的自治州。此后，1999、2005年也被国务院授予“民族团结进步模范自治州”，连续三次被国务院命名为“民族团结进步模范自治州”，这在中国30个自治州中是独一无二的。

【风俗文化】

在长期的历史发展过程中，朝鲜族创造出符合生存条件和充满智慧的诸多生活风俗文化。这些习俗尽管随着时代的变迁有所变化，然其宗旨和基本形式依然如故，一些美风良俗至今为人们所厚爱和传承。

朝鲜族的传统服装与其生活方式相吻合。朝鲜族居住以火炕为中心，平时男人盘腿而坐，而妇女坐相一般是双膝着地的脆式，所以衣着多是宽松式。朝鲜族一般喜着白衣素服，显示出喜爱清净朴素的特性，故有“白衣民族”之称。

在服饰中最具特色并至今仍为人们所喜欢的要数女装。朝鲜族女装分上、下装，上装“则羔利”(短衫)多用色彩明快、花纹漂亮的绸缎或纱类缝制，衣襟很短，只及胸部，袖口略瘦，不用纽扣，以前襟的两个彩色长带系成蝴蝶形。下装为宽松式的彩色高腰长裙，它裹在两三层内衣外，使之更加合身，穿法是先穿裙后穿短衫。与这种服饰相协调，习惯上多穿白色或天蓝色的船型勾鼻胶鞋，这与服饰形成一体，显示出曲线美。这种打扮，如今只能在各种喜庆节日、盛会中所见。

朝鲜族居住于北方，又多从事水稻生产，直接影响其主食习惯的形成。在朝鲜族传统饮食中，稻谷类和蔬菜为基本饮食，菜肴通常以辣为特征。在日常饮食中，一般以米饭为主食，以菜汤为副食，兼备各种风味小菜。朝鲜族历来以素食为主，不喜欢吃油腻的食物，其饮食特点可以概括为辛辣、爽凉、清淡。

朝鲜族风味小菜很有特点，以腌、拌为主要形式，尤其著名的是腌小菜，这是一年四季不可或缺的。朝鲜族很讲究腌，各家为腌小菜都备有大小不同的坛缸，腌菜有白菜、萝卜、缨菜、黄瓜、茄子、大头菜等，其中以辣白菜最为有名。每到秋季，朝鲜族妇女都会忙于腌白菜，这已成为朝鲜族地区一道独特的风景。除了腌菜以外，拌菜也是朝鲜族喜欢的菜肴之一,其种类甚多。朝鲜族善于用各种山菜、海产品诸如桔梗、沙参、蕨菜、野芹菜、海白菜、海菠菜和小鱼、蛎贝类等做拌菜。这种生拌菜在酒席上颇受欢迎，特别是生拌牛肉、生拌牛百叶更是传统酒席上不可或缺的美味佳肴。

一般地说，朝鲜族喜欢吃狗肉。其中，狗肉汤很有特色。做汤时狗肉必须煮烂，吃时还要放点野香菜、辣椒油、花椒面、盐和酱油做的佐料等。盛夏喝一大碗狗肉汤，冒一身汗，就感觉全身舒服，精神爽快。狗肉汤滋补身体，驱热防暑，故有“三伏天喝狗肉汤，胜过人参鹿茸”之说，因而狗肉汤亦称“补身汤”。现在朝鲜族不分季节一年四季都吃狗肉汤，但吃狗肉有一禁忌，即逢年过节、操办婚丧事或搬家时不吃狗肉。

烤肉也是朝鲜族喜爱的一种美味佳肴。朝鲜族烤肉一般使用牛肉、猪肉等，尤其喜欢烤牛肉。除了烤牛肉，鱼片、鸡肉片等也可以烤着吃，如今烤肉店里还备有鱿鱼、明太鱼等海产品和土豆片等。

冷食类主食中，最受朝鲜族欢迎的食品当属冷面。冷面是用荞麦面、小麦面、淀粉等为料，用压面机（过去是木制压面机由人压）压成的。冷面非常讲究汤的味道，故有“十分汤，三分面”的说法。汤有肉汤、豆汁汤、泡菜汤等，最上等的冷面汤要算用野鸡或牛肉熬的汤。佐料有牛肉片或鸡肉丝、苹果片、鸡蛋丝、芝麻、香油、辣椒面、青酱、醋、味素等。冷面具有甜中带酸、香里透辣、凉爽开胃的特点，因此不分春夏秋冬，朝鲜族男女老少都爱吃。

在朝鲜族饮食中还有许多特别食品，其中最具特色的是用米面做的各种糕类，其种类达30多种，主要在逢年过节或举行各种仪式时食用。

传统的朝鲜族住房很有特色，房屋一般建在沿山的平川地带，房屋正面朝阳，依山傍水，保持朴素洁净，尽量与自然环境相融合。房屋多为土木结构的草房或瓦房，屋顶多为四面斜坡，房屋间数多，除灶间、牛房、碓房等房间外，其他全部为起居室。房屋的门窗不分，房间与屋外、房间与房间之间都以滑动拉门隔开，拉即是通行的门，关则是窗或间隔，所以屋内敞亮，通风良好，出入方便。房屋取暖用称为“温突儿邦”（意为温石炕）的火炕。在厨房锅灶烧火，其热气和浓烟通过炕下通道出至户外，使整个炕面温热。火炕非常适合东北冬冷夏凉气候，也适合朝鲜族的传统生活方式。过去，朝鲜族一般不使用椅子和睡床，桌子和饭桌均是短腿的矮桌，不用时叠放在一边。火炕可作睡眠、用餐或开展其他活动的多种用途。这是朝鲜族传统房屋的特点。如今，传统的朝鲜族房屋在城市里已不多见，在农村其内部摆设也有所变化，然而在朝鲜族农村和城市部分家庭仍保留着“温突儿邦”。在朝鲜族住房习俗中也能看出良好的邻里关系，他们特别重视邻里之间的和睦互助。村里谁家盖房子，各家均出人帮忙，这种劳动不计报酬，相应地，主人家也拿出好酒佳肴招待，以表谢意。

朝鲜族非常重视家庭礼仪，自出生到丧亡都有许多礼仪相伴。在朝鲜族的人生周期中最为引人注目的庆典有周岁生日、结婚典礼及60周岁花甲。

朝鲜族家庭都非常重视和认真操办小孩的周岁生日。当天小孩穿着漂亮的生日服装，男孩一般上着“则羔里”(上衣)，外加小坎肩，下穿蓝色裤子，头戴幅巾。而女孩上穿彩绸“则羔里”，下着红绸罗裙。生日当天，最引人注目的活动是象征预言命运的“抓周”。早晨，家人为孩子摆上生日桌席，桌上放着一些米、小豆、打糕、面条、线、书、笔、钱币等带有象征意义的东西。在父母的扶持下，让孩子拿他喜欢的东西，如果孩子拿了笔或书，那么将来一定学习好，成为学者。如果拿的是钱币或大米就说将来会发财，先抓面条或线，则说他会健康长寿，等等。

婚姻是人生大事，作为缔结良缘的婚礼受人重视是必然之事。习惯上，朝鲜族婚礼按“婚仪”、“纳采”、“纳币”和“迎亲”等程序进行。婚仪是父母通过媒人商议好子女婚事，纳采为订婚仪式，纳币是新郎家送彩礼以示对女方家许婚的谢意。迎亲则为结婚典礼，这是整个婚礼中最为重要且最隆重的仪式。

在朝鲜族生命周期的庆典中，还有一个重要庆典是六十寿辰，称为“花甲”。朝鲜族从来都把尊重老人看作是家庭乃至整个社会生活中极为重要的礼节，为老人过花甲既隆重又至诚。一到花甲之日，子女们为老人摆寿席，设酒宴，广邀亲朋好友和邻居欢聚一堂，感谢父母养育之恩，祝愿老人健康长寿。在花甲仪式中，“献寿”为主要内容，即晚辈们依次向花甲老人敬酒跪拜的祝寿之礼。献寿礼按子女长幼之序、亲戚远近之别，及至宾客依次敬酒献寿。献寿礼又是别具风格的庆典活动，人们或者献花敬酒，或者赋诗祝寿。献礼后，老人和妇女们把寿席上的饮食分给在场的年轻人和小孩，人们相信吃寿席上的东西会使人健康成长。

朝鲜族十分重视葬礼，有本民族特有的丧葬习俗。在过去，朝鲜族多实行土葬。当老人亡故后，亲人三天内不准洗脸、理发，也不准吃干饭，而且必须穿孝。亲友来吊唁，首先在遗体前三叩首，再同死者亲属相互二叩首。举行埋葬一定要在单日。入殓时要给死者穿新衣，原来的衣服则烧掉。三天后埋葬。埋葬前要请风水先生选墓地，墓地多选在山坡的阳面，头朝山顶脚朝下。埋葬后，坟前置供品，叩首。以后要连续祭祀三天，饭前先上供：第一天上供祭祀叫“初云”，第二天叫“拜云”，第三天带供品到坟地叫“三云”。此后，每逢死者的生日、死日、清明、端午、中秋节等都要祭祀。随着时代的发展和进步，现在土葬已多改为火葬，程序也日趋简化。

在朝鲜族岁时节日中伴有许多竞技游戏，如摔跤，秋千和跳板等，如今已成为朝鲜族的传统体育项目。

朝鲜族摔跤历史悠久，是在民间最普及和最受欢迎的比赛项目。按传统，摔跤比赛通常在5月端午、8月秋夕等节日里进行。朝鲜族摔跤一般是参赛双方都赤脚，穿短衫裤，右腿套着粗布带，左手抓对方的右腿布带，右手互相抱腰，比赛中先将对方摔倒为胜者，习惯上头等奖品为一头黄牛。赛后优胜者骄傲地坐在得奖的黄牛背上绕场地一周，观众为之喝彩，过去还曾有胜者回家后摆些酒菜款待乡亲的习俗。

荡秋千与玩跳板之俗，在朝鲜族风俗中占有一定位置。每逢端午或秋夕等节日，平时足不出户的姑娘和年轻妇女们都穿着鲜艳的朝鲜族女装，三五结伴聚集在秋千和跳板场上荡秋千或玩跳板，如今这些也由游戏变为传统的体育项目。秋千是在比赛场地竖起两根数丈高的木柱，秋千荡绳一般用麻或染布编织而成。荡秋千一般以高度定胜负。荡秋千时，少女的长裙在空中飞舞，有时像展翅飞腾的白鹤，有时像白鹤扑向地面，有时又像一只彩凤钻入云天，无限的快乐使人们忘却了一天的疲劳。跳板设施较简单，用一块一定长宽的木板架在半米高的支架上即可。跳板比赛时，一人坐在中端压住，两端各站一人，互相跳跃，我上你下，越跳越高，高度可达3、4米。随着跳板的一起一落，腾空而起的妇女摆出各种优美的姿式。技巧娴熟的还在跳跃的一刹那表演各种各样的动作，如劈腿、弯腰、套花环、舞扇子、耍藤圈等，动作急缓有致，轻盈优美。荡秋千和玩跳板，充分显示出了朝鲜族女性的娇健和轻柔。据说，秋千和跳板起源于那个被儒家道德束缚的时代，深居简出、不易出门的姑娘媳妇们借荡秋千和玩跳板时的一跳瞥见院子围墙外的世界。

朝鲜族在长期的生产、生活实践中，创造传承了许多民间口承文化和艺术，主要有民谣、传说和民间故事等。

朝鲜族民谣内容广泛，有农民在长期劳动生活中创造的“农谣”，有从巫俗中发展而成的“神歌”，也有封建社会末期城市庶民创造、后来又传播到农民中而成为民众歌谣的“杂歌”，还有20世纪初由进步学生和知识分子创造、并在口头流传中定型的“新民谣”等。

《阿里郎》是在朝鲜族中流传最广的、曲调优美的传统民谣之一。据传，“阿里郎”一词是由“我难离”、“我离郎""等意思演变而来。《阿里郎》在流传中，因各地歌者的气质、嗜好、习惯差异，形成不同变体，逐渐汇聚为庞大的歌谣群。

《道拉吉》是野外劳动或喜庆自娱时自由演唱的爱情歌谣之一，常常伴之以轻松愉快的舞蹈动作。这首歌谣借朝鲜族最喜欢吃的山菜桔梗为题，抒发了情妹对因封建礼教迫害而死的情郎的爱慕之情。

朝鲜族民间故事反映社会生活的各个方面，内容广泛，种类繁多，归纳起来，大致可以分出幻想故事、动物故事、生活故事、机智人物故事、寓言、笑话等几类，其中流传广泛的有如《兔子和乌龟》、《红松与人参》、《牧童和仙女》、《青蛙三兄弟》、《春香和李道令》、《金先达故事》等。

新中国成立后，朝鲜族民间文学工作者在东北朝鲜族居住地区搜集整理了五千多篇民间故事，结集出版了《延边民间文学作品集》(朝鲜文)、《朝鲜族民间故事选》(汉文)等20多部。其中，由郑吉云搜集整理的《年轻的大力土》、《六兄弟》、《百日红》等被选辑于《中国少数民族文学作品选》。1982年上海文艺出版社翻译出版《朝鲜族民间故事选》，第一次向其他民族的读者系统介绍了朝鲜族民间故事。1983年上海文艺出版社出版的《金德顺故事集》（裴永镇整理翻译)，是我国首次出版的民间故事家本人专集。

朝鲜族舞蹈具有自己鲜明的民族特色，主要包括农乐舞、长鼓舞、扇子舞、象帽舞、顶水舞、刀舞等。其中，农乐舞是朝鲜族中广为流传的民间舞蹈之一，由农乐游戏演变而来，表演以打击乐器锣鼓为先导，领衔者为一打铜锣者，舞蹈的开始、中间的变换及结尾，均由打锣者指挥。表演时，必须有一位打旗的人，旗上要写上“农者天下之大本也”八个大字，站在打锣者之前，尽情舞动，满怀豪情。此外，长鼓舞也是朝鲜族代表性的舞蹈之一，以独特而典雅飘逸的舞姿而驰名中外。长鼓舞以柔软的扛手、伸肩、鹊雀步等动作为主，以肩挎长鼓，右手持鼓鞭，边跳边敲的形式表演，身、鼓、神融为一体，高度协调和统一，有独舞、双人舞和群舞等多种。

朝鲜族传统乐器有伽倻琴、筒箫、奚琴等。伽倻琴为朝鲜族传统弦乐器之首，是民族色彩很浓的弹拔乐器，形状近似于汉族民乐器古筝，演奏时一端着地、一端放于腿上，右手弹，左手弄，表演姿态稳雅别致。筒箫是朝鲜族民族音乐中一种重要的吹奏乐器，自其诞生以来就备受朝鲜族人民的青睐，其音色十分优美，是竹管乐器中的中音乐器。奚琴是朝鲜族人民喜欢使用的一种弓弦乐器，相传是我国宋代东北一带的奚部族所创造，故而得名。"
满族	"满族人口总数为10387958人（2010年），在中国55个少数民族中居第二位。满族分布于全国各地，以辽宁、河北、黑龙江、吉林和内蒙古自治区、北京等省、自治区、直辖市为多，其他散居于新疆、甘肃、宁夏、山东、湖北、贵州等省区及西安、成都、广州、福州等大中城市。

聚居于东北三省及河北省的满族，主要从事农业，这些地区盛产大豆、高粱、玉米、烟草、苹果和柞蚕等农产品和经济作物。山区特产人参、蘑菇、木耳等，也是满族人民的副业生产。东北三省的沈阳、鞍山、大连、抚顺、长春、哈尔滨等城市中的满族主要从事工商活动。散居于全国各地的满族，主要是工人，知识分子也较多。

满族有自己的语言、文字。满语属阿尔泰语系满—通古斯语族满语支。满族文字创立于16世纪末。宋、金时代，女真人曾有过自己的文字，早期女真文字是从汉字脱胎出来的表词——音节文字，但久已失传。16世纪末，努尔哈赤统一东北各部后，以蒙古字母拼写满语读音，形成一种新的文字，称为“老满文”。皇太极时期又在借用的蒙文字母上加圈点，用来区分语音，称为有圈点满文或“新满文”。满文作为一种官方文字，在清代长期使用，一度成为在全国范围内广泛使用的文字，留下了大量档案资料，成为中华民族文化遗产宝库中的瑰宝。清中期以后，满语逐渐被放弃，满族基本上使用汉语北方方言，只有旗人内部和旗籍官员，在一些特定的场合仍然必须使用满语。到20世纪80年代，除了东北个别边远地区和新疆的锡伯族少数老人尚能使用满语外，满语已经消失了。但是，作为曾经广泛使用的语言，满语在许多地方的汉语方言中留下了深深的印记。今天东北各地和北京等地的汉语中，还保留有大量的满语语音和词汇。留居于全国各地的驻防旗人后裔，多操掺杂着当地语音的北方方言，形成一个个的“方言岛”。

【历史沿革】

东北地区的“白山黑水”是满族的故乡。满族的起源，可以追溯到两千多年前的肃慎以及后来的挹娄、勿吉、靺鞨和女真。

肃慎人是东北地区最早见于记载的居民之一，他们生活在长白山以北，东滨大海以及黑龙江和乌苏里江流域的广大地区。肃慎人以狩猎游牧为主业，擅骑射，性勇猛。早在舜、禹时代，肃慎人就与中原地区建立了联系。西周初（公元前11世纪初）肃慎部曾向周朝进献“楛矢石砮”。《左传》记载：“肃慎、燕、亳”为周代的“北土”。

战国以后，肃慎人改称挹娄，有时仍沿用旧称。挹娄人也用“楛矢石砮”狩猎，种五谷并长于养猪，能织麻布，会造小船。三国以后，挹娄人屡次向中原王朝进贡，直接臣属于中原王朝。“挹娄貂”在三国时是当时社会上的珍品。

南北朝、隋、唐时期，肃慎、挹娄的后裔，相继以勿吉、靺鞨的名称出现，人口发展多达数十个部落。靺鞨后来发展为粟末、白山、伯咄、安车骨、拂涅、号室、黑水等七部。

唐代，大祚荣以粟末靺鞨为主体，在松花江上游、长白山北麓一带，建立地方政权“振国”。唐开元元年（713年），大祚荣被唐朝册封为“渤海郡王”，加授“忽汗州都督”，从此便以渤海为号。渤海国的政治、军事制度，均按唐制建立，使用汉字。国王的更替，皆受唐王朝的册封。唐玄宗时，渤海与唐保持了密切关系，入唐的贡使几乎每年都有，多次派遣学生到唐都长安的太学学习。中原地区的政治、经济和先进的科技、文化的影响，促进了渤海的农业和手工业的迅速发展，尤其是冶铁和织绸更为有名。

渤海建国前后，黑水靺鞨经常向唐朝进贡。唐开元十三年（725年），唐朝在黑水靺鞨地区设黑水军，随后设黑水府，分别授黑水靺鞨各部首领都督、刺史等官，并置长史监之，赐姓李氏。以云麾将军领黑水经略使，隶幽州都督，成为唐朝在黑龙江流域设置的直属地方机构。当渤海强盛时，部分黑水靺鞨人为其部属。辽亡渤海后，南迁渤海部民，而黑水靺鞨随之向南迁徙渤海故地，逐渐取代渤海而兴。五代时黑水靺鞨称为“女真”，辽时为避辽兴宗耶律宗真讳，改称女直。此后，女真这一称呼代替了靺鞨，一直沿用到明代末年。

辽代女真人大体可分为三部分。居住在辽东地区的女真人，被称为熟女真或系辽籍女真；居住在松花江以北广大地区的女真人，被称为生女真，或不系辽籍女真；居住在两者之间的被称为回霸（一作回纥）女真。生女真中的完颜部，由于铁的传入和使用，生产发展较快。在首领完颜阿骨打的领导下，起兵反辽并建立金朝。金朝建立以后，与北宋联合灭辽，不久又南进，取代北宋王朝，形成与南宋并立的局面。

金朝占领中原地区以后，贞元元年（1153年）迁都于燕京，实行“南迁北徙”的政策，女真人最初迁徒到燕山一带．以后定居在华北地区，而汉人逐渐向北迁移。定居在中原的女真人，在汉族和周围环境的影响下，逐渐与汉族融合。蒙古灭金以后．他们被列在“汉人”等级中，说明与汉族已无明显的差别。留用在东北地区的女真人，相对来说仍然比较落后。

元代女真人，一部分居住在辽阳等路的辖区内，与汉族杂居共处，逐渐与汉族融合；一部分散处在合兰府水达达等路，即以今黑龙江省依兰县为中心，分布于松花江流域和黑龙江中、下游，东达海岸的广大地区。元“设官牧民”，在这一带地区先后设立五个万户府和东征元帅府，在乌苏里江流域设立两个千户所，在黑龙江下游设立万户府，通过当地民族上层“因俗而治”。

明代女真人按其地理位置和社会发展程度，分为建州女真、海西女真和东海女真（明称野人女真）。建州女真分布在抚顺以东，以浑河流域为中心，东达长白山东麓和北麓，南抵鸭绿江边。海西女真分布于开原边外，辉发河流域，北至松花江中游大转弯处。东海女真分布于建州、海西女真以东和以北地区，大体从松花江中游以下，迄黑龙江流域，东达海岸。在社会经济长足发展的情况下，女真人从狩猎和游牧走向了定居，其经济也从过去的狩猎经济，转为主要从事农业，辅之以狩猎和采集。从社会形态和阶级关系上看，已经出现了奴隶主和奴隶阶级，清人福格在《听雨丛谈》中说：“满洲有稼穑，有城堡世居之民”，“数十巨族，则各踞城寨，小族亦自主屯堡，互相雄长，各臣其民，均有城廓。土著习射猎，知稼穑”。明王朝在广大的女真地区设立了380多个羁縻卫、所，又在黑龙江与恒滚河汇合口对岸的特林地方，设立奴儿干都指挥使司，封女真各部首领为都督、都指挥、千户、百户、镇抚等职，给予敕书、印信、衣冠和钞币，并规定了朝贡与马市的时间与待遇，加强了明朝对东北地区的直接统治。明初以降，以奴儿干都司为中心，在东北地区建立了六条交通干线，设驿站40多座，形成了四通八达的交通网，进一步促进了女真与汉区的经济文化交流。

明中叶以后，女真各部互争雄长，经常征战，形成互相残杀的混乱局面，女真人民遭受了极大的痛苦。清太祖努尔哈赤是建州左卫猛哥帖木儿的六世孙，具有卓越的政治和军事才能，他顺应历史发展的潮流，开始了统一女真各部的战争。努尔哈赤十岁丧母，十五六岁时在阿台家被俘，辽东总兵李成梁见其伶俐，置于部下，在军中屡立战功。十九岁时乘机从李成梁处“飏去”。后来入山采集山货，往来于抚顺马市等处，熟悉汉人地区的情况，受汉文化影响较深。他起兵后，先后被明朝封为指挥使、都指挥使、都督签事和龙虎将军等。从明万历十一年（1583年）起，努尔哈赤先后用11年时间，统一了建州女真，并挫败叶赫等9部联军三万人的进攻。万历四十一年（1613年），又兼并了海西女真中的哈达、辉发和乌拉三部。与此同时，在对东海诸部的用兵中，也不断地取得胜利。在30多年时间中，努尔哈赤将东至海滨、西达开原、北抵嫩江流域、南至鸭绿江广大地区分散的女真各部全部统一起来。

努尔哈赤在统一女真各部的过程中，采取了一系列发展经济的措施，加强了与汉区的联系，促进了女真社会的经济发展，出现“满洲民殷国富”的局面。同时，在政治和军事上进行改革，万历十五年(1587年)，在二道河畔建立费阿拉城，六月“定国政”，确立了保护私有财产的法律。在统一女真各部的过程中，努尔哈赤对狩猎组织牛录，进行了创造性的改造，建立了著名的八旗制度，对后金及清王朝的历史，以及满族社会历史的发展，产生了重大影响。明万历四十四年（1616年），努尔哈赤在赫图阿拉（今辽宁新宾满族自治县）建立大金国，自称“英明汗”，史称后金。后在统一女真各部和对明朝的战争中，先后将都城迁至辽阳东京城和沈阳。天命十一年（1626年），清太宗皇太极继位后，改元“天聪”。八旗蒙古和八旗汉军在这一时期陆续组建完成。天聪十年（1636年）皇太极改国号“大清”，建元崇德。努尔哈赤和皇太极为巩固和发展后金政权，进行了坚持不懈的努力，为清朝统一全国奠定了基础。

清顺治元年（1644年），清军入关，逐步统一全国，从此开始了满族贵族对全国的统治。

清初，在汉族封建制度的影响下，满族在关外既有的奴隶制和农奴制加速向封建地主经济转化。这个转变过程，充满了激烈的阶级斗争，也包括了自上而下的改革。满、汉统治阶级逐步结合，阶级矛盾和民族矛盾趋于缓和，社会经济也渐次恢复并走向繁荣。康乾盛世，国内安定，疆域空前辽阔，封建经济发展，人口激增，民族关系融洽。

康熙初，占据南方数省的吴三桂、耿精忠、尚可喜“三藩”，渐成割据之势，对国家的统一造成极大的威胁。康熙帝果断决定撤藩，在全国人民的支持下，展开了平定三藩的战争。京旗满族、各地驻防八旗、乃至东北三省的八旗人丁，多有调往前线参战的，为平叛和巩固国家的统一立下功绩。17世纪，沙俄在我国西北边疆地区勾结蒙古准噶尔部噶尔丹汗，不断进攻和骚扰蒙古地区，康熙二十九年（1690年），噶尔丹一度逼进内蒙古乌兰布通地区，距北京仅七百里，京师震动。裕亲王福全率八旗军，在乌兰布通与噶尔丹展开大规模激战，击败噶尔丹部。康熙三十五年（1696年），康熙帝亲率大军，在昭莫多地区与噶尔丹叛军决战，基本歼灭了叛军主力，取得了平叛战争的决定性胜利。此后，经雍正至乾隆70年的斗争，摧毁了准噶尔贵族集团分裂势力。在这场持续数十年的战争中，八旗官兵大量开赴战场，英勇奋战，维护了祖国统一。

在保卫祖国边疆，制止外国侵略方面，满族也做出了自己的贡献。17世纪中叶以后，沙俄不断侵入我国黑龙江流域。康熙二十四年（1685年），康熙帝派遣满族都统彭春率领八旗兵和水师，驱逐沙俄侵略者，保卫了国家领土主权，保护了当地人民。1689年，中俄两国在平等基础上签订了《中俄尼布楚条约》，划定了国界，此后两国边界地区保持了一百多年的正常关系。乾隆后期，英国殖民者支持下的廓尔喀统治者，武装进攻西藏地区，乾隆五十六年（1795年），清派遣满族大学士福康安等率大军入藏，在西藏人民的支持下，击败了廓尔喀，保障了西藏边境的安全，粉碎了英国殖民者的阴谋活动。19世纪初，英国殖民者又指使张格尔多次进扰新疆边境地区，道光帝遣满族大学士长龄率新疆满、汉兵迎击，并调东北及各地驻防旗人驰援，活捉张格尔，再一次粉碎了英国殖民者侵夺中国领土的企图。

康乾时期，中国版图东起库页岛，南及曾母暗沙，西达葱岭，西北至巴尔喀什湖，北跨大漠，东北连外兴安岭，疆土约1250多万平方公里，幅员辽阔的多民族国家进一步巩固。

1840年鸦片战争后，中国沦为半殖民地半封建社会。满族同全国各族人民一道，为保卫祖国独立维护民族尊严，同外国资本帝国主义侵略者进行了英勇抗争，付出了鲜血与生命的代价。

1842年5月，英国侵略者全力进攻两浙海防重镇乍浦，这里也是清代八旗驻防地之一。驻守在乍浦城郊天尊庙的旗兵，在佐领隆福的率领下，连续击退英军的五次进攻，杀伤大量敌军，击毙英军十八团汤林逊中校。276名满族官兵，几乎全部牺牲，甚至外国记载也认为乍浦满兵是顽强的战士。7月，英军进攻镇江，驻守当地的旗兵1000余人，在副都统海龄的率领下，殊死奋战，城陷后又坚持巷战，终因力量悬殊，全部壮烈殉国。恩格斯在赞扬镇江守军的英勇精神时指出：“如果这些侵略者到处都遭到同样的抵抗，他们绝对到不了南京。”第二次鸦片战争中，沙俄殖民者强占我国东北边疆100多万平方公里的领土，当地满、汉各族人民，为捍卫祖国领土、反对沙俄侵略和殖民统治，进行了英勇斗争。1894年中日甲午战争中，日军侵占我国辽东大片领土，激起当地汉、满、朝等各族人民的强烈反抗，他们纷纷组织团练抗击日军，满族魁福、锡寿等都是著名的团练首领。在保卫辽阳的战斗中，满、汉人民英勇抵抗，一月之内4次挫败日军进犯。1900年义和团运动爆发，北京、东北三省、河北和山东各地满族人民，积极投身反帝爱国斗争。东北崇信义和团的满族副都统晋昌，率领八旗士兵（育字军）数百名，一举攻下法国教堂，枪杀中国百姓的法国人纪隆也被义和团处死。1911年，辛亥革命爆发，满族拥护革命者不在少数。广州、成都等地的驻防八旗，与革命党人达成和平协议；杭州、荆州等地的驻防旗人，曾与革命军有过短暂交火，但很快就转为和平解决；在东北各地，满族鲍化南、何秀斋等领导了凤城等地的武装起义；满族知识分子宝昆、田亚斌与同盟会员张榕（汉军旗人），在奉天组织了“联合急进会”，提出建设“满汉联合共和政体”的主张。满族人民广泛地参与辛亥革命，表明了满族人民在反抗封建统治的斗争中，与全国各族人民在阶级利益上的一致性。

辛亥革命，清廷覆亡，旗营解散，粮饷停发，八旗制度彻底垮台，对满族的影响是巨大的。八旗制度枷锁的打破，使满族从被少数贵族奴役、驱使和战争的生活中解放出来，但在军阀统治时期严重民族歧视的背景下，他们从赖饷而食转向自谋生计，经历了一个痛苦的过程。而从军阀统治到国民党时期，动荡不安的社会状态以及日本帝国主义对华侵略，更加剧了满族的困苦。

生活在农村中的满族，以东北地区广大农村较为集中，他们与汉族人民一样，身受帝国主义、封建地主和反动军队的重重压迫，生活状态痛苦不堪。清末以来东北农村中的旗地高度集中在极少数的地主手中，失去土地的满族人民流离失所。根据东北三省一些满族聚居地的调查，占人口总数10%左右的地主、富农占有百分之70%以上的土地。租种地主土地的满人，土地较好的要与地主对半分粮，土地瘠薄的则与地主四六或三七分粮。交租之外，还要为地主干各种杂活。贫苦的满族人民如遇天灾人祸，不得不向地主、高利贷者借钱，受到残酷的高利贷盘剥，一般年息三至八分不等。雇工所受的剥削更重，劳动时间长，早晨起五更，晚上点灯完，工钱却很少。据凤城县的实地调查，长工一年的收入最多不超过100元（旧币）。打短工、零工的收入更少，每天只能收入五六角。即使如此，到了农闲季节短工零工也难找到雇主，受到失业的威胁。此外还有苛捐杂税，辛亥革命以后，农村在反动军阀和帝国主义势力的统治下，税种多如牛毛，门户费、协和费、建校费、杂费、综合费等，这些极其沉重的苛捐杂税又必须在指定的时间内交完，否则就要被罚、被打，甚至被抓进牢狱。日伪时期，日本帝国主义搞“开拓团”经营农业，霸占了农村大片土地，满人生活更加悲惨。在日本人实行的“粮谷出荷制度”下，秋收后，农民的所有收成均须上缴，然后靠“配给制”发给粮食来生活，在地主、村长、屯长和配给店老板的层层克扣下，粮食到农民手中所剩无几。还要为日伪服兵役，做劳工。牛马不如的劳工生活夺去了许多人的生命。修筑秘密军事工程的劳工，完工后即被集体屠杀。

生活在城市中的满族，在东北主要集中在东北各大城市中，在日本帝国主义和官僚买办资本开办的工矿企业中，满、汉各族工人遭受残酷剥削，工资极低，随时受到监工的任意凌辱。而且，工矿中各种事故频发，生命也缺乏保障。

内地各省的满族，主要是京旗满族和各地驻防八旗的后裔，集中在驻防地及其周围的大小城市中。在京畿地区，清室贵族、高官后裔中，极少数利用祖产开办了一些商铺，多数人靠出卖房产、珠宝、字画为生，坐吃山空。1931年9月，北平报刊出现“铁帽子王拉洋车”的新闻。过去的皇亲国戚也有在街头打小鼓、卖破烂为生的。下层满族人生活更为悲惨，多数当工人、打零工、车夫、手工业者、小商贩和公教人员，在军阀和国民党统治下过着朝不保夕的生活。此后，民族歧视严重的情况下，满族人被迫改为汉族，否则不是找不到糊口之处，便是丢掉已有的工作、职务。他们被迫隐匿民族成分，流徙四方。广州满族，做小商贩和手工业者占有劳动能力人口的60%以上，成都、荆州等地，做零工、拉人力车等也成为满族人的主要职业。没有固定收入，经常失业，生活困苦不堪。各地满族中知识分子不少，一般是公教人员和科学艺术工作者，在民族歧视的环境中，他们工作极不稳定，工资微薄，加上物价飞涨，生活也十分困难。

在抗日战争和解放战争中，满族人民踊跃参加，为中国人民的解放事业作出了自己的贡献。1931年“九一八”事变后，满族人民迅速掀起了抗日热潮，纷纷参加义勇军、抗日会及红色游击队等组织，采取各种形式打击日本侵略者和汉奸。红色游击队在战斗中日益壮大，联合其他抗日武装，于1935年成立抗日联军，转战东北各地，大批满族人民参加抗日联军，师长以上的满族将领就有王光宇、张兰生、陈翰章、关化新、伊俊山等，他们在中国共产党的培养和领导下，成为抗日联军的骨干，在抗日战争中建立了功勋。全面抗战爆发后，广大满族人民积极支援八路军、新四军等抗日力量，坚持抗日战争。满族关向应曾任八路军120师政委，参预开发晋绥抗日根据地的工作。后又随贺龙挺进冀中，巩固冀中平原抗日根据地，成为中国人民解放事业中的杰出指挥员和无产阶级革命家。

公元12世纪，金朝女真人中，出现了一种社会组织，称为“猛安谋克”。猛安为部落单位，谋克为氏族单位。起初，1猛安可包括8至10个谋克，其首领称为“勃极烈”。金朝建立前，定制为每300户为1谋克，10谋克为1猛安。猛安谋克不仅是军事组织，也是兵民一体的社会组织。所有组织成员，出则为兵，入则为民，并占有一定的土地。金朝最高统治者通过宗室、将领控制着猛安谋克组织。进入中原后，猛安谋克制度又推广于“归附降人”，包括汉人和契丹人。金熙宗在位期间（1135-1137年）发展为军事、生产和地方行政机构三位一体的封建化组织。按金朝官制：猛安为从四品，掌管军务，训练武艺，劝课农桑，并同诸防御州的防御使一样，负有“防捍不虞，御制盗赋”的任务。谋克为从五品，掌抚辑军户，训练武艺，并负有除不管理常平仓之外县令所有的职权。谋克之下分设村寨，50户以上设寨使1人，以按比户口，催督赋役。猛安谋克人户平时在训练之余，从事农业生产。有战事则丁壮接受征发，自置鞍马器械出征；其家口仍留家生产。猛安谋克制度，作为女真族创建的一种军政合一的社会组织和制度，在对外战争与对内统治等方面，尤其是在前期，曾起到重要作用：促进了当时分散的女真各部结成为一个统一的女真族；在灭辽攻宋战争中，大大增强了女真兵的战斗力；在猛安谋克组织下的大批女真人迅速迁到新占领地区屯驻，巩固了对新征服地区的统治；同时，对于大量新征服地方采用猛安谋克编制，减弱了当地人的反抗。此后，分散各地的女真猛安谋克户往往将所受田土租与汉族佃农耕作，收取地租。猛安谋克不事生产又疏于训练，战斗力逐渐衰弱。它与后金及清代的八旗制度颇有类似之处。

清太祖努尔哈赤在统一女真各部的过程中，对狩猎组织牛录，进行了创造性的改造，建立了著名的八旗制度。牛录原为女真人氏族制时期的生产和军事组织，行军或出猎时，各依所属族、寨行进，每十人为一个行进单位，设“牛录额真”为首领（牛录是箭，额真是主的意思）。努尔哈赤在此基础上进行统一组织，规定每三百人编为一牛录，由牛录额真（佐领）管理其内部一切事务。每五牛录为一甲喇，设一甲喇额真（参领），每五甲喇设一固山额真，即旗主（后称都统）。万历二十九年（1601年）初设黄．红、蓝、白四旗，四十三年（1615年）又增设镶黄、镶红、镶蓝、镶白四旗，合为八旗。有清一代，牛录及人数时有变化，但旗制始终未变。天聪九年（1635年），皇太极把众多的蒙古降众和编在八旗满洲下的一部分蒙古人，正式编成“八旗蒙古”。从天聪五年（1631年）到崇德七年（1642年），又逐步编建了八旗汉军。至此，八旗组织的三个部分才最后完成，八旗满洲、蒙古和汉军，统属于同一社会组织——八旗之下。

八旗制度作为一种社会与政治合一、兵民合一的组织，对于有效地组织民众进行战争，对清统一全中国，起到了重要作用。清入关后，八旗组织得到进一步加强。入关时的八旗主力，大半留在北京，将京城的内城，全部作为八旗人口的驻地；留在关外东北地方的八旗人口，称为盛京驻防和宁古塔驻防；以后陆续派往内地各省的八旗，称为直省驻防；康熙至乾隆时期，击败了新疆各部的分裂力量，又陆续建立了以乌鲁木齐、伊犁等地为中心的八旗驻防体系，称为新疆驻防。全国各地通都大邑、关津要道均有八旗驻防，并辅之汉族为主体的绿营军队，形成了以北京为中心，以八旗武装为基础的对全国的控制体系。

清代满族人民基本都生活在八旗制度之下，满族兵丁参加了有清一代几乎所有战事，他们一方面为自己的先世赫赫战功感到骄傲，另一方面，他们为战争付出了巨大的牺牲。清代满族社会生活的最大变化之一，是八旗兵丁由过去关外时期的旗地制，转变为入关后的旗饷制。八旗是兵民合一的组织，原则上所有成年男丁都是士兵或预备兵，入关前是三丁抽一为兵，随着人口的繁衍，康熙时五丁抽一，以后有八丁抽一，十五丁抽一等，战争紧张时可能会全体披甲上阵，甚至妇女也要承担农耕、战争的后勤保障等事务。而其基本生活来源，是靠八旗分给一定数量的旗地。旗地的产出，不仅要负担旗兵及其家属的生活，还要承担旗兵出征所须的行装甲械。入关后，八旗兵丁按“计口授田”的旧制，也在京畿地区得到一份田地，但战事频发，兵丁们根本无暇耕种，也不愿耕种，同时地少人多的汉族地区也不可能提供足够的土地分配给他们，于是从入关时，清王朝开始给八旗兵丁发放饷银和月米，兵饷成为八旗人口的基本生活来源。一般兵丁的饷米，表面上看是丰厚的，但在承担战时武器与马匹等开支及家属的生活后，就不宽裕了。整个清代，八旗兵额一直没有增加，而八旗人口大量增长，大量的旗内成丁不能及时挑补当兵，导致一份兵丁的银米要养活一大家人口的情况。而按照八旗制度的规定，旗内人口不得从事农、工、商各业以谋生计。而且，旗人也不能随意离开所驻地方，规定京旗人口不能离开驻地四十里，各地驻防旗人不能离开驻地20里。这就是清代社会严重的“八旗生计”问题的由来。下层旗兵在八旗制度下日趋贫困化，清廷虽然采取多项措施，力图解决这一问题，但旗制作为不变的根本国策，旗兵的贫困就无法改变。从阶级的角度说，下层旗兵与各族劳动人民一样，也是被统治阶级。

在军事政治上，八旗军队是清政权存在的基石。从民政方面看，八旗制度是清代旗、民分治的有效手段。在清初民族矛盾较为尖锐的情况下，八旗制度将八旗人口与汉族分离，一定程度上缓和了民族矛盾。清中叶以后，旗与民的分隔，也是防止八旗人口消融于汉族汪洋大海中的手段之一。但是，一个民族，全民皆兵，或预备兵，或兵员家属，不准从事农、工、商各业谋生，对于满族为主体的旗下人口来说，也是严重的束缚，最终成为民族发展的枷锁。清中叶以后，“八旗生计”成为清代严重的社会问题和政治问题。太平天国后，清廷财政危机严重，八旗粮饷不能足额发放，八旗人口生活更加困难。此种情况可以简单地归纳为：人口增加而兵额不增加，物价增长而粮饷反减少。辛亥革命期间，成都驻防旗向新成立的军政府报告旗人情况说：“阖城旗族约一万四千余人，其中能自立者不过十分之一、二，余皆家无恒产”。停饷已久，债台高筑，“旗人束手无策，呼诉无门。”从民族长远发展的角度说，八旗制度已成为满族发展的严重桎梏。

【风俗文化】

满族是个勤劳、勇敢、智慧的民族．也是一个善于博收外来文化并融汇创新的民族。在长期的历史发展中，形成富有民族特色的风俗文化。

满族称姓氏为哈拉（hala），丰富而复杂，极富民族文化特色。最初，一个哈拉就是一个穆昆（家族）。后来随着人口繁衍、家族分支与随任驻防调往别处，原来的穆昆又分化出数个新穆昆。一般一个穆昆只有一个哈拉，但也有数个穆昆属于同一哈拉的情况。历史记载，满族姓氏有600多个，在我国各民族的姓氏中，仅次于汉族。与其他历史悠久的民族一样，满族姓氏的起源可追溯到远古的图腾崇拜，但就后来的发展看，主要有以居住地为氏和以部族为氏两种。女真人往往一个穆昆聚居一处，宋元以后，又深受蒙古族的影响，所以称名而不称姓。清入关后，民族关系不断发展，汉军旗人多有用满族称名不称姓的方式命名的，而满洲旗人深受汉族文化习俗的影响，有很多用汉字为姓氏，如瓜尔佳氏以音译改称为关姓，纽呼禄氏以意译改称郎（狼），伊尔根觉罗，又称民觉罗，改汉称为赵。也有将满姓汉语音译的第一个字作为姓氏的，如佟佳氏简称佟，马佳氏简称马，还有图、德、大、暴、呼、阿、肇、西、布等姓氏，大多数是将原来的满姓，用汉字来进行简称。对于这种情形，清统治者十分不满，乾隆以后，清政府多次严令禁止，但并没多大效果。辛亥革命后，绝大多数的满族人，普遍用汉字姓，或捏改汉姓，使他人不知其为满族，以至于今天很多满族人已经不知道自己的老姓了。

满族及其先民长期居住在山林地区，精于骑射是他们的特技，也在他们的生活习俗中打下深深的烙印。满族育儿所用的摇车，直到今天，很多农村仍然沿用。儿童初生时，悬弓箭于门前，象征着他未来要成为一个优秀的射手。六、七岁时，即以木制弓箭练习射鹄，稍长，就骑马佩箭驰骋山林。女人执鞭不亚于男子，姑娘出嫁，弓、箭、鹿皮服是必备之品，结婚时的天地桌上要插上弓和箭。轿车进门，新郎要射三支箭。满族儿歌与民谣中也留下了深深的狩猎生活的痕迹。

满族的服饰，男子自头顶后半部留发，束辫垂于脑后，清入关后，强行在全国推广，使之成为清代满、汉、蒙各族的共同发式。女子发式，幼年时期与男孩一样，稍长，在脑后留有一根或两根辫子，结婚时开脸上头，戴钿子。平时，在头顶盘髻，有架子头、两把头等样式。佩戴耳环，有一耳三环的定式。男子的袍褂两侧开叉，腰中束带便于骑射。其中的“箭袖”（满语：哇哈）别具特色，是在窄袖口上接一个半圆形的袖头，形如马蹄，俗称“马蹄袖”，平时挽起，冬季打猎或作战时放下，覆盖手背以御寒，后来成为清朝礼节中的一个规定动作。少妇穿宽大的直筒旗袍，天足，着花鞋，有花盆底和船形底等样式。早期，富人多穿麻布衣服，穷人用狍鹿皮为衣。进入辽沈以后，贵族富人穿绸缎，平民则着布衣，服饰也等级化了。入关以后，满汉服装逐渐趋于一致，男子所服的坎肩等至今仍有沿用，而女子旗袍历经演变，现已成为我国传统女装的代表。

满族食品也极富特色，历来有“满点汉菜”之说。最能代表满、汉族饮食文化交融的莫过于“满汉全席”。其菜肴选料、制作和吃法上都保持着满族特色，其中山珍如猴头菌、熊掌、人参、鹿茸等大都是来自东北地区。它是满点与汉菜融合的精品，在清乾隆时期就已成型，流传了二百余年，乾隆间《扬州画舫录》所载，扬州地方的“满汉席”，已有菜点100余道了。日常生活中，满族民间还有许多风味小吃和种类繁多的点心。喜欢吃小米、黄米干饭与黄米饽饽（豆包），每逢过节时吃“哎吉格饽”（饺子）。每当阴历除夕，晚饭吃满族独有的风味食品白煮猪肉，炙猪肉及糕点中至今犹存的“萨其玛”等。今天中国北方的饺子、火锅、酸菜、京味糕点等均与满族饮食文化有着渊源关系。

满族的住房，院落围以矮墙，院内有影壁。室内一般有西、中、东三间，西间称西上屋，中间是厨房，东间称东下屋，大门朝南。如两间正房，外屋是厨房，安置锅灶。里屋有三铺炕，西炕为贵，供有祖宗神位，西墙上有祖宗神板。北炕为大，南炕为小。家中来客住西炕，家中长辈多住北炕，小辈可住南炕。满族盖房多开南窗和西窗，冬暖夏凉。

满族旧时婚姻重视门第，盛行早婚和娶大龄女。这与旗内男子当兵出征，希望早育子女有关。贵族官宦人家，盛行指婚，多由朝廷指定结婚对象，一般旗人也有由族长指婚的情况。清代宫廷的“选秀”，是为皇帝及亲王选妃，一般限定在八旗三品官内部遴选。八旗内男女年龄到十六、七岁，即可订婚，男子订婚与结婚年龄可能更小一些。婚姻由父母包办，男方请媒人到女方说亲，先后要去三次。每次都携带一瓶酒，到第三次才能知道是否成功。所以有句俗话“成不成，三瓶酒”。如果成了，女方父母向男方要彩礼，猪、酒、櫃、衣服、首饰等。男方送的彩礼，全部作为姑娘的财产。旧时满族结婚过程较为繁多，有议婚、小定、大定、过礼、送日子、开锁、送嫁妆、迎娶、坐帐、合卺、分大小，回门和住对月一整套过程。结婚时，新娘要在洞房炕上坐帐一日，称为“坐福”。晚间在地上放一桌子，桌上放两个酒壶和酒盅，新郎新娘手挽手，绕桌子三圈后饮酒。炕上点燃一对蜡烛，通宵不熄，房外一人或数人唱喜歌，名曰“拉空家”，或有人用黑豆往新房窗户上撒，热闹一两个小时后自散。三日后新郎新娘回娘家。

满族重视礼节。过去少辈对老辈是三天一小礼，五天一大礼。少辈每隔三天要给长辈打千请安，隔五天见长辈得叩头，打千的形式男女有别，男人哈腰，右手下伸左手扶膝，似抬物状，女人双手扶膝下蹲。路上遇见不相识的长者，要鞠躬垂手问“赛音”（满语，好的意思）。如骑马，要下马闪在路旁让路，等长辈过去，再上马赶路。远方亲友相见，不分男女皆行抱腰接面大礼。

满族的丧葬也有一个演变过程。受自然地理环境等因素的影响，满族先民的丧葬仪式比较简约、粗疏，曾经有天葬、土葬、兽葬、树葬、水葬、火葬等形式。入关前，满族以火葬为主，自顺治帝后期起，受到汉民族文化的影响，满族普遍改成棺材土葬，并结合本民族特点，形成了满族的特色葬俗。乾隆以前，各地驻防旗人由于要将死者及其遗属送回京中故旗，所以仍保持了火葬，而将骨灰装殓回京。乾嘉以后，允许驻防旗人在当地安葬，也改为土葬。早期满族贵族有人殉之俗，后改为剪发代殉和焚烧纸扎的奴仆。在农村地区，不准许在西炕和北炕死人，因为门是活人出入的地方，因此，死人入棺后，只能从窗户抬出。人死后，在院子西边立一杆子，高一丈五尺左右，上挂布幡，幡长九尺，用红布和黑布做成。幡的头和尾是黑布，中间四条是红布。出殡时，亲友要抢幡上的布，给自己孩子做衣服，认为可避邪，不做恶梦等。今天广州满族保持完整的满族坟场，仍能看到满族葬俗的一些特点。

古代满族爱好歌舞，多由狩猎、战斗的活动演化而来。入关后，舞蹈必选身体强壮的人，穿豹皮唱满族歌，伴以箫鼓，称作“喜起舞”，或舞者一半人扮成虎、豹等兽，一半人骑假马追射，称作“隆庆舞”。喜庆宴会时，主客男女轮番起舞，举一袖于额，反一袖于背，盘旋进退，一人唱歌，大家呼“空齐”相和。进入辽沈以后，更多的吸收了其他民族的歌舞形式。在宫廷乐舞中，备有满、蒙、汉，朝等族的舞蹈。

满族的传统体育项目大都与狩猎相关，有举重、摔跤、跳马、跳骆驼及溜冰等。“跳马”要在马飞跑时，横跃马身；跳骆驼则是从后跃上驼背。跳马与跳骆驼，都是为和敌人短兵相接时，便于飞上敌骑的擒拿技术，并成为经常锻炼的运动项目之一。跑冰鞋在19世纪中叶以前是八旗士兵必须操练的一项军事技术。乾隆时期，每年阴历十月都要在北京北海冰面上检阅八旗子弟滑冰，作为训练部队的制度之一。参加这种检阅的人数达1600名(每旗200人)。这样盛大的滑冰大会，在当时是举世无双的。除了表演速度外，还有花样滑冰、冰上足球比赛、冰上杂技、滑冰射箭项目等。旧时旗人所用的木板冰鞋还可在北京民间找到。

在漫长的社会历史发展中，满族先民形成了富于自己民族特点的岁时文化，如远在渤海国时期，就已经有了春节、端午节等节庆习俗。这些习俗与其受到汉文化影响有关，但也具有自己民族的特色，如女真人在端午节有采艾蒿、吃艾糕、系长命锁、射柳祭天等习俗。清入关后，满族的岁时文化与汉族文化结合，互相吸收，渐趋一致，其间仍然显示出满族岁时文化的某些特色。如满族春节吃饺子、吃萨其玛，满族的端午节不是祭祀屈原而是为了健身祛病等等。

春节，是满族人民重要的传统节日。节前要做满族传统糕点——萨其玛，张贴对联、窗花、挂笺（按旗属分别贴红、黄、蓝、白色）、挂“福”字。午夜分发“神纸”之后，晚辈男子到族内各家“辞岁”。除夕半夜子时，家家吃饺子，取“更岁饺子”之意。还要把一枚铜钱（富家有的用金钱小保及宝石等），暗放饺子中．谁吃到了则终岁大吉。除夕，家家院内竖灯笼杆，高可达二丈，上扎松枝，高挂红灯，红灯至初六，夜夜不熄。宫廷中则于腊月二十四日悬挂“天灯”，至次年二月初三日出灯止。

正月十五元宵节又称“灯节”，满族除挂彩灯外，还制作“冰灯”，元宵节的主要内容不是吃元宵，而是观彩灯。满族聚居的市镇，街道上悬挂起成千上万只巧夺天工的彩灯。农村还有元宵节晚上“蒸面灯”之俗。晚清广州“羊城灯市”中，以旗人所制灯最为璀灿夺目，成为广州一种特产。

满族岁时风俗，多与汉族相近，但又保持着不少满族特色。正月十六，北方各地满族妇女，盛行卧冰与“滚冰”，象征着去除晦气；正月二十五“添仓”，祈求丰年；二月初二“龙抬头”祈求风调雨顺；三月三“开马绊”；清明节“祭墓”，上坟插柳；端午节要外出踏青、击球、赛秋千等。近年来，各地满族多有庆祝“颁金节”的民俗：后金时期，皇太极于1635年农历10月13日，将族称定为“满洲”（或作曼殊、满殊），满族人把这一天作为满族的诞生日，举办满族“命名日”，即“颁金节”的庆祝活动。

满族是一个十分重视文化教育的民族。清代以来，在民族关系不断发展的背景下，满族教育与文化也有了很大的发展。满族教育的普及面及办学种类创历史纪录。有隶属于国子监的八旗官学，有隶于宗人府的宗学和觉罗学，专管宗室、觉罗子弟的教育。京畿地区外，在八旗驻防地方和发祥地东北广设官学。普通旗人主要上的是八旗义学。义学隶属于各旗参领，八旗幼童十岁以上入学学习。各驻防地方也多设有义学，以便贫寒旗人子弟也能入学读书。教师一般在本旗佐领下推选，学习满语满文及骑射，学习成绩归档。后期也有由当地汉族儒士充任教师的，学习内容也多转向汉族传统文化。科举方面，清初以降即特设八旗考试，并设满文翻译考试。起初，科举方面还是旗、汉分考，后渐一体考试。教育的普及，对于满族文化的发展起到了重大作用。

清代举国家之力，编纂了一大批类书，如康熙时的《古今图书集成》、乾隆时的《四库全书》等，给中华文化留下了宝贵的财富。满族自身也有相当数量的著作传世。康熙主持编修的《数理精蕴》、《历象考成》、《皇舆全览图》等书，具有较高的科学价值。在科学技术与医疗卫生方面，满族还有相当数量的著作与成果。乾隆的第五子永琪，在几何学上造诣颇深，其算法与今天的几何学大体相同。其孙奕绘在数学领域亦有较高造诣。左都御史拉布敦，“习外国语”，是修洋钟表的能手。满族的外科医学接骨，八旗中称之为“揣搬”。在西医的石膏绷带流行之前，在北京一直占主导地位。乾隆间的伊桑阿就是整骨专家，他培养了许多接骨医师。各地驻防旗人中也有不少的医疗世家。

早期满文著作，如《满文老档》、《太祖实录》和图理琛所著《异域录》等，都是众所周知的著作，学习满文应用之书如《清文启蒙》、《初学必读》、《虚字指南》及《清文典要》等，是以汉文解释满语语法、读法、书法及造句的书。满译的汉文名著极为普遍，汉文名著大多译成满文。官书不计外，民间说部如《三国演义》、《西厢记》、《红楼梦》、《金瓶梅》、《聊斋志异》等，均有满文译本。扎克丹所译《聊斋志异》，将原书神态毕现地译出，文字表达达到了极高的境界。

满族文化的发展，还突出表现在满族用汉文著书立说方面。著名词家纳兰性德所著《饮水词集》和《侧帽集》，清新自然，具有很高的艺术价值。正白旗包衣（家奴）曹雪芹所著《红楼梦》，以封建贵族家庭生活为背景，广泛反映了当时中国社会现实，被誉为中国封建社会的百科全书，将中国古典小说创作艺术发展到了空前的高峰，在世界文学史上占居重要地位。清朝贵族昭梿所著《啸亭杂录》，就其耳闻目睹的清前期的制度、仪礼、事件、人物等，杂记成书，对研究满蒙及清代历史具有参考价值。富察敦崇所著《燕京岁时记》，是北京岁时风土的记录，现有多种外文译本。满族县令和帮额所著《夜谈随录》，反映了满族下层的不满情绪。清代满族还出现了不少女作家，西林太清（顾太清）所著《天游阁集》，具有很高的艺术价值，被誉为清代第一女词人。此外还有科德氏著《琴谱》、完颜悦姑著《花堁闲吟》、库里雅令文著《香吟馆小草》等。

清中叶以后，旗人中出现了一种新的鼓词，只有唱词，没有说白，配合鼓板三弦演唱，名为“清音子弟书”，在北京和沈阳等城市流传很广，为一般市民阶层所喜爱。鹤侣和韩小窗所著子弟书《借靴》、《侍卫叹》等，流传最广。还有一种民间“八角鼓”唱腔和鼓词，直到清末还普遍流传。"
侗族	"侗族总人口为2879974人（2010年），主要分布在贵州省的黔东南苗族侗族自治州、铜仁地区，湖南省的新晃侗族自治县、会同县、通道侗族自治县、芷江侗族自治县、靖州苗族侗族自治县，广西壮族自治区的三江侗族自治县、龙胜各族自治县、融水苗族自治县，湖北省恩施土家族苗族自治州等地。其中，黔东南苗族侗族自治州是我国侗族最大的聚居地，全州侗族人口有121万，占全国侗族总人口的40.8%；黔东南州的黎平县是我国侗族人口最多的县,全县侗族人口有32万多人。

侗族地区地处云贵高原的东端。境内地势西北高东南低，海拔在500米至1000米之间。北部属武陵山脉和苗岭山脉支系，有渠水、潕阳河、清水江流经其间，汇合成沅江注入洞庭湖后流入长江。南部有苗岭山脉，都柳江与浔江流经其间，注入柳江后汇入珠江。境内青山叠嶂，碧水萦回，既有激流险滩，又有清溪幽谷；既有高山峻岭，也有低丘平坝。土壤肥沃，平川及“洞天”盆地星罗棋布，小者数百亩，大者上万亩。终年气候温暖，霜期短，年均气温在摄氏15℃左右，年均降雨量1200毫米。良好的自然条件，适宜于农、林、畜牧业的发展，为侗族人民开发山区，发展经济提供了优越的自然条件。

侗族主要从事农业，兼营林业，农林生产均已达到相当高的水平。农业以种植水稻为主，种植水稻已有悠久的历史。侗族地区的万山丛岭中夹杂着许多当地称为“坝子”的盆地。其中天柱县的天柱大坝、高酿大坝，榕江县的车江大坝，黎平县的中潮大坝，锦屏县的敦寨大坝，是侗族地区著名的大坝，稻田面积均在万亩以上，被誉为“侗乡粮仓”。除了坝田外，侗族还在山谷溪流的两旁开辟良田。有的地方梯田绕岭，直上云天。黎平、从江、通道、三江、龙胜等地均盛产糯稻，素有“糯谷之乡”的美称，其中黎平的“香糯”为糯中珍品。除水稻外，还有小麦、小米、红薯、玉米、土豆等粮食作物。经济作物主要有烟叶、油菜、大豆、辣椒等。

侗族地区是全国八大林区之一，盛产杉木。锦屏、天柱、黎平、榕江、从江是重点林业县，锦屏还被列为全国杉木生产重点县，通道侗族自治县是湖南省的重要林区县，三江和融水是广西的重点经济林区。侗族地区所产的杉木挺直、细密、轻韧、耐朽、易加工，是建筑、造船、造纸、制作家具的上等材料，早在明清两朝就被当作贡木献给朝廷，民国时期远销大陆各地和海外。侗族历来有人工培育杉木的传统，1949年以后培育出“八年杉”、“十年杉”等速成品种，为祖国的建设提供了源源不断的木材。杉木尤以“十八年杉”最为著名。

侗族地区不仅是一个“宜林山国”，也是一个植物王国。侗族地区森林覆盖率一般为26－64%，活立木蓄积量8000多万立方米。树种繁多，共有200多科，1000多属，5000多种。属于国家一级保护的树种有银杉、珙桐、秃杉、桫椤等；属国家二级保护的有23种，三级保护的有30种。有药用植物2000多种，可药用的真菌100余种。主要有茯苓、雷丸、灵芝、党参、当归、何首乌、虫草、竹荪、天麻、杜仲、黄柏、厚朴、枯梗、天冬、银花、吴茱萸、木瓜、白芍、黄连、八角莲、大血藤、小血藤等，药材资源十分丰富。

侗族地区地质地貌独特，成矿条件好，各种矿产资源也非常丰富。已探明的有重晶石、原煤、石煤、汞、石膏、锑、铁、黄金、铜、锰、铜锌、硫磺、铀、磷、钾、水晶石、石灰石、大理石、花岗石、铝土等。其中天柱、新晃两县的重晶石蕴藏量约占全国的40%以上。

侗族地区地处长江和珠江中上游的分水岭，生态环境好，森林覆盖率高，雨量充沛，溪河纵横，海拔落差大，水能蕴藏丰富。仅黔东南水能蕴藏量就有210万千瓦，可开发量124.4万千瓦。

侗族地区名胜古迹丰富，人文景观奇特，民俗文化丰富多彩。这里有中国历史文化名城镇远古城，有中国和挪威共建原生态民族村寨博物馆黎平堂安侗寨，有明代侗族农民起义圣地黎平吴勉洞、吴勉岩，林宽起义的根据地黎平铁炉山，清代侗族农民姜应芳起义圣地天柱九龙山遗址；有中央红军长征通道转兵会议旧址，中共中央政治局黎平会议旧址和榕江县红七军军部旧址；还有抗日战争胜利芷江受降纪念坊；有艺术精湛和雄伟壮观的从江增冲鼓楼和黎平肇兴鼓楼群；有闻名中外的广西三江程阳永济桥、黎平地坪风雨桥。有迷人的榕江三宝风情、乐里风情和晚寨风情，有从江“六洞”风情、“九洞”风情与高增小黄风情，有黎平肇兴风情、三龙风情、四寨黄岗风情和岩洞竹坪风情，有锦屏九寨风情、天柱四十八寨歌场。

侗族自称为gaeml。由于方音的变化，有的地方又称为jaeml或jongl，从词源来看，各地的自称是一致的。在侗族内部，相互之间有称为jaemllaox、jaemljaox或jaemldanx，但是他们的语言大体相同，风俗习惯也相一致。与侗族杂居的水族也称侗族为gaeml，苗族称为daxgul。当地的汉族称为“侗家”或“侗族”。在侗语里，gaeml意思是指“用木条、树枝等作为障碍物进行设防、遮拦、隔离”，用作族称其本意是“生活在被大山阻隔，被森林遮盖的人们”。

侗族人民有自己语言，侗语属汉藏语系壮侗语族侗水语支。侗语以锦屏县南部侗、苗、汉民族杂居地带为界，分成南北两个方言区，每个方言又因各地语音的不同又各分为4个土语。侗语方言的形成明显带有受汉语影响的印记。相对而言，北部方言区的侗族人民和汉族人民交往较密切，懂汉语汉文的人较多，汉文化水平的程度也较高。因此，语言中吸收汉语词汇和使用汉语语法形式较为普遍，语音也趋于简化。而南部方言则保持较古的面貌，元音分长短，有一套完整的促声韵。侗语虽然形成了两个方言，但方言之间的差异不大，内部比较统一。南北方言的语法规则基本一致，方言之间的同源词平均超过70%，不同方言区的人们经过一段时间的交往接触就能通话。

新中国成立以前，侗族人民有语言无文字。新中国成立后，人民政府非常重视发展少数民族的语言文字，积极帮助尚无文字的民族解决文字问题。1956年中国科学院少数民族语言调查第一工作队对14个县22个点的语言进行调查，正式着手侗文的设计工作。1958年在贵阳召开有贵州、湖南和广西三省（区）侗族代表参加的侗族语言文字科学讨论会，正式通过了侗文方案（草案）。侗族人民第一次有了本民族的文字。新创制的侗文是拉丁字母拼音文字，以南部方言为基础方言，以贵州省榕江县车江话的语音为标准音。侗文的创制和推广对侗族地区社会、政治、经济、文化、教育的发展起到了积极的推动作用。

【历史沿革】

侗族先民在先秦以前的文献中被称为“黔首”。秦始皇统一中国，在“黔”的地方设立了黔中郡。唐宋时代，“黔”的名称演变为“峒”或“峝”，“黔首”也演变成为“溪峒之民”或“峒民”。唐宋时期，中央王朝在“峒区”设立羁縻政权，委任土官，称为“羁縻州峒”。《桂海虞衡志》记载：“羁縻州峒，自唐以来内附。分析其种落，大者为州，小者为县，又小者为峒。”《炎徼纪闻》记载：“聚而成村者为峒，其酋长曰峒官。”羁縻州一般辖有若干“洞”。至今侗族地区不少村寨仍保留“洞”的名称，如黎平、从江的肇洞、顿洞、贯洞一带叫“六洞”，岩洞、曹滴洞一带叫“九洞”，黎平的潭洞、特洞一带叫“八洞”，三江、龙胜、锦屏、天柱、新晃等县的不少侗寨也叫做“洞”。侗族这一族名的来历与“溪峒”之名有密切的关系。

侗族的自称最早见于宋代的史籍，用反切的方法记为“仡伶”或“仡览”。《宋史•西南溪洞诸蛮》载：“乾道七年（1171年），靖州有仡伶杨姓，沅州生界有仡伶副峒官吴自由”。南宋陆游《老学庵笔记》卷四：“在辰、沅、靖州之地，有仡伶、仡览”。辰、沅、靖州之地就是今天的新晃、芷江、玉屏、天柱、三穗、靖县、会同一带，正是侗族聚居区的中心地带。这证明侗族先民居住该地已有1000多年的历史，在唐代就已成为单一民族载于史册。明清以来，侗族被称为“僚人”、“侗僚”、“峒人”、“洞蛮”、“峒苗”或泛称为“苗”或“夷人”。民国时期称为“侗家”，新中国成立以后称为侗族。

对于侗族的历史源流，史学界有不同的看法。主要观点有四种：一种认为侗族是土著民族，自古以来就劳动生息在这块土地上，是在这块土地上形成的人们共同体；第二种认为，侗族是从都柳江下游的梧州一带溯河而上迁徙到今日侗乡的，因为南部方言的侗族中都流传有“祖公上河”的迁徙歌谣；第三种认为，侗族是从长江下游的温州一带经过洞庭湖沿沅江迁徙来的，因为北部方言的侗族中流传的“祖公进寨”歌有这样的传说；第四种认为，侗族的主体成份是土著，在长期的历史发展过程中融合了从外地迁来的其他民族成份。

一般认为侗族是从古代百越的一支发展而来的。侗族现在居住的这个地方，春秋战国时期属于楚国商於（越）地，秦时属于黔中郡和桂林郡，汉代属于武陵郡和郁林郡。魏晋南北朝至隋代被称为“五溪之地”，唐宋时期被称为“溪峒”。从古至今，这个地方历代以来都是少数民族活动的地区。从历代的文献看，春秋到秦汉，在这里活动的有“越人”、“黔中蛮”、“武陵蛮”；魏晋南北朝至唐宋时，这里的少数民族被侮称为“五溪蛮”或“蛮僚”，唐宋时又被侮称为“溪峒州蛮”。古代的越人是一个庞大的族群，其内部分为若干个支系，这个族群到了南北朝时期都被称为“僚”。到唐宋时期，僚人进一步分化出包括侗族在内的许多少数民族。宋人朱熹《记“三苗”》中说：“顷在湖南时，见说溪峒蛮徭略有四种：曰僚、曰仡、曰伶，而其最捷者曰苗。”这里出现的“伶”，就是前面宋史和陆游著述中提到的“仡伶”和“仡览”。到了明代，尽管侗族已从僚人当中分离出来，但还有人把侗族称为“僚”。如明末邝露在所著《赤雅》中说：“侗亦僚类”。清代顾炎武《天下郡国利病书》则说：“峒僚者，岭表溪峒之民，古称山越，唐宋以来，开拓浸广。”从而把侗、僚、越几种称呼串连起来。

侗族形成为单一的民族，大概在隋唐时期。唐代，侗族中的上层人物、酋长或首领开始归附于中央王朝。唐王朝在“峒区”开始设立州郡，建立羁縻政权，任命当地的大姓首领为刺史。当时在侗族地区设立的州郡有羁縻晃州（大体包括今湖南新晃侗族自治县全境以及芷江和贵州天柱的一部分）、叙州潭阳郡（领龙标、潭阳、朗溪三县，包括今湖南的芷江、会同、靖州和贵州的锦屏、天柱、黎平东部）、思州宁夷郡（包括今贵州的岑巩、石阡、玉屏、三穗和镇远东部）、古州乐兴郡（包括今贵州的从江、榕江和黎平的西南部）、融州融水郡（包括今广西三江、融水和龙胜西北部）。唐末五代时期，封建王朝衰落，无力统治边疆地区的少数民族，侗族中的大姓土豪自称“峒主”，分管诚、徽二州，辖十个峒，今天的靖州、会同、芷江、绥宁、通道、黎平、锦屏、天柱等地均属“十峒”范围。峒作为侗族社会内部的行政区划，峒中的政治、经济、军事都由“峒主”把持。

北宋时期，侗族的首领们先后归附封建王朝，向朝廷进贡地方特产，朝廷则让他们世袭土官。太平兴国五年（980年），诚州十峒首领杨通宝向宋朝“纳土”。大中祥符元年（1008年），首领向光普投宋，被封为古州（今新晃和玉屏境内）刺史。大观二年（1108年），靖州西道杨再立献土地，周围三千余里，户四千五百，人一万一千。朝廷皆封他们为刺史官职，但并未给他们刺史的权力。宋代，由于受汉族经济文化的强大影响，侗族的政治经济也有了较大的发展。在王朝势力能影响到的地区，“峒首”们也开始创立城池，比附王民，建立学堂。据《文献通考》记载，当时诚州附近的首领已经“创立城寨”，“使之比内地为王民。”而那些住在“峒首”城堡附近的“峒丁”已慢慢地变为“熟户”，那些边远山区则被称为“生界”。

元朝对侗族的统治沿袭了唐宋以来的“羁縻”政策。至元二十年（1283年），元朝征服“九溪十八峒”，侗族地区的土官们大部分归附元朝，朝廷“以其酋长赴阙，定其地之可以立官者，与其人之可以入官者，大处为州，小处为县，并立总管府”。

明洪武五年（1372年），朱元璋命江阴侯吴良收服五开（今贵州黎平县）和古州（今贵州黎平西北和锦屏一带）等侗族地区，得到223峒，人口15000多人。朱元璋对于归附的土官均原官授职。1414年，明王朝设立黎平、新化二府，委任流官直接管辖土司，侗族地区出现“土流并治”的统治局面。吴勉领导的农民大起义失败后，明朝在侗族地区设置了大量的卫、所、屯、堡等军事机构，进一步加强对侗族地区的封建统治。

清初，中央王朝在侗族地区的统治仍然因袭明代的“土流并存”，但土司的实权已趋削弱，均受到流官的节制。雍正年间，中央王朝对侗族地区的部分卫、所进行调整，加强了流官的控制。1725年改五开卫和铜鼓卫隶属黎平府，1727年又改铜鼓卫为锦屏县，改五开卫为开泰县，改平溪卫为玉屏县，改清浪卫为青溪县。1729年，黎平知府张广泗，“以金币贿生苗假道入省，因密记其道里、山川、险阻形势，陈清大帅购募通事，统兵剿抚，略定其地。”平定了雷公山周围的苗侗地区后，在榕江和剑河分别增设古州厅和清江厅。通过改土归流，侗族基本上被纳入了流官的统治范围。

清代，侗族地区的农业经济有了迅速的发展。农田水利的建设，提高了水稻的产量。《黎平府志》卷二说：古州（榕江）“上田每亩可出稻谷五石，中田可出四石，下田可出三石。”作物的种类增多，如晃州在道光年间除水稻、小麦外，还有高粱、小米、豆类等10多种，还普遍种植甘蔗、麻等经济作物。手工业是重要的副业。“六洞”的侗族妇女多织染蓝布，天柱、锦屏侗族妇女所织的侗帕颇为精致。黎平曹滴洞所出的“侗锦”，“精者甲他郡。”晃州工匠石雕的屏风、砚台，颇为精巧。清乾隆年间，由于手摇纺车改为脚踏纺车，效率提高一倍，有些城镇已经出现独立的手工业者。嘉庆年间，榕江、三江等地造船工匠已能造出载重二三吨的木船，往来于榕江、柳州之间。商业也随之发展起来，除农村的小集市外，一些集镇和县城，如王寨（今锦屏县城）以及古州（今榕江县城）等地，已形成为较大规模的市场。清水江已成为全国较大的木材集散地。

宋代以来，特别是明清两朝，中央王朝不断在侗族地区用兵，进行武力征服。为了补给军需和对侗族人民进行控制，统治者在侗族地区实行屯堡制度，成立卫、所机构。明初，实行“拔军下屯，拔民下寨”政策，封建统治者把侗族人民从肥沃的田坝上赶进深山老林，占领田坝，圈占土地。失地的农民生活于水火，苦难重重。广大的失地农民不得不揭竿而起，奋起反抗。洪武十一年（1378年），黎平爆发了在吴勉领导下的侗族人民大起义，起义军直捣靖州，席卷侗族地区，古州一带的12个长官司皆支持吴勉。起义军发展到二十万众，公推吴勉为“铲平王”。随后起义军占领黔桂交界地带，威震湖广。洪武十八年（1385年）八月，明朝令汤和为总兵，随同楚王朱祯领兵30万镇压。上黄一战起义军失利，吴勉被俘就义。吴勉起义是侗族历史上的大事件，在侗族人民的心中留下了深刻的记忆，至今侗族地区还流传着大量怀念和赞颂吴勉的故事和歌谣，侗族人民把吴勉塑造成为一个神话英雄。吴勉领导的侗族农民大起义失败后，明王朝更加紧了对侗族人民的控制。洪武三十年（1397年），明朝在今锦屏县地设置铜鼓卫，屯军18000余名，圈占土地354顷，又使得大批侗族农民流离失所。人们忍无可忍，在锦屏上婆洞一带又爆发了林宽领导的农民大起义。

清朝一代，王朝的屯堡制度更为严密，卫以下设立百户、总旗、小旗等，小旗又辖屯军。雍正七年（1729年）设置古州厅时，“设理苗同知一员，总兵一员，千总二员，驻兵二千四百，安屯军二千八百余户，”“以资控驭。”乾隆元年（1736年）在古州设立左、右卫，共有屯堡40个，屯军2519户，每户授上等田6亩，或中等田8亩，或下等田10亩。这些土地都是从侗族农民手中抢夺去的熟田。可见当时侗族老百姓生活的悲惨，就连朝廷的吏部大臣都承认当时抢夺民田的做法过了头。乾隆二年（1737年），协办吏部尚书事务顾琮宋奏：“贵州于深山邃谷招募屯田，尽夺生苗衣食之地。目今残败之余，潜居岩穴，觅食维艰，待至秋成，必聚众催命为变，残杀掳掠，不可不予筹也。”在封建王朝的压迫下，侗族人民不断发动起义，而每次起义被镇压以后，人口逃亡，田园荒芜，无数人家的田产变成“绝户田土”，而这些绝户田土又变成了屯军的土地。咸丰、同治年间，贵州天柱县一带的土地已高度集中，地主对农民的剥削日益加重，再加上官府的横征暴敛，阶级矛盾日趋尖锐。在太平天国运动的影响下，又爆发了姜映芳、姜芝灵、梁维干等领导的侗族农民大起义。这次起义持续了20年，给清王朝以沉重的打击。

侗族人民除了深受封建王朝的压迫之外，老百姓还要受到土司的剥削。在宋代“每丁岁仅输租三斗，无他徭役”。明、清时期，老百姓不仅要向土司交纳一定数量的粮米和钱款，还要交纳棉花、侗布，甚至还有鸡鸭和猎物。此外，还要为土司服许多额外无偿的劳役。

1840年鸦片战争以后，随着外国资本主义势力的入侵，侗族地区逐渐沦为半殖民地、半封建的社会。在帝国主义、清朝官吏、封建地主以及高利贷者的层层剥削下，侗族人民的生活极端贫困。一直到1949年以前的侗族地区，封建地主经济仍占主要地位。黎平县占总人口4.2%的地主，占有总耕地面积的26.6%，而占总人口54.2%的贫雇农，只占有19.9%的土地。天柱县章寨地主每人平均占有土地为贫农的20倍以上。地主阶级主要对农民进行地租剥削，而商业资本与高利贷资本则采取不等价的方式对农民进行剥削。

民国时期，国民党政府实行保甲制度，利用封建上层人物充当伪乡长、保长和甲长，对劳动人民进行残酷统治，再加上天灾，侗族人民的生活十分困苦。1920年7月中旬，天柱县暴发瘟疫，城中病死300余人。1925年，天柱大旱40余天，田土龟裂，粮食无收，继而水灾爆发，斗米价涨1200文，加之当年瘟疫流行，死者甚多。1926年侗族地区发生灾荒，人们只好挖蕨根、吃野菜度日，饿死的人不计其数。黎平岩寨共20余户，当年全部饿死。侗族民间流传这样的歌谣：“提起丙寅年，两眼泪涟涟，饥荒加匪患，尸骨像杉山”。

国民党政府还执行民族压迫政策，强迫民族同化。1932年三江县成立“改良风俗委员会”，制定同化计划，强制侗族人民“一律改用汉服”。1937年国民党军队在榕江强迫侗族人民改着汉装。1945年从江县的乡长、保长勒令侗族妇女改装，激起侗族人民群众的愤慨。

侗族是一个具有光荣革命传统的民族。辛亥革命期间，杨勉之、谭毓坤、王天培、李世革等侗族子弟，是革命斗争的中坚人物。王天培、李世荣等将领，在武昌起义和北伐战争中身先士卒，“智勇双全，勋荣卓著”，为革命做出了贡献。1921年中国共产党成立后，侗族人民的历史和革命斗争进入了新的时代。在共产党的领导下，侗族人民积极参加革命斗争。1930年工农红军北上抗日时，无论是红七军、红八军的转移，还是红二六兵团南进，在经过龙胜、三江、通道、榕江等侗族地区时，都给各族人民留下了不可磨灭的印象，播下了革命的种子。特别是1934年冬，红军长征再次经过侗族地区，从广西龙胜经湖南通道转兵到达贵州黎平，在黎平县城召开中央政治局会议，确立毛泽东的正确路线，将长征引向遵义，扭转了被动形势。

在解放战争中，侗族人民自发地进行革命斗争，组织武装游击队。在地下党的领导下，先后成立了“桂北龙胜游击队”、湘桂黔边区人民解放军总队、通道“人民翻身队”（后改为“防匪大队”）等武装组织，与国民党反动派及其残余土匪势力作斗争，与全国人民一道，共同推翻帝国主义、封建主义和官僚资本主义，消除了侗族地区的百年匪患，迎来了中华人民共和国的成立。

在革命的各个时期，一大批优秀的侗族儿女加入革命斗争的行列，他们有的成为革命的先驱，有的成为党和国家的领导人，为中华人民共和国的建立做出了卓越的贡献。锦屏侗族青年龙大道，1923年加入中国共产党，是中国工人运动的先驱者和卓越活动家，著名的上海龙华二十四烈士之一。榕江侗族青年罗统一，19岁投笔从戎参加著名的南昌起义，是湘鄂西革命根据地的创始人之一。三穗侗族青年杨至成，1927年加入中国共产党，先后参加南昌起义、湘西起义、井冈山五次反围剿、二万五千里长征、抗日战争和人民解放战争，历任军需部长、后勤部长，被授予上将军衔。新晃侗族青年曹玉清，20岁参加北伐战争，1929年加入中国共产党，参加鄂豫皖革命根据地的四次反围剿，长征时三次过草地，参与创建川陕和洪湖革命根据地，被授予少将军衔。会同侗族青年粟裕，19岁参加共青团，20岁加入中国共产党，参加过南昌起义和湘南起义，参加创建中央苏区和历次反围剿斗争；抗日战争时期，指挥北上抗日先遣队，转战闽、湘、皖、赣边区，参与指挥苏中战役和孟良崮战役；解放战争时期，参加指挥著名的淮海战役、渡江战役和上海战役，是中国人民解放军卓越的军事家，历任师长、野战军司令员、总参谋长、国防部副部长，授予大将军衔，是1949年以后我国军阶最高的少数民族籍将军，历任中国共产党第八届至十一届中央委员、第三届至五届全国人民代表大会常务委员会副委员长。

侗族曾有过较为原始的社会组织和政治制度。古代的侗族社会有一种“款”的社会组织。“款”是村寨间或地域性的一种政治和军事上的联盟，又称为“合款”，主要的目的是应付外族人的入侵和盗匪的掳掠。“合款”组织宋代就有。款有小款、大款和联合大款。小款是相邻的村寨或数十寨的联盟，常以联款时的户数命名，如“千三款”，由从江县的银潭、占里、谷洞、帮土和黎平县的双江、四寨等村寨组成的一个小款，号称有1300户。“千七款”是由从江县的高千、央里、则里、德秋、会里、弄吾、平友、流架等村寨组成，即有1700户组成的“款”。大款由若干个小款组成，上述的“六洞”又称为“六洞款”，其范围包括今天黎平县的肇兴乡和从江县洛香乡和贯洞镇，224个村寨，方圆近500平方公里。侗族历史上曾有过“九十九公”联款议事，其范围大致包括今贵州的黎平、榕江、从江、广西三江和湖南通道5个县的侗族村寨，是一次盛大的联款会议。

“款”的组织较严密。“款首”从寨老中推举担任，无任职期限，有事则主持款会，无事则在家务农，无报酬，是一种义务性的职务。“款脚”，即专职的通信联络员，负责与各寨的通信联系，承担鼓楼火堂用柴和遇警击鼓报信，其生活费用由村民负担。“款坪”是款境内较适中的空旷地，是全款民众集会的地点，一般立有“款碑”。“款约”是一款之内的村规民约，由寨老和款首们议定，是款辖区内村民的行动准则。“款军”由款内的壮丁们组成，是抗敌御匪的主要力量。联款之内，凡有重大的社会政治、军事问题，都要召集款众到款坪集会，名为“起款”，平时逢农闲时节则组织各寨举行赛芦笙、斗牛、讲款等娱乐活动。

“埋岩”也是侗族古老的社会组织形式，因其在集会时将条型石头的一截埋入土中，故名。埋岩起源很早，侗族大部分地方已没有留下这种制度的遗迹，只有广西融水苗族自治县的部分侗族村寨还可以看到残存的埋岩制度和岩规，在滚贝侗族乡还保存有八处完整的岩，其中有滚贝村的处理田产岩，同乐村的处罚偷盗和拐卖人口岩，尧贝村的联合防匪岩，吉羊村的处理婚姻纠纷岩，大云村的男女交往应守侗规岩，之朵村的对付杀人放火岩，必伞坡的对付官兵骚扰岩，尧岜村的侗、苗、汉通婚岩。在执行埋岩制度的地方，埋岩是维持社会安定、调整人际关系、维护生产生活的重要手段，也是一种行政管理制度和原始的立法形式。岩也有大岩和小岩之别，大岩指地域范围较大的埋岩。小岩则指一村一寨之岩。每岩都有岩主，民间称为“执斧头的人”，负责埋岩会议。

过去侗族的村寨都由寨老们来管理，寨老又称为乡老。他们大都是寨内有声望的族长和头人，也有少数是青壮年。他们都能说会道，懂得本寨历史和风俗典故，办事公道，热心地方公益事业，在群众中有一定的威望。寨老没有特定的经济收入，依然是自食其力的劳动者，为村寨办事对他们来说只是一种公益。寨老的职权是主持召开本寨村民会议、代表本寨参加合款会议、负责制定款约和执行款约、维护社会秩序、调解各种纠纷、带领寨民抗敌、参加合款联防、指挥作战、组织公益事业、组织宗教祭祀活动、组织村寨间的联谊活动。新中国成立以后，尤其是改革开放以来，侗族的寨老制已成历史的陈迹，但老人管寨的遗风还存在，很多村寨还组织有老人协会，协助行政做好卫生、防火等工作，发挥老人的积极作用。

“卜拉”是侗族进入到父系社会以后的社会组织，由若干个血缘关系较近的家庭组成，以男性为中心。一个卜拉少则三四十户，多则一二百户。过去卜拉有自己的族长，有行为规范，有公田、公山等公产。通常一个侗寨居住一个或数个卜拉。流行建鼓楼的地方，每个卜拉都建有自己的鼓楼。鼓楼是卜拉力量的象征，也是集体活动的场所。几乎所有的社会活动都以卜拉为单位进行。不属于该卜拉的村寨或成员均被排斥在活动之外。从外面迁入的零散家庭要想在寨中立足，必须加入到本寨的卜拉。由于非宗族成员的加入，卜拉不再是纯血缘集团，而是以血缘集团为主的基层社会组织。在政治上，经济上，思想意识上卜拉都影响和制约着小家庭的生活方式，形成相互依赖，相互扶助，共同抵御外侮的共同体。各个家庭的婚丧喜庆活动都是以卜拉为单位进行；年老体弱、鳏寡孤独者，卜拉各家都自觉照顾；成员之间产生纠纷由卜拉内部解决。在改革开放以前，卜拉在一些侗族聚居地区仍起相当大的作用。改革开放后，由于人口的流动，成员的各种社会关系的变化，很多地方的卜拉观念已渐趋淡化。

【风俗文化】

侗族居住的村寨一般具有依山傍水的特点。侗寨一般坐落在群山环抱之中，寨边梯田层层，寨脚溪河长流，寨头村尾树木参天。大的侗寨六七百户，小的二三十家。侗寨的房屋建筑，一般是用杉树建造的木楼，有一至二层的小楼房，也有三到四层的大高楼。近河或陡坡的寨子，依地形建造吊脚楼。一般是楼上住人，楼下圈养牲畜或堆放草料杂物。侗寨一般由民居、鼓楼、寨门、寨墙、戏台、禾仓、禾晾、水井、石板路、池塘、排水沟等不同功能的建筑和设施组成。在南部地区，绝大多数村寨里建有供奉“萨”的神坛。祖公建村立寨，首先要择地建立鼓楼和“萨”坛，然后才规划道路、布局民房。

鼓楼是侗寨中最具特色的建筑物。一般的村寨建有一座到两座，较大的寨子四到五座。鼓楼是一种木结构重檐建筑，建筑手法综合了中国木结构的“井干式”、“穿斗式”和“抬梁式”工艺。鼓楼底部一般呈方形，少数呈六面形，中央设有火塘，四周配有长凳，是鼓楼的实际使用部分。多数楼内不分层，贯通到顶。外廓密叠的层檐为装饰性楼层，飞阁重檐，层层而上，气势雄伟。重檐层数均呈单数，从3层到15层不等，形式有四面倒水、六面倒水、八面倒水等数种，每层都有飞檐翘角，檐板绘有反映侗族风情的彩绘。广西三江、龙胜和湖南通道一带的鼓楼多为楼阁型，贵州黎平、从江一带的鼓楼多为宝塔型。从江的增冲鼓楼、三江的马胖鼓楼和通道的马田鼓楼，为国家级文物保护单位，是鼓楼建筑的杰出代表。鼓楼不仅是侗族建筑艺术的结晶，更是侗族文化的载体。古代以来，凡聚众议事，制定村规民约，调解民事纠纷，抵御兵匪等重大活动均在鼓楼进行；逢年过节，迎宾送客，对唱大歌，“多耶”踩堂等均在鼓楼进行；平时闲暇，人们则聚集在鼓楼休息，谈论家常、讲故事，弹琵琶、唱古歌，或说古论今。

在侗族聚居的地方，有河必有桥。桥梁大都建筑在村前寨尾的交通要道上，有木桥、石拱桥、石板桥、竹筏桥等。其中名为“风雨桥”或“花桥”的长廊式木桥，以独特的艺术结构和高超的建筑技巧闻名中外。风雨桥长四五十米至百米不等，宽五至六米。以青石砌墩，用巨大的杉木连排作桥身，上建桥廊，并在桥的两头和中间建有鼓楼式的阁楼，上覆青瓦，桥的两边设有栏杆长凳，供行走之人遮风避雨和休息。在侗乡风雨桥到处可见，南部地区临近村寨的溪河上几乎都建有风雨桥。广西三江集风雨桥之大观，有大小风格各异的风雨桥108座，其中的程阳永济桥和岜团桥被列为国家级文物保护单位。贵州黎平的地坪风雨桥、湖南通道平坦的迴龙桥和皇都的普修桥都是侗族地区著名的风雨桥。风雨桥和鼓楼都是由侗家工匠设计建造，不用一钉一铁，全用榫头卯眼套扣接合，牢固异常，可延二、三百年不损。在侗族山区，还有许多供人休息的凉亭，叫“风雨亭”，建筑也很精巧雅致。

侗族饮食习俗很有特色。侗族以大米为主食，也食用小米、玉米、小麦、高粱、薯类，但一般为调剂口味而搭配。肉食以家养的禽畜为主，有猪、牛、羊、鸡、鸭、鹅等，尤喜食鱼类。蔬菜品种较多，以青菜、白菜、萝卜、茄子、豇豆、黄瓜、南瓜、冬瓜、白瓜、辣椒最为普遍。妇女们经常上山采集野生竹笋、菌子、蕨菜等佐餐。男人们农闲时猎取野猪、竹鼠、山鸡、鸟雀等食用。酒在侗族饮食中有极重要的位置。酒多以糯米酿成，家家都会自酿自烤。侗家好客，以酒为礼，以酒为乐，平时则以酒消除疲劳。糯米、油茶、腌酸和鱼是侗族人民最喜爱的传统食品，这类食品与民族习俗息息相关，被公认为是侗家风味。大部分地区日进三餐，很多地方早餐吃油茶，而把午餐称为早饭。进餐时一般都摆低桌短凳，使用碗筷，合家围桌而食。有“牛瘪”、烧鱼、血浆鸭、红肉等特殊食品。以“油茶”、“酸宴”和“合拢饭”款待宾客。

侗族服饰的衣料，过去以自纺自织自染的侗布为主。20世纪80年代以后，已普遍使用机织细布，自织的侗布成为馈赠亲友的礼物。侗族服饰多种多样，不同年龄、不同季节有不同的装饰，有左衽、右衽、对襟；有布扣、铜扣、银扣；有裤装、裙装；喜青、蓝、黑、白各色；有头饰、颈饰、胸饰、腰饰、手饰、脚饰等等。其中头饰达50余种，以银饰为主，有银花冠，银簪、银梳、银发链、银耳环、银耳坠、银耳线等。妇女盛装时，唯见银光闪闪。妇女的发式较特别，分前、后、左右挽髻或盘发辫于头顶，有明显的地区差别。

侗族的民间手工艺制品种类繁多，有刺绣、挑花、编织、彩绘、雕刻、剪纸等，大都实用美观，特色鲜明。侗族妇女善刺绣、挑花，图案有花鸟鱼虫和飞禽走兽，绣于胸襟、领襟、袖口、头巾、枕巾、被面、背扇、袜底为饰，形象生动，色彩绚丽而调和。编织有色彩鲜艳的侗锦，图案精致的侗帕和形式多样的花腰带。彩绘一般见于鼓楼，桥梁，庙宇的栋梁、檐板及匾额上，多采用工笔画法，内容多采自汉族历史故事和侗族民俗风情，也有各种鸟兽图案，色调鲜艳，神态生动。其它如雕刻、剪纸，以及日常生活常用的竹、木、藤等的编制，也都精致实用，具有很高的工艺价值。

侗族社会青年男女社交自由。每逢节日，农闲或劳动之余，姑娘和小伙子们便聚在一起唱歌游玩，用歌声来播种爱情的种子。这种社交活动南北地区有所不同，北部地区是白天在山坡上进行，称为“玩山”或“赶坳”，聚会的地方叫“花园”；南部地区通常在晚上的家中进行，男方称“走寨”，女方称“坐夜”，习惯称为“行歌坐夜”。侗族的婚姻，一般都经过“说合”、“订婚”、“迎娶”等过程。北部地区还有“讨八字”的习俗。解放前，曾流行姑舅表婚，姑妈的女儿要优先嫁给舅家为媳。女子婚后有“不落夫家”的习俗，婚后新娘即返娘家，遇有农忙、节日或重要事情，接回夫家住数日后又返娘家，有的往返数年，直到怀孕生子后才长住夫家。

侗族的家庭是以男子为中心的一夫一妻制个体小家庭，两代或三代同堂的大家庭也很普遍。这种大家庭通常是祖父母、父母与最小的儿子居住。一般情况下，儿子成婚以后，生育了儿女便与父母弟妹分居。分家时，要请舅父及族中的长辈到场，所有的田地、耕畜、房屋、家具、农具等由儿子们按人数均分。家庭中老人受到尊重，分家时要先留下父母的“养老田”。“养老田”随父母，父母跟谁居住便由谁耕种。家庭财产通常只有男儿才有权继承。南部方言区，女子可享有母亲陪嫁的田地以及平时自己积蓄的私房。在有女无儿或儿女全无的家庭中，可以招赘或立嗣传承。绝后家庭的一切财产则按照“有房归房，无房归戚，无戚归众”的习惯法处理。

侗族丧葬实行土葬。正常死亡的成年人可以埋入祖上的坟山，非正常死亡的人或未成年人夭折则埋于僻静的荒野。贵州从江和黎平一带过去有“停棺待葬”的习俗，人死入殓后将棺材停放在效外，等待本房族与死者同年同辈的人都死后，才一同择日安葬。

侗族民间文化艺术丰富多彩，侗族地区被人们称为“诗的家乡，歌的海洋”。侗族诗歌的韵律严谨，题材广泛，情调健康明朗，比喻生动活泼。抒情歌优美细腻，真挚热情；叙事歌委婉曲折，含意深长，是侗族珍贵的文化遗产。这些诗歌的内容十分丰富，有开天辟地、万物来源的神话以及豪放悲壮的英雄史诗，有叙述祖宗迁徙的古歌，有歌颂青年男女坚贞不渝的诗篇和控诉阶级压迫、叙述劳动人民疾苦的长诗。农民起义领袖吴勉、姜映芳的故事和“珠郎娘美”的传说，更是叙事诗歌里动人的篇章。民间的故事传说，题材广泛，形式多样，情节曲折，引人入胜，表现手法富于浪漫色彩，体现了侗族人民丰富的想象力和追求自由、战胜邪恶的善良愿望和乐观主义精神。

侗族人民善长音乐，唱歌在侗族人民的社会生活中具有崇高的地位。年长者教歌，年轻者唱歌，年幼者学歌，歌师传歌，代代相传，成为社会风习。侗族大歌，琵琶歌，拦路歌，均是侗族音乐的优秀代表。“大歌”是侗族音乐中的精粹，主要特征是在音乐上形成了复调结构与表现手法。侗族民间有传统的歌班、歌队组织，每逢节日或歌队出访或迎接歌队来访，以对唱“大歌”而获得声誉。歌班演唱时，领唱与众人合唱相结合，分出高低音声部，其完整的多声部结构是中国目前所发现最完美的民间合唱，被誉为“天籁之音”。

侗族舞蹈有芦笙舞、“多耶”舞、耍龙舞、狮舞等。其中芦笙舞曲调繁多，舞姿有“鱼跃”、“斗鸡”、“盘龙”等10多样，秋后赛芦笙，参会的芦笙上千架，方圆数十上百个村寨参加，观众达上万人。“多耶”舞是侗族古老的歌舞结合的舞蹈形式，活动时，参加的人手拉着手或以手搭肩围成一圈，有节奏的踏步徐行，歌词由一人领唱众人合，是侗族地区最喜闻乐见的娱乐活动。

侗戏是一种具有独特风格的剧种，产生于清朝道光年间。侗戏台步简单，动作纯朴，曲调唱腔多样，由贵州黎平腊洞的吴文彩（约1798-1845年）首创，已有100多年的历史。发展至今，有民间戏班近500个，传统和现代剧目近千出。新中国成立后，传统剧目经过不断的挖掘和提炼，无论在主题上或艺术形式方面都更趋于完善，反映侗族人民新面貌的现代剧目也日益增多，深受观众的赞扬和喜爱。侗戏的伴奏乐器主要有侗族民间乐器琵琶、牛腿琴以及二胡、铃、锣、钹、鼓等。

侗族有丰富多彩的民族传统节目。一年中的各种节会活动不下百处（次），仅黔东南侗族地区一年之中就有各种节会活动84次。有全民族普遍过的节日，也有一村一寨、一族一姓的节日。春节、活路节、尝新节、三月三、林王节、牛神节、芦笙节、花炮节、大雾梁歌节、四十八寨歌节、斗牛节等节会最为隆重。节日的内容广泛，涉及时令、生产、祭祖、信仰、姓氏、英雄、爱情、娱乐、体育等。随着民族文化的交融，侗族还有清明、端午、中秋、重阳等汉族传统节日。

过去侗族在生产生活中有很多禁忌，如“土王”之日不能动土，妇女不能触摸铜鼓，严禁姑娘在夜间梳头发等。"
瑶族	"中国瑶族共有2796003人（2010年），分布在我国南方广西、湖南、广东、云南、贵州和江西五省（区）的130多个县里，其中以广西为最多，有1471946人，约占全国瑶族总数的百分之55.8%。居住在湖南省的有704564人，广东省有202667人，云南省有190610人，贵州省有44392人，江西省有1198人。

瑶族名称比较复杂。有的自称为“勉”（“人”的意思），也有的自称为“布努”、“金门”、“瑙格劳”、“拉珈”、“炳多优”、“唔奈”、“藻敏”等等。过去又因其起源传说、生产方式、居住和服饰等方面的特点，而有“盘瑶”、“过山瑶”、“茶山瑶”、“红头瑶”、“花瑶”、“花蓝瑶”、“蓝靛蓝”、“白裤瑶”、“平地瑶”等30余种不同的称呼。自称28种，他称近100种。按照语言、习俗和信仰等方面的差异，瑶族大体上可以划分为四大支系：操勉语的盘瑶支系，又称瑶语支系；操苗瑶语族苗语支的布努瑶（包括布努瑶、白裤瑶、花蓝瑶、花瑶和部分红瑶），又称苗语支系；操壮侗语族侗水语支的茶山瑶和那溪瑶支系，又称侗水语支系；汉语方言支系。

瑶族有60%以上的人所操的语言属汉藏语系苗瑶语族瑶语支，他们自称为“勉”（或优勉、标敏、标曼、澡勉、交公勉）或“门”（金门、甘迪门）。有三分之一瑶族说的话属汉藏语系苗瑶语族苗语支（他们自称“布努”、“努努”、“布诺”、“东诺”、“瑙格劳”、“努茂”、“炯奈”、“优诺”等）。自称“拉珈”等少数瑶族说的话属壮侗语族侗水语支。此外，还有一些人只讲汉语。由于长期与汉、壮等民族大杂居和频繁接触，所以各地瑶族一般都兼通汉语，部分人还兼通相邻少数民族和瑶族其他支系的语言。

学术界普遍认为，历史上瑶族没有本民族文字。瑶族在古代曾使用过“刻木记事”，叫做“木契”，或“打木格”。新中国成立前，广西南丹县大瑶寨和大瑶山（现金秀瑶族自治县）还使用过“刻竹记事”。广西西部一些地区的瑶族用小石子、黄豆粒、玉米粒，“以物记事”。瑶族社会普遍采用做标志的办法来传递信息，叫做“打标记事”。瑶族使用汉字刻碑文、记录歌词和抄写经书的时间比较早，广西金秀瑶族自治县至今还保留有明代的手抄歌本和经书。学术界也有部分学者认为，瑶族有自己的文字，即瑶族师公、道公、民间歌手在学习并熟练地使用汉文后，在抄录民族典籍时，仿造一些字与汉字并用或者以汉字为基础仿造一些文字，通过对汉字进行增减或者重新组合的办法，创造了本民族的文字，并用以记录自己的语言。这种文字被称为古瑶文，其字体大致可以分为四类：一是汉语借词，即汉语音义与瑶语音义相同或相似的，多直接采用汉字的音形意；二是借用汉字字义而读瑶音，这一类字占多数；三是借用汉字读音而表瑶字字义；四是借用两个汉字或者汉字偏旁部首重新组合成新字。这些古瑶文，主要是道公、师公、民间歌手在用汉字抄录经书和歌书等民族典籍时搀杂使用，以弥补不足。道公、师公、民间歌手是古瑶文的创制者和传播者。

1982年7月，北京部分瑶族学者联合有关单位，初步设计了一套以勉语为基础的拉丁字母拼音文字的《瑶文方案》（草案）。这种文字由30个声母、130个韵母、8个声调组成，先在两广部分地区展开试验推广。1984年，又结合旅美的美籍瑶族华人约瑟•候博士的研究成果，实现了中美瑶文方案的统一。

瑶族分布地区属亚热带雨林气候区。除了都安、大化、巴马等石山地区严重缺水以外，一般都是溪流密布，山青水秀，风景优美，气候宜人。山区盛产松、杉、竹、木，是我国南方重要木材生产基地。物产丰富，主要有油茶、油桐、八角、玉桂、棕皮、砂仁、木耳、香菇、香草、山楂、板栗等，以及各种中草药材。湖南江华瑶族自治县全县3/4的面积为林区，有“杉木之都”的称号。瑶族山区有野猪、熊、猴、果子狸、瑶山鳄蜥、云豹等珍稀和特有种类的野生动物。瑶族地区动植物资源十分丰富，为林副业经营和特种养殖经济的发展提供了良好的条件。

瑶族地区水能资源丰富，山区溪流纵横，密如蛛网。仅金秀大瑶山就有25条河流呈辐射状流向周边七县（市），哺育着200多万人民，灌溉着700多万亩农田。山区滩险流急，落差大，水力资源丰富。流经巴马、都安、大化三个瑶族自治县的红水河，已建成大化和岩滩两座大型水电站，装机容量180万千瓦，为我国经济的发展提供了巨大的电能支援。

瑶族地区地下蕴藏着金、银、铜、铁、锡、锰、钨、锑、铝、锌、水晶、云母、长石、磷、稀土、花岗岩等多种矿产，可供开采利用。湖南江华瑶族自治县的稀土储量在全国就仅次于内蒙古的白云鄂博，属特大型矿床。瑶族地区丰富的矿产资源为当地的矿产业及相关工业的发展奠定了良好的基础。

【历史沿革】

瑶族的先人传说，是古代东方“九黎”中的一支，后往湖北、湖南方向迁徙。到了秦汉时期，瑶族先民以长沙、武陵或五溪为居住中心，在汉文史料中，与其他少数民族合称“武陵蛮”、“五溪蛮”。南北朝时期，部分瑶族被称为“莫徭”，以衡阳、零陵等郡为居住中心。《梁书•张缵传》说：“零陵、衡阳等郡，有莫徭蛮者，依山险为居，历政不宾服。”这里的“莫徭”，指的就是瑶族。隋唐时期，瑶族主要分布在今天的湖南大部、广西东北部和广东北部山区。所谓“南岭无山不有瑶”的俗语大体上概括了瑶民当时山居的特点。唐末五代时期，湖南资江中下游，以及湘、黔之间的五溪地区，仍有较多的瑶族居住。宋代，瑶族虽然主要分布在湖南境内，但已有一定数量向两广北部深入。元代，迫于战争的压力，瑶族不得不大量南迁，不断地深入两广腹地。到了明代，两广成为瑶族的主要分布区。明末清初，部分瑶族又从两广向云贵迁徙，这时，瑶族遍及南方六省（区），基本上形成了今天的分布局面，具有“大分散、小聚居”的特点。明中叶以后，部分瑶族由广西、云南进入越南、老挝、泰国等东南亚国家，成为他国居民。

瑶族是一个富有反抗斗争精神的民族。早在东汉时期，包括瑶族先民在内的“长沙武陵蛮”曾反对汉王朝的统治。《资治通鉴》说：“武陵蛮精夫相单程等反”，“长沙蛮反，屯益阳，零陵蛮寇长沙”。唐宋以来更多次地爆发了反抗斗争。

唐末，黄巢农民军经过广东北部和湖南南部时，当地包括瑶族在内的“诸蛮”群起响应，或在乱世中据瑶山“完垒自守”，保境安民，或与农民军相呼应，互为倚仗，大败官军。宋代，湖南桂阳、宜章、靖州等地瑶族人民不堪忍受宋王朝的政治压迫、经济剥削与民族压迫，相继起兵反抗，转战岭南，有力地打击了宋朝统治，迫使统治者作出让步，并对民族政策作了一定的调整。元代瑶族人民反抗元朝统治的斗争达四十余次之多。明代广西地区大藤峡瑶民起义，从明洪武四年（1371年）以后的一百多年里，斗争此起彼伏，烽火绵延各地，是瑶族古代史上规模最大、反抗最激烈、影响最深远的一次起义。清代，瑶族人民的反抗斗争接二连三，持续不断。顺治、康熙年间，广东的韶州、连阳、连南，广西的富川、恭城，湖南的兴宁，先后燃起了斗争的烈火。道光年间，赵金龙领导的瑶民起义，蓝正樽领导的瑶民起义，雷再浩领导的瑶民起义，以及咸丰年间李天参领导的瑶民起义，光绪年间黎水保领导的瑶民起义，都给清王朝以沉重的打击，加速了清王朝没落和灭亡的进程。太平天国革命领袖洪秀全、冯云山在起义前，长期在瑶、壮杂居的广西桂平市紫荆山秘密活动，在瑶、壮人民的掩护支持下，积聚和壮大了革命力量。当时广西大瑶山的高秀、奔腾、花炉、横冲、落田、王田等村屯半数以上瑶族群众参加“拜上帝会”，携带猎枪前往金田参加起义。罗香的龙坪村那历屯至今尚有两处地方保留“上帝坪”的称呼。从金田起义始，瑶族人民就积极投身于太平天国起义，作出很大的贡献。瑶族人民踊跃参加太平军，随军北伐。到达南京后，还有瑶族军士三千人。瑶族战士英勇善战。如忠王李秀成的五千人卫队，在上海之役以前从未打过败战，或背对敌人逃炮，他们全部来自忠王的故乡广西，其中有很多是瑶族。瑶族女兵，攀援岩谷，如履平地，勇过于男子，南征北战，为太平军建立了不朽的功勋。

鸦片战争以后，瑶族人民积极反对帝国主义侵略。光绪初年，法帝国主义觊觎两广和云南，频频派出传教士深入到一些瑶山，建立教堂，充当据点，勾结官府，欺压瑶族人民，并进行间谍活动，刺探军情。中法战争爆发之际，法国派兵侵占云南麻栗坡县、马关县一些地区，强行征丁派款，实行殖民统治，又暗中偷移界碑，企图侵吞我国疆土。这些侵略行径激起了瑶族人民的义愤，光绪三年（1877年），云南麻栗坡、马关地区瑶、壮、苗人民以刀、矛、弩、箭、火枪等武器，与法国侵略者进行英勇不屈的斗争，迫使法国侵略者在九年之后将猛洞一带7000多平方公里的土地归还我国。宣统元年（1909年），广东连南瑶族人民在李观梅领导下，联合人民，捣毁了三江教堂和教会学校，表现了瑶族人民爱国主义斗争的精神。

19世纪末20世纪初，瑶族人民踊跃参加辛亥革命运动，参与了孙中山亲自布署发起的“上思战役”、“河口战役”。广西恭城瑶族人李苍霖，早年加入同盟会，成为积极分子，参与了广西同盟会的组织与活动，柳州起义失败后，到广州寻找孙中山，后被捕牺牲。瑶族人民与其他各族人民一道，为推翻清王朝的封建专制统治，作出了不朽的贡献。

辛亥革命胜利后，为了谋求民族解放，掌握民族命运，瑶族继续进行反抗帝国主义、封建主义和官僚资本主义的斗争。1926年12月，在毛泽东亲临指导的湖南第一次农民代表大会，通过了一个《解决苗、瑶决议案》，指出要帮助苗、瑶族人民的解放。在第二次国内革命战争时期，瑶族聚居的今广西巴马瑶族自治县西山区，曾经是红七军的革命根据地。瑶族人民踊跃参加了百色起义和右江革命根据地的建设。邓小平、张云逸领导成立的红七军，还组建了大部分由瑶族子弟参加的独立连。红七军主力北上后，红七军第二十一师师长韦拔群曾带领该师特务连留守右江，很快又扩大到三个团。他的师部和右江工农民主政府就设在今巴马瑶族自治县西山。1933年，在桂北灌阳、全州、兴安等县的瑶民，举行反对政府残暴统治的武装暴动，给桂系军阀以很大的打击。

在解放战争中，各地瑶族人民纷纷参加当地的游击队，开展武装斗争。在现今巴马瑶族自治县西山老革命根据地，瑶族人民在中国共产党的领导下，与壮、汉等人民一起组织革命武装，举行万冈起义，配合东兰、凤山的起义队伍，于1947年攻下了万冈县城，坚持不懈的斗争，并于1948年在西山成立县人民政府，组织以瑶、壮族为主的西山主力大队，主动出击，先后解放了万冈（今巴马瑶族自治县）、凤山两座县城，迎接解放军的到来。桂北自1945年成立抗日游击队后，经常活动在兴安、全州、灌阳、灵川等瑶族地区。1948年10月，队伍扩大到1300多人，成立桂北人民解放总队，总部就设在全州县东山瑶族地区。瑶族人民除大力支持游击队活动外，还派出了自己的优秀子弟参加游击队伍，并传送情报、站岗、放哨、供应粮食、掩护伤病员等。其它地区，如十万大山、桂中、桂东、粤北、云南文山等地的瑶族群众地纷纷组织或参加游击活动。1949年冬，随着人民解放军大举南下解放两广、湖南，各瑶族地区的游击队配合行动，使解放战争取得了伟大的胜利。

在宋、元、明、清时代，广西西部和云南的瑶族地区都曾受土司制度的统治。清朝曾在瑶族聚居地区设置“瑶长”、“瑶练”等职。民国政府统治时期，设立相当于县、区一级的“化瑶局”、“安化局”和“设治局”。后来又改设区、乡、村，建立保甲制度。除此之外，在一些瑶族聚居区还残留若干带有原始特点的社会组织形式。这种社会组织形式有“巴引”、“油锅”、“瑶老制”和“石牌制”等等。

“巴引”组织是广西金秀茶山瑶的一种血缘组织，意为“血缘亲族”或“血缘家族”。其规模不大，一般以三、五户为多，十户以上的极少见。每个村有多个“巴引”组织。“巴引”组织大都共同占有山林、山场和河流，供大家狩猎、捕鱼和耕种。成员之间关系密切，在生产、生活方面相互关心、相互帮助。尤其是在处理丧事和本组织成员与他人发生械斗时，“巴引”各户成员定会鼎力相助，绝不袖手旁观。到了20世纪40年代，随着民国政府在大瑶山实行保甲制度，“巴引”组织开始走向松散。新中国成立后，巴引组织很快瓦解了。但巴引组织的一些优秀传统，如扶危帮困，互助合作等精神，在瑶族中还广泛存在。

“油锅”组织，瑶语称“委腰”，是广西南丹县白裤瑶的一种以地域血缘为纽带的同姓父系宗族组织，由同一锅吃饭的，即同一祖宗的父系大家族组成，大家互相帮助，共御外敌，以免本族人被排挤破灭，或被外族歧视。也有少数“油锅”经过全体成员商定同意之后，才吸收极个别外姓人加入。每个“油锅”都是一个单一的整体，都有自己的疆界和领域，最小的由三户组成，最大的有十五六户。姓氏大的可以分为多个“油锅”。“油锅”与“油锅”相互平等，没有特权。每个“油锅”都有一个男性长者为头人，有集体的田和地。“油锅”有不成文的传统规约，内部成员不得婚配，也不能与其他民族通婚，要齐心团结，自觉服从头人的指挥。

“瑶老制”是瑶族固有的一种带有原始民主性质的社会组织形式，起源于原始社会氏族酋长制度。“瑶老”是一种总称，在各地分别有“庙老”、“寨老”、“村老”、“目老”、“社老”等不同称呼。不同称呼的瑶老制，其具体情况也不尽相同。在称为“庙老”、“寨老”的地区，每个村寨都有一个瑶老，瑶老一般由神判决定，而非通过民主选举产生的，负责选项择农时，调解各家族、各家庭纠纷，主持全村性的宗教祭祀活动和组织领导村人共同抵御外敌入侵，平时参加劳动，无偿为公众办事，不享有特权。在这类地区，一个村寨内通常居住多个不同姓氏的血缘家族公社，每个家族公社各有其头人，村寨土地归个体家庭私有、家族公社公有，或村寨公有。在称为“村老”、“目老”的地区，瑶老一般由选举行产生，有两个或三个。“村老”、“目老”组织村社生产生活、主持宗教祭祀、指挥作战，无偿为村社成员服务，不称职的随时都有可能被罢免。土地一般属于村社公有，分给个体家庭耕种。个体家庭对土地只有使用权，而无所有权。

新中国成立前，广东连南县的八排瑶还存在着一套比较系统的“瑶老制”。瑶老有“天长公”、“头目公”、“先生公”、“烧香公”、“掌庙公”、“放水公”、“户长公”。天长公是这一瑶排的最高首领，由各姓、各房的老人通过民主选举出任，一年一换，一个人一生只能担任一次，主要负责调解纠纷、处理盗窃事务和对外作战时的指挥。头目公两年一换，是天长公的副手，协同先生公负责选择农事活动日期，并在排内高声通知大家。烧香公和掌庙公负责宗教活动。放水公负责掌管灌溉和食用水道的分派。户长公负责催收赋税。每排（村寨）都有自己的公共墓地、公共大庙和共同的宗教活动。各排平时各自为政，遇有外敌入侵，可以召开各排“瑶老”联席会议，商议共同行动。所有这些瑶老，一般都不脱离生产，但每年需由每户凑一、二斤米给他们作报酬。这种瑶老制是一种比较完善的农村公社组织。

广西金秀大瑶山和贵州荔波等地的瑶族山区，还存在“石牌制”政治组织形式。所谓石牌制，即是把一些经过大家共同议定维护生产和社会秩序的原则，订成若干具体条规，然后将条文刻于石牌上，立于公众集会的场所，要求全体寨民共同遵守的习惯法，又叫石牌律（法）。后来还出现将石牌条文写于木牌上或纸上的，分别称为木板石牌和纸石牌。金秀大瑶山的一个小石牌，由一至数个村寨组成；数个小石牌联合而成“大石牌”，最大的是1911年形成的是由“三十六瑶七十二村”组成的“总石牌”。执行“石牌律”的人叫“石牌头人”，也有大小之分。石牌头人既非宗教领袖，亦非生产头人，而是在保护生产、调解纠纷、防止偷盗、制止坏人骚扰和防御土匪等方面发挥作用。石牌组织的重要活动是“会石牌”，即召开石牌会议。如有违犯石牌律，石牌头人有权对违犯者实行罚款、罚酒肉、鞭打，甚至处死，故过去金秀大瑶山有“石牌大过天”的说法。对外发生械斗或有土匪入侵时，他就负有指挥“石牌丁”进行战斗的权力。后来，石牌又往往兼任民国政府的乡长、村长、甲长。石牌头人虽然有很大的权力，但他办事必须公道，合乎“石牌律”。如办事不公，失去群众的信任，甚至其本人严重犯法，引起公愤，也会被罢免，甚至被逮捕或处死。到1933年前后，大部分石牌组织都被取消了，只有小部分石牌组织一直保留到新中国成立前夕。

20世纪50年代前，由于瑶族社会发展的不平衡，社会生产力低下，单个社会成员难以战胜自然，人们不得不依靠原始社会氏族组织的集体力量与大自然作斗争；长期以来，瑶族饱受欺压，人民群众需要仰赖传统社会组织来领导和组织本民族民众，抵御和反抗外来的侵略与压迫，以维护民族生存，所以瑶族社会保留着众多不同类型的古代社会组织。新中国成立后，国家通过土地改革运动，建立合作社和人民公社，努力进行改革开放，积极发展社会主义市场经济，致使瑶族社会原有的经济基础被摧毁，再加上民主建设和法制建设的水平不断提高，瑶族地区人民群众的民主意识和法治意识不断增强，最终导致瑶族地区传统社会组织趋于崩溃，几近销声匿迹。进入21世纪以来，随着瑶族经济和社会的快速发展，在一些经济发展走在前列的瑶族农村地区，出现了不少新型社会组织。这些组织都是瑶族农民实行自我管理、自我教育、自我服务、自我监督的村民自治组织。这些村民自治组织都是近年来在瑶族地区不断涌现出来的新型社会组织。它们的出现，既是适应瑶族农村地区经济和社会持续快速发展的需要，也是在党和国家的正确领导下，瑶族地区各项建设事业取得巨大成就的充分反映。

【风俗文化】

在不同时期，瑶族生产习俗具有不同的特点。唐代诗人杜甫游湘江时，写了一首《岁晏行》，其中有“莫徭射雁鸣桑弓”的诗句，反映了那时湖南瑶族用弓箭狩猎的情况。诗人刘禹锡在广东连州写了题名为《连州腊日观莫徭猎西山》的诗篇，描写了广东北部地区瑶族进行烧山猎兽的情景。瑶族人民善于打猎，所有的飞禽走兽都是他们猎取的对象。狩猎全年均可进行，但集体出猎一般多在阴历二、三月，部分在七月农闲时。集体狩猎时以围猎为主，其他猎法还有诱捕、设陷阱、张网、设套、设铁夹、伏击等，方法很多，不一而足。近代，火枪是瑶族主要的狩猎武器，此外还有弓箭、鸟笼等。出猎一般先要祭山神，祈求山神保佑整个狩猎活动。全体猎手分为两组，一组负责赶兽，即注意查看兽迹，一般从山下向山上呼喊而上，发现野兽后放出猎犬追赶；另一组负责围攻。猎到大猎物，一般要先祭过神，感谢山神的恩赐，然后才能分配。

采集作为一个生产部门，其作用仅是对经济的一个补充。瑶族人民主要采集木耳、香菇、菌类、竹笋、野菜、能食用的植物根茎和果实等，或作粮食的补充，或作禽畜饲料。既可供自己食用，也可出售，换取生活必需品。新中国成立以后，特别是改革开放以来，瑶族地区的工农业持续快速发展，采集已经失去作为一个独立生产部门的经济地位，在瑶族人民群众的经济生活中无足轻重。

在不同的社会经济发展阶段的瑶族地区，他们的生产习俗也有差别。在湖南、广东、广西的一部分自然条件较好、受汉族影响较多，占瑶族人口大多数的瑶族地区，以农业为主，兼营林副业，其生产习俗与当地汉、壮族相近。耕种旱地与水田，犁耕已占有较大的比重。生产工具全为铁制，基本都是瑶族自己制造的，只有少量从外购进。种类有弯刀、镰刀、扁刀、柴刀、砍刀、挖刀、锄、梨、耙、斧、禾剪、括子、石磨、水碓等。镰刀主要用于砍茅和收割稻谷，弯刀用于砍地，挖刀用于刨窝点种，锄用于刮土、除草和挖地，犁和耙用于耕田，石磨和水碓用于碾谷脱壳。

在广西西部某些石山区、十万大山中心区和云南边疆上的某些保留原始氏族残余的少数瑶族地区，有“刀耕火种”的生产习俗。所谓“刀耕火种”，指在每年阴历十、十一月份，同一个共耕单位的瑶族群众，上山用刀斧把选定要开垦的荒山上的草木砍倒，等到第二年春砍倒的草木已被晒干时，选择一个晴朗天气放火烧山，留下厚厚的一层草木灰作为肥料，然后男女配合，男子打洞，女子点播。这种耕种方式是一种靠天吃饭的游耕方式。当山地肥力下降，不再适合作物生长时，就必须重新寻找另外一块山地进行刀耕火种。

瑶族生活习俗的特点，在不同自称的各部分瑶族之间有着一定的差异。瑶族男女，喜蓄长发。古籍中就有瑶人男女蓄发，盘结头顶，名为“椎髻”的记载。但有相当一部分过山瑶妇女，过去则剃尽发蒂，戴上黄腊制成的角帽，用布帕遮盖。妇女的头部装饰十分讲究，异彩多姿，有的戴竹箭，有的竖顶板，有的戴尖帽，有的用精美鲜艳刺绣而成的“帕铳”遮盖。广西金秀大瑶山茶山瑶妇女戴有三条弧形大银钗，两头上翘，重量达一市斤左右。坳瑶妇女喜欢戴用崭新雪白的嫩竹壳折制而成的梯形状竹壳帽，帽四周插上5支银质发簪，两侧各绕上一条银光闪闪的链条。红头瑶是云南瑶族中服饰甚为华丽的一支，男孩和女孩均戴布制的圆形平顶花帽。金平县马鞍底乡一带的红头瑶妇女剃去全部头发，用红布盘成重达两三公斤的大包头，故又被称为“大红布包头瑶”。广东省连南部分瑶族男子蓄发盘髻，包以红布，并插有几支野雉毛，十分英武壮观。桂北、粤北及云南等地一部分瑶族妇女过去还戴一种支架高耸、上蒙黑布、下垂红色缨络的帽子，具有独特的风格。

据汉文史籍所述，早在《后汉书》中就有瑶族的先人“好五色衣服”的记载。以后的史籍也载有瑶族人民“椎发跣足，衣斑斓布”。到近代，瑶族服装样式也还是十分丰富多彩。男子上衣有对襟及左大襟两种，一般均束腰带。裤子长短不一，有的长及脚面，有的却短至膝盖，大都以蓝、黑色为主。广西南丹县大瑶寨男子却穿裤脚及膝的白色灯笼裤，故被称为“白裤瑶”。这种白色灯笼裤侧面有五公分宽的红边，上绣四条交叉的黑白线，构成六条花纹，再在花纹上绣五条红色直线，形成红白鲜明对比，特别醒目。男子穿这种大裤裆的裤子，便于爬山越岭，短而紧腿的裤管，便于狩猎。广西田林县木柄瑶男子左衽短衣，白布带束腰，下穿长裤，裤角镶白边，外围百褶裙，小腿扎绑带。广东连南八排瑶男子盛装时，下着黑色红边花裙。瑶族妇女服装，各地也不一样。有的上穿无领短衣，以带系腰，下着长短不等的裙子；有的着长可及膝的对襟上衣，腰束长带，下穿长裤或短裙。有的在衣领、衣袖与长裤裤脚上还绣有各种美丽的彩色图案。盘瑶各支系妇女上衣为对开襟，有长有短，以带系腰。布努瑶妇女基本形式上是上衣下裙，但因与汉、壮族杂居，有的地方已改穿长裤，个别地方仍穿长衫。南丹白裤瑶妇女有夏装与冬装，冬衣为右衽短衣，夏衣别致独特，胸前为一块黑白土布，背后是一块白底蜡染布，上绣回形纹、正字纹、卐字纹等几何纹饰的方形图案，胸前背后两块布不缝合，只用布带系紧。瑶族各支系服饰色彩尚青，惟独广西龙胜红瑶妇女尚红。红瑶妇女上衣为玫瑰红交领无扣短衫，以鲜红色彩带束身，衣脚左右开衩，袖长及腕。不少瑶族妇女除上衣饰有银牌外，还戴银手镯及耳环、项圈等。当代的瑶族人民，多数喜着易于穿戴洗涤的现代服饰。

古代瑶族男女老少皆跣足不履。清道光《庆远府志》记庆远府瑶人事说：“瑶人素不著履，其足皮皱厚，行于棱石丛棘中，一无所损。”近代以来，随着生活水平的提高，人们始穿草鞋。新中国成立前后，部分生活较富裕的男性和妇女穿厚底翘头的龙头鞋和青布做的布鞋。20世纪60-70年代中青年人逐渐穿胶鞋，如广西金秀大瑶山的瑶族人民喜穿适于翻山越岭、经久耐磨的解放鞋。时至今日，穿鞋的人日益增多，打赤脚的现象越来越少，各色各样的皮鞋和运动鞋为瑶族年轻人所喜爱。

瑶族以玉米、稻米为主食。岭南四季温暖，适宜蔬菜生长，园圃冬夏常青，人们终年都可以吃到鲜嫩的蔬菜有芥菜、白菜、萝卜、辣椒、茄子等；瓜豆类有南瓜、黄瓜、冬瓜、豆角、黄豆、饭豆等；肉类主要有猪肉、鸡肉、鸭肉、牛肉、羊肉等；油类有猪油、花生油、茶油、火麻油、向日葵籽油等。桂北地区的一部分瑶族盛行“打油菜”，即以油炒泡开的茶叶后煎成浓汤，再加食盐调味，然后用以冲泡炒米花及炒黄豆等物，具有特殊的风味，有的以此代替午餐。吃“肉山”是广西金秀瑶族为小孩做“三朝”时招待客人的特有吃法。肉山一般由九层菜肴组成，底层由竹笋、香菇、青菜、猪肠、猪肉等组成；第二、四层是瘦肉、猪肝、猪肚等，每块都大如巴掌；第三、五层是肥肉片；最上层则用一块重约两斤的肥肉覆顶。整座“肉山”重达20多斤，装在一个大簸箕里，客人围“肉山”而坐，各取所需。大部分瑶族有忌食狗肉的习惯，即使煮食，也必须在屋外进行。

瑶族是个山居民族，其村落大多位于海拔1000米左右的高山密林中，一般建在山顶、半山腰和山脚溪畔。新中国成立之前，边远山区瑶族大部分住竹舍、木屋和茅屋，相当一部分还住“人字棚”，只有很少部分住砖瓦屋。瑶族房屋建筑主要有四种形式：横宽式、杆栏式、曲线长廊式和直线长廊式。广西金秀大瑶山坳瑶的传统房屋富有特色，房屋正门有阴阳二门，平时只开阳门，供人出入，阴门紧闭。遇有丧事和家内祭祀时，阴门方打开，供出殡和亡魂进出。新中国成立后，特别是改革开放以来，瑶族人民越来越多地建造砖瓦结构房屋，钢筋水泥结构的现代楼房也不少。2001年，金秀瑶族自治县罗香乡罗运自然村（坳瑶村）修通公路后，两年之间，几乎全村旧屋都换成了新房，很多房屋设计之精良，装修之豪华，甚至可与都市别墅相媲美。

瑶族婚姻形式主要是嫁女，其次是招郎入赘。新中国成立前瑶族一般不与外族通婚，他们的婚姻一般先由青年男女通过节日唱歌或其他途径建立感情，自由恋爱，征得父母同意后结婚。新中国成立后，国家实行民族平等政策，消除了民族隔阂，瑶族与外族通婚的现象不断增多。据《中国民族统计年鉴2006》一书的数据表明，2000年瑶族与其它民族通婚率达26.46﹪。结婚时女方往往要收一定数量的钱财和猪肉作聘礼。婚后居住方式既可以是女子从夫居，也可以是夫妻在双方父母家庭轮流居住，还可以是女子婚后先住娘家，等到生了孩子或居住了一段时间后，再随夫回婆家居住。广西金秀瑶族自治县的坳瑶有一种叫做“顶两头”的婚俗，如果婚配双方都是独生子女，那么婚后夫妻在夫家和娘家轮流居住和劳动，所生子女第一个随父姓，第二个随母姓，子女少时随父母两地居住，长大后分别留在祖父家和外祖父家。舅权在瑶族中很受尊重。广西南丹大瑶寨和龙胜同乐、盘胖等地瑶族，过去，姑母之女必须嫁给舅父之子，只有舅父无子时，才能嫁给别人。作为一种近亲通婚的陋习，新中国成立后此俗已革除。

不同地区和支系的瑶族有不同的丧葬习俗。大部分地区的瑶族实行土葬，广西金秀县六拉的茶山瑶盛行火葬，贵州荔波县瑶麓乡的青瑶实行岩洞葬，白裤瑶也实行过这种葬式。广东连南八排瑶人死后，将尸体绑于椅子上，出殡时，抬轿似地将尸体送到墓地，称为“游尸葬”。过去广西金秀的茶山瑶、花篮瑶和坳瑶认为小孩来到人间，是一个管理生育的“花婆神”送来的，如果小孩在五、六岁之前死亡，就用破絮、破衣服、棕皮等物将尸体包裹起来，装入竹筐，挂在深山老林的树上，实行挂葬，以便让他的灵魂回到“花婆神”那里，再次投胎转世。这种小孩的葬式叫“挂葬”，现在已经很少见。随着时代的发展，瑶族的丧葬习俗不断发生变迁。如广西金秀县古陈和罗运的坳瑶，其葬式原为“停棺烧骨捡灰葬”，后受花蓝瑶影响，发展为“停棺捡骨葬”，再发展为现在的“埋棺捡骨葬”。在当代的广大瑶族地区，农村通行土葬；在少数经济文化较为发达的地区，更为卫生科学的送往殡仪馆火化的方式逐渐为人们接受，慢慢地流行起来。

瑶族的传统节日很多，小节几乎每月都有，各地过得也不尽相同。大节日有春节、清明、社节、盘王节、“祝著节”、“耍望节”等。春节期间，瑶族人民举行唱堂歌、打铜鼓、赛陀螺、射弩、围猎、抛绣球、斗画眉等富有民族特色的文体活动。盘王节又称“做盘王”、“还盘王愿”、“跳盘王”，是盘瑶纪念始祖“盘王”的盛大传统节日，20世纪80年代前一般在秋后至春节前的农闲期间，定期或不定期地举行。1984年将全国瑶族过盘王节的日期统一定在每年农历十月十六日。广西布努瑶为纪念始祖母密洛陀的生日而举行的祝著节，非常热烈隆重。人们以农历五月二十九日为正日，敲打铜鼓，欢庆三天。耍望节每三、五年举行一次，一般在农历十月十六日前后举行，是青年男女对歌求爱的日子。

瑶族的民间文学丰富多彩，多靠口耳相传，部分用汉文传抄。其形式多样，有神话、故事、传说、歌谣、谜语、说词等。神话以《盘古》、《密洛陀》、《伏羲兄妹》、《盘瓠》最为著名，反映了天地万物起源和人类起源。瑶族的传说，如《长鼓的传说》和《跳盘王的由来》、《祝著节的传说》都是为了纪念其始祖而创作出来的。《漂洋过海的传说》和《千家垌的传说》则反映了瑶族遭遇重大事变并不断迁徙的历程。瑶族民间故事以明清时期居多，题材有爱情故事、魔法故事、机智人物故事、童话、寓言、笑话等等。唱歌是瑶族人民普遍的爱好，很多民间歌手见物编词，出口成歌，留下了众多的歌谣。男女之间的对唱，往往通霄达旦。这种无伴奏的歌谣，取材广泛，有叙述洪荒时代天地万物变化的“创世歌”，有叙述本民族历史的“立传歌”、“历史迁徙歌”，有男女谈情说爱的“爱情歌”，有关于生产劳动的“生产歌”，有反映反抗民族压迫的“历史斗争歌”，有反映传统习俗的“风俗歌”，有互相盘问对答的“盘歌”，有带有幽默内容的“滑稽歌”，有以歌代信的“信歌”，以及师公和道公做法事时唱的“娱神歌”。明清两世瑶族人民反抗统治阶级的压迫，在“官有万兵，我有万山”、“金龙出大洞，海马归池塘”的歌谣中反映出来。瑶族音乐曲调有20余种，富有民族色彩和地方色彩。如布努瑶的《酒歌》，歌词粗犷、高亢、浑厚，短小而精悍有力，令人精神振奋。坳瑶的《大声歌》，是一种集体祭祀的歌曲，曲调庄严、沉重，由几十人甚至上百人大合唱时，其势排山倒海。乐器除有汉区传入的唢呐、锣、钹、鼓外，还有独具民族风格的长鼓，据传这种腰鼓早在宋代就已流行于瑶族地区。瑶族舞蹈多与宗教祭祀有关，其中最著名的是长鼓舞和铜鼓舞。长鼓舞主要流行于盘瑶支系的瑶族地区。1996年广西金秀坳瑶到日本演出长鼓舞，大获好评。

瑶族人民精于织染和刺绣。早在汉代，就有瑶族先民“织绩木皮，染以草实”的记载。到宋代，瑶族人民已以用蓝靛和黄蜡，在白布上染出精美细致的花纹，称为“瑶斑布”。这种精巧技术，曾在国内享有盛誉。织绣的花纹图案主要有挑花、织花和绣花三种。明清之际，有“用五色绒，杂绣花卉”的记载，它是瑶族比较精美的手工艺品。改革开放以来，为了更好地保存民族传统文化和进行民族风情旅游开发，有些地方政府拨出专门资金，让年轻人向老人学习包括传统的织染刺绣在内的传统手工艺技术。瑶族的编织工艺，主要有竹筐、竹篓、竹箩、竹帽、藤箱、藤夹等。雕刻艺术，主要有门匾、烟盒、吊楼，以及神像、神龛，以茶山瑶的水平为最高。

盘瑶、蓝靛瑶和部分茶山瑶青年成年时，必须举行一次“度戒”仪式，其意义与成丁礼相同。举行仪式时，据说要翻云台（从一丈多高的台上向后倒下），上刀山（赤脚爬上插有利刀的梯子），过火海（赤脚走过炭火通红的火塘）等节目，历尽艰苦考验。只有经过度戒，才能结婚成家，和具有参加社会活动或进一步接受道公、师公传授法术的权利，并相信死后可以升天做官。其它支系瑶族大多只有以下两种人需要度戒，一是师公，二是道公，前者驱邪赶鬼，后者超度亡魂。无论哪里的度戒，都要招待大批客人，欢宴数餐，有的仅猪肉就要耗费上千斤。现在各地的度戒仪式一般都比以前有所简化，所花费的人力、物力、财力和时间已大为减少。一些坏的习俗已被革除，好的习俗则被保留下来，并赋予新的内容，促进人们的生产，丰富群众的生活。度戒仪式中一些内容，如上刀山、过火海等，已经成为一些瑶族地区民族风情旅游表演的保留节目。

宋、元以来，道教、佛教相继传入瑶族地区。清代道教在瑶族地区广泛传播。鸦片战争后，大批西方传教士陆续来到中国，进入瑶区，在一些山区建立教堂，进行传教活动。因此，在广西十万大山、永福和金秀等地瑶族中也有部分群众信仰天主教。"
白族	"白族总人口有1933510人（2010年）。主要分布在云南、贵州、湖南等省，其中以云南省的白族人口最多，四川省、重庆市等地也有分布。

白族自称“白子”、“白尼”、“白伙”，，统称为“白人”。他称有民家、那马、勒墨、勒布等60多种。过去汉族称之为“民家”，以与“军家”相别，元、明史籍称之为“白人”或“僰人”，纳西语称之为“勒布”、“那马”，傈僳语称之为“勒墨”，藏语称之为“勒波”，彝语称之为“娄哺”、“洛本”、“罗基颇”，贵州一带的白族有“七姓民”、“九姓族”、“罗苴”、“龙江人”、“南京人”等不同称呼。新中国成立后，1956年11月，根据广大白族人民的意愿，正式确定以“白族”作为统一族称。

白族分布地区处在云贵高原。西部有澜沧江、怒江纵贯南北，构成纵深的河谷地带，林木繁茂，景色秀丽；东部有金沙江横贯东西，地势开阔，宜于禾稼。金沙江西南的洱海之滨，气候温和，土壤肥沃，庄稼一年两熟，主产大米、小麦、豆类、玉米、棉花、油菜、甘蔗、烟叶等，号称粮棉之区。地下蕴藏着丰富的煤、铁、铜、铝和各类稀有金属。

白语属汉藏语系藏缅语族彝语支，也有人认为语支未定，并有不少学者主张应该单独划为白语支。白语按地域范围分成南、中、北三大方言片区，南部方言和中部方言比较接近，与北部方言差别较大，但能互相通话，使用南部方言的人较多。白语有22～29个辅音。有大量汉语借词，新词术语都直接借用汉语，是藏缅语族中汉语借词较多的一种语言。词汇近60%为汉语借词，多数人通晓汉语。

白族在唐代曾参照汉字创制了方块白文。历史上，白族用白文记述历史，创作文学，留下了一定数量的白文古籍，大致有如下几类：白文经卷、白文残瓦、白文史书、白文碑刻、白文祭文、白文唱本和白文对联等。1958年，徐琳、赵衍荪等语文专家拟定了以拉丁型26个字母为形式的《白族文字方案》(草案)。1982年对原方案进行了修订，简称“新白文”。新白文声母27个，韵母37个。修订后的白族文字能够科学、准确地书写大理州境内白语两大方言区内百万白族成员的口语。

【历史沿革】

白族属于氐羌系统的一支，其族源是多元的。白族的一个重要来源是世代居住于洱海地区的土著居民――洱海人和昆明人。司马迁《史记•西南夷列传》载：“其外西自同师（今保山）以东，北至叶榆，名为嶲、昆明，皆编发，随畜迁徙，毋常处，毋君长，地方可数千里。……皆氐类也。”嶲即嶲唐，楪榆即叶榆，即洱海地区，可知秦汉时期洱海地区的居民是昆明人，处于尚未定居的游牧社会。白族的另外一个重要来源属于先秦时期氐羌系统南下族群中的一支，其远祖可追溯至秦汉时期的僰人。公元前3世纪，僰人之名始见诸记载，秦相吕不韦主编的《吕氏春秋•恃君览》说：“氐羌、呼唐，离水之西；僰人、野人，篇笮之川；舟人送龙，突人之乡，多无君。”秦汉以前僰人的分布地区，北有僰侯国，南有包括滇国在内的靡莫之属数十小国，包括了北边的僰道县（今四川宜宾）和南边的滇国（今滇池周围）等广大区域。滇国的主体族是僰人，亦称为“滇僰”。汉晋时期，滇池地区仍为僰人所居，并逐渐向洱海地区迁徙。而蜀中迭经战乱，蜀人（包括蜀族和其他民族）四散，引起了民族的迁徙。其融合到滇池地区即滇僰的称“叟”，叟人逐渐占据了原来僰人的分布区域。东汉末年，其他部族逐渐迁入洱海地区。晋代洱海区域出现了“上方夷”和“下方夷”，洱海区域居民成分及分布有了很大变化。“上方夷”是居住在洱海北部的昆明人，“下方夷”是居住在洱海南部的哀牢、僰人、汉姓等。唐代初期出现了乌蛮、白蛮，它包括了洱海区域哀牢、昆明、西洱河蛮（又称河蛮）、云南蛮、僰人等众多部族。汉唐间，大姓爨氏兴起于南中，爨氏又分为西爨白蛮与东爨乌蛮两部分，南诏阁罗凤时期，徙二十余万户西爨白蛮于洱海地区；在明代碑刻中仍可见到，寸、王、赵、杨四姓都认为在南诏以前他们的原籍在滇池地区，原籍“西爨故地”。由此可见，洱海地区的白族人民与西爨白蛮有着密切的渊源关系。到公元8世纪，南诏统一洱海区域进而建立起包有云南全部的强大政权，加速了白族共同体的形成。唐僖宗乾符四年（877年），南诏酋龙卒，子法（隆舜）立，自号“大封人”。“大封人”这个专用名称的出现，标志着白族的形成。从以上可以看到，从秦汉洱海人（西洱河蛮）、昆明人——东汉僰人——晋代上方夷、下方夷——唐代白蛮、封人、白人——白族，白族的族源是多元的，主要是以土著居民洱海人（西洱河蛮）、昆明人为主体，融合了僰人、哀牢人、西爨白蛮等成分，甚至融合了一部分汉族，最终于公元8世纪形成为白族。

白族是一个历史悠久的民族。从考古发掘的“苍洱遗址”来看，“其本质导于华北之仰韶、龙山文化”，是一种“地方色彩甚重”的区域性文化。尤其是遗址中所出土的双孔半月形石刀充分说明了苍洱文化与中原文化的联系与区别。这种双孔半月形石刀形式与内地相近，内地石刀的刃大部分开在凹面（即“弓弦”），洱海区域的石刀的刃则开在凸面（即“弓背”）。这时期，还在台地上发现了半穴居房屋等居住遗迹，说明最晚在新石器时期，洱海区域已有人类居住，他们傍溪流而居，经济活动虽然仍较原始，但已经出现了纺织和渔猎活动，当时可能还出现了原始农业的形态。宾川白羊村遗址（公元前1820±85年）表明粮食作物是当时重要的食物来源；大量的兽骨和角器反映当时狩猎和纺织均占一定地位。剑川海门口遗址（公元前1150±90年）标志着白族先民步入一个崭新的青铜器时代。祥云大波那遗址（公元前465±75年）表明当时已处于比较定居的农业社会。在稍后发现的祥云检村遗址（年代为上限战国中期，下限西汉早期）还出土了两件铁器，为数虽很少，但说明此时铁器已开始出现，铁器的出现较之青铜器是一个巨大的进步。随着洱海区域进入青铜时代，中原商王朝势力所及范围已到达今川滇一带地区，白族先民开始大规模地和中原发生经济文化交往，从此开辟了白族文明史的一个新纪元。

春秋时期，西南夷地区和秦国、楚国都有联系，战国时期，和楚国的联系更为密切，甚至有“庄蹻王滇”的说法，楚韵遗风仍可见于今天的白族生活中；而汉文化的影响则贯穿于白族发展的始末。

秦代，中央王朝开始在西南夷地区设立郡县，洱海地区同祖国内地关系日益密切。秦以前，西南夷包括七个大的部族区域，其中滇分布于滇池区域，昆明分布于洱海区域，西僰分布在川南、滇东北一带。各部族自成区域，又相互联系。秦统一全国后，着手开发西南夷，首先表现为通道，即修筑“五尺道”。该道从今四川宜宾出发，经滇东北而入滇池地区，是官方修筑入滇的第一条道路，它连通了僰青衣道、僰道，为云南与中原的交通联系打下了基础。其次设郡，就是具体实施推行于全国的郡县制度。最后置吏，即对西南夷地区委官进行统治。尽管秦对西南夷的经营是短暂而不深入的，但却有极为重要和深远的意义，它标志着云南从秦代开始，就已经成为统一多民族国家的重要组成部分，秦代是中央王朝对云南正式统治的开始。

汉代，汉武开边，但在洱海地区遭到了昆明蛮的阻挠。公元前109年，西汉在此设立了叶榆、云南、比苏、嶲唐等县，属益州郡管辖。公元67年，东汉在此设置“益州西部都尉”，管理哀牢地区和洱海区域。公元69年，单独设置永昌郡，洱海区域分属云南、邪龙、叶榆、比苏、博南等5县。蜀汉时，诸葛亮征服南中，设庲降都督，下辖南中7郡，洱海地区设置的县并未改变，但分属云南郡和永昌郡。两晋南北朝时期，洱海地区的郡县管理时分时合，旋置旋改，但基本上因袭了两汉的县制。中原王朝开设郡县、移民实边等一系列的措施，既加强了对当地的治理，又带来了先进的生产技术和铁器，促进了洱海地区经济的发展。东汉时期，洱海地区的农业生产技术有了根本性提高，从中原引入了水稻种植技术和牛耕技术。

隋代，设立南宁州总管府对云南实行了短暂的统治，爨氏大姓世据南中。

唐代前期，对云南地区实行羁縻统治政策，洱海地区归姚州都督府管辖，下设髳州、宗州、匡州、曾州、尹州、蒙舍州、阳瓜州、浪穹州等20多州。公元7世纪，唐朝和爨氏为争夺对滇池地区的控制权，矛盾趋于激化。同时唐朝还面临来自吐蕃的威胁。此时，六诏兴起于洱海地区，位于六诏之南的蒙舍诏在唐王朝扶持下统一了洱海地区，建立了南诏地方政权。

南诏国时期，洱海地区得到快速发展。南诏国是乌蛮与白蛮建立的地方性政权，即彝族先民和白族先民共同建立的奴隶制政权。此时云南的部族分布状况是：以滇池为中心的地域是爨地，以洱海为中心的地域则主要分布着乌蛮（“六诏皆乌蛮”）和白蛮（主要分布于洱海周围）。六诏之一的“蒙舍诏”兴起于蒙化（今云南巍山）后，在唐朝支持下占领了经济发达的白蛮地区，并灭五诏，统一了洱海区域。随着南诏势力的壮大，南诏国与唐王朝对滇池地区的争夺日益尖锐，南诏数次进犯成都，并与吐蕃约为兄弟之国，南诏逐渐成为唐王朝在西南地区的重大威胁，加速了唐帝国的瓦解。南诏国的政治区划包括十赕、七节度、二都督，洱海区域即为十赕之地，是南诏国的统治中心。洱海以北的广大地区则属剑川节度使管辖。南诏国王室成员是乌蛮贵族，而其统治基础，包括统治阶级中的大批高官显贵如清平官、大军将、军将等，则是在经济、文化各方面都较发达的白蛮。唐僖宗乾符四年（877年），南诏酋龙卒，子法（隆舜）立，自号“大封人”。

南诏政权建立后约250年间，同唐保持着密切的臣属关系，使节往来不绝。但由于南诏统治者对内进行残酷压迫，连续地对外发动掠夺战争，生产力遭到严重破坏，不断引起奴隶暴动和起义，到902年崩溃。937年，以白族段氏为主体，建立了号称“大理国”的封建领主制政权。大理地区与中原的联系一直很密切，“茶马古道”和“南方丝绸之路”加强了大理地区的对外联系，并在沟通中外联系方面占有重要地位。大理国时期是白族发展的重要时期，这个时期创造了辉煌的白族文化，大理地区步入封建领主制社会。

南诏、大理国时期，佛教昌盛，出现了儒、释合流的“释儒”，大理地区被称为“妙香古国”。南诏以后，大理地区在社会生产方面有长足发展，普遍采用“耦耕，二牛三人法”的耕作技术，这是西汉时赵过在中原推广、曾在我国农业史上起过重大作用的深耕技术。农作物、蔬菜、水果的品种都极为丰富，分别从内地、西域、印度传入。在畜牧业方面，养马业最为发达，大理马驰名唐宋两代。冶炼技术也很有名，兵器制作技术精良，“铎矟”和“浪穹剑”、郁刀、大理刀闻名一时。

1253年，蒙古贵族发兵击灭大理段氏政权。在云南设置的元初五城中，大理地区属于合剌章。1256年，设立了大理总管府，下辖大理上万户府、大理下万户府。1258年，兀良合台率军从云南经广西，直捣南宋后方的潭州（今长沙），预期与蒙哥及忽必烈三路大军会师鄂州。由于云南的蒙古军伤亡很大，加之要留一部分兵力镇守云南，为了弥补兵源的不足，兀良合台在大理白族地区大量佥发当地的少数民族人口（以白族为主），组建了一支两万多人的“爨僰军”（亦称为寸白军），由段福率领从征。忽必烈继承汗位以后，兀良合台不再得到重用，于是“爨僰军”一部分军士辗转回到了大理，而其中一部分军士则流落在长江两岸，成为湘西、鄂西白族的来源。1274年改设行省制度后，大理地区分属大理路、鹤庆路，并以大理金齿等处宣慰司领之。

明代，卫所屯田，改土归流。1382年，蓝玉、沐英攻克大理地区，设立三司，广泛推行卫所制度，对白族地区产生了深远影响。明代，大理地区分属大理、蒙化、鹤庆等府，并在军事上设置了大理、洱海、大罗、蒙化四卫以及永平、鹤庆二御，共辖30个千户所，是卫所集中分布的一个重要统治区域，充分体现了大理地区的重要性。伴随封建统治在大理地区的日益深入，汉文化的传播通过汉族移民和儒学教育等途径，深刻地影响到白族文化。据万历云南通志、万历赵州志等方志记载，明初白族地区已是“郡中之民少工商而多士类，悦习经史，隆重师友，开科之年，举子恒胜他郡”，“庠序星布，教化风行，至于遐陬僻壤，莫不有学”。表明汉文化对白族的风俗习惯、宗教信仰、冠婚丧祭、宫室建筑、生产生活等产生了全面、深刻的影响，尤其是在文化教育方面体现最为典型，兴起了白族知识分子士绅群体。在社会生产方面，已经广泛使用水车灌溉。祥云的“地龙”水利工程，充分利用地下水和山阱流水灌溉农田，使得干旱的荒地变成了大片农田，时人谓之“云南（指云南县，今云南祥云）熟，大理足”。

清代，多依明代旧制而时有改易。大理地区分属大理府、蒙化直隶厅以及丽江府之鹤庆州、剑川州。清代继续因袭明代的“改土归流”政策，但在边远地区委任了一批土官和土司，通过他们对边远地区各族人民进行统治。直至新中国成立前夕，部分边远山区的白族人民还受着封建领主的残酷压迫和剥削。1797年，大理、赵州、邓川等10余县因“盐案”事件引起大起义，有白、彝、回、汉等各族参加，沉重打击了反动统治者。清咸丰六年(1856年)9月，大理爆发了以回族为主体、杜文秀领导的各族人民反清大起义，广大白族人民踊跃参加义军，坚持抗清斗争达18年之久，给予腐败的清政府以沉重打击。

1842年以后，帝国主义利用船坚炮利打开了中国闭关自守的大门，他们同中国腐朽的封建统治者勾结起来，一步一步把中国沦为半殖民地半封建的社会。

近代以来，白族地区的商业资本开始得到发展。先后出现了“福春恒”、“兴盛和”、“云丰祥”、“洪盛祥”等大商行，分为鹤庆、喜洲、腾冲等商帮，他们由印度、缅甸、越南等地运进美、英、法等国的洋纱、洋布及各种洋货；从国内搜运黄金、白银、石磺、黄丝、猪鬃及其他农副产品。他们在为帝国主义推销商品和收购原料的活动中发展起来，又带有浓厚的买办性。帝国主义侵略势力进一步深入白族地区后，垄断了白族地区进出口的主要物资，控制了市场和物价，不仅窒息了白族商业资本的发展，同时使许多中小商户纷纷倒闭，加深了白族人民的苦难。白族人民和祖国各族人民一样，深受帝国主义和封建主义的双重压迫，开始了反帝反封建的伟大斗争。为了反抗帝国主义及其走狗，白族人民曾经举行过多次英勇顽强的起义斗争。在李文学起义、杜文秀起义、镇南关大捷中，白族人民与彝、回、汉等各族人民并肩战斗，表现了反帝反封建的英勇斗志。

1921年中国共产党成立后，遍及全国轰轰烈烈的反帝反封建斗争，给白族地区以巨大影响，民主革命的新思潮迅速传播开来，宣传马列主义的一些报纸刊物先后传进白族地区。在党的教育下，许多白族人民的优秀儿女投身革命运动。1921年第一批参加中国共产党的张伯简同志，曾到法国勤工俭学，1923年回国后，在上海、京汉铁路进行革命活动，参加和组织了省港大罢工，后因积劳成疾，在广州病逝。在20世纪20年代先后入党的还有徐克家、王德三、赵琼仙(女)等同志，他们曾分别参加了北伐和广州起义，被党派到云南领导革命工作，组织工人、农民、学生起来斗争，后来都不幸被反动派杀害，表现了无产阶级革命者的高贵品质。

1936年4月，由任弼时、贺龙同志领导的工农红军第一、二方面军，长征经过白族散居的湘鄂西地区，领导白族人民打土豪、分财产，进一步播下了革命火种。抗日战争时期，白族周保中将军远赴东北，同汉族、朝鲜族人民一道组织抗日联军，担负重要领导工作，坚持敌后斗争十余年之久，为中华民族抗日救亡的胜利立下了不朽功勋。解放战争时期，白族地区的各族人民在云南地下党的领导下，于1949年4月在剑川发动武装起义，解放了剑川城，有力地配合了中国人民解放军解放大西南的进军。

新中国成立前，白族地区社会经济发展很不平衡，总的说来，封建地主经济占绝对优势；在一部分坝区特别是少数市镇和公路交通沿线，资本主义经济已有相当发展；在一部分山区尤其是高山分散地区，还存在封建领主以及原始公社、奴隶制残余。

【风俗文化】

白族人民经历长期的历史发展，创造了自己灿烂的科学文化，为中华民族的文化宝库增添了光辉色彩。

白族服饰清爽大方。男子多穿白色对襟衣，外套黑领褂。妇女服饰各有千秋，从服饰可看出年龄大小、成婚与否以及地区差异。其素雅的扎染，古朴的绣花围腰、鞋子，花团锦簇的绣花背被、挂包很有特色。白族崇尚白色，以白色衣服为尊贵。大理一带的男子多穿白色对襟衣，外套黑领褂。洱海东部白族男子则外套麂皮领褂，或皮质、绸缎领褂，腰系绣花兜肚，下穿蓝色或黑色长裤。女子服饰各地有所不同。大理一带多穿白上衣，红坎肩，或是浅蓝色上衣、外套黑丝绒领褂，右衬结纽处挂“三须”、“五须”银饰，腰系绣花短围腰，下穿蓝色宽裤，足蹬绣花鞋。妇女头饰更是异彩纷呈：大理一带未婚女子梳独辫且盘在花头帕外面，再缠上花丝带等，左侧垂着一束白绦穗；婚后发辫改为挽髻，盘在头顶，外包扎染或蜡染的蓝布帕，缠素色布条。凤羽、邓川、洱源的姑娘喜戴“凤凰帕”；有的地方则头包花毛巾或只将辫子盘头上，再缠一束红头绳；有的地方头饰为“一块瓦”；有的地方头上用多块头布相叠覆盖，最外面的一块布上绣白族人民喜欢的图案。头帕外缠多种颜色的头绳，格外美观。妇女们都喜戴玉或银手镯、坠耳环。城镇居民多穿汉族服装，青年人爱着时装。

白族以稻米和小麦作主食，山区则以玉米、荞子为主食。喜食酸辣，洱海的鲤鱼、弓鱼、鲫鱼是人们喜食的菜肴，“砂锅鱼”是大理著名佳肴。善于腌制火腿、腊肉、香肠、油鸡、螺蛳酱等。爱饮糯米酿造的甜酒、大米制作的饵丝。喜饮烤茶，著名的“三道茶”是待客上品。第一道是用沱茶冲泡的苦茶；第二道是加红糖和牛奶的甜茶；第三道是放入核桃、蜂蜜、米花的回味茶。“一苦、二甜、三回昧”的“三道茶”不仅是白族同胞待客的佳茗，它还寓含了丰富的人生哲理。乳扇是白族独创的乳制品，色泽淡黄，状如扇，薄如纸，味道鲜美。

白族的建筑艺术独具一格。高寒山区多居住单间或两间相连的“垛木房”或“竹篱笆房”；坝区则多住土木结构的瓦房。位于苍山脚下、洱海之滨的大理喜洲，是白族民居的精萃所在。一座端庄的白族民居主要由院墙、大门、照壁、正房、左右耳房组成。一般的建筑形式是“两房一耳”，“三坊一照壁”，少数富户住“四合五天井”，还有两院相连的“六合同春”，楼上楼下由走廊全部贯通的“走马转角楼”等，现在多是一家一户自成院落的二层楼房。充分利用当地盛产的鹅卵石来砌墙，也是白族民居建筑的一大特色。白族民居往往注重门楼、照壁建筑和门窗雕刻以及正墙的彩绘装饰，门楼是整个建筑的精华部分。门楼建筑艺术水平的高低，可以反映其主人的经济地位，也是一种光宗耀祖的标志。白族门楼的挑梁斗拱不仅凸现了白族建筑艺术的精华，而且深具文化内涵。门楼正中嵌挂匾额，匾额上往往书有用来表示姓氏、发扬祖风的堂号，通常选用与自家姓氏相关的成语或典故，镌刻在匾上。如张姓“百忍堂”、“百忍遗风”；杨姓“四知堂”、“清白传家”；董姓“三策堂”等，各姓匾额不容相混。门窗木雕，无处不闪现着剑川木匠高超的手艺。照壁是白族民居不可缺少的部分，正面书写“紫气东来”、“福星高照”、“虎卧雄岗”、“福”、“寿”等吉祥文字。

“胜地标三塔，浮图秘鬼工”，此诗赞誉的就是大理崇圣寺三塔，它和河北的赵州桥、西安的大雁塔一样，是我国古代建筑的珍品。主塔千寻塔始建于公元836年，高69.13米，是一座方形密檐式的16级大砖塔，属典型唐代密檐式塔。和主塔鼎立的南北两塔建造于大理国时期，均为10层密檐式八角形砖塔，各高42.19米。三塔虽各具风格，但浑然一体，气势雄伟，建筑风格和著名的西安大雁塔有异曲同工之妙，是我国古代民族团结的实物见证。

白族的雕刻艺术主要体现于石雕和木雕，石雕以剑川石钟山石窟和大理国经幢为代表，木雕以剑川木雕最为有名。开凿于南诏大理国年间的剑川石钟山石窟是中国南方最具代表性的石窟之一，享有“西南敦煌”的美誉。石钟山石窟共16窟，造像139躯，分布在以石钟寺为中心的石钟寺、狮子关和沙登箐三处。石钟山石窟从各方面形象生动地再现了南诏大理国时期的社会文化生活的真实图景、佛教人物造像、南诏的政治生活图景、南诏大理国的宗教信仰，还是南诏政权与东南亚、南亚和西亚各地的文化交流的真实写照。大理国经幢，又名“地藏寺经幢”。此幢记叙大理割据政权的史料，反映了鄯阐（今云南昆明）与宋朝的关系，具有较高的历史和艺术价值。经幢造型优美，雕刻技术精湛，具有密宗佛教造像的特点。手法有浮雕、高浮雕、半立体雕多种，其精美震惊中外，被誉为“滇中艺术极品”。

白族木雕主要运用于宫廷庙宇、民居建筑的装饰上，尤以剑川木雕最为出名。北京人民大会堂云南厅的堂门和木雕屏风就是出自剑川木雕之手。1996年，白族匠师历时一年半时间，完成了《张胜温画卷》木雕精品，木雕总长97．6米，雕刻人物造型栩栩如生，于1997年7月香港回归祖国之时展出，众誉为“新时代的天南瑰宝”。木雕产品主要分为两大类：房屋建筑（主要表现于格子堂门、格子窗等，有“喜鹊登梅”、“荷花牡丹”、“牧牛图”、“二十四孝图”、“鸳鸯戏水”、“狮子滚绣球”等丰富多彩的图案）和家具（主要表现于屏风及桌、椅、凳、柜、台等，图案繁富，以“双凤朝阳”、“凤穿牡丹”为贵，而“飞龙揽云”、“百鸟朝凤”、“孔雀开屏”等更是艺术精品）。白族的漆器艺术造诣很高，元明两代王朝政府所取的御用漆工，大都从云南挑选，大理国的漆器传到明代，还一直被人视为珍贵的“宋剔”。

与石雕、木雕密切联系的是白族碑刻。白族碑刻历史悠久，数量众多，重要的碑刻有《南诏德化碑》、《段氏与三十七部会盟碑》、《元世祖平云南碑》、《词记山花•咏苍洱境》等，是研究白族历史、文化、艺术的重要资料。

白族绘画艺术丰富多彩。《南诏中兴图传》是白族画家张顺、王奉宗的杰作，包括画卷和文字卷两部分，因绘制于南诏中兴二年（899年）而得名。内容主要为梵僧点化奇王细奴罗为南诏王、梵僧教化愚民、兴宗王罗盛等祭铁柱、中兴王舜化贞奉祭观音等故事，依据《巍山起因》、《铁柱记》、《西洱河记》等南诏早期史籍绘制而成。它是南诏时期的民族艺术珍品，对于研究南诏历史与文化具有很高的历史和艺术价值。

《张胜温画卷》，大理国画工张胜温创作于大理国盛德五年（南宋孝宗淳熙七年，1180年），是世界佛教图像画中的珍品，画卷有明翰林学士宋濂、清乾隆皇帝及近人方国瑜、罗庸等诸多名家题跋，是云南历史上绘画艺术步至颠峰期的巨型精粹杰作，在中国美术史中占有重要的地位。该画卷与同时代的另一画卷《清明上河图》被誉为“南北双绝”。画卷为纸本设色、贴金，总长1636.5厘米，高30.4厘米，134开，以《护国仁王经》为主题，画着628个面貌不同的人像，将大理国时期从王者至平民笃诚信奉佛教的盛况，以及崇佛祀佛的内容备细描录、展现无遗。整部画卷大气磅礴、酣畅有序，人物众多而疏密得当，并从艺术的角度体现了南诏、大理国的相互因袭与联系。此外，元代大理凤仪遍知寺的壁画、明代剑川沙溪《兴教寺壁画》均为一时之绘画艺术珍品。

白族地区具有本民族特色的商品种类很多，其中以大理石制品、木雕制品、扎染、草编制品、沱茶最为有名。

大理石制品是白族手工艺品的一绝。大理石又名苍石、文石、础石，是石灰岩，一般呈白色，主要产于大理点苍山，在我国和世界一些地区也有分布，但大理石中最为名贵的水墨石和彩花石两类则唯有大理出产，享誉海内外。大理石的用途主要体现在建筑、装饰、生活用品、家具等方面。

扎染是白族又一著名的民间手工艺品，主产地在大理的周城镇。它以白棉布为原料，用手工扎缝出各种花形图案，再用不易褪色的植物染料多彩浸染，就会在布上呈现出蓝底白花、清新素雅、变化多端的各式图案。扎染布是白族妇女传统的装饰品，她们使用的头巾、手帕和挂包大都是用扎染布做成。扎染服装、装饰品、生活用品是白族地区的重要出口商品。

白族草编是白族妇女在劳动之余，用麦杆精心编织而成的各种生活用品，如草帽、草篮、草席等富有民族特色和地方特色的手工艺品。草编制品是将麦杆经过水漂、硫磺薰白后编制而成，是白族妇女世代相传的一项手工艺，其优点是软、细、白、美。大理草帽历史悠久，既是白族人民的生活用品，又是白族姑娘们钟爱的装饰品，在大理古城一带，有专门的草帽一条街，产品远销海内外。

沱茶既是闻名中外的饮料，又是民族特需商品，是下关茶厂独家生产的地方传统名茶。沱茶由喜洲永昌祥号创制，形如秤砣，选料认真，制作精细，具有造型美观、色泽细润、醇爽回甘的特点，且耐冲泡，既可消食止渴，又有疗效，兼具红茶和绿茶的特点、功效。沱茶尤其畅销于藏区，藏族用沱茶伴酥油和食盐做成酥油茶，苦涩的味道被食盐所掩盖，帮助消化反而更有力量，并且能保暖，适合高原气候寒冷的生活环境，尤其受到藏族同胞的欢迎。2006年5月，十一世班禅亲临下关沱茶集团公司参观，并欣然写下了“世代茶缘，藏汉合欢”的题词。

白族家庭是一夫一妻制。同姓同宗不通婚，但例行姑舅表婚，本民族内部或与其他民族之间都可通婚。新中国成立前，各地婚姻多为父母包办，媒人说合。家庭中儿子成婚后即分开独立生活，男子有财产继承权，有的地方幼子还有优先继承权。新中国成立后，废除了宗法封建制度，实现婚姻自由，青年男女可通过众多的定期集会如石宝山歌会等自由恋爱。定亲是白族婚俗的重要礼仪之一，届时男方要通过媒人向女方家庭送“三色水礼”，即红糖、茶叶、酒。婚礼热闹而繁琐，一般持续三至五天。婚后，新郎新娘要回女方家拜父母，会亲戚，称为“回门”。

白族在元代以前盛行火葬，云龙县顺荡村至今仍保留有最完整的元明时期白族火葬墓群。元代以后，因受汉族的影响而逐渐改为土葬，仪式简朴庄重。葬仪分为送终、守灵、出殡、安葬四个程序，各地大同小异。老人临终前，子女要尽心尽力在身边伺候，当老人临终时口中要含几粒米或少许碎银，俗称“接气”。守灵期间要念经。出殡要卜吉日，亲友邻里自觉前来送葬。安葬后七日内，子女每天早上要到坟上祭奠，查看新坟是否被损坏。

三月街是白族人民盛大的节日和街期，号称“千年赶一街，一街赶千年。”它的起源与观音伏罗刹的传说有密切联系，所以又叫观音市。每年夏历三月十五日开始在大理古城西门外举行，会期七至十天。结棚为市，万商云集，大宗交易各地土特产品、中草药材、骡马牲畜和日用百货。节日期间，举办传统的赛马、赛龙舟、射弩、打秋千等民间体育比赛以及大本曲演唱、洞经古乐、民族歌舞表演，年年如是，热闹非凡。

火把节是白族另一盛大节日，每年夏历六月二十五日举行，古称“星回节”，它是白族人民在秋收前预祝五谷丰登、人畜兴旺的活动。节日期间最为壮观的是每个白族村寨都要在村子中央的场地上竖起一柱或数柱三四丈高的大火把，树杆作心，外面捆扎竹片、树枝和松明，用彩线系上火把梨、乳扇、鞭炮，插上书有“五谷丰登”、“国泰民安”、“风调雨顺”字样的“升斗”，当夜幕降临，大小火把齐明，红光满天，响声震耳。晚上睡觉时，妇女和小孩要用一种捣烂的“凤仙花根”包捂手指头，第二天即把指甲染红，传说是以此纪念邓赕诏主皮罗造的妻子柏洁慈善夫人，象征忠贞的爱情。

绕三灵，又称绕山灵、绕三林，是一种农闲时的赛歌盛会。白语叫“观上览”，意即“游逛园林”。三灵指“神都”圣源寺，“仙都”金奎寺，“佛都”崇圣寺，绕三灵主要是串游这三个寺庙。每年农历四月二十三至二十五日，洱海周围上百个村寨的男女老少，着盛装，各村为一队，从大理古城出发，至洱海边的河矣村，历时三天。每队领头的是两位年长男子，他们共挟一支杨柳，高八尺许，横一彩绸，一葫芦。一手挟枝，一手执蚊帚，或一把扇，或一块毛巾，一人主唱，一人拍打，后面跟着众男女，载歌载舞，充满狂欢情绪，被称为“白族狂欢节”，已经申报联合国教科文组织“人类口头和非物质遗产代表作”。

此外，白族还有许多节日，如过正月、朝鸡山、葛根会、青姑娘节、天子庙会、接佛母、打歌会、花朝节、庄稼会、观音会、小鸡足山歌会、蝴蝶会、栽秧会、卖花会、杨梅会、绕海会、赛花船、海西海歌会、松桂骡马会、海灯会、石宝山歌会、剑川骡马会、将军庙会、渔潭会、菊花会、尝新米节、本主节等。

白族舞蹈较多，按活动性质可分为娱乐性和祭祀性两大类。娱乐性舞蹈有霸王鞭、八角鼓舞、龙狮舞、模拟动物舞、兵器舞等；祭祀性舞蹈有羊皮鼓舞、手巾舞、碗箩舞、耍花舞、灯盏舞、巫舞等。其中霸王鞭、八角鼓舞、龙狮舞最流行。霸王鞭、八角鼓舞多在喜庆节日和传统节日三月街、绕三灵时举行，男女各为双数，男的以八角鼓（八方八角鼓，单面蒙皮，边缘嵌着铜钱和铜铃）或双飞燕（竹板两副，上系彩带，左右手各执一副）为道具，女的以霸王鞭（长1米左右的竹棍，两头嵌入用铁丝穿着的铜钱数枚，棍上扎纸花，舞时发出响声）为道具，同台演出。舞形变化多姿，有“一条街”、“打四门”、“五梅花”、“金鸡打架”、“二龙抢宝”、“背合背”、“心合心”、“脚钩脚”等。演员随着霸王鞭、八角鼓在身体各部位敲击的节奏，双膝轻轻颤动，肩、胸、腰随之晃动，并用白语唱各种小调，同时还有笛子或三弦伴奏，节奏鲜明，步伐整齐有力，气氛热烈。龙狮舞，即耍龙和舞狮，多在春节和重大节日时举行。

弥渡花灯。“月亮出来亮汪汪，想起我的阿哥在深山；哥像月亮天上走，山下小河淌水清悠悠……”，这是20世纪50年代广泛流传于全国的弥渡山歌《小河淌水》，被誉为“东方小夜曲”，它使弥渡闻名于世，也使弥渡花灯《十大姐》、《绣荷包》等享誉全国。在弥渡流传着一句俗语：“十个弥渡人，九个会唱灯。”每年正月十五是传统的密祉灯会。届时密祉万人空巷，盛况空前，至今不衰，反映了弥渡花灯的娱乐性和群众性。

白族器乐非常丰富，而其中乐器结构和演奏风格最为独特的是唢呐和三弦。白族唢呐与汉族唢呐构造不同，背面无音孔，正面只有七孔，采用“借音”吹奏法。唢呐不仅用于婚丧嫁娶、喜庆节日、庙会等活动，还是传统白剧“吹吹腔”的主要伴奏乐器，流传至今的曲牌有“栽秧调”、“大摆队伍”、“龙上天”、“仙家乐”、“蜜蜂过江”、“哑子哭娘”、“跌落泉”等上百首之多。三弦是最牵动白族人心的又一种乐器。白族三弦有大、中、小三种，大三弦音质浑厚，主要用于白族民间曲艺“大本曲”的伴奏；中音三弦，又称龙头三弦，是白族民歌的主要伴奏乐器；小三弦，长度不足二尺，演奏多用揉弦指法，善于发挥每个音符的余音和波音，音色有类于古筝而更显得轻妙柔和。

大理洞经古乐始于南诏大理国时期的宫廷音乐和祭祀音乐，兴盛于明清两代，在发展过程中溶入了儒、释、道三教的祭祀音乐，而完善于道家的道场，以演奏《文昌大洞仙经》为主调，故称为洞经音乐，它堪称为一块音乐的活化石。下关洞经乐社“三元会”至今尚保留有“奉圣乐”等乐章，仅下关民间音乐家李莼先生保存的“工尺谱”就达200多首。其演奏风格兼具道家音乐的飘逸、宫廷音乐的典雅、江南丝竹的柔美和儒家音乐的浑厚。

白族民间文学包括神话、传说、故事、民歌、叙事诗以及民间曲艺大本曲和吹吹腔等各类体裁的作品，它们构成白族文学的主体。

白族古老的神话有开辟神话、图腾神话、龙神话、本主神话和密教神话五类。代表作品有《开天辟地的传说》、《氏族的来源》、《九隆神话》、《大黑天神》等。这些神话是白族先民关于天地形成、人类起源、氏族来源和各种事物的解释。在白族古老的神话史诗《创世纪》和《人类和万物的传说》中，反映了白族先民混沌的宇宙观，具有朴素唯物主义思想因素。白族人民以美丽的自然风光、名胜古迹和重大历史事件为素材，创造了许许多多地方风物传说和故事，如大理有名的风、花、雪、月四景传说等。这些传说故事，虽描写的是自然风光、地方名胜、历史人物，但也反映了白族人民独特的风俗习惯、民族心理，具有很高的思想性和艺术性。代表作品有《望夫云》、《美人石》、《蝴蝶泉》、《神奇的鸟会》、《鸡足山》、《绕山林》、《玉白菜》和《火烧松明楼》等。此外，白族人民还创作了大量的本主故事和机智人物故事。

白族民间诗歌，可分为打歌、歌谣、长诗和对口山歌。“打歌”是音译，本义为游戏、玩耍，它是同生产、生活和风俗习惯相联系的一种比较原始的艺术形式。白族民间文学中，有一种区别于白族调的长篇诗歌体——本子曲，主要流传于剑川、洱源一带，著名作品有《鸿雁带书》、《鸿雁回书》、《李四维告御状》、《青姑娘》、《放鹞曲》、《黄氏女对经刚》等。大本曲是一种说唱文学，在民间广为流传，它由唱词和说白构成，以唱词为主，说白为辅。唱本有些是根据汉族的古典小说、历史故事和民间故事改编的，有些是根据白族民间故事改编的。白族地区还流行一种民间戏剧——吹吹腔，剧目有200多种，多数是根据汉族古典小说、历史故事、民间故事和白族民间故事改编的。

与白族民间文学交相辉映的是白族文人文学。南诏时期是白族诗歌创作的一个高峰期，杰出者如寻阁劝、赵叔达、杨奇鲲、段义宗等，他们的作品虽传世很少，但得到了中原汉族的普遍认可，被收入《全唐诗》。《南诏德化碑》不仅代表了该期文学创作的最高成就，更以其独特的历史价值而长存于苍洱之间。明代兴起了一个白族知识分子士绅群体，著名的有李元阳、高桂枝、杨南金、杨黼、杨士云等。他们写作了许多山水诗，但也有反映现实生活的佳作。清代至新民主主义革命时期，白族中涌现出不少作家和诗人，如王崧、师范、赵藩、周钟岳、赵式铭、张子斋、马曜、杨明、马子华等。赵藩书法苍劲有骨力，颇得颜鲁公笔意，脍炙人口的昆明大观楼长联及成都武侯祠楹联都是他的手笔，楹联曰：“能攻心则反侧自消，从古知兵非好战；不审势即宽严皆误，后来治蜀要深思。”他晚年编辑的《云南丛书》205种1402卷，集云南文献之大成，是一部颇有价值的文学遗产。马曜是新民主主义时期的诗人和历史学家，著有《茈湖精舍诗初集》，并写了许多反映民生疾苦、抨击时政和歌颂民主运动的诗。中华人民共和国成立后，白族新文学有了长足的发展，戏剧家杨明、散文作家马子华、小说家杨苏及诗人晓雪等，写了不少反映云南各民族生活的作品，张文勋长期致力于中国古代文论研究和白族文学史研究。

约汉唐之际，白族先民开始使用一种民族历法，它是一种阴历，但有太阳历的特征。习惯上通称每年13个月，每月30天，但是并非每年都过足13个月，也不是每月都有30天，其中包含了虚月和虚日。这种古老的白族历法在今天居住于怒江流域的白族支系――“勒墨”人中还有遗存，他们对月份的称呼，直接以当月的物候和人们的生产活动来命名，分别称之为太阳不动月、太阳起来月、树枝发芽月、开始种地月、农忙月、再种也不收月、饥饿月、无力气月、粮食始熟月、完全成熟月、狩猎月、酒醉月。二月置闰；每个月里，初二日是虚日，只有大月才有，每逢小月，过完初一之后就是初三了。以上充分反映了古老历法对白族先民农事生产的直接指导作用。此外，白族学者杨士云的《天文历志》、周思濂的《太和更漏中星表》、何中立的《星象表》、李滮的《筹算法》等著作中，分别探讨了行星的轨迹、恒星的运动、太阳黑子的观测、彗星的记录等天文现象，丰富了我国古代天文学的内容。"
土家族	"土家族总人口为8353912人（2010年），主要分布在我国湘、鄂、渝、黔交界地带的武陵山区。其中，湖南省的土家族主要分布在湘西土家族苗族自治州的永顺、龙山、保靖、古丈等县，张家界市的慈利、桑植等县，常德市的石门等县；湖北省主要分布在恩施土家族苗族自治州的来凤、鹤峰、咸丰、宣恩、建始、巴东、恩施、利川等县市，宜昌市的长阳、五峰两县；重庆市主要分布在渝东南的黔江、酉阳、石柱、秀山、彭水等区县；贵州省主要分布在黔东北的沿河、印江、思南、江口、德江等县。

土家族所居住的地区，属于山区丘陵地带，海拔多在400－1500米之间，境内山岭重迭，岗峦密布，主要的山脉有武陵山、大娄山、大巴山等。其中，武陵山脉横贯其间，分布区域最大，酉水、澧水、清江、溇水、武水、乌江、郁江、贡水（忠建河）、唐崖河等河流纵横交错。这里气候温和，雨量充沛，具有发展农、林、牧、副、渔业的良好条件。经济作物有甜菜、苎麻、棉花、油桐、油茶、茶叶等，其中油桐、油茶是土家族地区多种经营中的主要项目，在土家族人民的经济生活中占有重要的地位。经济林木有松、杉、楠、柏等。此外，贵重的药材、水产与地下矿藏也很丰富，珍贵的娃娃鱼是闻名中外的特产。

土家族自称“毕兹卡”、“密基卡”或“贝锦卡”，意为“土生土长的人”。历史上，土家族先民被侮称为“蛮”或“夷”。宋代以前，居住在武陵地区的土家族与其他少数民族一起，被侮称为“武陵蛮”或“五溪蛮”。宋代以后，土家族就单独被称为“土丁”、“土人”、“土民”或“土蛮”等。改土归流后，随着汉族移民的增加，“土”、“客”、“苗”往往对举，以对武陵地区的土家、汉、苗三族进行区分。“土家”作为族称，是在较晚时期出现的。民国时期的《咸丰县志》将土司后裔的“支庶之家”称为“土家”，而将当地汉族移民称为“客家”。土家族大姓主要有向、彭、田、覃、谭、冉等。

土家族的语言属于汉藏语系藏缅语族，接近彝语支，分为南部方言和北部方言。除湘西土家族苗族自治州泸溪县潭溪乡的土家族操南部方言外，其余土家族均操北部方言。土家族没有本民族文字，长期以来使用汉文。绝大多数土家人都通用汉语，部分人兼通苗语，目前只有酉水流域永顺、龙山、来凤等县的部分土家人会说土家话。

【历史沿革】

关于土家族的族源，说法不一。

一说是古代巴人的后裔。认为从《十道志》等书的记载和唐代刘长卿、刘禹锡等人反映湖南风习的诗词来看，“巴人”的确广泛进入湘东北、湘西和沅、湘流域；今湘西土家族自称“毕兹卡”（“比兹卡”），历史上巴人聚居与活动区域内的有些地名，读音与“比兹”近似；巴人的姓名、族名等，也有些和“比兹”的读音近似；巴人和土家族都有关于虎的故事与神话；巴人崇拜白虎神与土家族相同；巴人与土家人的姓氏一部分相同。

一说是古代由贵州迁入湘西的“乌蛮”的一部。此说根据《溪州铜柱记》说：“盖闻牂牁接境，盘瓠遗风，因六子以分居，入五溪而聚族。”认为土家族来自贵州。贵州境内一直有“比兹”族，如民国《大定县志》卷五谓：“比济系白罗罗之名，因号其地为比跻，久之讹为为毕节”。元代的《经世大典招捕总录》的《八番顺元诸蛮》篇中也说今贵阳、惠水之间有“必际”一族。“比跻”、“必际”，当即“比兹”，和土家族的自称相近。据历史记载，中唐以后，“越嶲”一带的“乌蛮”曾入贵州。“兵敷出，侵地数千里”。当地土著一部分被其征服，就是“白罗罗”称谓的起源，一部分与他们进行长期的斗争，最后被迫迁入湘西和云南。“土家”这个名称即是对新侵入的“乌蛮”而言。土家族的语言与西南彝族比较接近，也是土家族来自贵州的一个佐证。

一说是唐末至五代初年（910年前后）由彭瑊率领的从江西迁居湘西的百艺工匠的后裔。一部分人在沅陵定居下来，至明洪武二年（1369年），又由沅陵莲花池迁往湘鄂西山区，披荆斩棘，开山辟岭，繁殖生息。

一说是以自古以来就定居在湘鄂渝黔边境的土著先民为主体，融合了其他一些部族的先民而形成的，特别是构成湘西土家族主体的是湘西古代土著居民。主要证据是：其一，从湘西地区所发掘的文化遗址来看，湘西地区早在公元前4000多年前即有人类栖息；其二，土家族人自称“毕兹卡”，即“本地人”之意，称苗族为“白卡”，即“邻居的人”之意，称汉族为“帕卡”，即“外来的人”之意，这一语言现象说明土家族和苗族是湘西地区土生土长的古老居民；其三，从土家族巫师“土老司”的祭祖唱词和摆手舞的歌词来看，传说中的土家族祖先迁徙都在酉水流域回旋，并未越过大江大河和经过长途跋涉。

近年来，土家族多元来源说为大多数人所认同，即以古代巴人的两支——廪君蛮和板楯蛮为主源，融合当地土著和进入该地区的汉人、濮人、楚人、乌蛮等族群共同构成。可以断定，大约自唐末五代以后，土家族这一稳定的人们共同体开始逐渐形成为单一民族。

早在周王朝时期，土家族地区就开始了行政建置，巴被封为子国。秦灭巴，统一六国后，在巴人住地设巴郡、南郡和黔中郡。从唐至宋，中央政府对土家族地区实行任用当地首领进行管理的统治政策，史称羁縻政策。在唐王朝“树其酋长，以镇抚之”的怀柔政策下，“杂侧荆、楚、巴、黔、巫中”诸蛮纷纷归附。从元代起，封建王朝开始在土家族地区建立土司制度，到明代日臻完善。土司制度是一种军政合一的组织。受中央王朝任命的土司、土官实行封建世袭制，土司既是政治上的统治者，拥有一定数量的武装；又是各自区域内最大的封建领主，土民与土司是一种人身隶属关系。元至清初，中央政府在土家族地区设立了数十个土司，以永顺土司、保靖土司、桑植土司、容美土司、散毛土司、施南土司、忠建土司、酉阳土司、石柱土司和思州、思南土司影响较大。自清雍正五年开始，清政府在土家族地区实行“改土归流”，即废除土官统治，委派流官治理，到乾隆末年，基本完成。改土归流后，中央政府对土家族地区实行与中原地区相同的政治体制，在湘西设立永顺府，辖永顺、宣恩、咸丰、来凤、利川、建始六县和鹤峰州、长乐县，渝东南设立酉阳直隶州（辖酉阳、秀山）和石柱直隶厅；黔东北设有思南府（辖印江、安化和沿河弹压委员）和铜仁府。在府县以下，用保甲制代替原土家族的基层组织“旗”。

土家族在历史上与汉族接触较早。据史籍记载，五代梁开平四年（910年），土家族人民即以农业生产为主，并喜渔猎，不事商贾。生产时，男女一样劳动，伐木烧畬（即刀耕火种），播种杂粮，不施肥，不灌溉，待地力尽时，再转移他处，另行开垦，农业产量低。

在汉族的影响下，冶炼和手工业都有相当发展。后晋高祖天福五年（940年），土家族上层统治者彭士愁就和楚王马希范在溪州（今永顺）会溪坪结盟，铸铜柱为记。铜柱重五千余斤，高一丈二尺，周围约三、四尺，六棱中空，铜质皎洁发光，刻字十分精巧。铜柱是否出自土家族，尚不能完全肯定，但是土家族接受了汉族先进生产技术的影响是可以肯定的。

随着农业生产的逐渐发展，土家族与汉、苗等族的商业贸易也有了发展。五代时，溪州人购买汉货，汉族人民收购土特产，彼此互通有无。这时土家族地区的生产关系主要是封建领主经济。彭士愁就是食邑三百户的封建领主。在封建领主的统治下，大部分良田沃土为“土官”、“舍把”、“头人”所分占。封建领主通过劳役地租和实物地租等形式，对广大农民（农奴）进行残酷剥削和压榨，特别是封建统治者为了密切与历代中央王朝的关系和取得更多的“回赐”，以巩固其封建统治，残酷地剥削辖区内劳动人民，将剥削来的部分财物，向封建王朝“纳贡”。到了明代，这种“纳贡”、“回赐”的次数更加频繁，规模也日益扩大。随着这种“纳贡”、“回赐”的往来，民间贸易也有较大的发展，汉族商人、农民大量迁入，大大促进了土家族地区经济的发展，使之逐渐接近当地汉族的水平。

随着生产力的发展，加以汉族地区封建地主经济和文化影响的不同，土家族的经济发展呈现不平衡现象。12世纪初，鄂西土家族地区地旷人稀，少数占有大量田地的富豪之家，为了满足自己豪奢生活的需要，多方引诱汉族农民迁去开垦，规定：凡汉人承耕土地，只要本人提供劳役，不需全家服劳役；所开垦的土地与盖的房屋，可以买卖；客户死亡，妻女可以改嫁；凭文约付货款，不随便勒索等等。这些规定客观上对土家族地区的经济发展起了一定的促进作用。汉族农民的迁入不仅带去了先进的生产工具，也带去了丰富的生产经验。这时，鄂西土家族地区已出现了土地买卖现象，地主经济逐渐发展起来，与封建领主经济同时并存，而在湘西土家族地区封建领主经济仍占统治地位。

明末清初，土家族农民已大量使用从汉族地区输入的各种先进农具，如铁铧犁、铁镰、铁耙等，还学会制造与使用“蜈蚣车”、“冲筒”、“水磨”、“水碓”、“水碾”等。在汉族地区地主经济的影响下，土家族地区土地买卖盛行，封建领主开始用剥削来的财富，四处购买土地或侵占民田，逐渐向地主经济转化。汉族商人、农民大量迁入，许多汉族商人“累资百万，置田庐，缔姻亲”，变成地主。“县属巨族，自来客籍为多。”土司利用其占有大量土地和政治上的特权，对土家、苗、汉等族农民进行残酷的压迫和剥削，农民除遭受各种形式的地租剥削外，还要承担各种差役，缴纳贡赋。苛捐杂税名目繁多，有“火坑钱”、“锄头钱”等二、三十种。土家族人民过着牛马不如的痛苦生活。

清雍正年间实行“改土归流”，彻底打破了“汉不入峒，蛮不出境”的禁令，大批汉地流民进入土家族地区，民间往来日益频繁；与此同时，清政府强制推行汉文化，这些都极大地改变了土家人的生产方式和生活方式，在客观上进一步促进了地主经济迅速发展，对于土家族地区政治、经济、文化上的发展起了一定的积极作用。

1840年以后，由于英、美等帝国主义的入侵，大批洋货充斥市场。同时又大量掠夺廉价的桐油、茶叶、药材等土特产，土家族地区大量种植鸦片，破坏了土家族地区自给自足的自然经济，使农村日益破产，广大农民纷纷失去土地。解放前，土家族聚居的地区，土家族的地主占总人口的5-7%，占有全部土地的40-50%，有的达70%；贫雇农约占总人口60%，仅占有土地的10%左右；中农占总人口的25-30%，占有土地的27-35%；其余土地为富农和小土地出租者占有。在国民党统治时期，土家族地区地主、官僚、土匪三位一体，打家劫寨，杀人放火，派兵抓丁，苛捐杂税，使土家族人民陷于悲惨的生活，一般每年缺粮六个月。“火灶当棉袄，蕨根当粮草，竹片当灯火，赤脚当鞋跑”的民谣，正是解放前土家族人民贫苦生活的写照。土家族地区各族人民与帝国主义、封建主义和官僚资本主义的矛盾日益尖锐化，广大人民纷纷起来进行反帝反封建斗争。

为了反抗历代反动统治者和外国侵略者的压迫剥削，土家族人民掀起了多次的反抗斗争，对于祖国有很大贡献。明代，土家族人民曾被征调到东南沿海一带与汉、壮、苗、瑶、畲、仡佬、回等族人民一起，共同抗击倭寇的侵犯。在嘉兴王江泾等战役中，永顺、保靖的“土兵”（土家、苗族士兵）屡建战功，被评为“东南战功第一”，充分体现了土家族人民和各族人民共同反抗外来侵略的爱国主义精神。

清雍正十一年（1733年），鹤峰土家族人民因不堪忍受土司的残酷统治，纷纷起来暴动，迫使土司畏罪自缢。1795—1797年，黔东、湘西爆发了苗族人民反封建的起义，得到土家族人民的热烈响应。清咸丰年间，在震撼全国的太平天国革命运动的影响和推动下，贵州土家族和苗、侗、仡佬、汉等族人民一起，以白莲教的支系灯花教为纽带，高举义旗，组织了红、白、黄等号军起义，沉重地打击了腐朽的清王朝，表现了土家人民的革命斗争精神。

从1851年开始，湘鄂西土家族人民纷纷秘密结社。川东南的“啯鲁”，曾在鄂西一带活动，来凤等地的“红钱会”、“黑钱会”也先后兴起，他们与太平天国革命运动相呼应，到处与统治阶级展开斗争。1861年前后在龙山一带“哥弟会”大盛。这些秘密结社的反封建斗争继续扩大，成为天平天国革命运动的一支力量。同年太平军经过土家族地区，得到土家族人民的支持与配合，在湘鄂西展开轰轰烈烈的反封建斗争。1884年，鄂西沙子地的各族人民因不堪天主教反动势力的剥削压迫，愤起暴动，杀死作恶多端的主教一人、神甫二人，震动了整个鄂西。1897年，利川梨花岭等地的各族人民在全国反帝斗争的影响下，纷纷起来赶走帝国主义走狗，焚毁教堂，抗议帝国主义利用宗教奴役各族人民，有力打击了帝国主义在土家族地区的侵略活动。

辛亥革命时期，土家族邓玉麟、牟鸿勋、席正铭、向乃祺等杰出人物积极响应，为辛亥革命的成功作出了重要贡献。民国年间，土家族地区又兴起了“神兵运动”，提出“灭兵、灭捐、灭税”的口号，组织农民反抗贪官污吏，进行抗捐抗税的斗争。

1921年中国共产党成立后，湘鄂西土家族地区在党的领导下，农民运动如火如荼，蓬勃发展。1926年来凤等地各族农民用土枪、大刀、梭镖武装起来，反对苛捐杂税，打击地主土豪。后在桑植、泸溪等县成立农民协会，镇压恶霸地主，狠狠打击封建势力。1925到1927年北伐战争，不少土家族子弟参加了贺龙同志所率领的国民革命军第二十军。在大革命风暴的影响下，武陵地区的各族人民的革命觉悟有了很大的提高，反帝、反封建的斗争更加深入，农民运动的规模不断扩大。

1927到1935年，土家族人民参加中国共产党领导的建立湘鄂西革命根据地的斗争。1928年1月贺龙等同志到湘鄂西开展武装斗争，经常游击在桑植、鹤峰、咸丰、恩施、建始等地。1930年5月，组成中国工农红军第二军团，使湖北洪湖根据地与湘鄂西根据地联成一片，成立中共湘鄂西特委。桑植、鹤峰、五峰、建始等县及龙山、宣恩、大庸、永顺等县的部分地区，都建立了苏维埃政权。同年7月以后，红二军团东下洪湖。鹤峰、桑植等地的游击队、赤卫队合编成红军警卫团，留守湘鄂西边区各县。1931到1933年，红军警卫团在桑植、大庸、鹤峰、恩施、咸丰、宣恩、五峰等地，坚持游击战争。1933年夏，红军警卫团与红二军团会合，继续在湘鄂渝黔边境活动。

1934年10月，贺龙、关向应同志率领的红二军团与任弼时同志率领的红六军团在黔东北、渝东南交界处会师，并在桑植、大庸、永顺、龙山等县发动群众，深入土地革命，扩大武装，配合中央红军长征。

1935年，许多土家族优秀子弟参加红二方面军，长征北上，奔赴抗日前线。在抗日战争时期，土家族人民在中共湘西特委和鄂西特委领导下，进行了轰轰烈烈的抗日救亡运动。1941年，咸丰县英勇的巴西坝各族人民因不堪忍受国民党抓丁派款之苦，有六十余人举刀冲进国民党保长办公室，杀死保长及保丁四人。1943年，永顺、龙山、大庸、桑植等县的土家、苗、汉族人民爆发了一次大规模的反贪官污吏的斗争，起义军攻占了永顺等县城后，起义队伍迅速壮大起来，仅永顺、大庸、桑植三县的起义队伍就达两万人以上。1944年鹤峰县阳河乡的土家族人民为反对国民党的苛捐杂税、抓丁拉夫，一百多人带着梭镖、马刀等武器，杀死伪乡公所人员，烧毁文件，国民党政府为之震惊。

在解放战争时期，土家族人民纷纷组织游击队，密切配合人民解放军进攻鄂西来凤、鹤峰等地，消灭了反动的地方武装及国民党军队，摧毁了国民党在湘鄂西的黑暗统治。土家族人民载歌载舞，热情地接待自己的亲人解放军，欢天喜地庆祝解放和人民政权的诞生。

【风俗文化】

土家族地区的经济基本属于山地农耕经济，传统耕作方式是“刀耕火种”或“火耕水耨”，俗为“砍火砂”。土家族在开荒挖土、薅苞谷草、砍楂烧粪等适宜集体性劳动的农活中都兴换工互助。在集体劳动中，土家族创造了一种鸣锣击鼓、伴之以歌的歌唱形式，称为“薅草锣鼓”，也叫薅秧锣鼓、薅草歌、打闹等。劳动者“闻歌雀跃，劳而忘疲，其功较倍”。农耕之外，土家人亦喜欢集众围山打猎，称为“赶仗”。

土家族日常主食苞谷、稻米，辅以红薯、马铃薯等。菜肴以酸辣为其主要特点，尤喜将黄豆磨细，浆渣不分，煮沸澄清，加菜叶煮熟，制成合渣。其它较有特点的食物还有粑粑、腊肉、油茶、合菜、团馓等。土家族喜欢饮酒，其中常见的是用糯米、高梁酿制的甜酒和咂酒。咂酒，一般把薛曲和杂粮置于坛中密封，少则半年，多则二、三年，久之成酒。待客人到来时，取置堂案正中，以细竹通节为竿，插坛底，堂中置案，两旁分放鸡、鸭、鱼、肉等，各置筷子一双，而不设坐，由主妇开坛，主人请客人上前依次轮流咂酒，后举筷而食，彼此不以为嫌，边吸边食，边唱边跳，载歌载舞，甚为热烈。

在服饰方面，土家人尚俭朴，喜宽松。传统衣料多为自织自纺的青蓝色土布或麻布，史书上称为“溪布”、“峒布”。女装上衣矮领右衽，领上镶嵌三条花边（俗称“三股筋”），襟边及袖口贴三条小花边栏杆；下穿“八幅罗裙”，裙褶多而直，后改为裤脚上镶三条彩色花边的大筒裤；姑娘素装是外套黑布单褂，春秋季节多穿白衣，外套黑褂，色似鸦鹊，称之为“鸦鹊衣”。头发挽髻，戴帽或者用布缠头，喜戴耳、项、手、足圈等银饰物。男式上衣为“琵琶襟”，后来逐渐穿对襟短衫和无领满襟短衣；缠腰布带；裤子肥大，裤脚大而短，皆为青、蓝布色，多打绑腿；头包青丝帕或五六尺长的白布，呈“人”字形；脚穿偏耳草鞋、满耳草鞋、布鞋或钉鞋。现今，很多地方的土家族穿着与汉族差不多，只有在隆重集会和节日，或偏僻山村，才能见到土家族的传统服饰。

土家族的传统民居主要有茅草屋、土砖瓦屋、木架板壁屋、吊脚楼四种类型，除此之外还有石板屋和岩洞。民居结构分为正屋、厢房和司檐：正屋大多为三间，中间一间为堂屋，前面有“吞口”；在正屋两头前面并与正屋垂直的两间为厢房；正屋后面的为司檐，也称拖檐。家庭富裕的建成四合屋，四合屋的前面称门楼子，中间为天井。土家族多聚族而居，民居自成群落。土家族的住所一般为一正两厢，也有一正一厢的，其中厢房为吊脚楼。吊脚楼的地基低于正屋的地基，在其地基上竖立十几根木柱，木柱上铺木板（楼板），以木板为壁，一般二至三层。吊脚楼的前面有阳台，两边有走廊。阳台和走廊排柱悬空，悬柱的末端有圆锥形雕饰，名为吊进瓜。阳台和走廊的栏杆多由木条组成，富裕之家在栏杆上雕龙画凤，在窗子和门上精雕细刻。阳台的屋檐为飞檐翅角，其遮檐用长条木板钉封檐口。鄂西土家族的吊脚楼因前有阳台、两边有走廊，互成转角之势，故名转角吊脚楼。吊脚楼集建筑、绘画、雕刻艺术于一体，是土家族建筑雕刻艺术的杰出代表。

土家族人十分注重礼仪。过去妇女怀孕后，要请土老师行法事“安胎”、驱邪。分娩，一般要请“接生婆”，要敬祭生育女神巴山婆婆。婴儿降生后，父亲怀抱“报喜鸡”去岳母家报喜，男孩用公鸡，女孩用母鸡。三天后，岳母家以及亲友们挑着礼品前来贺喜，即“打三朝”。满月那天，岳母家要送来衣物，给婴儿“放脚”，正式穿上衣裤，称作“满月酒”或“祝米酒”。在当代，实际上很多地方的土家族都把“打三朝”与“满月酒”（祝米酒）合二为一，统称“打三朝”。

土家族历史上的婚姻比较自由，男女双方经过自由恋爱，征得双方父母同意，经土老师（巫师）作证，即可结为夫妻。在恩施石窑、大山顶等地，有“女儿会”的习俗，即每年农历七月十二日，青年男女通过“女儿会”，唱歌跳舞，彼此爱慕，结为终身伴侣。改土归流后，土家族被迫实行父母之命、媒妁之言的包办婚姻。土家族实行一夫一妻制，解放前有姑舅表婚和填房婚之俗。姑舅表婚，即姑家之女必嫁舅家之子，又称“还骨种”；兄亡弟收嫂，弟亡兄收弟妇，称为“坐床”。但这些习俗到近代就已不存在了。解放以后，人民政府颁布了新的婚姻法，从此土家族人民真正享受到了婚姻自主的幸福。土家族的婚姻仪礼大致包括“打样”、“求婚”、“讨红庚”、“定亲”（俗称“插茅香”）、“看期”、“亲迎”等程序，与汉族古代“六礼”类似。较有特点的婚姻仪式是陪十姊妹、陪十兄弟与哭嫁。结婚前一天，男女双方举行盛大的成年礼。清《长阳县志》卷三记载：“古冠婚为二事，长邑则合而为一。于嫁娶前一二日，女家束发合笄，曰‘上头’。设席醮女，请幼女九人，合女而十，曰‘陪十姊妹’；男家命字，亲友合钱为金匾，鼓乐导送，登堂称贺，曰‘贺号’，不谓字也。是日设二（宴）席，其一，子弟九人，合新郎而十，曰‘陪十兄弟’，又曰‘坐十友’。”“陪十姊妹”、“陪十兄弟”的活动，在整个土家族地区至今遗风犹存。土家新娘出嫁时兴“哭嫁”，有的在结婚前半个多月就开始哭，有的要哭一月有余，至少三、五日。哭嫁歌有“哭父母”、“哭哥嫂”、“哭伯叔”、“哭姐妹”、“哭媒人”、“哭梳头”、“哭戴花”、“哭辞爹离娘”、“哭辞祖宗”、“哭上轿”等等。

土家族过去多行火葬。送葬时，请土老师念经，道士开路。祭吊死者，由土老师椎牛祭神，牛头归土老师独占，贫苦者往往借牛为祭。后来，因受汉族影响，均改为土葬，程序分为入殓、葬礼、送葬、安葬、葬后事等部分。在清江流域以北的土家族地区，流传着一种特有的古老葬俗歌舞“跳丧鼓”，又称“跳撒尔嗬”。山寨里，无论谁家老人去世，必请师傅到家里来打丧鼓。当夜，唢呐高奏，锣鼓喧天，鞭炮不停。丧鼓一响，相邻村寨的人们齐来奔丧。“跳丧鼓”是在灵柩前由击鼓师傅击鼓，歌师叫歌，跳者接歌而起的舞蹈。一般以两人以上的双数舞者在棺木前对舞，跳至高潮时少则可达百人，多则可达上千人前来或舞或观。舞者交替上场直至天明。“跳丧鼓”的形式分为“待尸”、“摇丧”、“哭丧”、“穿丧”、“践丧”、“退丧”等若干段，基本动作有“虎抱头”、“犀牛望月”、“凤凰展翅”、“燕儿含泥”、“猛虎下山”等十几个套路。“跳丧鼓”有文舞（文丧）和武舞（武丧）之分。“文丧”中最具特点的是“哭丧”，“武丧”是和民间武术相结合的一种跳法。“跳丧鼓”的歌词内容十分丰富，有赞颂土家先民开拓疆土，回忆民族历史的；有反映先民图腾崇拜、渔猎活动、农事生产、爱情生活的；还有歌唱死者生平事迹的，等等。

土家族民间非常重视传统节日，自年始至年终，可谓月月有节。正腊月间的年节（过赶年）、元宵节，二月社日、花朝节，三月寒食节、清明节，四月初八牛王节，五月端午节，六月初六向王节，七月乞巧节、女儿会、月半节，八月十五中秋节，九月初九重阳节，十月初一“寒衣节”等等，都是较为重大的节日。在众多节日中，以“过赶年”最具特色，现只有部分地区保留这一习俗。过赶年，也称过蓑衣年，即逢月大腊月二十九过年，月小腊月二十八过年，因比汉族提前一天过年，故名。届时家家户户都要杀年猪，做绿豆粉、煮米酒或咂酒等。

土家族文化艺术不仅种类繁多，内容丰富，而且形式多样，风格独特。摆手舞是土家族比较流行的一种古老舞蹈，包括狩猎舞、农事舞、生活舞、军事舞等，它节奏鲜明，形象优美，舞姿朴素，有着显著的民族特点和浓厚的生活气息，深为土家族人民所喜爱。摆手舞根据规模大小可分为大摆手和小摆手。每年春节期间，土家村寨筹办祭品，参神拜祖，“男女相携，翩跹进退”，载歌载舞。到了现在，摆手舞已逐渐褪去祭祀程序，发展成为纯粹的娱乐性的歌舞。伴随摆手舞产生的摆手歌俗称“舍巴歌”，它是土家族的创世史诗，由祭祀歌和伴舞歌两部分组成。摆手歌描述了人类起源，追溯了民族来源和迁徙历史，歌颂了祖先业绩和英雄事迹，表达了土家人对生活的热爱和理想的追求。摆手歌篇幅浩繁，气势恢宏，诗句动人，自由活泼，富有戏剧性，长期在人民群众中广泛传诵。山歌更是土家族人民喜爱的民间文艺，它质朴自然，乡土气息浓郁，主要反映人们的劳动生产和爱情生活，歌词以二、四、五三种句式居多，有单唱、对唱、一人唱众人合等形式。从歌唱样式上看，土家山歌“高腔”抒情，称“喊山歌”；“平腔”叙事，为“唱山歌”，且分类细致，采茶歌、穿号子、翻山调等曲式各异，韵律跌宕。民歌“竹枝词”源于古代巴人踏蹄之歌，最早流传于三峡与湘鄂西一带。唐代中叶，诗人刘禹锡吸收土家民歌的营养进行创作，后经宋代文人的改造加工，形成了一种明白晓畅、别具一格的文体。明清之际，不少土家文人利用竹枝词体裁创作了大量反映土家族地区风土人情的作品，成为土汉文化相互补益、共同发展的典范。再如土家族打击乐“打溜子”，以其独特韵味，丰富曲牌而闻名，多用于民间喜庆活动，如今因被赋予新的时代内容而大放异彩，广泛运用于建新房、送新兵、迎劳模、庆丰收和各种民族节庆中。尤以长阳吹打乐为代表，它由唢呐或土笛与鼓、锣、钹等打击乐器合奏，分为不同场合使用的堂调、大调、客调、菜调、笛调、丧调、综合调等七种类型。跳“毛古斯”是土家族民间古老的集歌、舞、话为一体的“似剧似舞”的祭神戏剧。演剧者浑身用稻草、茅草、树叶包扎着，扮成祖辈儿孙一家人，动作粗狂滑稽，或碎步进退，曲膝抖身，或左右跳摆，浑身颤动，或摇头耸肩，且自始至终伴讲语词怪诞的土话，唱土语歌。傩戏是旧时迎神赛会、驱逐疫鬼的一种仪式，又称地戏、傩堂戏、傩愿戏、还傩愿，事主家有所求之事即向神许下愿心，愿心已了就由巫师代事主家向神还愿。演出时以三五人头戴木制面具，一人主唱，众人合之，随着锣鼓的伴奏且唱且跳，虽动作呆板但不失风趣诙谐，歌腔单调却也词粗理正。土家族的傩戏，被称为“中国戏剧的活化石”。

土家族的传统工艺有染织、编织、刺绣、雕刻、绘画、剪纸等，尤以“西兰卡普”最为典型。土家族妇女善纺细布，自织自染的“土布”、“土锦”经久耐用，编织的“土花铺盖”，土家语称“西兰卡普”，以深色锦线为经线，各种色彩的粗丝、棉、毛绒线为纬线，进行手工挑织。它织工精巧，色彩绚丽，图案新颖，多达几百种，一般分为三种类型：一是自然景物、禽兽、家什器具、鲜花百草；二是几何图形，最常见的是“卍”字图，单八勾、双八勾等；三是文字图案，如喜、福、寿等。整体效果古朴典雅，层次分明，惟妙惟肖，光彩夺目，是中国三大名锦之一。

过去，土家族信仰多神，表现为自然崇拜、图腾崇拜、祖先崇拜、土王崇拜等，巫风巫俗尤烈，道教、佛教和基督教的先后传入也对土家人的信仰产生了一定影响。土家人每逢出猎，要祭祀猎神。龙山、来凤、永顺等地把猎神称为“梅山娘娘”、“云霄娘娘”或“梅嫦”，长阳、五峰、鹤峰一带则供奉张五郎。猎神神像供在堂屋中，凡进山打猎，猎人必先敬猎神，祈求护佑平安，多获猎物，并许愿：“大财大谢，小财小谢”。土家族地区土地庙林立，供祭的有掌管坡上五谷的“山神土地”，管理家禽家畜的“家先土地”，协助狩猎、保护安全的“梅山土地”等。白虎在土家人的心目中有着举足轻重的地位。土家族自称是“白虎之后”，以白虎为祖神，时时处处不忘敬奉。每家的神龛上常年供奉一只木雕的白虎。结婚时，男方正堂大方桌上要铺虎毯，象征祭祀虎祖。在祭祀性的“跳丧鼓”中，有很多模仿老虎洗脸、摆尾、行走、捕食的动作。土家族每逢年节都要大祭祖先，初一、十五也要进行小祭。清明时节要给祖先上坟。七月中旬左右为月半，又称亡人节，要祭祖扫墓或在家里祭祀祖先，民间有“年小月半大”之说。土家地区较普遍的是敬土王。湘西土家族在解放前以彭公爵主、向大官人和田好汉为土王神。逢年过节，均须祭祀。特别是正月初一至十五在摆手堂举行的“摆手”调年或过“社日”的祭拜甚为庄严。永顺、龙山还有“八部天神庙”，传说八部天神是彭公爵主的赞将，死后升为神灵的土官、土将。鄂西有覃、田、向三土王，渝黔一带信仰冉、马、田、杨几姓土王。由于受到汉族的影响越来越大，广大土家地区修宗祠，供家先的逐渐增多，只有较偏僻的山寨才保存着土主或土王庙祭祀的遗迹。土家族重巫信鬼，巫术活动极为盛行。土家语称巫师为“梯玛”，汉语叫“土老师”，举凡土家村寨的祭祀、许愿、还愿、婚丧生育、排解纠纷、疑难占卜和典礼摆手等等活动，都请梯玛主持。道教和佛教传入土家族地区较早。东汉五斗米教在“巴郡南郡蛮”地方就流行一时。道教与土家族以敬祖神为主的原始宗教信仰彼此渗透，杂陈互化。基督教的进入则相对晚得多，且影响较小，规模不大，还因其作为侵略工具而遭到土家群众的强烈反对。

土家族的禁忌事项很多，几乎涵盖了生产与生活的方方面面，包括农业耕作、岁时节日、婚丧嫁娶、生儿育女、饮食起居、祭祀行事等等。比如，岁时农事方面，“正月忌头，腊月忌尾”。除夕之日，妇女忌推磨舂碓，忌梳头、洗衣，怕来年下雨洗刷掉地里的泥土；腊月二十九到正月初一，妇女忌动针线，以免犁田耙齿钉着牛脚和稻禾，苞谷长钻心虫；忌汤泡饭，防止天下雨冲毁庄稼。立春之日，忌挑井水；立秋一日，忌摘蔬菜。春耕开始，须看日子，忌羊日下种，下种后至小暑节，逢龙日不动土；等等。日常言行方面，姑娘及孕产妇不能坐在堂屋门槛上，成年男女忌坐一条板凳；不准用脚踏火坑和三角架，以免亵渎神灵；不能以脚踩灶，在灶门口烘脚，认为是对灶神不敬；忌挑空桶、倒背背篓和扛着锄头进屋；不准将撮箕倒挂在堂屋里。在节庆、喜事、出门办事之时，禁说不祥之语，要多讲吉利话。过年过节，忌猫进屋，俗称“猪来穷，狗来富，猫儿来了穿孝服”；祭祀丧葬，亦忌闻猫声，严禁猫靠近。"
哈尼族	"哈尼族人口共有1660932人（2010年），绝大部分集中分布于云南南部元江(红河)、澜沧江两江的中间地带，这一地带也就是哀牢山、无量山之间的广阔山区。哀牢山和无量山自滇西巍山南部，由云岭山脉分出，纵贯滇南全境。哈尼族分布区域，处于汉、彝、白、傣、拉祜等族分布地的中间地带，并有苗、瑶、回、壮等族分布其间。红河哈尼族彝族自治州的红河县、元阳县、绿春县、金平苗族瑶族傣族自治县四县是哈尼族人口最集中的地区，约有70多万人；思茅地区的墨江哈尼族自治县、江城哈尼族彝族自治县、普洱哈尼族彝族自治县、澜沧拉祜族自治县、镇沅彝族哈尼族拉祜族自治县约有40多万人；西双版纳的勐海、景洪、勐腊约有12万多人；玉溪地区的元江哈尼族彝族傣族自治县、新平彝族傣族自治县约有10多万人。此外在峨山彝族自治县、建水县、景东彝族自治县、景谷傣族彝族自治县等县也有少量分布。

哈尼族大部分聚居于海拔约在800米至2500米之间的半山区，与立体地貌中立体分布着的其他民族和睦相处。哈尼族居住的地区，山高谷深，自然条件优厚，地下蕴藏着锡、铜、铁、镍等各种丰富的矿产，闻名全国的“锡都”，就在原红河哈尼族彝族自治州首府个旧市（现首府已迁到蒙自）。在连绵起伏的哀牢山森林中，有云南松、滇柏、棕榈、油桐、樟树等优质林木和经济林木；有虎、豹、熊、鹿、麂子、风猴和孔雀、鹦鹉、雉鸡、白鹇等珍禽异兽；出产鹿茸、熊掌、虎骨、三七、黄连等名贵药材。这里是亚热带气候，雨量充足，土地肥沃，适宜稻谷、玉米、棉花、花生、蓝靛、茶叶等作物生长。红河州绿春茶叶远近闻名，畅销内地。西双版纳格朗和的南糯山，是驰名全国的“普洱茶”的重要产区。

哈尼族内部支系繁多，有多种自称，其中哈尼、卡堕、雅尼、豪尼、碧约、白宏等六个自称单位人数较多，另还有哦怒、阿木、多泥、卡别、海尼等自称单位。本民族内部各自称单位之间的互称和其他民族对哈民族的称谓也不一致。如元阳的哈尼互称糯美、糯比、各和等；雅尼互称觉围、觉交，汉族又称其为爱尼；称豪尼为布都、称哦怒为西摩洛等。在汉文史籍中，哈尼族的历史名称有：和夷、和蛮、和泥、禾泥、窝泥、倭泥、俄泥、阿泥、哈尼、斡泥、阿木、罗缅、糯比、路弼、卡惰、毕约、豪尼、惰塔等。可以看到这其中大部分与目前的自称和互称相近或相同。

哈尼族的自称和历史名称虽多，但其音义基本一致。主要的自称有哈尼、豪尼、黑泥、和泥，其哈、豪、黑、和都从“和”音，其义均为“和人”。历史名称和夷、和蛮、和泥、禾泥、窝泥、斡泥、俄泥、阿泥、哈尼、罗缅(自称和泥)、糯比(自称哈尼)等，其禾、窝、斡、俄、阿、哈亦从“和”音，含义仍为“和人”。可以说，哈尼族在两千多年来，基本上就具有一个统一的名称即“和人”。1949年以后，根据本民族大多数人的意见，以人数最多的自称——“哈尼”为本族统一的名称哈尼语属汉藏语系藏缅语族彝语支，同彝语、傈僳语、拉祜语、纳西语比较接近。哈尼语又分为哈（尼）雅（尼）、碧（约）卡（多）、豪（尼）白（宏）三个方言，方言的分布同有关自称单位分布的地区相当。方言之间差别较大。1949年以前哈尼族没有自己的文字，有些地方曾刻木结绳记事。1957年党和政府帮助哈尼族创造了一种以拉丁字母为基础的文字，在红河哈尼族彝族自治州试验推行，至今仍在使用。

【历史沿革】

哈尼族拥有悠久的历史，与彝族、拉祜族等同源于古代羌族。古代的羌族原游牧于青藏高原。公元前384至前362年间，秦朝势力迅速扩张，进行大规模征服邻近部落的活动，居住于青藏高原的古羌人游牧群体受到攻击，流散迁徙，并出现若干羌人演变的名号。“和夷”就是古羌人南迁部族的一个分支，当他们定居于大渡河畔之后，为适应当地平坝及“百谷自生”的地理环境和条件，开始了农耕生活。

哈尼族的古代历史，实际上就是一部漫长曲折的迁徙史。哈尼族不仅在定居大渡河畔之前有过“逐水草迁徙”的游牧生涯，而且定居农耕之后又因战争等原因被迫离开古老的农耕定居地而再度迁徙，直到进入云南亚热带哀牢山中。哈尼族的社会，正是在这个漫长曲折的迁徙过程中发展的。尽管汉文史籍对此记载不足，对哈尼族的具体迁徙路线没有明确记载，但我们仍能从老一辈历史学家、民族学家对哈尼族族源的研究，大量的田野调查研究，以及哈尼族社会中保存的大量口碑资料的研究中确认哈尼族的这一历史过程和历史事实。20世纪80年代，在云南亚热带哀牢山哈尼族社会中发掘出一部自古流传的哈尼族迁徙史诗《哈尼阿培聪坡坡》(阿培：祖先，聪坡坡：从一处搬到另一处，也有逃难之意)。这部史诗的发掘整理，极大地补充了汉文史籍对哈尼族迁徙及社会发展记载之不足。

由于哈尼族没有本民族文字，长久以来，哈尼族的整个文化全靠口耳相传的方式世代沿袭。正因为这样，哈尼族的口传史有着较大的可靠性和较高的史料价值。《哈尼阿培聪坡坡》就是其中一部较为系统、完整和较具典型意义的史诗。它是流传于哀牢山区一部长达5600行的哈尼族迁徙史诗，详尽地记述了哈尼族先民在漫长的历史岁月中，经历艰难曲折，从遥远的北方向南迁徙的事迹。全诗分为7章，每一章叙述一个曾经居住过的地点。主要记述了最早的哈尼族游牧地“虎尼虎那”(红石头黑石头交错堆积)，这个地点在遥远的北方，由于人口增加，食物减少，他们南迁到水草丰盛的“什虽湖”边。后由于自然灾害森林起火，他们又迁到龙竹成林的“嘎噜嘎则”。后由于与当地原住民族“阿撮”产生矛盾，又南迁到雨量充沛的温湿河谷“惹罗普楚”，与“阿撮”、“蒲尼”等民族交往甚密，但因瘟疫流行，人口大量死亡而不得不南渡一条大河，来到两条河水环绕的美丽平原“努玛阿美”。在此，哈尼族实现真正的农耕定居，并将其农业发展到一个较高的水平，生活十分美满，后受到当地一个叫做“腊伯”的民族的凯觎，妒其财富和土地而发动战争。哈尼族战败离开“努玛阿美”，南迁到一个大海边的平坝“色厄作娘”，为避免民族战争，又东迁到“谷哈密查”，得到当地原住民族“蒲尼”的允许，居住下来。当哈尼族人口繁衍，经济大发展时，蒲尼出于惧怕而发动战争。这次战争规模巨大，哈尼族险些灭族灭种，战败南迁，经“那妥”、“石七”等地，最后南渡红河，进入哀牢山区。

《哈尼阿培聪坡坡》记述了哈尼族从北到南迁徙的完整路线，并记述了主要活动地区的地名。但是，由于古今地名的变迁及古今哈尼族语的巨大差异，很难弄清这一系列用古哈尼语记述的地名指的是今天的什么地方。但是史诗对哈尼族迁徙的大致方向来说基本上是对的，因为，哈尼族与彝族都源于古代羌人。这部史诗所记述的哈尼族南迁的路线及所记地名是极其宝贵的。正是这些古地名的存在和史诗对这些地名所示地区的具体而生动的描述，给考证、勘察和研究提供了基本的线索，并对进一步研究哈尼族族源、迁徙，提供了极其珍贵的材料。更为重要的是，这部史诗不仅涉及到哈尼族的族源与迁徙，而且直接涉及到了这个民族在迁徙过程中社会经济形态的发展与演变。

根据史籍记载，公元前3世纪活动于大渡河以南的“和夷”部落，就是今天哈尼族的先民，是古代羌人南迁的分支。从公元4世纪到8世纪的初唐期间，有部分哈尼族先民向西迁移到元江以西达澜沧江地区。在唐人文献里，哈尼族的先民被称为“和蛮”。公元7世纪中叶，“和蛮”的大首领向唐朝进贡方物，唐朝在给云南各族首领的敕书中就列入了“和蛮”首领的名字，并承认他们都是唐朝的臣属。“南诏”、“大理”地方政权建立后，其东部的“三十七蛮郡”中，“官桂思陀部”、“溪处甸部”、“伴溪落恐部”、“铁容甸部”等，都在今天哈尼族聚居的红河地区。公元10世纪大理国时期，哈尼族开始进入封建领主制社会。元朝征服“大理”政权后，设置元江路军民总管府隶属云南行省，加强对哈尼族和各族人民的统治。明朝在云南少数民族地区推行土司制度，哈尼族部落首领由明王朝授予了土职官衔，并受所隶流官的统治。清朝在云南实行改土归流，废除了哈尼族地区的一些土官，流官制度代替了部分地方的土司制度，但思陀、溪处、落恐、左能、瓦渣、纳埂、犒牾卡等地土官仍被保留下来，土司仍然是这些地区的统治者。民国建立后，国民党政府在红河南岸哀牢山区逐步改土归流，推行区、乡、镇制度。但是最终，土司区仍为“流官不入之地”，实行着两块牌子一套人马，土司制度仍然完好无损。直到新中国成立后，土司封建领主制度才最终被废止。

清咸丰三年（1853年），哈尼族贫苦农民田四浪（又名田政、田以政，墨江县人）在太平天国运动的影响下，聚集三千多哈尼族、彝族、布朗族贫苦农民在团田乡绿叶凹壁村举行起义，迅速占领了哀牢山中段地区。1856年，田四浪领导的起义军和彝族李文学领导的起义军共同联合作战，给予清朝统治者和封建地主阶级以沉重的打击。起义军在经济上实行“庶民原耕庄主之地，悉归庶民所有，不纳租，课税二成，荒不纳”的土地纲领，深得各族贫苦农民的拥护。这支在哀牢山战斗了二十年的起义军，最终被清政府镇压下去了。

1917年，元阳县猛弄和金平县猛丁地区近两百个村寨爆发了哈尼、苗、彝、傣等族万余群众的联合大起义，起义军领袖是元阳多沙寨的哈尼族十九岁贫农妇女卢梅贝。起义军提出“杀死白土司，人人有饭吃”的口号，向猛弄土司展开了猛烈进攻，占领了司署，打开了土司的仓库，将粮食分给了贫困农民。接着又向溪处、瓦渣等土司发动进攻，逼得土司抱头鼠窜。这次起义虽然最后失败了，但它的光荣业绩却铭刻在哈尼族人民的心中。哈尼族人民把领导这次起义的女英雄卢梅贝尊称为“多沙阿波”(多沙是寨名，阿波是阿爷的意思)，把这次起义编成故事在民间广为传诵。

正当红河南岸哀牢山区封建土司制度风雨飘摇之际，云南军阀、滇南卫戍司令发兵，并同各土司、地主武装联合反扑，镇压起义。面对强敌和恶劣的环境，义军坚持苦战了两年。经历了50多次战斗，终因寡不敌众，起义失败了。反动土司对起义军和哈尼等族群众进行了血腥的报复屠杀，四处捉拿多沙阿波而不见踪影。但在哀牢山区却流传起这样一个故事：多沙阿波挥舞长刀突破重围，骑着白马上天去了……。其实，多沙阿波在哈尼族群众的掩护下，隐姓埋名，直到中华人民共和国成立。芦梅贝，虽然当时仅是一位18岁的女青年，但被当地人民称为“多沙阿波”，意思是多沙村的阿爷。这位女性的行为代表了哈尼族人民的意愿，为民族的利益作出贡献，理应受到人们的敬重，理应称为阿爷。她们的故事，妇孺皆知，至今仍在哀牢山区广为流传。

解放战争时期，不少哈尼族青年积极参加党领导下的地方游击队，发动群众，争取民族上层，开展武装斗争。1949年各地人民武装积极配合我人民解放军阻击国民党军队，围歼逃敌，解放了滇南，滇西南，迎来了哈尼族和各族人民的新生。

长期以来，英勇的哈尼族人民对帝国主义的侵略进行了不屈不挠的反抗斗争。1895年，法帝国主义强迫清政府割让哀牢山南部的“十五猛”中的猛蚌、猛赖、猛梭、猛乌、乌得等5个“猛”地区，蒙自的汉、哈尼、彝等各族人民于1900年奋起反抗，焚烧了侵略者在蒙自开设的洋关。法帝国主义以此为借口，竟出兵侵占十五猛中的猛丁（今金平县龙膊地区），哈尼族和各族人民操戈执矛，英勇击退了侵略军。1925年和1935年，法帝国主义又两次出兵侵扰我红河、绿春、金平、江城等地，都受到哈尼族和各族人民的英勇反击。

1949年前，由于历史的种种原因，哈尼族的社会发展很不平衡。红河南岸的红河、元阳、绿春、金平和江城等县，处于封建领主经济向地主经济过渡的阶段。这些地区还残存土司制度。土司是土地的所有者和政治上的统治者，占有土地、山林、水渠等主要的生产资料。农民使用土地必须交纳各种封建负担，遭受沉重的经济剥削。土司每年不但向农民征收占产量6%至20%的官租，而且还要把一部分土地租佃给农民，征收等于产量30%至50%的地租。官租和地租是压在农民身上的最沉重的负担，每年要夺取农民一半以上的劳动果实。土司还掠夺好田作为私田，通过无偿劳役分配给农民耕种。此外，农民还要负担名目繁多的苛捐杂税，如：街税、屠宰税、当兵款等。随着私有制的发展，土司占有的土地越来越多。如元阳犒牾卡土司共占有辖区水田的40%，达1000多亩，称为“官田”，经国民党政府“清丈”后，“官田”变为“私田”。过去专为各种差役设置的兵田、号令田、马草田、挑水田、看坟田、门户田等也多数改成了租佃关系。这种变化说明土司已由封建领主向封建地主转化。

土司为了巩固其统治地位，在其辖区建立了一套统治机构。数十个村寨合为“里”，设“里长”，几乎所有的“里长”都是当地的地主。“里”下设“招坝”，管一坝或数村。土司署（衙门）内，设“司爷”、“管家”、“侍候”、“值班里长”。土司拥有武装，设“团长”（大队长）、“兵头”带领。还有法庭、监狱，设“班房老总”管监狱水牢。中华人民共和国成立前夕，红河地区的土司就有机枪100余挺，长短枪4000多枝。土司对人民群众施行经济上的剥削和政治上的压迫，用吊打、杠木枷、坐软板凳、丢阴洞等酷刑，镇压人民群众的反抗。

分布在墨江、新平、镇沅等靠近内地的哈尼族，由于受汉族经济文化的影响比较大，自明清以来就已陆续进入了封建地主经济的范畴。生产力发展水平大致与当地汉族相当，土地的买卖、租佃关系已很普遍。地主阶级占有大量的土地，贫苦农民则受地租、债利、雇工等形式的残酷剥削。以墨江水癸寨为例，地主、富农集中了70%以上的土地，其中占全寨1/3以上的水田，已经流入其他民族的地主（主要是汉族）之手，贫雇农严重缺地或没有土地，雇工剥削率达百分之五十至七十，高利贷剥削率一般为100%。

分布在西双版纳和澜沧一带的哈尼族，受傣族封建领主的统治。傣族最高领主“召片领”把山区的哈尼、布朗等族划分为“卡西双火圈”（即“12个奴隶区域”），作为对山区少数民族进行政治统治和经济剥削的行政区划。一个“火圈”包括几个到十几个自然村，由“召片领”加封哈尼等族头人为“大叭”管辖。各村又设“叭”、“鲊”、“先”等大小头人，除了征收棉花、花生、大豆等物品外，还征收各种杂派，如“招待费”、“门户钱”等。哈尼族猎得野兽，也得把倒卧地面的一半兽身献给领主。哈尼族头人凭借傣族领主给予的政治特权，通过派无偿劳动和强迫送礼等形式，对群众进行剥削，但剥削量一般不大。

在傣族领主统治下，西双版纳不同地区的哈尼族，社会经济的发展也不平衡。居住在景洪县的景洪、勐龙和勐海县的西定等地哈尼族，还残存一定的原始农村公社土地所有制特点。每个村寨都有一定的土地范围，占耕地面积绝大多数的旱地属村寨公有，村寨成员均可自由开种，为数不多的水田、茶园属个体所有。居住在勐海县的格朗和、勐宋和勐腊县的易武、尚勇等地的哈尼族，土地私有制已有较大的发展，地主、富农不仅占有相当数量的水田、茶园，而且还有村寨附近的山林、荒地。地主、富农凭借较充裕的生产资料和生活资料，对贫苦农民进行雇佣，租佃和高利贷等多种形式的剥削。

哈尼族人民长期遭受剥削制度的压迫，过着十分贫困的生活，由于帝国主义的入侵和国民党的统治，贫苦农民长期过着“野果充饥肠，树皮当衣裳”，“头冷蓑衣盖，脚冷灶灰埋”的苦难生活，不少人被迫卖儿卖女，逃荒要饭。哀牢山坝溜地区马良寨原有150多户人家，由于迁徙和死亡，到新中国成立时只剩下17户。

【风俗文化】

利用山区自然条件开垦梯田，是哈尼族的特长和千年的传统。在西南高原之上，凡有哈尼族居住的地方，都有哈尼族开垦的梯田。梯田几乎成了这个民族的标志。作为人类劳动和创造的物质文化实体，梯田凝结着哈尼族悠久漫长的历史，沉淀着丰厚广博的文化和维系着复杂多样的生活。

在滇南红河南岸的哀牢山中，梯田蔚为壮观，呈长条环状的水田绕山而行，从山脚到山顶，埂回堤转，重重叠叠。站在山脚，水帘飞瀑，云雾升腾，道道田埂犹如天梯直抵云端；站在山顶，林涛阵阵，细雨蒙蒙，那大者数亩之广，小者形如澡盆的梯田随山起伏铺天盖地；而游动交错的沟渠、埂堤衬着天光，更如万练银蛇飞舞大地，缠绕着重重大山。这种亚热带崇山峻岭中的梯田壮景，是哈尼族农业世代创造性的表现。哈尼族有着种植梯田的丰富经验，能根据不同的地形、土质去修筑，还善于利用“山有多高，水有多高”的自然条件，把终年不断的溪流涧水，通过傍山水沟引进梯田。梯田是建立在哀牢山自然生态系统之上的良性的农业生态系统，为哈尼族社会文化生态系统提供了基础。目前，我国正准备将红河哈尼族的梯田申报世界文化遗产。

实际上，哈尼族营造梯田的历史可以追溯到公元前三世纪，哈尼族最早的农耕定居地大渡河畔，那时的“厥土青黎，厥田下上”就是梯田台地的形象写真。遥远而古老的梯田农耕经验和技巧，以及在漫长迁徙过程中吸收各民族农耕经验和技艺，使哈尼族的农耕适应性举世无双。哈尼族在哀牢山的梯田创造过程，实际上就是古老农耕和平坝农耕文化的移置过程，它以浓缩的形式几乎经历了人类农耕发展史的全过程，使用了原始农业到传统农业的全部手段。终于，经过了隋、唐、宋、元、明、清，上千年的哀牢山区农业实践和世世代代的努力，哈尼族的梯田以一种奇迹般的、完全吻合于哀牢山区自然生态系统的姿态呈现于天地之间。

哈尼族在对哀牢山区整体自然生态环境的把握和长期农业实践的基础上，创造了一系列独特的农业生态文化。哀牢山区整体自然生态环境以“立体”为其显著特征，即立体地貌、立体气候、立体植被群落及其相互关系。

居住文化是农业生态文化中重要组成部分。有一句谚语：“要吃肉上高山，要种田在山下，要生娃娃在山腰”。可以说，哈尼族的农业生态系统，就隐含在这一谚语中，并得到了朴素而又形象的表达和反映。“要生娃娃在山腰”是对居住地的选择，基于对哀牢山整体自然生态环境的充分认识和把握，哈尼族选择半山居。在哀牢山区，其低海拔河谷地带，炎热潮湿，瘴疠流行，毒蛇、蚂蟥、蚊虫、小黑虫(一种有毒的小虫，形小难见，来时形成雾状，人被叮咬，成片红肿，奇痒难忍，抓破溃烂，疼痛异常)猖狂横行。在旧时医疗卫生条件十分低下的情况下，人的生存和发展受到极大的威胁；而高山区，云雾蒸腾，阴雨连绵，冷而潮湿，又是猛兽出没之区，人畜存活难有保障；中半山，冬暖夏凉，气候适中，有利于人们的生活，且在哀牢山区优良的生态环境中，既可上山狩猎采集以获副食，又易下山种田收获粮食。因此，半山居住地的选择是哈尼族对哀牢山整体自然生态环境的认识和把握的结果，反映出哈尼族的自然生态观。

村寨一般为数十户，多至三、四百户。在红河南岸的哀牢山中，哈尼族建造被称为“土掌房”的土木结构住房。这种住房有坚实的土墙，厚重的草顶。这草顶不仅遮风挡雨，更为重要的是使住房内冬暖夏凉，通风干燥。一般为三层楼房。由于哀牢山区湿度较大，地气严重，直接地面的房屋第一层不宜人居住，多用于关养牲畜；第二层则住人。住人房层中有火塘，在楼板上用土筑成方形，有的人家还在火塘边筑有灶台，供炊爨之用。该层内靠墙隔出数室供人居住，一般为房主夫妇及幼儿居住。第三层，堆放粮食及贮藏食物，该层是为顶楼，蘑菇形房顶使其具有良好的通风效果，粮食及其他物品不易受湿宜于保存。

哈尼族人家一般都建有耳房，建有双耳房的建筑形成四合院。耳房建筑，对于哀牢山哈尼族来说具有非常重要的意义。首先，由于哀牢山区山高谷深，地势起伏，少有平地，即使村中也是如此，这对人们的生活生产都有诸多不便。耳房建筑在很大程度上解决了这一问题。耳房建筑为平顶。房顶铺以粗木，再交叉铺以细木和稻草，上加泥土夯实(如今则多用水泥抹顶)作为晒台。于是，晒谷、晾衣、乘凉、孩子游戏、妇女纺织往往都在晒台上进行。晒台成为人们生产劳动、日常生活和闲暇活动的重要场所，是梯田农业和居家生活重要的组成部分。其次，耳房一般都做为未婚儿女的住房。哈尼族社会盛行青年男女社交自由，凡成年的男女青年其自由社交父母均不干涉。于是居住耳房，更便于青年男女接待自己的朋友。也有的地方，在儿女成年未婚时，在住宅的旁边建盖小房(扭然)供儿女住。耳房则做为碓房，或作为客房，或堆放农具等杂物。墨江一带多是土基楼房，平面屋顶，间间相连。西双版纳哈尼族住的则是竹木结构的楼房，旁设凉台，别具一格。

季节划分和农事历法是哈尼族对人类历法的一大贡献。在哀牢山区，哈尼族将全年分为三季，即“造它”为冷季，“渥都”为暖季，“热渥”为雨季，每季四个月。冷季相当于夏历的秋末和冬季；暖季约当于夏历的春季和初夏；雨季约当于夏历的夏季和初秋。这与哀牢山区自然生态环境的整体季节相锲合。在哀牢山区的具体生态环境中，具有“一山分四季，隔里不同天”的气候季节特点，但其整体自然生态环境大季节则是按降雨的集中特点分为干季和雨季的。哈尼族的季节划分，将整体大季节中的干季分为冷季和暖季，乃成为三季。哈尼族的这种季节划分，是在对哀牢山整体自然生态环境的充分认识的基础上划分的，非常符合当地的具体情况，也更贴切地体现和适应哈尼族农业生态梯田农耕的季节性和阶段性。譬如，当“渥都”(暖季)来临，正是夏历的早春二月到盛夏五月之间，这是哈尼族新一轮梯田农耕的开始，亦是最繁忙的季节。其二月间春意萌动，气候转暖，哈尼族农民着手备耕，浸泡和播撒谷种，并为梯田准备肥料。当“热都”(雨季)到来，正是稻秧栽插、谷子生长以及稻谷成熟的期间。中秋时节，天气清凉，稻谷渐见成熟，农人在田边地角搭起窝棚(田间小屋)昼夜守护，防止野兽偷食和糟踏庄稼。晚秋到来，已是九月，稻谷正届黄熟，于是全民出动，抓紧秋收，颗粒归仓。哈尼族一年只种一季水稻，至此，一年的各项主要农事活动即告结束。当“造它”(冷季)来临之际，哈尼族农民铲埂修堤、犁翻田土、疏理沟渠、放水泡田。此一时期的蓄水泡田称为“梯田过冬”也称“冬水田”。整个冷季，是为农闲。在这一季节里，哈尼族过年“祭龙”、探亲访友、说亲嫁娶，任其自由。

哈尼族在“三季节”划分之外，又有物候历的划分。物候历将一年分为12个月，根据哀牢山气候变化、植被变化、动物(主要是鸟、虫等)变化的规律来确定月份及安排农事活动。哈尼族的物候历，生动形象，便于记忆，使用至今。如果没有对哀牢山区整体自然生态环境的认识和把握，创造和使用这种历法是不可思议的。

对自然生态环境和自然规律的认识及把握，还使哈尼族创造出了一套与物候历相配合的、较为准确合理、适宜山区梯田农耕生产生活的农事历法。哈尼族的农事历法基本上同于夏历，按自然界天象和哀牢山区物候变化轮回周期纪年，每年分为12个月，以月亮圆缺周期纪月，每月30天，一年360天；哈尼族的日，以12生肖命名，推算方法同于夏历。哈尼族的历法，是对自然生态、自然规律的逐步认识而逐步发展的。据研究，哈尼族曾实行过“十三月历”，即将一年分为13个月，其中有两个月是各15天。哈尼族还实行过“十月历”，即每年分为10个月，每月36天。上述“十二月历”、“十三月历”、“十月历”都是每年360天，与现行公历(太阳历)的365•25天略有差异。对此，哈尼族不是采用隔年置闰的方式解决，而是每年五月和十月各设三天过年日，这样，一年就是366天。于是，哈尼族的重要年节，实为其农事历法的组成部分，同时又是一个周期梯田农耕始末的重要标志，如“六月年”为梯田农业栽插结束农作物生长的开始，“十月年”为梯田农业农作物收割的结束。

哈尼族的服饰具有鲜明的民族特点。衣服用自己染织的藏青色土布做成。在哀牢山区，金平、元阳、绿春一带的哈尼族常将所织布料染色之后再行剪裁制衣，而红河、元江等地哈尼族则待缝制成衣后才染色。直到20世纪50年代，哈尼族服装，无论男女老少均为蓝色和黑色。就整个哈尼族的服饰来看，虽色调单一，但款式和装饰却众多，呈现纷繁复杂的景观。哈尼族男子服饰，各地各支系大体相同，一般着对襟上衣，宽松长裤，有的黑布包头。服饰纷繁实际上体现于妇女，各地妇女服装上身有长衣、短衣、斜襟、对襟、有领、无领、有扣、无扣、长袖、短袖之分，下身则有长裤、中裤、短裤、长裙、中裙、短裙之别。

哈尼族服装的装饰和发式，是审美的需求，亦是性别年龄的分野。男子头饰、服装装饰均简单，头缠包头，身穿布衣而已，最多银币作扣，以为装饰。妇女则不同，发式有单辫、双辫、垂辫、盘辫之区分，装饰物有年龄、婚嫁、生育、节庆的不同。哈尼儿童，不分男女，装饰在头，在自制的小布帽上钉有猪牙、海贝、银泡、银钱、虎豹牙、穿山甲鳞壳等饰物。少女及年轻姑娘编辫下垂，头缠包头，包头上饰以红线或成排银泡，衣襟、衣边、袖口、裤脚边镶绣彩色花边，佩带银耳环、耳坠和项圈，胸饰以银链、成片银泡和成串银币，手腕戴银镯。已婚和生育后的妇女编独辫和双辫盘于头顶，覆盖包头巾，服装上银饰渐少，前襟、衣边、袖口、裤脚边仍镶绣彩色花边。老年妇女辫发盘顶，衣着朴素，几近全黑，无花边少银饰。节庆之期，哈尼族男女老幼均着新衣，姑娘们花枝招展，装饰盛于往日，走起路来，浑身叮当作响，十分引人注目。另外，值得一提的是，哈尼族曾穿用一种木屐，这种木屐多为竹板所制，鞋底留有竹节或刻出凸棱用于防滑，十分适于田埂和田间泥路的行走，应属哈尼族服饰的独特部分。

叶车是哈尼族的一个支系，叶车妇女的服饰很有特色。红河县叶车妇女一般头戴白尖帽，上身穿靛青色对开式短袖土布衣，无领无扣，由宽宽的五色腰带扎腰。布衣是一件一件地套着穿，少则七八件，多达十余件，里长外短可以看出衣服的件数。叶车人认为，衣服件数越多，服装越美，越能显示出家庭的富裕。她们下身穿黑色短裤，裤脚口打上适当的褶纹，褶纹数与上衣数大致相等，大腿以下全部裸露。

哈尼族的传统节日众多，最主要的是十月年和六月年。哈尼族以农历十月为岁首，过十月年，就是过新年。节期五、六天，多至半月。有条件的人家要杀猪、舂糯米粑粑。亲友互相拜访，有说亲的就趁这个节日请媒说亲，嫁出去的姑娘回娘家探望。六月年，红河地区称“苦扎扎”，是哈尼族的农业祭祀活动，是哈尼族最重要的节日之一。在六月过年，第一是因为按照哈尼族历法节令，这时春耕栽插大忙季节的农活已全部结束，人们希望天神来保佑禾苗成长使粮食获得丰收；第二是按照哈尼族传统文化“属羊的六月来到了，要讲羊月的古礼”。这古礼就是祭祀迎请天地之神。哈尼族古歌唱道：“秋房选在属龙的日子／龙是哈尼离不开的大神／秋房是天神地神的在处／每年的六月他们来到世上和哈尼过年。”由于哀牢山区各地气候差异，农业节令耕作时间亦有差异，因而，各地节期略有不同，节期有长有短，有的地方节期4天，有的则6天。

“苦扎扎”是哈尼族一个传统的农业生产的节日，含义是五荒六月，雨水频繁，气候湿热，形容枯槁，青黄不接，度过艰苦的岁月。杀牛（黄牛）祭祀，祭天神、土地神和祖先神。牛肉平均分配，集体安排生活。五月、六月村里容易发生疾病，田间容易遭受虫害，因而清扫水井，夜晚点燃松明火把，照亮屋内，驱赶邪恶，火把插到田间路旁，送走瘟神。“苦扎扎”又是一个欢乐的节日，开展各种文体活动，青年男女则撵磨秋、荡秋千，对歌跳舞，尽情欢乐。男青年还串游邻近村寨，比赛秋千，行牛皮鼓舞，热闹非凡。节日的文化内涵反映了自然物候的农事节令，体现了先辈的生产生活规律，各地哈尼族关于“苦扎扎”节的种种神化传说，反映了哈尼族先辈们借助想象或幻想对自然力的斗争和对理想的追求。

由于吸收了汉文化，红河地区的哈尼族，和汉族一样也过春节、端午、中秋等节日。

20世纪50年代，哈尼族的婚姻制度基本上是一夫一妻制，这在西双版纳比较严格。一般认为多妻不符合哈尼人的习俗，弃妻再娶要受舆论的谴责，还得给前妻及其舅家送礼赔不是。但婚后多年不育男孩而娶妾则被允许。青年男女在婚前可以自由社交，谈情说爱。结婚要征得父母同意，不少地区实行包办婚姻。墨江碧约人有“踩路”订婚的习惯，就是男女双方情投意合后，由双方老人同走一段路，如果在路上没有遇到兔子、狼等野兽，就算订婚了。结婚后两三天，新媳妇就回娘家，一直到要栽秧时才回夫家。红河一带结婚第二天回门后即落夫家。

哈尼族还保持父子连名制，普遍使用“父子连名”家谱。父子连名制家谱，其实质，是父系制家庭结构、血缘及财产继承关系的体现；其形式，是父亲名字的末一个字或两个字做为儿子名字的前一个字或前两个字。例如：黑嘎(父名)——嘎唠(子名)——唠筛(孙名)……。这样，长久以后，就会形成一串长长的父子连名谱系。如元阳县麻栗寨李黑诸的一段家谱是：初末吁—末吁直——直托吾——吾里漂——漂马登——马登达——达都苏——苏末着——末着期——期米勃——勃吾苏——苏督——督采——采米……。现在流传的父子连名家谱，一般在40代至55代左右。各地哈尼人的父子连名谱系，世系数量不等，名称也不完全一样，但各个谱系的前半部分，在它们之间各有若干世系名称是相同的，从这里可以看出他们在来源上的联系。父子连名制的出现，反映了父权制的确立，它对探索哈尼族的社会历史有一定的参考价值。

哈尼族文学过去只有民间口头文学，有神话、传说、诗歌、故事、寓言、童谣、谚语、谜语等。神话，传说中有讲述万物来历的《创世纪》；有叙述人类战胜洪水，繁衍生息的《洪水记》；有反映哈尼族历史迁移的《哈尼祖先过江来》等。诗歌可大体分为“哈八”(古歌)，“阿其估”(情歌)，“阿迷车”(儿歌)等三大类。其中，“哈八”历史最久容量最大，囊括了哈尼族的历史、传说、族源、民族迁徙、山地农耕、历法节令、人生哲理、道德情操、宗教信仰等等。“哈八”多在婚丧、节日、祭祀以及其他庄重的场合吟唱，曲调庄重严肃。“阿其估”，只能在山间田野唱，歌唱爱情和生产，以爱情为主，男女对唱，歌声嘹亮，激情奔放。“阿迷车”虽属儿歌，但哈尼族男女老少均能歌咏吟唱。此类歌内容十分丰富，日月星辰、江河山川、一草一木均可叹咏，儿歌是哈尼人最早的启蒙歌，反映了儿童的生活情趣，有的是长辈给孩子说唱的，教育孩子热爱劳动。哈尼儿童一般都将其烂熟于心，倒背如流，受用一生。

哈尼族能歌善舞。乐器有三弦、四弦、巴乌、笛子、响篾、葫芦笙等。“巴乌”是哈尼族特有的乐器，用竹管制成，长六、七寸，7个孔，吹的一端加个鸭嘴形的扁头，音色深沉而柔美。舞蹈有“三弦舞”、“拍手舞”、“扇子舞”、“木雀舞”、“乐作舞”、“葫芦笙舞”等。流行在西双版纳地区的“冬波嵯舞”，舞姿健美，节奏明快，气氛浓烈，具有浓厚的民族特色，是群众喜爱的一种舞蹈形式。

在红河南岸哈尼族社会中，神灵鬼魂有主次之分。其主要的神有天神、地神、山神、寨神和家神。这些神灵是须臾不可怠慢的，要定时祭祀。特别是二月的祭龙(昂玛突)，三月的祭山，六月的祭水，七月的祭天都是集体性祭祀活动。“龙树”被认为是人类的保护神，各地每年都要祭祀。每个村寨都有公共的龙树，有的地方如红河南岸一带还有家族自己的龙树。祭龙树的仪式很隆重，由祭师主持，杀牲献祭。人们自带酒食，到龙树林欢聚，饮酒唱歌，祝愿人畜兴旺，五谷丰登。各地也比较流行忌日的习惯。在西双版纳哈尼族地区，每年的羊日都是忌日，此外遇到不吉利的事，如寨内死人，野兽进寨，狗爬屋顶，发生火灾等也都认为是忌日，必须停止生产，有的还要搞祭祀活动，以为这样可以避免灾祸降临。

20世纪初，基督教传入部分哈尼族地区，佛教也曾在一些地区传播过，但信教的人不多，影响不大。1949年以后，上述宗教活动已逐渐减少。"
哈萨克族	"哈萨克族人口为1462588人（2010年），主要分布在新疆维吾尔自治区伊犁哈萨克自治州、木垒哈萨克自治县、巴里坤哈萨克自治县及乌鲁木齐市、昌吉回族自治州等地的天山草原及与新疆毗邻的甘肃省阿克塞哈萨克自治县。住在原青海省海西蒙古族藏族哈萨克族自治州的哈萨克族，在党中央和国务院的关怀下，于1984年6月大部分返回新疆。甘肃、青海的哈萨克人，是从1934年开始由于不堪忍受新疆军阀的压迫和屠杀而转辗逃亡而来的。

哈萨克语属阿尔泰语系突厥语族。由于长期与汉、维吾尔、蒙古等族人民频繁的交往，彼此在语言上有着一定的影响。哈萨克族人民不仅在自己的语言中吸收了他们的词汇，而且有不少人兼通这些民族的语言。根据近年来哈萨克地区考古发掘的材料来看,哈萨克族先人(如七河流域的古代塞人、乌孙人)早在公元前即已使用某种形式的文字。后来,哈萨克族又曾先后使用过三种文字,即古代突厥文、后期粟特文和阿拉伯字母文字。哈萨克族从1965年开始，一度使用拉丁字母新文字。该文字系统由33个字母组成。1980年以后哈萨克族又逐渐恢复使用阿拉伯字母的文字。

哈萨克人的传统游牧区位于亚洲腹地，年降水量大都在200至300毫米左右，年平均气温较低。河流两岸、山麓地带、湖泊山泉周围成为哈萨克草原畜牧业和种植业活动的广阔场所。

哈萨克族聚居区的物产资源丰富，天山北麓的伊犁河谷土肥水美，气候适中，有“塞外江南”之称，是新疆的粮仓和水果之乡，其名贵药材和山林资源都很丰富。地下资源有蕴藏丰富的金、铜、铁、铝、锌等，还有锂、铍、钽、铌、铷、钨、铯等稀有有色金属。

【历史沿革】

关于“哈萨克”族称的由来，众说纷纭，较有代表性的有5种观点：

第一种观点认为“哈萨克”这一名称出现于15世纪。当时，锡尔河下游的部分牧民在克烈汗和加尼别克汗的率领下迁到巴尔喀什湖以南的楚河流域。由于他们是为反抗和摆脱阿布尔海尔汗的统治压迫而东走，因此得名“哈萨克”，意为“避难者”或“脱离者”。

第二种观点认为“乌孙”即“哈萨克”的对音。

第三种观点认为“哈萨克”即《唐书》所载之可萨、曷萨的对音。早在5—6世纪，蒙古高原的一些高车部落越过阿尔泰山和额尔齐斯河西迁，游牧于咸海和里海以北的草原，后来成为拂林（东罗马帝国）以东、阿得水一带的恩屈、曷、诃、也末（咽）等铁勒部落。曷又译为曷萨、葛萨、可萨。隋唐时期，铁勒诸部形成以可萨部为核心的部落联盟，征服并融合当地的一些土著民族，建立了政权，因为其语言与不久前形成的突厥人相同，所以被称为“可萨突厥国”。唐朝杜环的《经行记》说：“（苫国）北接可萨突厥。”《新唐书•西域传》说：“（波斯）北邻突厥可萨部。”“（火寻）西北抵突厥曷萨。”6世纪时，其国达到鼎盛阶段，疆域东起咸海之北，西至黑海东北，都城在伏尔加河下游的阿斯特拉罕附近，与东罗马关系亲密，与波斯国相对抗。其后发展为钦察国，13世纪为成吉思汗及其子孙征服。据公元982年用波斯语写成的《世界境域志》一书载，阿兰国中已有“KAZAK”的民族称谓。

第四种观点认为，按11世纪的著名语言学家穆罕默德•喀什噶里在《突厥语词典》中说：突厥人形容刀剑等武器的锋利称“哈萨克”（KAZAK）。我国南北朝时期，从蒙古高原到东罗马帝国之间，有铁勒族的曷嶻、曷萨等部落，隋唐时期在中亚的西部形成了可萨突厥国，西突厥泥撅处罗可汗投归隋朝，跟从隋炀帝东征高丽有功，被封为“曷萨那可汗”，意为“勇健可汗”。因此，“哈萨克”一名早在我国南北朝后期即已出现，意为勇健、锋利。一说“哈萨克”一词的前部分“kaz”为词根，派生的词均有“自由”“自主”之意。后一部分“ak”,则是多数附加词尾的古体形式。因而哈萨克一词的全部含义是“广袤草原上自由迁徙的勇敢、自由的人们”；

第五种观点认为，哈萨克族的祖先是公元前7世纪至4世纪居住在中亚的塞种人。部分学者认为“哈萨克”一词就是居住在中亚的古代“哈斯比”（Kaspey）人和居住在伊犁河流域的古代“塞种”（Sak）人的两个部落名称结合而成的。“塞”字古音为“Sak”,以此来译塞种人很贴切。

哈萨克族源比较复杂，一般认为，主要是古代的乌孙、康居、阿兰（奄蔡）人和原在中亚草原的塞种人、大月氏以及以后进入这个地区的匈奴、鲜卑、柔然、突厥、铁勒、契丹、蒙古等各族人融合而形成的。从13世纪初蒙古民族强大，到15世纪哈萨克王朝的建立，前述有关哈萨克族源的一些部落和氏族加快了联合的步伐。而哈萨克民族共同体的最终形成与历史上的“白帐”汗国有着极为密切的关系。

13世纪初，成吉思汗西征，乌孙、克烈、乃蛮等部落也被迫西迁。蒙古帝国的金帐汗国、察哈台汗国和窝阔台汗国各有部分地区是哈萨克人的牧地。不久，由于领户分封，造成了金帐汗国新的割据局面，在今哈萨克斯坦东部地区建立的白帐汗国于14世纪统一了整个金帐汗国。

哈萨克族的祖先建立过区域性政权，这个政权在历史上称哈萨克汗国。1456年，克烈汗和贾尼别克汗，率部离开乌兹别克汗国，东迁蒙兀尔斯坦（东察合台汗国）。这些脱离乌兹别克汗国的牧民，被称为哈萨克人，他们在新的牧区建立起以克烈汗为首的哈萨克汗国，人口有20万。

明景泰七年（1456年），白帐汗国最后一个可汗巴拉克之子克烈汗和贾尼别克汗不负众望，率领哈萨克诸部东迁楚河流域和塔拉斯河流域，建立了独立的政治实体——哈萨克汗国，过上了和平安定的生活，从而吸引了周邻大量游牧部落前来加入。

哈萨克汗国建立以后，哈萨克诸部在政治上获得独立，经济上得到迅速发展，汗国的领土也不断扩大。15世纪50—70年代初，哈萨克汗国拥有钦察草原和中亚的论答剌、突厥斯坦、乌尔根奇等地。1500年，占领河中地区。到16世纪20年代哈萨克汗国的领地，南面包括锡尔河流域，东南部包括七河地区，东北部包括巴尔喀什湖东部和南部地区，西部包括玉邪克河流域等地。1698年至1718年，哈萨克族的许多部落，按照部落谱系划分为三个玉兹。大玉兹被称为右部，主要分布在巴尔喀什湖以南的楚河、塔拉斯河以及伊犁河到锡尔河的广阔地区；中玉兹称左部，主要分布在大玉兹以北，夏牧场在锡尔河中游及卡腊山脉一带，冬牧场在托博尔河、伊斯姆河、努腊河、萨雷苏诸河流域；小玉兹称西部，领地是现在的哈萨克斯坦西部地区。

17世纪末，西部蒙古卫拉特四部之一的准噶尔部开始强盛起来，不断向外扩张。17世纪70年代，准噶尔部噶尔丹向南扩张至青海和新疆西部，哈萨克各部常遭准噶尔部的侵扰。哈萨克汗国一度衰落。自此，哈萨克族展开了反抗准噶尔封建贵族集团的艰苦斗争。

18世纪中叶，清政府平定准噶尔贵族叛乱，统一了新疆，从而为西域多民族的发展提供了良好的条件。1766年，清政府敕令伊犁将军：“伊犁等处土地辽阔，人烟愈多愈善，哈萨克如不得游牧地方，或畏惧劫掠，情愿内附者，即行收留”。1767年，清政府告知哈萨克中玉兹可汗阿布赉：“哈萨克牧民可以到伊犁等地游牧”。这样，从18世纪60年代起，哈萨克开始陆续迁到自己的先民（祖先）的故乡伊犁、塔城、阿勒泰三个地区游牧。迁到伊犁地区的主要是中玉兹乃蛮部的黑宰部落，以及大玉兹的阿勒班、素宛部落等；迁到塔城、阿勒泰地区的主要是中玉兹的克烈、乃蛮等部落。此后，哈萨克族与内地的经济、文化交流更加频繁。

1864年，中俄双方签署《勘分西北界约记》，沙俄侵占了中国西北边疆大片领土，一些哈萨克部落表示“众民随地划归俄辖，虽死不从”的坚定立场，纷纷投归祖国。清政府对所辖哈萨克人在原氏族部落的基础上，实行千户制。官员分为千户长、百户长、台吉、公等。哈萨克人开始缴纳赋税，履行国民义务，最终接受中央王朝的直接管辖。

辛亥革命期间，哈萨克族和新疆各族人民一起，共同推翻了清朝政府在新疆的统治，在辛亥革命思潮的影响下迅速觉醒。1912年，阿勒泰扎克热亚、拜穆拉等率领哈萨克族使团到北京，北洋政府封库库岱公第四世孙艾林为郡王，吾木尔泰为公，马米和扎克热亚为贝子，下设12个台吉，12个乌库尔台。

在新民主主义革命期间，哈萨克族和汉族及其他民族一起，互相支持，团结奋斗，推翻了国民党反动派在新疆的统治。

历史上所有的哈萨克人都分别隶属于一定的氏族部落。自16世纪末期起，哈萨克人及其分布地区已经分为3个“玉兹”，即乌拉玉兹（大玉兹）、鄂尔图玉兹（中玉兹）和奇齐克玉兹（小玉兹），在清代文献中分别称为右部、左部和西部。其中以鄂尔图玉兹人数最多，力量最强，氏族部落世系也保存得最为完整。我国的哈萨克族主要是乌拉玉兹和鄂尔图玉兹的部落。

哈萨克族的氏族部落原是大小不同的血缘集团，如阿巴克――克烈部落就有姜特刻衣、贾兑克、杰鲁希、莎尔巴斯、喀拉卡斯、加斯他班、依铁勒、丘巴拉依克尔、蔑乞儿、康沙达克、希莫英等12个氏族。部落内部最小的生产组织和游牧聚落称为“阿乌尔”，大都是同祖同父的后裔，但有时也有少数非血缘关系的成员，多半是外部落因贫困而来依附的牧民，因此，贫富的差别也明显地反映在“阿乌尔”内部。“阿乌尔”大小不等，有的三、五家，有的十来家，有的更多一些。哈萨克族称氏族部落的血缘集团为“耶利”。“耶利”以始祖的名字命名，通过氏族部落的世系不仅可以看出“耶利”繁衍的情况，还可以了解他们之间的相互关系。哈萨克的氏族部落都有数百年的历史，但内部通婚仍有一定的限制，一般都在7代以外。在游牧生产方式的条件下，单家独户难以抵御自然灾害和敌人的袭击，只有比较稳定的组织才能保障生活和牲畜的安全，所以由血缘关系而结成的“耶利”是适合这一需要的。虽然，在历史的发展过程中，由于战乱、迁徙及其他原因，“耶利”的内部关系已变得相当松弛，它在实质上已经成为封建统治阶级所利用的工具。但是，在贵族、部落头人组成的封建统治集团极力维护之下，氏族部落作为一种社会组织的形式，一直存在到新中国成立。

自13世纪初叶，西域是成吉思汗之子察合台、窝阔台的领地。哈萨克族长期处于蒙古的统治之下，氏族部落集团的上层“汗”、“苏丹”都由蒙古贵族充任，他们自命为成吉思汗的后裔，称为“托列”（白骨头）。被统治的劳动牧民则被称为“哈拉”（黑骨头）即贱民。“白骨头”与“黑骨头”之间有着严格的等级贵贱之分，不能通婚。还有社会地位最低的“苦尔”和“昆”，为男女奴隶。历代封建统治者总是拉拢和利用哈萨克族的贵族、部落头人统治广大的哈萨克族人民。如清代曾封赐阿勒泰地区的哈萨克贵族、头人以公、台吉、乌库尔台、扎楞、赞根等爵位；封赐塔城、伊犁地区的哈萨克贵族头人以台吉、千户长、百户长等职位。辛亥革命以后，军阀杨增新将千户、百户改为农官、乡约。国民党统治时期在哈萨克地区推行保甲制，委任哈萨克头人为区乡保甲长。尽管改朝换代，“水流了石头不走”，哈萨克部落头人的权力不但从来没有削弱，相反却得到了更多的“合法”特权。从清代以后，较大的部落头人除牲畜税外免纳一切赋税、差役，并掌握着政治、司法和征收赋税的权力。至于出身于贵族部落的“托列”们则有更高的地位、更大的权势。新疆的托里县即贵族部落所在地。哈萨克族中还有“无托列不成部落”的谚语。以拥有成吉思汗后裔充当首领为荣，有的部落还邀请“托列”充当头目。哈萨克族部落头人都是大小不等的封建牧主，而被他们统治的广大依附牧民则绝大多数是贫苦牧民，等级和阶级的区分基本是一致的。

组成哈萨克族封建统治集团的除了贵族、部落头人、大小牧主之外，还有“比”。“比”一般出身于富裕牧民家庭，通晓部落习惯法，善于辞令，被公认为调解纠纷的人。哈萨克族没有成文的法律，但每个部落都有不成文的传统习惯法，其内容主要有保护私有财产、保护部落头人的特权、维持部落的巩固与团结等几个方面。凡部落内部发生财产、婚姻或其他问题时，“比”即按照部落习惯法进行调解和处理，通常采用“九罚”即赔偿9只牲畜的办法，严重者再酌情倍增。由于哈萨克族的习惯法早已封建化，并在实质上成为维护剥削阶级利益的工具，“比”又可以任意解释习惯法，所以在封建牧主与贫苦牧民之间，根本没有公道可言。长期以来，部落观念是统治阶级用以控制劳动人民的手段。部落头人竭力宣扬本部落的团结，以缓和、掩盖内部阶级矛盾。哈萨克族部落有“以血还血，以伤还伤”血族复仇的习惯。这往往被头人利用为诈取钱财的机会，从而使发生在不同部落之间的个人问题，酿成部落争端。遇有这种情况，部落头人就会强调所谓部落的荣誉和利益，以复仇的名义挑起大规模的械斗。凡是发生人命时，部落头人就带领群众为死者“复仇”，要求对方用牲畜抵偿命价。偿付的命价由凶手所属“耶利”全体成员分担。一般男子命价为200匹马，女子减半，贵族的命价高于平民7倍。然而，死者的家属只能得到偿付命价的小部分，其大部分均归部落上层和有权势的人所得。可见部落习惯法和所谓维护部落的利益和团结，是十分虚伪的。

新中国成立前，哈萨克族的氏族部落组织，充分体现了宗法封建制度的特点和内容，就是封建的剥削制度和氏族部落的家长制结合在一起。从托列到阿乌尔巴斯的部落大小头人，对牧民都有很大的权力。按照传统规定，牧民每年第一次打猎所获，要奉献给贵族头人，自己不能享用。在阿乌尔内，转移牧场的时间、路线，以及摊派差役、对外交涉、解决纠纷都由阿乌尔巴斯决定，至于役使牧民和他们的畜力也都是理所当然之事。由此可见，贵族、部落头人组成的统治集团不仅在经济上掠夺人民，也是政治上的特权阶级，广大劳动牧民则处于完全无权的地位。部落组织是压迫广大哈萨克族劳动人民的枷锁，给哈萨克族人民带来了无穷的灾难和痛苦。

【风俗文化】

哈萨克人居住的地方，按一年四季分为冬窝子、春窝子、夏窝子、秋窝子，一般春秋两季为一处。冬季，住在土块或干打垒的房子里，林区则在木房里过冬，其它季节住毡房。几户人家称作一个阿吾勒。阿吾勒由有血亲关系的人家组成，居住的地方草场相连，协作生产，一同转场迁徙。毡房是春夏秋从一个栖息地搬到另一个栖息地的简便的活动房屋。毡房日遮阳，夜隔潮，防风挡雨，通气透亮，移动方便，一般30分钟内就可支撑拆除装卸完毕。

富裕家庭的毡房很讲究，里面用不同的布剪裁出各种图案，围毡都加以修饰。格栏四周挂着壁毡和花色毡子。地上铺满花毡，绣花毡、地毯。富有的人家毡房格栏、辐柱上漆，镶上镂刻的骨饰和银饰。

哈萨克牧民从当年秋末到来年春季（即从11月份到来年3月），近半年时间固定的居住地方称作冬窝子。冬窝子通常选择避风、沿河有水有草有柴、向阳的地方。冬牧场的房屋建筑依居住地的地理、自然、气候而定：林区建木房；林木少的居住地用土块、石头或干打垒作墙，建方形平顶房屋。房屋旁建圆顶仓房。圆顶仓房的构造与毡房相似，底部圆形或呈多棱形，墙体用土块或石块砌成两米半高，屋顶用类似辐柱的椽子拱起，拱成圆形。椽子的一端支在石块或土块砌成的墙围上，另一头固定在圈架上。外面盖上苇席或树枝，抹上泥巴。里面立四根或六根立柱，圆仓房的正中可生火。烟从顶圈中出去，冬天在里面做饭，熏制挂在立柱上的冬宰肉。冬窝子住房旁，用石头、干打垒、树枝建成畜圈，圈旁堆放过冬用的草垛，圈中间有拴马桩。

新中国成立后，人民政府充分考虑到哈萨克族牧民为了马牛羊的取食方便，逐水草而居，随畜群流动，在子女的就学和就医等方面遇到了很大的困难。为了彻底解决这一问题，党和人民政府有计划地营造定居或半定居点，哈萨克族牧民逐步转向定居与驱赶放牧相结合的方式。现在的定居点大部分是在20世纪70年代以后建的。哈萨克人在定居点或半定居点，住上了世世代代梦寐以求的砖木结构的现代住房。

哈萨克族服饰有着浓郁的民族特色。“吐马克”是哈萨克族男子冬季戴的帽子，带有两个耳扇，后面有能够遮风雪、避寒气的长尾扇。帽子里层一般用黑羊羔皮或狐狸皮，面子用色彩鲜艳的绸缎。冬季还戴一种称为“波尔克”的圆顶帽，一般用水獭皮、貂皮、狐皮等兽皮以及羊羔皮制作。男子冬天穿鞣制过的、羊毛朝里的皮袄或皮裤及用狼皮、狐狸皮或其他贵重兽皮（外有布面）缝制的皮大衣。腰带大多用牛皮所做，宽窄不等，上面镶嵌着金、银、珊瑚、珍珠、宝石等饰品。夏季，上了年纪的哈萨克族男子一般穿软革制成的靴子，外套胶鞋，以保护靴子。年轻男子穿长筒皮靴。猎人则穿便于跋山涉水的高翘首软靴。此外，高寒地区的男子也有穿保暖御寒的毡靴的。

哈萨克族女性的服饰比男性服饰要复杂一些，款式繁多，做工极为讲究，而且随着年龄的变化，着装上也有所不同。妇女的头饰主要有帽子和头巾两种。女孩子从小戴“塔克亚”，这种帽子帽壳较硬，平顶，顶上插有表示吉祥的猫头鹰羽毛，上面缀有光彩夺目的珠玉。“沙吾克列”是姑娘们出嫁时戴的尖顶帽，里层为薄毡，外罩绸缎，帽壁绣有以花草和兽角的各种变形体为内容的花纹，镶嵌五光十色的金银珠宝。小女孩的衣服上多缀满银铜或纽扣，姑娘和少女穿袖口饰有十字绣花边、下摆带多褶的连衣裙，上身外加半截紧身黑、红、绿色的坎肩，坎肩的对襟两边缀满亮晶晶的银饰。未出嫁的姑娘身穿白色内衣，衣领、袖口绣有几何花纹，外穿饰有花边坎肩，其下摆是双层花边的连衣褶子裙，胸前两侧饰有琳琅满目的银元、钮扣、珠贝等。中年妇女于暖季穿胸前和下摆用彩绒绣边，两边有两个衣袋的半截袖长襟袷袢和坎肩；冬季用狐腿皮、羊羔皮裁做的“衣什克”，用水獭皮压边，前襟和下摆有各种图案，罩绸缎布面的皮大衣“库鲁”等。妇女的鞋和靴有许多样式，一般穿的是“买斯”（软底皮靴），外套“开布斯”（套鞋）。富裕人家女子的靴子和鞋袜较讲究，她们所穿的“开布斯”上有各种装饰物，“买斯”上绣有花纹。

随着经济大潮的冲击，现在哈萨克人的服装式样都已更新，与大多数民族所穿的服装没有多大区别。

哈萨克族的饮食与游牧生活有密切联系，主要有茶、肉、奶和面食。在哈萨克人的日常饮食里，可以一日无菜，但决不能一日无茶。一日三餐，白天的两餐，主要是饮用砖茶和茯茶煮出来的清茶或奶茶，奶茶的做法是在煎好的浓茶里加点盐，兑点奶和奶皮、酥油，伴之以馕或炒面、炒小麦，这是早餐和午餐。晚上吃一顿带有肉、面的主食，大量饮茶，冬可驱寒，夏可解暑。因为食肉多，喝茶可帮助消化和增加营养。

在冬季来临，大雪即将封山的时候，哈萨克人要宰杀一些马、牛、羊，再把部分肉加工成马肠子、牛肉灌肠和熏肉、炒肉片等作为冬储肉，这样加工出来的肉可以吃到来年的春天。

哈萨克族的奶制品主要用羊奶、牛奶、马奶、骆驼奶制成。有谚语说:“奶是哈萨克的粮食”。可见奶制品在哈萨克族食品中的分量。奶制品的种类主要有鲜奶子、酸奶子、奶皮子、奶豆腐、奶疙瘩、酥油、奶糕、马奶酒等等。

因游牧生活需不断搬迁，哈萨克族面食的制作方法也简单、方便，不受条件限制，传统面食主要有烤饼，油饼、炒小麦、“那仁”（把煮熟的羊肉切成小块覆盖在面条上的一种手抓饮食）、“包尔沙克”（羊油炸面团）等。

生活在城市里的哈萨克族除了上述的部分饮食外，还跟周围的兄弟民族学会了做各种风味的饭菜，饮食结构趋于多元。同时，反过来又影响了农牧区的哈萨克人，丰富了他们的餐桌。维吾尔族的米肠、面肺子，回族的粉汤等都成为哈萨克人的家常便饭。

人生礼仪是人一生中的各个阶段所举行的仪式。哈萨克人的人生礼仪有诞生礼、摇篮礼、四十天礼、学说话礼、起步礼、割礼、婚礼和葬礼等。

哈萨克人自古以来的婚俗规定有血缘关系的宗亲不能联姻。远的宗亲要隔七代，出了七代的，才可以结亲。

旧社会哈萨克族中女方有索彩礼的习俗。彩礼的数量依双方家庭的地位财产而定。除了彩礼外，男方还要给女方的父母送哺乳礼、喜庆礼、给亲戚送衣料（克依特），女方家根据彩礼的数量置办嫁妆。为女儿置新房，装骆驼，备马，戴花帽。给男方父母、亲戚送衣料，依彩礼的数量备服装、嫁妆五、七、九份。有些财力不及的人家之间流行相互不收彩礼的换亲或叫对亲（HARSEHUDALEH），即把女儿嫁给对方的儿子，娶对方的女儿作儿媳妇。有时穷人出不起彩礼，就由亲友和族人相助。

哈萨克族婚俗中特别强调终身婚姻，因此过去哈萨克族离婚的以前几乎没有，现在也很少见。

在哈萨克族家中，成家的儿子分到家产另立门户。最小的儿子留下继承父亲的财产。女儿出嫁时，陪嫁马、驼、嫁妆等，一般不分家产，待有了孩子回娘家，父亲才根据自己的意愿分其一定的财产。哈萨克人有还子和收养孩子的习俗，养子结婚时也分给家产。不对人说是养子，视为己出。

哈萨克族很早以来就使用十二生肖的日历。这些生肖纪年的起点是日夜相等的春风（3月22日），叫“ULES”或者“那吾肉孜”（NAW—REZ）。“那吾肉孜”是“新年”的意思。生肖从“那吾肉孜”这一天开始转换，这一天算作新旧更替，叫“春分”（ULESKUNI）。“那吾肉孜”日，家家做“那吾肉孜”粥。哈萨克人成群结队，走村窜户，挨家喝粥，吟“那吾肉孜”诗，拥抱贺岁，祝愿新年牲畜旺盛，庄稼丰收。专为那吾肉孜节准备的份肉煮好后，需端到受人尊敬的长者面前，老人致祝词，祝牲畜兴旺，乳汁丰盈。

在哈萨克人的日常生活里，“巴塔”（即祝福词）无处不在，无时不说。如从婴儿降生、取名到婚嫁，从宰畜、用饭到出外办事、搬迁异地，从过生日到节庆等，人们都很自然地把致“巴塔”作为重要的礼仪，以此表达对人、对事物的良好祝愿。针对不同的对象，“巴塔”的祝福内容也不同，如到别人家做客，饭前饭后致“巴塔”，内容是：“愿你的锅里油水不断，求你的餐布（餐桌）美食常在，祝你的全家幸福美满”。哈萨克人坚信“巴塔”的力量是神秘而强大的，有谚语这样说道：“雨水染绿大地，巴塔成就英雄”、“美好的巴塔能让一个人走好运，没有了巴塔却使一个人遭厄运”。

在哈萨克人聚居的地方，老年人不论男女与贫富，都非常受人尊重。晚辈们见到他们，要行礼问候，用“阿克萨哈勒”（老人家）、“阿帕”（大妈）等尊称代替其名。老人说话时，晚辈们决不可以打断插话，更不能在他们面前抽烟喝酒。老人下马时，晚辈要出来迎接，扶其下马，并把马拴好。进房时，要让老人先进，并坐屋子的上方正中位置。吃肉时，要把羊头、羊腿端给老人享用。

撒喜礼仪贯穿哈萨克人的整个一生。婴儿出生要恭喜，男婚女嫁要道贺等等，只要有值得喜庆的大事小事，都会有妇女拿着一把把或一盘盘的喜糖、奶疙瘩、包尔沙克等美味干食，不时地抛洒向欢乐的人群，以示有喜同乐、有福同享，喜事不断。人们会纷纷接住带喜气的糖果，争先抢吃“撒喜吾”，分享喜悦。

哈萨克族民歌的来源丰富，内容十分广泛。哈萨克族民歌多表现古代氏族部落的生产生活、风土人情、观念信仰；也有产生于后一时期，适应当时的社会环境的一些民歌。这些民间文学作品的内容与古老的风俗习惯、情趣志向密切相关，成为不可分割的一部分，并在生活习俗中被直接运用。

古代民歌有一部分集中反映了崇拜自然的主题。古代的人们无法理解自然世界的奥秘，以为语言和祈祷能影响自然界。所以他们在日常生活和生产中，致力于用神秘的咒语来摆脱自然灾害，其中之一就是有呼风唤雨之功效的祈祷歌。这类民歌多在为祈求上苍降雨的仪式上咏唱，人们普遍地认为，巫师们把一块做成魔法石的石块丢进水中，再辅以神圣的祈祷歌，那么，乌云就会聚集在一起，带来倾盆大雨。他们怀着诚挚的情感，向苍天、向水神、向云神祈雨。他们认为大地之所以干旱，是因为“黑囊”和“黄盆”空枯了，使土地寸草不生，人畜焦渴难忍。在生活中，如果被虫叮伤了，哈萨克人就用专门的咒语来清毒，他们通过这样的咒语来诅咒毒虫之神。清毒歌有一种叫驱邪歌，在驱邪中，多将邪气向无人烟的秃山或向敌方或向吝啬婆啃吃过的骷髅之上驱赶。在人畜发生瘟疫时，村落里的年轻人会在村边燃起熊熊大火，通宵达旦地唱驱邪歌。驱邪歌表现了灾害之神所施用的种种诡计，同是也表达歌者驱赶灾害之神，祈求安康的愿望。

与原始宗教信仰相关的民歌则是随着时代的变迁而逐渐与萨满教习俗相融合。在哈萨克族人们中间，这类民歌常由萨满来咏唱，后称其为“巫师（萨满）之歌”。随着时间的流逝，这种巫师之歌在内容和形式上逐渐丰富起来了。巫师之歌的内容大多是呼唤灾害之主宰，用神秘的咒语来恐吓它，用火来熏燎它；或者呼唤乌云聚集起来，祈求上苍降雨等等。这种民歌主要反映祈求上苍降福的心理及宗教信仰和图腾崇拜意识，其中还出现了在以往民歌中不多见的崇拜先祖之灵，以及崇拜具有灵性的人的内容。

古代民歌流传极广，运用较多的一种体裁就是祷告。这是根据民族习俗而流传下来的，为表达真诚的情怀而创作的民间歌谣快板。古代哈萨克族人生活中许多习俗少不了祷告。而几乎所有的祷告都有一个共同的内容，就是祈求获得福祉。“阿门，我为你祈祷”，始终把幸福的降临与幸福之神柯德尔紧紧相连。哈萨克人认为“美好的心声就是一半财富”，因此特别珍视诚挚的祷告。在大庭广众面前，如果能得到那些德高望重的长辈或著名巫师们的祈祷祝福是莫大的荣幸。人们甚至认为通过祈祷得来的福祉会代代相传。由于祈祷祝福是具有永久感召力的体裁，所以至今仍在人们中间广为流传。

哈萨克族民歌中最富民族特色的就是对唱。对唱，就是两个阿肯（即对唱者）即兴进行创作比赛。在哈萨克族人们之中，对唱技艺相当普及。在婴儿诞生礼仪和结婚典礼仪上，人们围聚在一起，互相结成对子，开始对唱。甚至在悠闲的放牧之际，在漫漫的搬迁途中，或在探亲访友的路上，或在家中来了贵客时，人们偶然相遇，也会用对唱的方法，通过短短的几句唱词，互相问候，互相戏谑，互相较量，这种现象已蔚然成风。有些时候，对唱的人们并不都是才思敏捷，口齿伶俐，对答如流的阿肯，但一般都能运用对唱的形式去交流。从形式上看，对唱体裁的原始形式是学舌式对唱。唱词的前两句是共同的。即前一个阿肯唱过的前两句歌词，由后一个阿肯再重复一遍，尔后再各自即兴歌唱。

阿肯弹唱是生命力很强的民间文学体裁，直到今天依然有许多脍炙人口的对唱作品在群众中流传。现在伊犁哈萨克自治州所辖各地、县每年都组织阿肯弹唱会。如今阿肯唱词的内容紧跟时代步伐，对唱技艺也有了很大提高。

哈萨克族的音乐舞蹈有着鲜明的民族特色。冬不拉和胡布兹、斯布孜合等是主要民族乐器。冬不拉尤其受哈萨克族群众喜爱，多用桦木等材料做琴身，用羊肠制弦。过去琴身有铲子形和马勺形两种。现在有了将这两种形式揉和在一起的民间新式冬不拉。哈萨克族的各种乐器都便于携带、易于演奏。歌曲演唱具有广泛的群众性。传统的哈萨克族舞蹈，多以模仿飞禽走兽的动作为特征，夸张幽默，惟妙惟肖，生动传神，有极强的表现力和感染力，有广泛的群众基础。传统的舞蹈有《哈拉卓尔哈》（又译“黑走马”）。"
傣族	"傣族人口有1261311人（2010年），主要聚居在云南省西双版纳傣族自治州、德宏傣族景颇族自治州以及耿马和孟连两个自治县。其余的散居在景东、景谷、普洱、澜沧、新平、元江、金平等30多个县。边疆傣族地区与缅甸、老挝、越南接壤。

傣族村寨多分布在群山环抱的河谷平坝地区。比较大的坝子有景洪、勐笼、勐遮、勐罕、勐海、芒市、陇川、干崖、勐卯、遮放等，平均海拔在500—1300米之间，地势较低。这里四季常青，山川秀美，土地肥沃，灌溉便利，适于种植农作物和经济作物，盛产稻谷、甘蔗、樟脑、咖啡、剑麻、橡胶、紫胶、香茅草等。土壤多为红壤土、棕壤土、黄壤土。气候属于亚热带气候，年平均温度在21℃左右。终年不下雪，仅有轻霜期30余天。雨量充沛，年降雨量一般在1000—1700毫米之间，多集中在5月至10月，全年无四季之分，只有明显的旱季和雨季，11月至次年4月为旱季。

傣族居住地区自然资源丰富。西双版纳是亚洲大叶种茶的原生地，是驰誉中外的“普洱茶”的主要产地。芒果、椰子、菠萝、香蕉等亚热带水果常年不断。山区的原始森林遮天蔽日，出产柚木、紫檀、铁力木等珍贵木材；还有萝芙木、金鸡纳等名贵药用植物。西双版纳州的森林覆盖率为57.14%，德宏州森林覆盖率为46.02%。矿产资源种类丰富，有20余种，铜、铁、金、银、镍、铅、锡、水银等很早以来就被傣族人民发现、利用。德宏还盛产宝石、玉石、绿柱石和水晶等特种工业原料。在西双版纳的原始森林和绵延起伏的山岭河谷中，繁殖着野象、虎、豹、鹿、犀牛、金丝猴、孔雀、犀鸟等珍禽异兽。水边林际，每值晨曦微现或夕阳斜照时，常见美丽的孔雀翩翩起舞，人们把这里誉为“孔雀之乡”。

傣族按分布地区有傣泐、傣那、傣雅、傣绷、傣端等自称。西双版纳等地自称“傣泐”，德宏等地自称“傣那”，红河中上游新平、元江等地傣族自称“傣雅”，瑞丽、陇川、耿马边境一线的自称“傣绷”，澜沧芒景、芒那的为傣绷支系。汉族称傣泐为水傣，傣那为旱傣，傣雅为花腰傣。早在公元1世纪，汉文史籍已经有关于傣族先民的记载。汉晋时期称为“滇越”、“掸”或“擅”、“僚”或“鸠僚”。唐宋文献则称为“金齿”、“黑齿”、“银齿”、“绣脚”、“绣面”、“茫蛮”、“白衣”等。元明时期仍称为“金齿”、“白衣”。“白衣”又写作“百夷”、“白夷""、“伯夷”，有的误作“僰夷”，以致与白族混淆。清以来称为“摆夷”。新中国成立后，根据傣族人民的意愿，正式定名为傣族。

傣语属汉藏语系壮侗语族壮傣语支，主要有德宏、西双版纳和金平三种方言。傣族有自己的拼音文字，但各地不尽相同，分傣那文(德宏)、傣泐文（西双版纳）、傣绷文（瑞丽、耿马、澜沧等地）和金平傣文、新平傣文5种。前4种文字以印度梵文为基础，经过不同的发展演变过程，逐渐形成不同风格的文字。新平傣文则以注音字母为基础。较为通用的是傣泐文和傣那文，现称西双版纳傣文和德宏傣文。20世纪50年代，对西双版纳傣文和德宏傣文在原有文字基础上做了一些改进，改进后的傣文称为新傣文，原有的文字称为老傣文。改进后的西双版纳傣文，在保留原来字母形式和表音特点的基础上，根据实际语音增删了若干字母，改变了声调符号，并对字母读音、附加符号的使用和书写规则作了规范。改进后的德宏傣文，克服了老傣文一字多音多义以及没有配套声调符号等缺点，更为规范、科学。

【历史沿革】

傣族地区历史悠久。迄今为止，傣族聚居区已发现多处新石器时期文化遗址，出土了数百件遗物。西双版纳在景洪澜沧江沿岸的台地上，先后发现了曼蚌囡、曼允、曼景兰、曼厅等新石器时代遗址，清理出石斧、石锛、石刀、鱼网坠等石器以及陶器、骨器和贝壳等遗物。德宏在瑞丽江畔的芒约和陇川芒胆两个新石器时代遗址上，发现了夹沙红陶、夹沙黑陶、印纹陶片、石斧等遗物，其中的肩石斧、石网坠和印纹陶是古越人文化的典型代表，与我国东南沿海地区新石器时代遗址中出土的同类器物相似，具有明显的百越文化特征。陇川江流域的梁河勐养、潞西五岔路也发现了新石器时代遗址。澜沧江中游的云县忙怀遗址，出土了大量的打制双肩石斧，器型和制法与福建建阳、台湾的同类器物相似。孟连娜允古城旁的南垒河岸，曾先后发现5处新石器时代遗址，发掘出打制石器、手制陶器、动物化石等珍贵的历史文物。

傣族和同一语族的壮族、侗族、水族、布依族、黎族等有着密切的历史关系，同为古越人的后裔。先秦时称为“百越”，汉晋时称“滇越”、“掸”或“擅”。据傣文史籍记载，早在周威烈王二年（公元前424年），就有关于傣族部落战争的记述。汉朝史书中提及的“滇越乘象国”，即指今德宏和缅甸的部分地区。

傣族聚居区很早就同中央王朝和内地保持密切的联系。元封二年(公元前109年)，汉武帝开发西南地区，建置益州郡，傣族地区是益州郡的西南边疆。东汉明帝永平十二年(公元69年)，增设永昌郡，傣族地区属永昌郡管辖。当时，傣族先民的首领曾多次派遣使者，带着音乐师和魔术家来到东汉王朝的首都洛阳奉献乐章，表演新颖的技艺，博得了东汉王朝的赞赏与欢迎，被赐予金印、紫绶，其首领还被封为“汉大都尉”，从而和东汉王朝建立起政治上的隶属关系。蜀汉时属庲降都督所辖南中七郡之永昌郡。两晋南朝属宁州永昌郡。

公元8—13世纪，傣族地区先后隶属于云南以彝族、白族为主体建立的南诏蒙氏政权和大理段氏政权。此时，傣族已经进入农业社会。9世纪的汉文史籍记载，傣族在农业生产中用牛和象耕田，大量种植水稻，并有了相当规模的水利灌溉系统。手工业也有了一定的发展，用木绵织布，挖卤矿煮盐，用金属制作武器，并用黄金和白银捶成薄片套在齿上作为装饰品，因而唐代以来对傣族有“金齿”、“银齿”等称呼。

随着生产的发展，西双版纳傣族首领叭真（即帕雅真）统一各部，于南宋淳熙七年（1180年)以景龙（今景洪）为中心建立“勐泐”地方政权，称“景龙金殿国”“景龙”有上百万的人口，还有大量的白象和马匹。“景龙”以“天朝皇帝”为“共主”。叭真即位时，还受到南宋的封号，发给“虎头金印”，“命为一方之主”。叭真子继其父为“景龙”国主时，也受南宋赐封为“九江(澜沧江)王”。“景龙”一直与内地保持着从属关系。

元代，傣族地区隶属于云南行省。此时已开始在民族地区实行土司制度。在云南南部傣族地区设置了车里军民总管府，管辖西双版纳等地；西部傣族地区设置金齿宣抚司，管辖德宏等地傣族。明代，又在元代的基础上加以巩固，在西部设麓川平缅宣慰司；在南部设车里军民宣慰司，并设较小土司区，全面推行土司制度。在广大傣族地区任用世袭的土司、土官，大大加强了元、明王朝对傣族地区的统治。这一时期，汉、傣人民间的经济文化交流，也更加密切，特别是大量汉族人民迁居边疆，内地先进的生产技术、文化科学在傣族地区广为传播，迅速促进了傣族社会经济的发展。

元初的记载表明，当时德宏地区的傣族仍然使用奴隶从事劳动。元明之际各地傣族地区先后进入了封建领主制社会，社会生产有了进一步的发展。铁器的使用已相当普遍。农作物亦增加了新的品种，棉花已经普遍种植。手工业也有新的发展，出现了珍贵的“干崖锦”、“丝幔帐”等优美的手工艺品。商业活跃，出现了车里等较大的商业城镇。1570年车里宣慰使把辖区划分为“十二版纳”(傣语称十二为“西双”，“版纳”意为千田，每千田为1个征收封建负担的行政单位)，从此有了“西双版纳”这一名称。

西部傣族曾以今德宏瑞丽江河谷为中心建立了勐卯地方政权，即勐卯果占壁王国，11至15世纪一度称雄于世。北宋时代（约公元11世纪），勐卯与勐生威、勐兴古、勐兴色联合，建立了“勐卯果占壁”王国。元朝至元十三年（1276年）在今德宏一带设置土司制度，将傣人首领思汉法分封为麓川路军民总管府总管，后又赐封麓川路平缅宣慰使等官衔。元至大三年（1310年），芳罕次子混依翰罕继位，并以猛虎曾跃过头顶而自号“思汉法”，建都姐兰。元统六年（1340年），思可法继位“勐卯王”，曾建都于姐兰和广贺罕。他不断征服周边领土，建立了强大的“麓川王国”（傣语仍称“勐卯果占壁”）。其辖地东至今泰国清迈，西至印度阿萨姆邦，南至曼德勒，北至澜沧江的大部分地区。从明宣德（1426—1435年）开始，麓川王思任法不断向四境扩张，云南边疆的稳定及明王朝的统治一度受到威胁。1441年至1448年之间，明朝派军三征麓川，果占壁王国覆灭。万历二十四年（1596年）以麓川城为基础筑平麓城（今勐卯城），大兴屯田，并派将镇守。思氏战败后退居孟养。直到万历三十二年（1604年），缅甸军队大举入侵，思轰在抵抗侵略战争中兵败身死，其后裔放思祖逃入内地，寄食于干崖，至此，长达近五百年历史的勐卯果占壁王国势力彻底结束。

清代，基本上沿袭元明旧制，但在社会经济较为先进的内地傣族地区实行“改土归流”政策，委派流官进行直接统治。至民国时期，云南边远的傣族地区还基本保持了元代以来的土司制度。有车里宣慰使司，辖区相当于今天的西双版纳傣族自治州。设有宣慰使（傣语称召片领）、都笼八大臣（召景哈、都笼告、都笼萨扒、都笼回廊满空、都笼回廊蛮旺、都笼回廊庄往、都笼纳花、都笼纳笋）等官。司廊也称“议事庭”，是最高行政机构，设议事庭长一人，即召景哈，下设昏贝、章罕。车里宣慰司下的行政单位分勐、火西、贯三级。此外各地还设有南甸宣抚使、干崖宣抚使司、陇川宣抚使司、勐卯安抚使司、芒市安抚使司、遮放副宣抚使司、盏达副宣抚使司、潞江安抚使司、耿马宣抚使司、孟连宣抚使司。国民党政府统治时期，在边疆傣族地区成立县和设治局，实行民族压迫政策，加深了傣族人民的苦难。1949年前，德宏傣族已进入封建领主制社会，受南甸（今梁河）、干崖（今盈江）、盏达（今盈江）、陇川、勐卯（今瑞丽）、遮放、芒市七个土司统治。

傣族地区地处边疆，在帝国主义的入侵当中首当其冲。帝国主义不仅进行经济侵略，大量掠夺资源、倾销商品，而且还进行政治、军事、文化侵略，派遣间谍、特务，借探险、考察、旅行、传教等名义，深入我边疆地区，搜集情报，测绘地图，拉拢民族上层，破坏民族关系，甚至进行赤裸裸的武装入侵，使傣族人民进一步陷入苦难的深渊。为了捍卫祖国的神圣领土，傣族和汉、景颇、佤等族人民在19世纪末20世纪初，对英、法帝国主义的侵略展开了多次武装斗争。这些斗争配合了全国人民反帝运动，有力地打击了侵略者，挫败了帝国主义妄图侵略我边疆地区进而侵吞云南的阴谋。

抗日战争期间，傣族人民又与全国人民一道，并肩投入了反对日本法西斯的武装斗争，为保卫祖国边疆神圣领土作出了贡献。1938年修筑滇缅铁路，耿马土司罕富廷和孟定土司罕万贤率领所辖的傣、佤等大小民族头人亲自指挥民工，参与修建铁路的毛路。1942年5月3日起，日本侵略者7天之内便相继侵占了怒江以西的畹町、芒市、龙陵、腾冲约３万平方公里的国土。至此，云南由抗日的大后方变成了抗日的前沿阵地。日军占领滇西后，各民族的抗日游击队与敌人进行了顽强的斗争，其中有杨炳南为首的傣汉青年救国团、傣族土司刀京版领导的滇西边区自卫军、耿马土司罕裕卿组建的耿沧支队等。抗日战争中，滇缅公路是中国接受外援物资最重要的通道，被称为“中国抗日战争的大动脉”，傣族人民多次参与对滇缅公路的抢修，保证了道路的通畅。1944年，滇西抗战转入大反攻，终于在1945年1月20日，将日寇逐出国门畹町，最终夺取了滇西抗战的胜利。滇西抗战被誉为“创全歼守敌之典范，开收复国土之先河”，为全国抗战的胜利奠定了重要的基础。

从边疆到内地各傣族聚居区，所处历史条件不尽相同，社会发展是不平衡的，社会组织结构与政治形态也互有差异。在景东、新平、元江等地区，傣族和汉族交错杂居，吸收了汉族较先进的生产工具和技术，生产力发展较快，较早地进入了封建地主经济。西双版纳、德宏等边疆地区傣族社会的发展则相对缓慢，特别是西双版纳地区，到新中国成立前，还保留着比较完整的封建领主经济。

西双版纳自元、明、清各封建王朝设置土司制度以来，被中央王朝册封为“车里宣慰使”的“召片领”(意为“广大土地之主”)，世代成为西双版纳的最高领主和统治者。在这里，所有的土地、山林、水源等，都属于召片领所有。召片领又分封其宗室、亲信为一个区域内的统治者，称为“召勐”(意为“一片地方之主”)，世袭领有境内的土地和人民。在封建领主大土地所有制下，土地的一部分为领主直接占有，成为私庄和赐给家臣的薪俸田，另一部分为农奴的份地。份地为村寨集体占有，领主利用历史上残存下来的农村公社分配土地的形式，通过村寨头人把土地分配给农奴耕种。农奴领种份地必须承担各种封建负担，这种封建负担是领主剥削农奴的主要手段。

新中国成立前，由召片领、召勐、“波朗”(由召片领或召勐派出，监督辖区内各级官员并强制农民承受封建负担的官)，以至村社当权头人等各级领主构成领主集团，约占总人口的7%。农村中除占农民总户数5.7%的由领主集团分化出来的“自由农民”——“召庄”以外，领主把广大农奴划分为“傣勐”和“滚很召”两个等级。傣勐(意为“本地人”或“建寨最早的人”)约占总户数的55%，是最早的居民，其地位较其他等级农奴为高，占有较多土地——“寨公田”。滚很召(意为“官家的人”或“主子家内的人”)约占总户数的39%，这是一个因各种社会原因丧失了土地和人身自由而隶属于领主的农奴集体，社会地位最低，所受剥削也最重。农奴除负担沉重的官租和无偿耕种领主的私庄田和薪俸田外，傣勐等级农奴还要负担修路、架桥、兴修水利等各种无偿公役。滚很召等级农奴则被强迫承担领主的各种家庭劳役，诸如养马、养象、煮饭、抬轿、划船以至削大便棍、哭丧等，名目多至百余种，分寨包干，世代相承。

为了镇压广大农奴的反抗，领主有一套维护封建统治的政治机构。在召片领之下有“议事庭”，是权力机构和议事机构，负责处理一切日常事务。各勐有“议事庭”。勐以下是“火西”，管理若干村社，其首领称为“叭火西”。“火西”以下是村社，设有“叭”、“鲊”、“先”各级头人。此外还拥有军队、法庭和监狱。

西双版纳以外的德宏、孟连、耿马等边疆傣族地区和西双版纳大体一致，基本上属于封建领主经济，但是这些地区社会经济发生了新的变化，农民占有的份地渐趋稳定，甚至可以世袭占有，实物地租也普遍出现。在芒市、盈江等地，由于与汉族接触较多，所受影响较大，地主经济发展较快，富农经济也发展起来了。地主、富农经济的发展，促使了大土地所有制趋向解体，村社组织已经瓦解，其社会经济形态比西双版纳前进了一步。

封建制度的压迫和剥削，引起了傣族人们持续不断的反抗。傣族人民以无比的憎恨诅咒着封建制度：“你是水，我们不喝；你是路，我们不走；你是太阳，我们不晒谷子；你是佛，我们不拜!”19世纪中叶，德宏轩岗坝的傣、景颇等人民在“布幸额门”的领导下，举行了反抗芒市土司残暴统治的联合起义。斗争坚持了3年，最后被土司和清朝统治者镇压下去，但人民的反抗火焰并未熄灭。不久，在芒市一带又爆发了以著名歌手“混依海罕”为首的各族联合起义。他用歌声揭露封建领主的罪行，激发农民的阶级仇恨，号召大家起来反抗，四周农民听到他的歌声，纷纷参加起义队伍，拒绝交纳官租。起义失败后，土司杀害了“混依海罕”。但傣族人民永远怀念着这个英勇的歌手，把他奉为“歌神”。近百年来，傣族人民与封建土司、头人的斗争屡见不鲜。

【风俗文化】

傣族家庭与婚姻在历史上的鲜明特点是等级内婚。土司之间实行严格的等级内婚，盛行一夫多妻。土司还凭借权势，随意凌辱农民妻女。广大农民实行父权制的一夫一妻小家庭，家庭成员为父母与未婚子女。

青年男女婚前社交活动相当自由，可以自由恋爱。未婚青年在节日里或盛会场合“串不少”(找未婚女子谈情说爱)很盛行。流行招赘上门的习俗。傣族举行婚礼时，都要有隆重的“拴线”仪式，由老人用洁白的棉线拴在新郎、新娘的手腕上，象征把两人的灵魂拴在一起，并祝福新婚夫妇相敬如宾，白头偕老。

通行土葬，但具有明显的阶级差别，贵族与贫民的葬地是严格分开的。和尚、佛爷死后，先行火葬，再用瓦罐盛骨灰埋于寺后。

傣族服装，男子着无领对襟或大襟小袖短衫，下着长管裤，冷天披毛毡，多用白布或青布包头。男子文身的习俗很普遍，既表示勇敢，又可以驱邪护身、装饰身体。男孩到11岁左右，即请人文身，文身的图形大多以虎、豹、狮、龙、蛇、鹰为主。所文部位大多是四肢、胸腹、背部，一般文一条腿需两天，文全身需七至八天。

妇女传统着窄袖短衣和筒裙。西双版纳傣族妇女，着白色或绯色内衣，腰身细小，下摆宽，下着各色筒裙。德宏芒市等地妇女，婚前着浅色大襟短衫，长裤，束小围腰，婚后改着对襟短衫，黑色筒裙。内地傣族妇女服装与边疆大体相同，但有地区性特点，往往因此被其他民族称为“花腰傣”、“大袖傣”等。如玉溪市新平的傣族妇女用长达丈余的特制花腰带系筒裙，由此而得名“花腰傣”。她们的服装以黑色、红色基调为主，贴身的短褂长及上腰部，领口用细银泡拼成上下交错的菱形图案，腰间装饰长达五、六米的绣花腰带，头戴尖顶“鸡枞”斗笠帽，帽沿上翘。“花腰傣”独具魅力的头饰、服饰，与晋宁石寨山、江川李家山出土的滇国青铜器上的人物十分相似，有着椎髻、短襟衣、筒裙等共同特征，证明了两者之间的一脉相承。

傣族主食以大米为主。德宏地区吃粳米，西双版纳等地爱吃糯米，通常是现舂现吃。傣族著名的香竹饭又称竹筒饭，即把糯米放在香竹筒里，用水浸泡15分钟后，用火烘烤而成的。吃时，捶打竹筒使之变软，竹筒内壁的竹膜便贴在饭上，用刀一剖两半，香竹饭便脱竹而出，香气浓郁，饭软而细腻。还有独具特色的菠萝紫米饭，其味清甜可口，并有补血润肺之功效。外出劳动者常在野外就餐，用芭蕉叶盛一团糯米饭，随带盐巴、辣子、酸肉、烧鸡、喃咪、青苔松即可进食。肉类有猪、牛、鸡、鸭，不食或少食羊肉，善作烤鸡、烧鸡，喜欢吃鱼、虾、蟹、螺蛳、青苔等水产品。常吃的蔬菜有白菜、萝卜、笋和豆类。

傣族也食昆虫。傣族地区潮湿炎热，昆虫种类繁多。经常食用的昆虫有蝉、竹虫、大蜘蛛、田鳖、蚂蚁蛋等。捕蝉是在夏季傍晚，蝉群落在草丛中时，蝉翼被露水浸湿，不能飞起，妇女们就赶快把蝉拣入竹箩里，回家后入锅焙干制酱。蝉酱有清热解毒，去痛化肿的医疗作用。傣族地区盛产竹子，竹虫也特别多，人们在竹林中寻觅到被竹虫钻蛀的竹子，顺着往上一节剖开，竹蛹就在其中，多时一个竹节里可得到一小碗。将取出的竹虫蛹剁细，加上炒米粉和佐料，以生菜沾食，亦可用水稍煮一会，捞起用油煎食，还可与鸡蛋一起炒吃，香脆可口。傣家人还食用蚂蚁蛋，都是生长在树上的大黄蚂蚁所产。蚂蚁蛋主要是凉拌，洗净后放在沸水里烫熟，然后加入蒜、盐、醋等调料，再加上自己喜爱的蔬菜即可食用。

以青苔入菜，是傣族特有的风味菜肴。傣族食用的青苔是选春季江水里岩石上的苔藓，以深绿色为佳，捞取后撕成薄片晒干，用竹篾穿起来待用。做菜时，厚的用油煎，薄的用火烤，酥脆后揉碎入碗，再将滚油倒上，然后加盐搅拌，用糯米团或腊肉蘸食，味美无比。

傣族有食花习俗。经常采食的野花有攀枝花、棠梨花、白杜鹃、黄饭花、甜菜花、芭蕉花、苦凉菜花、刺桐花、金雀花、鸡蛋花、苦刺花、弯根花、盘藤花和一种傣语称为“莫谢”的花等，大约30多种。

生、鲜、酸、辣、野是傣家菜的特点。傣族人认为，吃酸心爽眼亮，助消化，还可以消暑解热；吃甜，能增加热量，解除疲劳，预防肝炎；吃辣，可以开胃口，增食欲，增强身体抵抗力、预防伤风感冒；吃生的，菜鲜味美，可口舒心。傣味中以酸为美味之冠，所有佐餐菜肴及小吃均以酸味为主，如酸笋、酸豌豆粉、酸肉及野生的酸果。最常食用的是酸笋，把新鲜竹笋切成丝，放入清水漂浸，之后捞进大缸用力压紧、封口，放置半个月待变酸，傣族人随便哪家都有百来斤酸笋，一天也离不开。傣味的调料很独特，有撒苤、喃咪等。

酒为傣族人民所嗜爱，一般都是自家酿制，度数不高，味香甜。茶是当地特产，但傣族只喝不加香料的大叶茶。喝时在火上略炒至焦，冲泡而饮略带糊味。嚼槟榔的习惯也很普遍。嚼食槟榔要拌以烟草、石灰，终日不断。

干栏式建筑是傣族居住的特点。西双版纳和德宏瑞丽一带傣族的竹楼别具风格。楼近方形，上下两层，上层住人，距地约7尺，下层无墙，用以饲养牲畜及堆放什物，顶为双斜面，多覆以编成的“草排”。拾级登楼，有走廊、晾台，可以晾物、纳凉。德宏多数地区的傣族则住平房，剖竹为墙或以土坯为墙，覆以茅草，多为四合院。楚雄彝山里的傣族竹楼，屋顶较为宽大且平缓，主要功能是通风防晒纳凉，防雨次之；房屋架空，人住楼上，能躲避地上炎炎暑热和潮气，防止虫豸侵害；梁柱里外穿插连接，浑然一体，十分牢固，可防地震之忧；楼下只有几根柱子，若遇江水泛滥，一般情况下可保竹楼无恙。在彝山傣族地区，家家都建有竹楼，且多为傣族百姓的主居。

傣家竹楼室内用篱笆将房屋分成两半，内室较小，是卧室，禁止外人入内；外室较宽敞，靠里部分为堂屋，是接待客人的地方，靠外部分设有火塘，是取暖、做饭的地方。火塘及架在它上面的铁三脚架是神圣的，不能跨越不能踢，更不能随便拆掉。楼室门外设有走廊.一侧搭着下楼的木梯，一侧搭有露天阳台，阳台上陈放着盛水的坛坛罐罐，四周设有围栏，供家人洗漱、冲凉。竹楼屋顶呈人字形，屋面分上下两层，过去多用茅草蒙盖，随着傣家人生活的改善，现在盖顶的茅草已被瓦片所取代。

傣族的主要节日有关门节、开门节、泼水节等。

傣历年——泼水节是傣族人民的传统节日。傣语称“桑勘比迈”或“楞贺桑勘”，意为六月新年。时间在傣历6月下旬或7月初（公历4月中旬）。约在农历清明后十日举行，它象征着“最美好的日子”。节期一般是3天。头两天是送旧，最后一天是迎新。节日清晨，傣族村寨的男女老幼沐浴盛装到佛寺赕佛，并在寺院中堆沙造塔4、5座，大家围塔而坐，聆听佛爷念经。之后，妇女们各挑一担水为佛像“洗尘”。佛寺礼毕，青年男女退出，相互泼水祝福。接着成群结队四处游行，泼洒行人以示祝福。西双版纳每年过泼水节的时候，傣族群众都要在澜沧江举行声势浩大的龙舟赛，赛后就将龙船拆散放进佛寺的竹楼里保管，待第二年泼水节到来之前，再把拆散的龙船拼装起来，拼装龙舟就称之为“旱黑”。

花腰傣最隆重的节日要数农历正月十三的“花街节”。这天，上千名青年男女从周围的村寨汇集到花街。节日的花街热闹非凡，身着盛装的小卜少（少女）排成长队，款款走过花街，竞妆比美，风情无限；小伙子们则瞪大眼睛寻找意中人。如果情投意合，两人就相约到凤尾竹下荔枝丛中，姑娘解下腰间的秧篾饭，掀开青翠的芭蕉叶，只见喷香的糯米饭用鲜花汁染成了一半金黄一半鲜红，以芭蕉叶相隔一层又一层盛满猪脊肉、油炸干黄鳝、腌鸭蛋等美食。两人一起美滋滋地吃着，说着甜蜜的情话。吃完秧蔑饭，提亲成婚的大事也就定下了。

傣族文学主要是叙事诗。傣族有500部左右的长篇叙事诗。现在保留的傣族传统长篇叙事诗题材广泛，内容丰富，其中有歌唱人类创世活动的如《布桑盖与瓦桑盖》、《坤撒》，颂扬祖先创业事迹的如《叭阿拉吾射金鹿》，反映历史事件的如《召网香召网朔》、《勐卯与景欠战争史》，揭露统治阶级贪婪残暴的如《娥并与桑洛》、《召树屯》、通过爱情主线揭示社会矛盾的如《朗鲸布》、《线秀》，还有新中国成立后表现社会主义新生活的《彩虹》、《流沙河之歌》等。

傣族有传统的傣戏。以前西双版纳有一种以舞蹈为主兼唱戏词的形式，这是傣戏的雏形。其情节比较简单，主要表现持刀的猎人与化了装的龙、凤、龟、鹤进行斗争。傣戏的发展和完善主要在德宏一带。因此傣戏又称“滇西傣戏”。大约在19世纪初产生于德宏盈江的盏西和干崖。较早的剧目有《公孙犁田》、《冒少对唱》、《十二马》等。到20世纪初，盈江土司成立了第一个傣戏剧团，于是傣戏迅速风靡各地。傣剧的唱腔、道白均用傣语，唱腔以男腔、女腔为主，剧本多根据傣族民间故事改编，表演以本民族歌舞及民间武术为主，也借用其他剧种表演的程式，形成自己的戏曲风格。在傣族民间歌舞的基础上，发挥了表演者道具扇子或手帕的作用，同时借鉴京剧、滇剧和傣拳创造了傣戏的武打动作，脸谱的化装则由原来的红、黑、白三色发展为较为细致的“勾脸”，以表现人物性格。另外还根据剧情和角色的性格改进了曲调形式，音乐集傣族地区丰富的民间曲调而成，伴奏从以象脚鼓、铓锣、钹为主发展到使用多种乐器，并采用了滇剧不少以锣鼓经为主的伴奏手段。各地经常有剧团演出，每逢节庆日，村与村、坝与坝之间还举行巡回的交流演出。

傣族舞蹈种类繁多。西双版纳傣族称舞蹈为“凡”。民间舞蹈有：凡婻诺、凡光罕、凡光、哈凡、凡整。凡婻诺以模仿禽类动作为主要特征，包括孔雀舞、鹭鸶舞、斑鸠舞等。凡光罕是以鹿的模具作为道具而表演的兽类舞蹈，此外还有狮子舞、大象舞等。凡光为鼓舞，舞蹈者挎鼓或击鼓而舞，自己为自己伴奏，仅限于男性表演，在民间流传极广。常见的鼓舞有嘎光鼓舞、象脚鼓舞、大鼓舞等。哈凡为边歌边舞的集体性舞蹈，常见的有《依拉贺》和放高升舞，多在节日期间结群表演。凡整为武术舞，其中包括拳术舞、棒术舞、刀术舞等。表演时常敲击鼓、铓、镲等打击乐器伴奏。表演者的步伐、节奏应与鼓点协调，具有娱乐和自身防卫等特点。除了以上几种有统一名称的舞蹈外，民间还有一些反映生产、生活和风俗习惯的舞蹈，常见的有帽子舞、扇子舞、花环舞、花棍舞、蜡条舞、荷花舞等，其特点以舞蹈动作表现傣族生活的某些侧面，具有浓郁的生活气息。在种类繁多的傣族舞蹈中，孔雀舞是人们最喜爱、最熟悉，也是变化和发展幅度最大的舞蹈之一。每年的佛教节日和迎接新年时，都要表演孔雀舞。

傣族民间乐器有嘎腊萨、玎、筚、多洛、象脚鼓、铓、排铓和傣镲等。傣族的特色乐器葫芦丝是舌簧乐器，用循环换气法能持续发出五度音程，音色优美、柔和、圆润、婉转。在月夜的竹林或傣家竹楼里，能给人以含蓄、朦胧的美感，而吹出的颤音尤如抖动丝绸那样飘逸轻柔。全国著名的作曲家施光南创作出《月光下的凤尾竹》乐曲，使葫芦丝音乐风靡大江南北。象脚鼓因鼓身形似象脚而得名，常与铓锣、傣镲组合在一起，广泛用于歌舞和傣戏伴奏。嘎腊萨是竹制、吊桥形的敲击体鸣乐器。玎是弹拨弦鸣乐器，傣族青年恋爱时经常弹奏，有“爱情乐器”之誉。

武术，西双版纳傣语叫“芬整”，德宏一带叫“戛拳”。过去，傣族男子到了十四、五岁，一般都要学会几套武术动作，作为防身、御敌、防野兽之用。腾冲县的永乐寨，男女老幼人人习武，被誉为“傣族武术之乡”。傣族武术广泛吸收了我国汉族太极拳、长拳、形意拳和气功的内容，又引进缅甸、泰国的武术，形成了独特的风格。步伐多以四平马步、弓步、跪步为基础，步稳势烈，节奏分明，多借劲含力，以巧取胜。傣族武术在西双版纳有四个流派：一是以拳术为主的本地派，二是以棍棒为主的汉族传来派，三是以长刀为主的缅甸传来派，四是以短刀为主的泰国传来派，总共有130多套武术。武术中以拳术最为丰富，也最有地方特色，有大洪拳、小洪拳、扑虎拳、四方拳、老虎撩尾拳、螃蟹拳、梅花拳等。傣族人还善于把各种动物的姿态糅合在武术之中，形成别具一格的青蛙拳、蛇拳、孔雀拳、鹭鸶拳、猴拳等。

傣锦多是单色面，用纬线起花，对花纹的组织非常严谨。织造时傣族妇女首先将花纹组织用一根根细绳系在“纹板”（花本）上，用手提脚蹬的动作使经线形成上下两层后开始投纬，如此反复循环，便可织成十分漂亮的傣锦。设计一幅傣锦，需几百乃至上千根细绳在“纹板”上表现出来，要求极严。傣锦织工精巧，图案别致，色彩艳丽，坚牢耐用。它的图案有珍禽异兽、奇花异卉和几何图案等。每一种图案的色彩、纹样都有特殊的含义，如红绿颜色是为了纪念祖先，孔雀图案象征吉祥，大象图案象征五谷丰登。

傣族是制作和使用黑陶最多的民族。西双版纳、普洱镇远等地是黑陶的主产地。由于黑陶具有良好的透气性，因而在炎热的傣乡，长时间用它蓄水不仅不会变质，而且能保持水的清凉感觉。还有一个用途是用作祈吉的滴水器，傣族寺庙佛殿中的柱脚处通常会有一个落水小洞，根据滴水的情况占卜，若有不吉要请佛爷为其念经解除。黑陶器的原料是傣乡特有的一种黑土，经与一定的沙和沾土混合沤透后捶砸揉压制成。黑陶器均以手工拉坯制作，坯拉好后用刀刮或刻画出花纹，晾干后烧制即成。黑陶器一般皆为素色，表面光滑，质地细腻。红陶器具出品和用得最多的是罐，傣语称为“莫丁”，一般较大，造型十分别致，用于盛水装饭，在炎热条件下能免除腐坏之虞，为所有傣族人家必备之器。红陶制作材料为当地一种红粘土，呈砖红色，配以一定量的沙，拌透揉均，用木棒槌舂、打混合后，用自制的转盘手工拉坯。坯拉好后用有花纹的木拍拍上简单的花纹，放入棚下阴干，阴干后即行烧制。

耿马县孟定镇芒团村的傣族还有手工造纸的技术。妇女是芒团手工造纸中的主要劳力和技术能手，作坊里的每一道工序都是由妇女完成的。造纸的原料是构皮。工序有浸泡、拌草木灰、蒸煮、洗涤、捣浆、抄纸、晒干、砑光、揭纸等。

云南傣族地区的剪纸，一般多用于刺绣样稿以及装饰门楣、灯彩、旗幡和供品等。题材多是几何形纹和花草鸟兽。纹样的特点多为满地底纹，以托出中心主花，刀法粗壮有力，构图丰满完整，具有鲜明的地方特点。傣族妇女的剪纸多以动、植物为题材。作品多为白象呈祥、孔雀开屏、虎啸山林、金鸡破晓、白鹤亮翅等，还有荷花、山茶、菊花等花卉为题材的剪纸。

傣文书法是以傣文字体为表观内容，以最初时的火炭笔、白泥巴笔以及后来的“列占”（铁锥笔）、蕨笔、钢笔和毛笔为表现工具的一种线条造型艺术。传统傣文书法有“多温暖斐”、“多勤搭毖”、“多法顸”、“多洛谷”、“多麻环折”、“多南帘夺”等六种书体，傣语把它们统称为“南赞贺折”，意即“六种技法”或“六大形式”。新中国成立后，新出现的书法艺术有“折篾形”、“猫闭眼形”、“方体形”、“叠压形”、“鸡爪形”、“卷首甩尾形”、“金藤绕圈形”、“金花吐丝形”等众多流派、风格各异的优秀傣文书体。

傣族的医学也很发达。傣医理论认为，自然界存在风、土、水、火“四塔”，而人体同样由风（气）、水（血）、火、土“四塔”构成。四者平衡则身体健康，四者不平衡则生病。傣医将疾病分为四大类，即热病类、斑疹类、痹病类及毒病、血病类。傣医还根据当地气候特点，将一年分为冷、热、雨三季，选用不同的方药治疗不同季节的疾病。傣医治疗疾病，除采用内服、外用、内外合治三种疗法外，还有一些独特的治疗方法，如睡药、敷药、蒸药、薰药、研磨药、刺药等。傣医常用成方有万应小药丸、五宝药散、大成金丹以及目疾咽痛方等。现存傣医药文献有《嘎牙山哈雅》、《玛弩萨罗》、《药典》、《医书》、《药书及病理》等。"
黎族	"黎族现有人口1463064人(2010年)。主要聚居在海南省的陵水、保亭、三亚、乐东、东方、昌江、白沙、琼中、五指山等县市，其余散居在海南省境内的万宁、儋州、屯昌、琼海等县市以及贵州等省。

黎族是海南岛最早的居民。在我国古籍上很早就有关于黎族先民的记载。西汉以前曾经以“骆越”，东汉以“里”、“蛮”，隋唐以“俚”、“僚”等名称，来泛称我国南方的一些少数民族，其中也包括海南岛黎族的远古祖先。“黎”这一族称最早正式出现在唐代后期的文献上，唐末刘恂在《岭表录异》中就有“儋(州)振(州)夷黎海畔采(紫贝)以为货”的记载。但普遍作为黎族的专用族称，则是在11世纪宋代以后才开始固定下来，并沿用至今。

“黎”是他称，是汉民族对黎族的称呼。黎族称汉族为“美”，意即“客”，他们以汉人为客人，自己则以土著自居。黎族内部因方言、习俗、地域分布等差异有“哈”（过去作“侾”）、“杞”（又称“岐”）、“润”（过去汉称“本地”黎）、“美孚”、“赛”（过去称“德透”黎或“加茂”黎）等不同的自称，但在对外交往时一般都自称为“赛”，赛是其固有的族称。黎族语言属汉藏语系壮侗语族黎语支。由于与汉族长期接触，大多数黎族群众都能兼说汉语，通用汉文。过去黎族没有本民族文字，均使用汉字，1957年党和政府曾帮助创制了以拉丁字母为基础的黎文。

黎族主要聚居地——海南岛地处亚热带，风景秀丽，四季常青。这里雨量充沛，土壤肥沃，物产丰富。有些地区水稻年可三熟，玉米、番薯等终年都可种植。这里也是我国热带经济作物的主要产地，有椰子、槟榔、剑麻、香茅、可可、咖啡、橡胶、油棕、腰果等。香蕉、菠萝、菠萝蜜、芒果等热带水果产量很高。铁、铜、锡、水晶、磷、钨、石灰石等矿产储藏丰富。沿海良港多，渔业、盐业及石油、天然气资源非常丰富。出产珍珠、珊瑚、玳瑁等珍贵的水产品。吊罗山、尖峰岭、霸王岭等是著名的原始森林区，盛产花梨、坡垒、子京、母生、青梅、绿楠等贵重木材。深山密林中栖息着黑冠长臂猿、水獭、灵猫、孔雀雉等珍禽异兽。

【历史沿革】

关于黎族的族源，过去有多种不同见解。新中国成立后，我国学者根据文献记载，结合大量的考古学、语言学、民族学资料和前人的研究成果，多数人认为，黎族是从古代越族发展而来，特别是和“百越”的一支——“骆越”的关系更为密切。

20世纪50年代以来，海南黎族聚居区发现了大量的新石器时代文化遗址。从出土文物的文化性质分析，它们和广东及我国东南沿海地区发现的、带有鲜明百越文化特征的新石器文化，应同属一个文化系统，特别是与广西钦州地区、广东湛江地区发现的原始文化遗存更为相似。此外，作为百越文化重要特征的铜鼓，明代以后，海南岛就有出土。新中国成立后，在黎族地区也发现了许多铜鼓，它们和广西地区发现的铜鼓在形制上基本相同。

从语言系属来看，黎语与源于古代越族的壮、布依、侗、水、傣等族语言同属于汉藏语系壮侗语族，在语音、语法和词汇上都有显著的共同特征，说明其与壮、布依、侗、水、傣等民族有密切的渊源关系。

古越人生活习俗上的许多特点，如：断发文身、鸡卜、巢居等，不仅见于有关黎族先民的历史文献记载中，甚至在海南黎族人的现实生活中也不难发现它们的痕迹。如至今仍然存在的黎族妇女文身、白沙南开一带的干栏式船形屋、鸡卜等都是古越人的遗风。在婚俗方面，黎族和壮、侗等民族都有“不落夫家”的习俗，黎族的“玩隆闺”与壮族的“玩公房”、侗族的“坐妹”也有近似之处。

根据考古材料，可以推知黎族的先民在3000年前的殷周之际，就定居在海南岛，过着原始母系氏族公社的生活。当时人们居住在靠近河流的山岗和台地上，使用石斧、石锛、石铲等工具，进行“砍倒烧光”的原始锄耕农业和狩猎、捕鱼等生产活动。采集在黎族先民的生活中也占有相当重要的地位。从出土陶片的数量之多，器形多样而且很大，足见当时人们制造陶器的手工艺已相当发达。石制、陶制纺轮的出土，说明当时的人们已经掌握原始纺织技术。关于黎族母系氏族公社制的情况，在历史文献记载和近现代民族学调查中都可以找到一些遗迹。宋代文献记载，南宋时，琼山县黎族妇女首领“三十六峒统领”王二娘是“黎之首也，……二娘死，女亦能继其业”。清代文献中也曾记载过去黎族内部发生纠纷时，只要妇女出面干预或调解，就可以平息下来。这种情况在新中国建立前仍存在，如毛枝峒和毛道峒之间发生械斗时，由寡妇出面调解；毛贵乡发生械斗时，由妇女作为使者传达通谍。反映了原始社会母系氏族公社时期，妇女在农业生产中起着重要作用，在社会上受到人们的尊敬。黎族传统社会中保留的“不落夫家”婚俗，可能是母系氏族公社时期对偶婚的残余。在五指山中心地区，过去黎族妇女在丈夫死后便回娘家与兄弟父母一起生活。妇女患病要“赶鬼”，须祈求娘家的“祖先鬼”，病重要抬回娘家，死后埋在娘家的公共坟地，死者遗物归亲兄弟所有。可能是母系氏族公社亲属关系的残余。严格遵守不同血缘集团通婚的习惯。有些地区还习惯以动、植物的名称如水牛、芭蕉等作为同一血缘集团的称号。这些都可能是原始社会时期氏族外婚制和图腾信仰的残余。

大约在秦汉以前，就有汉人到过海南岛北部沿海地区，从事经商和农业、渔业生产，他们和黎族人民共同开发祖国这个宝岛，发展了两族人民之间经济文化的交流。秦汉之交，秦龙川令赵佗占据岭南，自立为南越王，治理南越，“怀服百越之君”，其势力与影响当及于海南岛。汉元封元年（前110年）伏波将军路博德率兵平定南越后，汉王朝正式在海南岛开始设置珠崖、儋耳两郡。东汉伏波将军马援率兵平交趾，往来南海，抚定珠崖，复置珠崖县。汉王朝在海南岛郡县制的建立，加强了对黎族人民的统治，在客观上使海南岛与大陆的关系更加密切。

南朝梁大同中(540—541年)，由于儋耳地方俚僚（包括黎族先民）1000多峒“归附”冼夫人，由她“请命于朝”，而重置崖州。冼夫人是公元6世纪时我国南方越人的一位杰出的政治领袖，当时广东西南部、雷州半岛和海南岛都在她的统辖之下。隋初，冼夫人率领所属归附隋朝，又以“和辑百越”有功，隋文帝还赐给她临振县(今三亚市)汤沐邑1500户。由于冼夫人致力于民族团结和国家统一的事业，不仅密切了中原地区与海南岛的关系，有利于中央政权的巩固，同时对于促进黎族社会经济的发展也有一定的影响。

唐代在海南岛设立了琼、崖、万安、儋、振5州22县，加强了中央王朝对黎族地区的统治。黎、汉居住格局由过去“汉在北、黎在南”逐渐演变成为“汉在外、黎在内”的状况（基本上一直延续到20世纪50年代以前）。唐代海南岛的农业生产有了较大发展，热带生物资源也逐渐被认识并加以开发利用，海南的玳瑁、五色藤、盘斑布、香、糖、珠等特产受到中原人士的喜爱，许多作为“贡品”或商品输入中原地区。因此，在海南岛沿海黎汉杂居地区已经出现了“以富为雄，豪富兼并，役属贫弱，俘掠不忌”的现象，但黎族先民聚居的广大山区社会发展速度还是相当缓慢，原来的落后状况和社会经济结构并没有多大改变。

宋代，大量汉族人口因各种原因迁移到海南岛，他们和黎族先民一道辛勤垦殖，大大促进了海南岛的开发和黎族社会的发展，生产力水平得到了进一步提高。无论是农业还是手工业生产都有了显著进步，黎汉之间以物易物形式的商品交易相当频繁。农业生产方面，儋州一带农业生产技术和工具已与中原地区习见的无异，水利灌溉发达。占城的稻种传入，能夏种秋收，增加了产量。当地的苎麻一年可收4次。黎族妇女“工纺织，得中土绮彩，拆取五色丝加木棉，挑织为单幕，又纯织木棉、吉贝为布”，所织的“黎锦”、“黎单”、“黎幕”，色彩鲜明，美观适用，颇为中原人士所赞赏。黎峒出产的沉香、槟榔、赤白藤、花梨木等特产也通过汉族商人的贩运远销大陆。随着社会生产力的发展，黎族部分地区的封建化程度比过去也有所加深，一些富有的上层蓄奴婢。北宋时琼州有一个名叫符护的黎族“首领”，“边吏尝获其奴婢十人”。元代，元朝政府还在黎族地区设置土官，利用黎族上层首领统治劳动人民，这些都标志着黎族社会的封建化到了12世纪后已有了新的发展。当然，社会发展也是不平衡的，不少所谓的“生黎”地区，社会经济发展仍然比较落后。

特别值得一提的是宋末元初，我国历史上著名的纺织家黄道婆的经历，生动地反映了黎、汉两族悠久的亲密关系。黄道婆年幼时便飘零到黎族聚居的崖州(今三亚市),当地黎族妇女教会了她错纱、配色、综线、挈花等纺织技术。黄道婆在黎族地区住了40年以后，于元元贞年间(1295—1297年)返回故乡乌泥泾(今上海华泾镇)后，便把她从黎族人民那里所学到的一套纺织技术，传授给当地劳动妇女。她还精心改革，制成手摇搅车、粗弦大弓以及当时世界上最先进的一手能纺三根纱的脚踏纺车，大大提高了轧棉、弹棉和纺棉的工作效率。黄道婆把黎族的纺织工具和技术，结合当地的丝织技术运用到棉纺织上，织成的被、褥、带、悦(巾)，上作花、草、鸟、兽、折枝、团凤、棋局等图案花纹，光彩美丽、灿然如画，甚得人们的喜爱，一时松江地区生产的棉织品行销全国，使我国历史上的纺织水平有了进一步的提高。黄道婆对我国棉纺织技术发展的杰出贡献，体现了黎、汉两族人民的勤劳和智慧，凝结着黎、汉两族人民亲密的深情厚谊，在我国纺织史上共同谱写了团结友谊的光辉篇章。

明、清两代，黎族地区封建社会生产方式已占统治地位。在靠近汉区的黎族地区，黎族社会经济文化有了长足发展，黎汉两族人民之间的交流也日益频繁。黎族的农业发展水平已与当地汉族趋于一致。耕种水稻一年两熟，普遍使用从汉区输入的铁质农具犁、锄、镰刀等，有些地区还掌握竹筒天车日夜自动车水的先进灌溉方法。定期集市贸易有所发展，至明嘉靖年间，儋州地方州城有“市场”，乡镇有“墟场”，黎族地区出产的牛只、槟榔、椰子等成为输入大陆的重要货物。

随着封建化程度的不断深入，这个时期，大部分黎族地区土地已高度集中，田地、牛租和雇佣劳动的剥削已很严重。不仅封建王朝霸占黎族地区的田地为“屯田”和“官田”，当地的土官、土舍也残酷压迫剥削黎族人民。引起了黎族人民的极大不满，激发了连绵不绝的黎族农民起义。只有五指山腹地的黎族地区仍保留原始公社残余的共耕组织。

1840年，鸦片战争以后，西方列强迫使我国开放海口(当时称琼州口)为“通商口岸”。大量的鸦片和棉纱、煤油等洋货充斥海南岛，黎族地区出产的牛只、益智和槟榔等土特产也被西方商人廉价掠夺出口。这使得海南岛的商业资本活跃起来，不仅在过去比较落后的黎族聚居区出现了从事商品交易的集市，甚至在一些地区还建立了专门从事商品生产的企业，如盐场、种植橡胶的农场等。这些活动刺激了本地商品经济的发展，客观上也破坏了黎族地区原有的自然经济基础和农民的家庭手工业。与此同时，西方传教士的深入，也把基督教、天主教传进了黎族地区。清末光绪年间（1875年—1908年），冯子材督办全琼军务，冯在镇压黎汉人民起义后，制定了“抚黎”章程十二条，比较重视黎族经济生产和开发。由于清政府的腐败和灭亡在即，这些措施大部分未能实施。

中华民国建立后，孙中山先生1923年就具体设计了海南建省的方略和方法，提倡开发海南，1933年当时的广东省政府委派陈汉光为“抚黎”专员，在海南成立“抚黎专员公署”。陈汉光“抚黎”的真实目的虽在于“剿共”，但其开展的开辟道路，建立学校，开办实业，教授种植和手工业技术，移风易俗，黎汉通婚等工作在客观上也起到了积极作用。尤其是他1935年初向广东省政府提出的将全岛黎境划出，设立黎县的建议，使得保亭、乐东、白沙3县正式成立，比较有效地开发了五指山黎族地区。

英勇的黎族人民，为了反抗历代反动统治者和本民族的反动上层的剥削压迫，求得民族生存的权利，自汉代以来，展开了如火如荼的反抗斗争。公元前87年，黎族先民为了反抗珠崖太守的横征暴敛，揭竿起义，攻杀太守孙幸。唐代，由于赋税、贡品负担的繁重以及贪官污吏的凌扰，激起黎族人民的反抗。乾封初年(666—667年)黎族人民攻陷琼州城。懿宗咸通五年(864年)，又爆发了以蒋磷为首的黎族人民起义。

从宋到元，黎族人民大规模起义，即达18次之多。其中以南宋琼山王居起领导的起义、吉阳军黎族人民响应汉族陈公发、陈明甫的起义以及元代王马、王六具、王官福等人领导的起义规模较大。

到了明代，黎族人民在30多次起义中，规模较大的就有14次之多。以弘治十四年(1501年)儋州符南蛇起义，声势最为浩大，“三州十县闻风响应”，给明朝统治者以沉重的打击。

清康熙三十八年(1699年)，琼山县黎族人民起义，攻破清朝政府设在黎族地区的许多军事据点。道光十三年(1833年)七月，儋州黎族黎亚义与汉族蒋凤章等领导的黎、汉两族1000多名贫苦农民，向高利贷者、汉族地主和奸商进行武装斗争，给予清朝统治者以沉重的打击。

1840年鸦片战争后，帝国主义势力的入侵，加重了黎、汉各族人民的苦难。黎、汉两族人民掀起了多次英勇不屈的反帝反封建斗争。光绪十一年(1885年)冬，临高、儋县黎、汉两族人民武装大起义，坚持斗争一年多。光绪二十三年(1897年)，崖州多港峒黎族4000余人在严惩了平日作恶多端的美帝国主义教会爪牙后，掀起了声势浩大的反帝反封建斗争，在我国近代革命史上写下了光辉的篇章。

大革命时期，中国共产党就在海南岛开展革命工作。1926年6月，中国共产党琼崖地方委员会在海口成立，接着在海南岛西北、中南等地区迅速建立党组织，并在陵水等县建立工会、农会、妇女会等群众革命组织。1927年，党在海南岛建立了革命武装，曾一度解放陵水县城。1927年12月16日，在陵水县成立海南岛第一个县级苏维埃政权——陵水县苏维埃政府，并开辟农村革命根据地。与此同时，改中共琼崖地方委员会为中共琼崖特别委员会。不久成立了“琼崖工农革命军”(后改为“琼崖工农红军”)。

土地革命时期，许多黎族地区建立工农民主政权，扩大革命武装队伍。在琼中、保亭、陵水、崖县（今三亚）等黎族地区，建立农村革命根据地，成立农会、民兵、青年团、妇女会、救济会等组织，开展轰轰烈烈的土地革命。1936年冬，中共琼崖特委派了一些党员和革命干部到海南岛西部的昌江、感恩(今东方市)两县黎、汉两族杂居地区，开展抗日救亡运动，发动群众，组织了昌、感地区第一支各族人民的抗日游击队。

抗日战争爆发后，琼崖国共两党达成合作抗日协议，形成了抗日民族统一战线。1938年，琼崖工农红军改编为“广东省第十四统率区民众抗日自卫团独立大队”(简称“琼崖抗日独立队”)，冯白驹任独立队队长。1939年2月10日，日军大举进犯海南岛，所到之处，烧杀淫掠，无恶不作，黎、苗各族人民遭到空前的灾难。富有革命传统的海南岛各族人民所组成的抗日独立大队，就在海口市以南的潭口，展开猛烈的反抗，狙击了日本侵略者的侵犯，大大鼓舞了全岛各族人民的抗日斗志。

在日本侵略者疯狂进犯海南岛时，中国共产党领导各族人民深入敌后，广泛开展游击战争。先后在琼山、文昌两县交界处10多个乡，临高、澄迈两县交界处黎、苗、汉族杂居的美合地区，以及儋县（今儋州）、白沙、万宁、乐会（今琼海）、保亭、陵水等县交界地区，建立了抗日民主根据地。根据地的黎、苗、汉各族人民踊跃参军。仅1939年3月，昌感、乐东交界处就有300多名黎、汉族青年参加了抗日游击队，开展抗日战争。

日军侵占海南后，国民党琼崖地方当局大量人马退居五指山腹地白沙县境内，不仅军需费用给当地黎苗族群众带来了沉重负担，而且国民党军队还大肆杀戮黎苗族村民，这些都使黎苗族群众懂得，只有拿起武器，把国民党顽固派赶出五指山，黎苗族人民才有出路。1942年6月，国民党反动头子王毅竟以颁发所谓“公民证”为借口，诱骗琼中苗族群众下山，丧心病狂地用机枪扫射，集体屠杀了苗族群众1000多人。这一滔天罪行，更加激起黎、苗各族人民的强烈反抗。1943年8月，白沙县红毛等地2000多名黎、苗各族群众，在王国兴、王玉锦、王正成等人的领导下，首先举起义旗，各地纷纷响应，起义群众增至20000多名，把国民党政府和军队赶出了白（沙）、保（亭）、乐（东）3县交界地区，歼敌300余人，并缴获了大批武器。白沙起义为五指山根据地的创建提供了有利条件，在海南人民革命斗争史和我国少数民族革命斗争史上都具有重要的地位。

1944年春，原民众抗日自卫团独立大队改名为琼崖人民抗日游击独立纵队(简称琼崖纵队)，到抗日战争胜利时，琼崖纵队已经发展到7000多人，解放了全岛3/5的地区。

1946年，国民党蒋介石军队悍然向白沙解放区发动进攻。在中共琼崖特委的领导和黎族等各族人民的支持下，琼崖纵队一次又一次地粉碎了敌人的疯狂进攻。1946年夏，中共琼崖特委根据党中央的指示，决定开辟包括白、保、乐三县在内的五指山根据地。1948年6月，白、保、乐3县获得了全部解放。中国共产党领导各族人民开展清匪反霸和土地改革运动，大力培养民族干部，改善人民的物质生活和文化生活。这大大调动了当地黎族人民的革命积极性，他们和汉族人民一起踊跃参军、英勇杀敌，仅1948年1年，就有4000多黎族青年参加了琼崖纵队。黎族人民组织了担架队、运输队，跟随部队转战海南岛各地。通过长期的革命斗争锻炼，大批黎族干部茁壮成长起来。他们带领广大群众进行艰苦卓绝的斗争，到1948年9月，解放了海南岛70多座城镇和广大农村，歼敌5000多人。黎族人民以辉煌的战果，于1950年春，迎接解放大军南下，解放了海南岛。

新中国成立前，黎族社会经济发展仍然存在着显著的地区性不平衡。在占黎族总人口和总面积94﹪以上的地区，与当地汉族大体一样，都处在半殖民地半封建社会。封建地主经济比较发达，但农业、手工业的发展水平比汉区略低。铁质农具如犁、耙、铲等虽早已使用，但不普遍，农民普遍使用木耙耙田。农业生产以稻谷为主，其中种一造的旱地较多，种两造的水田较少。一犁一耙，不重视中耕除草，很少施肥，每亩年产量仅有150斤左右。种“山栏稻”（旱稻）更加粗放，把山林砍倒烧光，戳穴点种，二、三年后就丢荒，另择地烧垦。“山栏稻”约占全部稻谷播种量的5％。手工业、饲养业和商业也不发达。

在这些地区，土地特别是水田的占有不平衡，两极分化相当严重。根据保亭什岭、乐东头塘、东方南叉3个乡1947年的调查：占总户数8.8％的地主、富农，却占有土地48.8％；而占总户数59％的贫雇农，只占有土地16.64％。地主阶级通过地租、高利贷、雇工和无偿劳役，盘剥欺压黎族人民，加上国民党政府多如牛毛的横征暴敛，使广大黎族人民生活十分困苦。

但在原保亭、乐东、白沙三县交界的五指山腹地（今属五指山市），还保留着带有浓厚原始公社制残余的“合亩”制度。当时的合亩制地区有26个乡，13000多人，约占当时黎族人口（36万）的3.73﹪。这里山高林深，交通闭塞，与外界交往较少。

“合亩制”是黎族特有的生产和社会组织。“合亩”是汉语的意译，黎语称“纹茂”，是“家族”的意思。过去一般叫做“翁堂沃工”或“翁堂打”，意思是“大家一起做工”或“大家的田”。从其本来意义看可能是一种较原始的家族公社。一个合亩包括着若干个家庭，各个家庭之间有着血缘关系，以后逐渐有非血缘成员参加，合亩内的主要生产资料(主要是土地)由合亩统一经营，合亩全体成员共同劳动，按户平均分配。

“合亩”地区生产力水平比黎族一般地区为低，以合亩为单位进行生产，全部使用木耙或竹耙，铁制农具有犁、锄、钩刀、铲、手捻小刀等。犁的质量差，犁头较小。手捻小刀是收割工具，割稻时逐穗捻割。用牛踩烂田泥，然后插秧。“山栏稻”(旱稻)的种植约占稻谷播种量的20﹪。生产中禁忌多，如遇牛日，不能用牛犁田、耙田；鸡日，妇女不能拔秧；蛇日和马日，不能犁田、耙田、播种、收割等等。男女分工更加严格，男子负责犁田、耙田、浸种、播种、灌溉、挑稻、防兽害和烧山栏地，妇女管理选种、插秧、除草、收割和播山栏稻种子。劳动中简单协作比较盛行，不分工种，不分轻重，都是大家一齐干。稻谷每亩年产量仅达120斤左右。狩猎一般以村为单位进行，猎获物在村内按户平均分配。

从合亩的成员间的关系来看，合亩可分为两大类型：一类是以血缘纽带为基础的由父系亲属以至少数母系亲属组成；另一类是除亲属以外，并有非血缘的外来户参加。这两种类型的合亩所占的比例各地不一。一般的规律是，合亩的规模越大，属于后一个类型就越多，反之，规模越小，则纯血缘的类型就越多。

每个合亩有一个亩头，亩内其他成员就是亩众。亩头黎语称“畏雅”，意即“犁第一道田路的老人”，由辈份最长、年龄最大者充任。亩头负责管理合亩的集体生产和分配，以及和他的妻子分别执行生产中一些宗教性质的仪式。亩头的妻子在管理妇女的生产活动方面，是亩头的助手。亩头又是一个自然社会的领袖，除领导合亩生产和分配外，还对亩内或合亩与合亩之间的一切重大事情负责，如处理和保管公有财产、亩内外纠纷和接收外来户等等，亩众一般表示服从，但没有强制权力，亩众可以主动提出分亩或退亩。分亩时，亩头照例可多分得一些田产。

合亩内，亩头与亩众以至亩众之间的关系基本上是平等的(除外来户外)，亩头除按传统习惯多分配一些产品外，在其它方面与亩众同处于平等地位，如平等参加集体劳动，担负共同费用，共同防卫外来袭击和平等享受权利等。此外，还保留互助合作的传统习惯。随着封建王朝的政治、经济势力和封建地主经济的影响，亩头开始利用自己的地位，在分配中取得某些特权，把具有宗教性质的和属于公共支配的传统留粮攫为己有，并随意增加留粮的数量，使之变质为剥削。同时，以外来户作为剥削的对象。少数亩头与政府相勾结，出任总管、团董、哨官、乡保长等职务，对亩众进行压迫和剥削。合亩原来共耕、平均分配、互助合作等传统形式已被亩头利用作为统治和剥削亩众的手段。

到新中国建立前，半数以上的合亩除有血缘关系的成员外，已经吸收没有血缘关系的外来户“龙仔”参加。龙仔都是因为生活困难或抵偿债务而投靠他人，也有属于政治上的投靠，求得“保护”。被投靠者叫做“龙公”，“龙公”黎语称为“沃凡”，直译为“做富人”，有“做主人”的意思；“龙仔”黎语称“沃伐”，直译是“做穷人”，也有“做长工”的意思。在合亩内，龙公绝大多数都是亩头，但亩头也有沦为别亩的龙仔的。个别亩众也可以收纳龙仔，至于龙仔则完全是外来户。在缔结龙公、龙仔的关系时，要砍箭立约。龙仔大多住在家里，一般有人身自由，拥有少量土地、牛只，经常要给龙公送礼和提供一定的劳役。有一部分龙仔迁居到龙公合亩中，人身不自由，经济地位低下，担负着繁重的劳动，受到龙公的剥削。

合亩地区生产资料占有的形式是很复杂的。耕地的占有分为合亩公有、亩内几户伙有和一户所有三种。合亩公有的耕地都是祖先遗留下来的，几户伙有的和一户所有的水田是买来的，旱田是自己或雇工开垦来的。各种占有的比例随着地区和合亩的不同而各有不同，一般是没有或少有外来户的血缘亲属组成的合亩中，耕地占有以合亩公有的多，次为几户伙有，再次为一户所有。另一方面，外来户较多的合亩中，耕地以几户伙有为多，次为一户所有，再其次为合亩公有。个别合亩中，耕地由亩头一户私有或其兄弟几户占有，公有耕地已不存在，大量的外来户，片土皆无。牛只的占有一般是一户私有为主，几户伙有次之，合亩公有已不占优势。无论那一种占有形式的耕地、牛只，绝大部分都交由合亩统一经营和使用，不计报酬。但所有者可以自由租佃、抵押和买卖，并由父系继承。但当合亩中某一成员因天灾人祸等原因而丧失自己的耕地、牛只后，尚有不足以应付时，其它有亲属关系的亩众，有义务把自己的田地、牛只变卖帮其抵偿，因而合亩中所谓私有制的所有权就受到限制而未能充分实现。

除了耕牛外，农业、手工业、渔猎生产所使用的工具，完全归一家一户所有。随着私有耕地、牛只的存在，合亩地区土地买卖、典当的现象逐渐普遍。租佃关系发生于合亩与合亩之间、合亩与个人之间，以至个人之间。地租主要是实物地租对半分的活租制。牛只的出租比买卖更普遍，借贷关系也发生于合亩内部和合亩之间，有些合亩也出现雇工剥削。

随着剥削关系的产生与土地、牛只的自由买卖，合亩内各户以及合亩间生产资料的占有日益不平衡。与此同时，合亩内部产品分配方式也日益复杂。合亩内以一家一户为单位或几户伙同进行生产，所得产品或出租土地、牛只所得的地租、牛租，归该户或几户所得，不归合亩分配。合亩集体生产所得归亩头分配，除扣种子、“稻母”(只有亩头一家人可食用，不得转让或出卖，但可用来救济亩内困难户)、“留新禾”(收割前，亩头的妻子先割回十多把稻谷煮饭酿酒，亩头夫妻吃一天后，次日全合亩的人一齐来吃)、“酿酒粮”(约数十斤稻谷，由亩头掌握，待插秧完毕后全合亩成员共饮)、“公家粮”(数量不定，由亩头掌握，用作待客、成员结婚、盖房子等，有的用以救济亩内缺粮户)等外，余下的按户平均分配(有些地区也照顾人口)。在一些内部已经出现贫富分化和阶级分化的合亩中，亩头往往以各种借口多分一些稻谷。

根据合亩内外生产关系的不同性质来划分，大致可分为两大类型：一种是合亩内部没有产生剥削关系，基本上是共耕和互相合作的关系，亩头和亩众之间以至亩众之间的地位都是平等的。这类合亩多以纯血缘亲属组成，个别的也有外来户，但很少。其中个别的合亩内部虽无剥削关系，但亩头对亩外的人，以及合亩对亩外的人、合亩与合亩之间已产生了剥削关系。另一种是合亩内部或对外都已产生了剥削关系，亩头对亩内众多的“龙仔”或对亩外的人已经存在剥削和压迫的关系，传统的合亩共耕仅仅留下了一个躯壳。

合亩制内部生产关系是相当复杂的，但从合亩制组织的基础、“亩头”的社会地位及作用、生产资料的所有制与使用、共同劳动、平均分配、分别消费等内容分析，合亩制性质的本质是一种原始的父系家长制的家庭（家族）共耕合作组织。虽然合亩制内部客观存在贫富分化甚至是剥削等因素，但这只能说明，随着生产力的发展、社会的变迁，这种原始组织正濒于最后解体状态。

在今五指山、保亭、琼中等地，1949年前仍保留着一种具有特色的基层社会政治组织，即“峒”，原意是“人们共同居住的一定地域”。关于黎族峒组织，文献早有记载，尤以宋元以后的文献记载颇多。峒有大小之分，大峒之下包括几个小峒；一个小峒，一般由2个以上自然村组成。峒与峒之间有森严的疆界，互不侵犯。峒与峒一般都保持着友好关系，成为婚姻集团，但因为一些利益关系，如有越界开荒、渔猎、伐木、采藤等，往往也会引起峒与峒之间的纠纷和械斗。血缘纽带是峒的组织基础。每个村峒都有一个至数个村头和峒头，称之为“奥雅”，一般由长辈或能说会道的人担任，负责维持秩序，调解纠纷，较大的事件还要召开全峒会议解决。随着经济的发展和封建统治的加强，峒的组织便成为封建的统治工具。到了民国时期，大小峒头分别当上“团董”、乡、保、甲长等。

【风俗文化】

黎族人民文化丰富多彩。黎族妇女的纺织绣早已闻名于世，尤对于木棉的纺织更是独具匠心，对推动我国棉纺织技术的发展功不可没。至今仍然流传的踞腰织机、白沙润黎的“人龙图”绣以及美孚黎“绞缬染”都是难得的民族文化遗产。黎族人民的医药知识也很丰富，不少民间医生懂得百种以上的草药性能，并且能够根据不同的病情使用热敷、煽汗、火炙等治疗方法。对毒蛇、疯狗咬伤有许多特效药。在黎族中还保留着较原始的历法，一般以类似汉族地区的“十二地支”来计算月日，以十二日为一个周期，每日以动物作称谓，如鸡日、犬日、猪日、牛日、虫日……等等。黎族的节日与历法有密切关系，“三月三”是自古以来黎族民间悼念祖先、庆贺新生、赞美生活和歌颂英雄的传统佳节。

黎族传统服饰文化内涵丰富，各方言区差异比较明显（尤其是女子服饰），在历史上曾经是区分不同血缘集团和部落群体的重要标志。在传统服饰中，黎族妇女常穿直领、无领、无纽对襟上衣，有的地方穿贯头式上衣，下穿长短不同的筒裙，束发脑后，插以骨簪或银簪，披绣花头巾，戴耳环、项圈和手镯。男子传统装束一般结发于额前或脑后，上衣无领、对胸开襟，下着腰布（吊襜），部分美孚黎男子上衣与女子无多大分别。在哈、杞、美孚、润黎少数健在的老年妇女中还一直保持着传统的文身习俗。

黎族一般日食三餐，以大米为主，“山栏”香米是黎区特产。把生鱼、肉掺以炒米粉，加入少许食盐，用陶罐封存制作而成的肉茶、鱼茶是黎家腌制的特色风味食品。黎族男子喜好烟、酒。槟榔是妇女的嗜品，吃时和以贝壳灰，用一种青蒌叶包着吃，吃后口唇染红。

黎族多同姓聚居。传统民居多是简陋的茅草房，在五指山腹地住传统的船形房屋，船形屋以竹木扎架，用茅草覆盖，以藤条或竹做地板，离地约半公尺左右。一般居屋是用竹条或树枝为墙架，外糊以泥土。“隆闺”是黎寨中比较独特的一种房屋建筑形式，黎族青年成年后（一般十几岁）就自行或在别人的帮助下，在父母家旁或村边搭建仅几平方米的小房子，即“隆闺”供自己居住，它是男女青年谈情说爱、吹奏乐器和对歌定情的场所。

黎族婚姻普遍实行一夫一妻制。新中国成立前，婚姻多由父母做主，但姨表及同宗均不得通婚。部分地区存在婚后“不落夫家”的习俗，女子出嫁后不久就返回娘家，一直到怀孕，才回夫家定居。“玩隆闺”是黎族地区普遍存在的恋爱习俗，黎族青年男女成年后常在“隆闺”约会，经过一定时间，情投意合的双方常能终成眷属。新中国成立后，一些旧习俗已逐渐被废除。

黎族一般实行土葬，葬俗因地区、方言不同而存在差异。在五指山腹地，人死后，则鸣枪报丧，男人用独木棺葬于本村氏族公共墓地，外村嫁来的女子，则需抬回其娘家由娘家料理丧事，并葬在娘家的墓地。

黎族是一个能歌善舞的民族。口头文学十分丰富，民间故事和歌谣占有很重要的地位。在这些民间文学中，如《大力神》、《鹿回头》、《勇敢的打拖》、《甘工鸟》、《五指山大仙》等，都具有鲜明的民族性。通过文学艺术形式，歌颂了人们理想中的英雄人物，记录了劳动人民征服自然的事迹，描绘了黎族的风土人情，表达了黎族人民的爱憎情感。黎族人民几乎人人都会唱民歌，多能触景生情，出口成章，他们把民歌当作自己的抒情工具。民歌的句子，比较常见的有五言或七言两种，表现手法多种多样，很讲究节奏韵律，易于上口传颂。黎族的音乐和民歌是分不开的。演唱的方式有独唱、对唱、重唱、齐唱等。曲调甚多，有优美抒情的，也有激昂高亢的，它反映了黎族人民淳朴、乐观、耿直和刚毅的性格。民间乐器有鼻箫、口弓、水箫、洞箫等。鼻箫用鼻孔吹奏，柔和低沉，宜于抒情。口弓用薄竹片或铜片制成，吹奏时用手指弹动弓片，节奏自由。水箫音色清脆，音量响亮。舞蹈有《钱铃双刀舞》、《打柴舞》、《舂米舞》等。具有浓厚的民族生活气息。如《打柴舞》在地上摆设二根平行长棍，相距数尺，再由数人手执若干根木棍或竹竿，横架其上，分合击拍，舞蹈者跳跃其间。随着节奏的快慢，表演各种动作，情调爽朗活泼，气氛热烈诙谐，为广大黎族群众所喜爱。"
傈僳族	"傈僳族人口数为702839人（2010年），主要聚居在云南省西北部怒江傈僳族自治州泸水、福贡、贡山、兰坪4县及迪庆藏族自治州维西傈僳族自治县，其余分布在丽江、德宏、楚雄、保山、大理、临沧、普洱等州（市）以及四川省的凉山彝族自治州和攀枝花市，全国其他地区也有零星分布。他们多数与汉、白、彝、纳西等民族相杂居，形成大分散、小聚居的特点。

傈僳族既是他称也是自称。这一名称最早见于唐朝时期的著述。时人樊绰在《蛮书》中称之为“栗粟”，认为是当时“乌蛮”的一个组成部分。它和彝族、纳西族在族源上关系密切。到明代仍把傈僳看作是“罗罗”（彝族）的一个分支，明《景泰云南图经志书》说：“栗粟者，亦罗罗之别种也。”傈僳这一名称，除有关史籍用字稍有不同外，1000多年来沿用至今。

傈僳族居住地区峰峦重叠，百川汇流。怒江傈僳族自治州境内自西向东分布着担当力卡山、高黎贡山、碧罗雪山、云岭，海拔均在4000米以上。独龙江、怒江、澜沧江分流其间，形成南北走向的闻名于世的高山峡谷区。河谷和山巅相差达3000米，气温悬殊很大。从山脚到山顶分属热带、温带、寒带气候，垂直分布明显，形成“一山分四季，十里不同天”的立体气候。河谷两岸常年平均温度在摄氏17℃至21℃之间，平均年降雨量为2500毫米。这种独特的自然环境，使北方的动植物能沿着高寒山脊向南渗透，南方的动植物能沿着暖湿河谷向北分布。因此，这一带被称为我国南北动植物交汇的“十字路口”，有极其丰富的动植物资源。各种林木及植物多达数百种，珍稀树种有秃杉、黄杉、红豆杉等，经济林木有油桐、漆树、核桃、板栗等。原始森林中栖息着虎、豹、熊、马鹿、孔雀、鹦鹉、犀牛、野牛、水獭、飞鼠、獐、麝、大灵猫、小熊猫、金猫、猕猴，以及稀有的白尾梢红雉、灰斑角雉、环颈雉等珍禽异兽。山货药材有生漆、黄连、当归、鹿茸、麝香等。矿产主要有金、银、铁、铅、锌等数十种，兰坪铅锌矿为我国特大型矿区之一。水能资源十分丰富，可开发的水能装机容量为857万千瓦，水能蕴藏量为1226万千瓦，占云南省总蕴藏量的11.6%。旅游资源也很丰富，有闻名遐迩的怒江大峡谷奇观，有石月亮、江心松、高山湖等神奇迷人的自然风光以及绚丽多彩的民族风情，这里还是著名的世界自然遗产“三江并流”景观地区的核心组成部分。

傈僳族语言属汉藏语系藏缅语族彝语支。傈僳族是语言比较统一的民族，内部没有语支，方言分怒江、禄劝两个方言。怒江方言又分为两个土语。各种方言、土语的语法差别不大，词汇也基本相同。因此，傈僳族不论居住在雅砻江流域还是分布于金沙江、怒江、澜沧江流域，使用的语言大体相同，相互可以对话。

历史上傈僳族没有创立文字，只能口耳相传、刻木记事。20世纪初，维西县傈僳族青年旺忍波创制了共有1030个字的象形文字，这是傈僳族历史上的第一种文字；20世纪20年代初，英国人傅利叶和克伦族青年巴东以英文字母为基础创制出第二种文字，即老傈僳文；1913年，英国传教士王慧仁根据云南省武定、禄劝两县自称傈坡[Liphoj]、他称傈僳[Lisu]人的语言，以武定县滔谷村语音为基础创制出了一种“格框式”的拼音文字；第四种文字是20世纪50年代由中央民族学院和中国社会科学院语言研究所以汉语拼音字母为基础创制、并经国务院批准使用的新傈僳文。目前，怒江傈僳族自治州境内各民族通用傈僳语和老傈僳文。

【历史沿革】

傈僳族源于古老的氐羌族系，属于蒙古人种南亚类型，与彝族有着渊源关系

傈僳族世代流传的《创世纪》传说与大小凉山彝族、纳西族、哈尼族的创世传说都有许多共同之处，这说明作为彝语支的各个集团，从古代以来便有着密切的亲属关系。在古代，他们属于同一族源，经过漫长的历史发展，逐渐发生分化形成不同的部落集团，后来才形成单一民族。

从体质人类学的角度进行考察，傈僳与纳西、彝、哈尼、拉祜等族具有高原民族的特征：体长、高鼻、薄唇、凹眼，与南亚语系的佤族、布朗族及壮侗语族的壮族、傣族均有明显区别。这种区别正好说明彝语支各族具有亲属关系和共同特征。

怒江地区的傈僳族直到新中国建立初期还保存着明显的氏族制度和图腾崇拜，在这些氏族中有几个氏族名称及其图腾崇拜形式和大小凉山的彝族氏族名称和图腾制度基本相似，如虎、竹、鱼等氏族。氏族是按血缘亲属关系组成的集团，非本氏族成员是不能采用相同的氏族名称和氏族图腾的，因为氏族成员都公认他们来自于一个共同的祖先。既然傈僳族的虎、竹、鱼等氏族和彝族有相似的传说，这就说明他们在古代有着密切的氏族血统关系。即两汉时期的“叟”、“雟”和“靡、莫之属”以及两晋时期的“东爨”、唐代的“乌蛮”当中，就包括有傈僳族的先民。

公元1至3世纪，越雟、犍为、台登、邛都、定筰广大地区都是彝族、傈僳族先民——叟、雟、濮等部落聚居的区域。这些都属于彝语支的部落和集团。这时既未形成统一的族称，也没有统一的组织，而是一些分散的大大小小的部落。

3世纪的三国鼎立时期，蜀国管辖下的定筰县（今四川盐边一带）已经有笮、雟、邛、昆明、摩沙等不同部落集团的名称出现。据《华阳国志•蜀志》记载：“筰、笮夷也，汶山曰夷，南中曰昆明，汉嘉、越雟曰雟，蜀曰邛，皆夷种也。县在郡西，渡泸水宾刚徼白，摩沙夷，有盐池。”说明当时彝语支的各部落和集团在逐渐发生分化。

8世纪，唐朝为与吐蕃争夺西南，时任剑南西川节度使的韦皋积极招抚南诏，并把地处吐蕃、南诏与西川之间缓冲地带的勿邓、丰琶、两林三大部落的首领都争取过来。由于政治形势的激化，位于这一冲突中心的各个部落，便卷入到复杂的斗争漩涡之中，“栗粟”这一名称乃首次出现在史籍中。

关于傈僳族的文献记载，最早见于唐樊绰《蛮书•名类》：“栗粟两姓蛮，雷蛮、梦蛮皆在茫部（按：茫应为邛）台登城，东西散居，皆乌蛮、白蛮之种族。”所谓“栗粟两姓蛮”即今傈僳族先民，“雷蛮”可能是今纳西族的一支，即今丽江、中甸一带自称为“吕些”的纳西族；“梦蛮”即今纳西族，至今分布在云南省宁蒗县以及四川省盐源、盐边等地的纳西族还被彝族、藏族称为“摩挲”，也就是樊绰在《蛮书》中所称的“磨蛮、梭蛮”。《蛮书》的这段记载比较准确地记述了傈僳族和纳西族先民在1200多年前的地理分布状况，并把他们同其他部落集团区分开来。

8世纪中叶，当时游离于唐朝、南诏和吐蕃三大势力之间的勿邓、丰琶、两林三大乌蛮部落的大鬼主（大首领），得到唐朝的封赐，唐朝“以勿邓大鬼主苴嵩兼邛部团练使，封长川郡公”。苴嵩死后，子苴骠离年幼，以苴梦冲为大鬼主，统领整个部落。这时的“栗粟”族部落即属勿邓部落统辖，尚未形成较大的、统一的部落组织。

两宋时期，文献上很少有关傈僳族的记载。原因是，北宋立国后默认大渡河以西为大理国管辖之地，极少过问这一区域的政事；北宋衰亡，辽、夏、金统治黄河流域，南宋偏安临安，更无暇远顾西南边陲。因此在400余年间，关于这一区域的记载较少。

14世纪以后，文献和地方志中出现了关于傈僳族的记载。据明《景泰云南图经志书》卷四载：“有名栗粟者，亦罗罗之别种也，居山林，无室屋，不事产业，常带药箭弓弩，猎取禽兽，其妇人则掘草木之根以给日食；岁输官者，唯皮张耳。”这段记载表明，时人认为傈僳族属于“罗罗别种”，即彝族的一支；傈僳族还没有进入农业社会，以狩猎、采集生活为主，但他们必须把兽皮缴纳给官府。

16世纪中叶，大部分傈僳族仍然过着狩猎和采集生活，居住在金沙江两岸，受丽江土知府木氏的统治。据《南诏野史》下卷“南诏各种蛮夷”记载，这时的傈僳族仍“衣麻披氈，岩居穴处，利刃毒矢，刻不离身，登山捷若猿猱。以土和蜜充饥，得野兽即生食。尤善弩，每令其妇负小木盾前行，自后射之，中盾而不伤妇，从此制服西番”。

元、明时期，傈僳族先民已完成了第一次、第二次大规模迁徙，即从青藏高原经四川盆地西缘南迁至云贵高原北部，主要分布在川、滇两省的雅砻江、金沙江流域，分别受元代丽江路军民总管府和明代丽江土知府木氏、永宁纳西族阿土司、金沙江东岸彝族奴隶主、维西纳西族土千总的统治。16世纪，丽江木土司与西藏地方统治集团为争夺中甸、津州（今云南丽江巨甸）、临西（今云南维西）、阿敦子（今云南德钦）和宁蒗一带的统治权，爆发了长期的战争。傈僳族人民不堪兵丁苦役的重负，在荞氏族首领木必扒的率领下，渡过澜沧江，越过碧罗雪山，开始进入怒江地区。19世纪，恒乍绷、唐贵、丁洪贵、谷老四等领导的几次起义先后失败后，大批傈僳族整个氏族、整个村寨地相继向西迁入怒江地区，有的继续向西越过高黎贡山，进入缅甸境内；有的向南沿澜沧江、怒江经镇康、耿马进入沧源、孟连等地；有的则沿金沙江南下，进入禄劝、大姚等地。迁徙中，傈僳族的居住地区不断扩大，并分散为许多小块，和其他民族交错杂居。由于沿边地区和靠内地区的傈僳族受到其他民族的影响不同，他们社会经济的发展也产生了不平衡的状态。

19世纪20年代，清朝在靠近内地傈僳族分布的丽江、永胜、华坪等地，实行“改土归流”。一些世袭的纳西族和白族土司为流官所取代。改土归流的结果，进一步促使这些地区的封建领主经济向地主经济转化。19世纪末、20世纪初，大批汉、白、纳西等族人进入怒江地区，带去了大量铁质农具和比较先进的生产技术。

1907年至1908年，阿墩子（今德钦）弹压委员夏瑚奉命两次巡查怒江地区，抚慰各族人民，查免了察瓦龙、康普、叶枝土司的苛派，深受各族人民的拥戴。同时，他还发出木刻，委派数十名伙头管理各个村寨，这是怒江地区设立公职人员建立统一的行政管理机构的开端。

1912年，云南军都督府组织殖边队进驻怒江地区，抵御了英国殖民势力的入侵。并实行“开笼放雀”，用武力强制释放奴隶，使怒江傈僳族的家长奴隶制基本上被摧毁。1928年，云南地方政府开始在怒江地区设立设治局，以加强对当地各族人民的统治。

长期以来，广大傈僳族人民受着本民族和其他民族的地主、土司、头人和国民党以及帝国主义的残酷剥削和压迫，过着十分悲惨的生活。原碧江县俄夺罗这个不到1000人的山村，新中国成立前10年，就有237个贫苦农民被官府、土司、头人和地主折磨而死。苛捐杂税繁多，仅门户捐一项，这个县平均每人负担玉米42.5斤，占全年粮食总收入的21%。此外还要受奸商、高利贷者的层层盘剥。19世纪末20世纪初，西方帝国主义势力侵入怒江地区，给傈僳族人民带来了新的苦难。

统治阶级的政治压迫和经济盘剥，激起了傈僳族人民的不断反抗。18至19世纪，傈僳族人民掀起了多次抗清斗争。主要有：清乾隆十一年（1746年）至乾隆十三年（1748年），泸水弄更扒、祝老四、枝花扒领导的抗清起义；嘉庆六年（1801年）至嘉庆八年（1803年），维西恒乍绷领导的以傈僳族农民为主体，包括有怒、白、汉、纳西、藏等族人民参加的抗清武装起义；道光元年（1821年），永北（今永胜）唐贵领导的武装起义；光绪十九年（1893年）至光绪二十年（1894年），永北（今永胜）丁洪贵、谷老四等领导的反土司武装抗清起义等。其中，以1801年恒乍绷领导的起义斗争规模最大、影响最深。由于傈僳族自身的社会经济条件，使这次起义突出地具有与其他农民起义不同的特点，即他们充分利用社会制度中所保有的原始宗教和氏族关系来发动和组织起义。如起义的队伍编制是在氏族和军事民主制组织的基础上建立的；联络是用氏族的“传木刻”方式；行动和战斗时，基本上是以氏族部落组织或家族为单位进行的，氏族的复仇观念增强了起义群众的勇敢和牺牲精神。然而氏族经济的原始落后性，使他们的眼界较之封建社会下的农民具有更多的狭隘性，也决定了这次起义只能以失败告终。尽管如此，这次起义先后消灭了康普土司等大小头目及清朝官兵数千人，迫使清政府查办了维西厅守备及其他贪官污吏，取消了维西各土司的一些封建特权，减免了33个府厅州县的3年赋税和铜课。

进入20世纪，傈僳族人民的反抗斗争此伏彼起，从未间断。1906年，德国探险家布伦胡拍带领两名黑人来到怒江，行抵福贡腊乌村时，由于欺侮勒索当地傈僳族民众，被愤怒的傈僳族人民杀死，两名黑人后来被遣返回国。1907年，法国神甫任安收等在贡山白哈罗横行霸道，他们霸占土地，强派民工，修建教堂，并阻止当地人民信奉其他宗教，这就大大激怒了各族人民。傈僳族与藏、怒、独龙等族人民一道，愤怒烧毁了教堂，驱逐了这些法国传教士。1911年，为抗击英帝国主义武装侵略我国领土片马、古浪、岗房等地，傈僳、景颇等各族人民进行了英勇的抵抗斗争，给英国侵略者以有力的回击。1917年，兰坪县石登、丰登等地爆发了以阿孟扒为首的武装起事。1918年，福贡上帕又爆发了以瓦策为首的反抗事件。1935年，以傈僳族瓦业为首，在福贡地区开展了反抗国民党设治局苛派勒索的斗争，杀死设治局局长，占领设治局达20多天。1941年至1943年，傈僳族人民和汉、傣、景颇等族人民，英勇地抗击了侵入云南西部的日本军队，迫使侵略军不敢越过怒江。他们为捍卫祖国边疆的安全，作出了自己的贡献。

1948年，我党派遣部分党员到滇西北开展地下活动，发展地下党组织，建立了滇西北工作委员会。积极争取傈僳族头人上层，得到了碧江、福贡傈僳族上层裴阿欠、霜耐冬等的支持。1950年初，党分别在四个县建立了临时政务委员会及党的工作委员会。随后，人民解放军先后进驻兰坪、碧江、福贡、贡山、泸水，怒江地区获得解放。

历史上，傈僳族社会发展较为缓慢，直到20世纪50年代民主改革前，傈僳族社会还保留着某些原始氏族制度的残余形式。

傈僳语称一群由同一祖先的后代所组成的集团为“初俄”，即氏族。各个氏族有自己的名称。怒江地区的傈僳族有虎、熊、猴、蛇、羊、鱼、鸡、蜂、荞、麻等18个氏族。氏族组织是傈僳族社会重要的联系纽带。在不断迁徙的过程中，由于战乱、迁徙频繁，其氏族组织逐渐趋于解体。定居怒江地区后，各个氏族散居各地，原来的氏族组织很难得以保持，氏族内部除保存着象征性的共同名称以及某些观念上的联系外，在经济生活上的联系已经很淡漠了，只有在进行具有血族复仇性质的械斗时，才显示其血缘维系的作用。

在现实生活中，家族及村社组织起着重要的作用。傈僳语称家族为“体俄”。家族有自己的姓氏，有自己的小聚居区域和耕地，有本家族的“鬼树”和公共墓地。各个家族都有自己的家族长。家族长多是以本家族内辈份较高、年龄较长、能说会道、较为富裕的男子担任。家族成员间在经济上保持着伙有土地，共同耕作；在生活上则保持互助盖房、换工协作、杀猪共食、男女婚嫁共同出聘礼、共同吃财礼、共负债务和共同承担血亲复仇的义务等等。各个家族就是通过以上这些经济上的合作和生活上的互助，自然地、传统地把整个家族密切地联系起来，成为较为紧密的社会基层组织。

傈僳语称村寨为“卡”，意即由一群血亲关系相近的人们共同体所居住的地方。每个村社保持着相对的独立性。村社的组成有以下3种情况：以一个氏族内的一个大家族为单位组成；由氏族内的两个家族或多个家族联合组成；由几个不同氏族的家族混杂组成。各个村社有自己的公共山林、猎场、荒地及墓地，本村社成员均有权开垦和使用。同一村社成员间有互助协作的义务，特别是在向土司缴纳贡礼或是村社间发生械斗时，这种原始的互助关系更为突出。每一个村社都有一个公认的头人，而较大的村寨则在几个家族长中公推一个威信较高的担任头人，头人称为“实帕”。由于村社成员在经济上享有的自由平等以及各家族组织的相对独立，所以这类村社头人的形成，往往既不能靠世袭，也不是民主选举产生，而是沿袭传统的习惯，拥戴享有威望的老人担任。其职责是对内排解纠纷，领导生产，主持祭祀；对外宣布械斗，缔结盟约，催缴贡礼，派遣夫役等。在土司统治时期，傈僳族各村寨头人多被指派为大小伙头。国民党统治期间，则被委任为区、乡、保长。基督教传入后，许多头人又担任教会会长、管事等职务。因此，许多头人往往充当了当地社会生活中政治、经济和宗教三位一体的代表人物。遇到战争时，各个村社都组成暂时的联盟，一旦战争结束，这种联盟关系也随之结束。

过去，傈僳族各村寨之间由于尚未形成一个统一的有权威性的权力机构，每当村寨间因婚姻、土地、债务及盗窃等引起纠纷时，常常引起械斗。一旦发生械斗，全村寨的青壮年男子都必须参加，妇女则担任后勤、护理等工作。她们有调停战斗之权，即便战斗还在激烈进行，只要一方的妇女奔临阵地，挥裙高呼停战，战斗往往即行停止。习惯上禁止射杀妇女，否则械斗就会延长。

新中国成立前，怒江傈僳族地区，土地私有制已经确立，但占有不集中；农村阶级有了分化，但还存在着原始的公有制和家长奴隶制的残余。土地所有制形态，基本可分为个体私有、家族共同伙有、家族或村寨公有等3种。其中个体农民私有制是主要的，家族共同伙有，是原始土地公有制向私有制过渡的一种主要形式。家族或村寨公有制作为原始公有制的残余而存在，比例很小。新中国成立前数十年，随着封建地主经济因素不断渗入和小农经济的不稳定性，导致土地的逐步集中。部分家族、村寨头人和富裕户，逐步占有较多较好的土地，而一些贫苦农民则失去土地，租佃、雇工关系因而逐渐有所发展。

在怒江傈僳族社会中还普遍地存在着一种“伙有共耕制”，这是一种由公有向私有过渡的土地所有制和耕作方式上的原始协作形式。通常由同一家族的几户成员，共同占有和耕种家族公有的部分耕地，或开垦家族公有荒地，同出劳力和籽种，产品按户平均分配。还有一种共耕关系，是参加者在私有土地上进行共耕协作。通常由共耕户共同出土地、劳力和籽种，产品按户平均分配。但是，比较富裕的农户和村寨头人，往往多出籽种，少出劳力，剥削贫困户的劳力，并进而形成头人、富裕户出土地、籽种，贫苦农民出劳力。这种关系实际上已在向租佃关系过渡。

另外，还有一种简单的原始协作，俗称“瓦刷”。农忙季节，由主人邀请家族和村寨成员来协助劳动，劳动完毕，主人只招待一顿水酒及苞谷稀饭，不付任何报酬。这本来是一种古老的友好互助关系，不具有剥削性质。但是，随着生产力的提高，个人提供的剩余产品不断增加，这种简单的协作就渐渐演变成一种剥削。富裕农户和头人经常利用这种形式每年变相雇工达150至300个劳力，而所支付的酒饭仅及应付报酬的12%至15%。

约自16世纪至20世纪初叶，怒江地区曾存在过家长奴隶制。奴隶常被视为家庭成员和“养子”。在日常生活中与主人差别不大，可与主人同起居，共饮食，一起从事各种劳动。有的奴隶还可赎身成为自由农民。主人可以自由买卖奴隶，但无生杀予夺之权。奴隶内部也没有等级划分。这些都反映了早期奴隶制的特点。20世纪初，云南地方政府为了削弱土司的势力，加强自己的直接统治，在怒江地区实行“开笼放雀”，用武力强制释放奴隶，因而家长奴隶制在新中国成立前已基本上瓦解。

新中国成立前，傈僳族社会没有成文的法律条文。但在长期的发展过程中，形成了不成文的习惯法。随着社会主义制度的建立，旧的不符合现代法律规范的习惯法准则逐渐被取代。现在，村民们多能按照民事调解程序，请村委会、亲戚朋友等前来参与调解裁决。在遵守国家法律法规的前提下，各村寨制定的村规民约在发生着重要的作用。

历史上，居住在不同地区的傈僳族，受自然地理环境和其他民族的影响，社会经济发展很不平衡，大致可分为三种类型：靠内地区如丽江、永胜、华坪等地的傈僳族，在19世纪20年代的“改土归流”后，已进入封建地主经济，农业生产占据主要地位；政治上出现了为封建统治服务的封建头目如伙头、闾长、排首、保董等。居住在大小凉山周围的傈僳族，由于受彝族奴隶制和封建制的影响，民族内部已出现一些中小奴隶主。而怒江地区的傈僳族，直至20世纪初还处于家长奴隶制阶段，由纳西族、藏族、白族土司委派的头人管理；经济上，则以游耕和狩猎为主要方式，“喜居悬岩绝顶，垦山而种，地瘠则去之，迁徙不常。刈获则多酿为酒，昼夜沉酣，数夜尽之，粒食馨，遂执劲弩药矢猎，登危峰石壁，疾走如狡兔，妇从之亦然。……不敬佛而信鬼，借贷，刻木为契，负约，则延巫祝”。至20世纪40年代，这一地区的傈僳族还保持着这种生产生活状态。

【风俗文化】

在长期的历史发展中，傈僳族人民创造了丰富多彩的文化。

礼俗节庆文化富有特色。傈僳族群众称一年一度的年节为“阔时”。怒江地区的傈僳族在新中国成立以前主要以对物候的观察来决定过年的时间，因此没有统一、确定的日期，但一般均在夏历十二月初五至次年正月初十这段时期内，即樱桃花开季节。年节期间，习惯上都要舂籼米粑和糯玉米粑，并酿制香醇的水酒。为祈求来年风调雨顺和粮食丰收，每一家都要将第一臼舂出的籼米粑放少许在桃、梨等果树上；有的地方在吃饭前先盛一小碗让狗吃，据说是表示对狗给人世间带来谷种的回敬。年节的第一天，各地的男女青年都要盛装打扮，聚集到所属村寨的公共场所——打场，举行射弩、跳舞、对歌等活动，这是青年男女互相吐露爱情，定亲结友的大好时机。男青年们常以高超的射箭技艺来赢得姑娘们的爱情，有的青年男女则以优美的舞姿和悠扬的歌声来表达双方的爱慕之情。一旦彼此有相爱的情意，相互则要以礼品相赠。许多男女青年就是通过这种活动定下终身的。

春节期间，怒江峡谷的傈僳族人民还有“春浴”的风尚。凡沿江两岸有温泉的地方，都是人们欢聚沐浴的场所。前往“春浴”的人们，都要带着年食、行李在离温泉不远的地方搭起竹棚，或找岩洞歇息。一般都要在温泉住上三五天，有的每天洗浴五、六次之多，认为这样才能消除疾病，增强免疫力，才能有充沛的精力投入新的一年的劳动生产。在六库附近的温泉地区，早在一百多年前，就形成了群众性的“汤泉赛诗会”。届时，附近十几里、几十里的歌手们都要聚会在这里赛诗对歌。人们一面赛诗对歌，一面品尝各自带来的美酒佳肴。“阔时节”现已定为怒江州傈僳族共同欢度的一个民族节日，时间为每年公历12月20日。过节期间，有唱歌比赛、射弩比赛、过溜索比赛、上刀山下火海表演和一年一度的“澡塘会”。

德宏、腾冲的傈僳族群众每年农历二月十七日过“刀杆节”。分两天活动，第一天“下火海”，用栗柴烧成一大堆火炭，表演开始，五个人赤脚围着火炭跳出跳进，然后“打火滚”，即在火炭上翻滚；“洗火脸”，即捧起火炭洗脸；最后把在火炭里烧烫了的铁链子拿在手里传来传去，叫“拉火链”，表演完毕群众一起跳舞。第二天“上刀山”，把32把磨得锋利的长刀，横绑在两根高4丈的粗栗木杆上成梯子形，顶端有红旗、鞭炮，在一片鞭炮锣鼓声中开始表演。

收获节也是傈僳族的一个重要节日。每年农历九至十月，当新谷、玉米开始收获时，家家户户煮酒尝新。男女老少聚集在村寨广场，高烧篝火，老人弹琵琶、月琴，边唱边跳，讲述远古的历史；青年男女则围成圆圈跳集体舞，边跳边饮水酒，歌舞达旦，尽欢而散。

傈僳族地区新中国成立以前形成许多习俗禁忌。例如，傈僳族妇女在怀孕后不能烧带杈的柴，否则孩子会长兔唇；背柴不能与猪草合背，否则生孩子时会出水；不能吃黄瓜子，否则小孩身上会长花花绿绿的斑点；不能双脚跨过拴马的绳子，否则孩子生不出来，等等。由于傈僳族不会计算婴儿的出生日期，很多孩子都是在田间、地旁出生的。若在家中生产，则一般由产妇的母亲来接生，母亲年迈或已去世的，由婆婆接生，婆婆不在，就由男方或女方家的姐姐接生。如姐姐也没有，才在亲戚中找合适的老人接生。婴儿的胎盘被认为是最脏的，要立刻埋到1里以外的地方。现在，随着社会的进步、医疗卫生条件的改善，这些禁忌已逐渐失去影响。

傈僳族的婚姻和家庭的基本形式是一夫一妻制。在形式和过程上则具有较为独特的特点。男女青年婚前享有较大的社交自由，人口较多的村寨，习惯上都要利用新建的空房或修盖窝棚，为男女青年的社交活动提供方便。男女青年到晚上可以自由到这样的房内弹弦子、唱调子，闹到深夜大家都围火塘而卧。有时，这种社交活动也可在看守庄稼的窝棚里进行。女孩子到十三四岁要行“穿裙礼”，行过穿裙礼后即可参加这种社交活动。

过去通常男女在幼年时，即由父母代为订婚，有的甚至指腹为婚。聘礼很重。姑舅表优先婚配权也很盛行。傈僳族有句俗语：“树最大是杉树，人最大的是舅舅。”因此，形成“有女先问舅”的习惯。今天，傈僳族男女青年婚恋自由，婚姻家庭建立在自由恋爱的基础上。

个体家庭是傈僳族社会的基本单元。家庭一般包括父母和未成婚的子女两代，儿子自结婚之日起或一年后便另建房屋。按照傈僳族的习惯，幼子与独子不与父母分居，并享有父母的最后财产继承权，因此长子、次子必须与父母分居，才能为幼子的财产继承创造先决条件。老年夫妇无子女，可以收养子，一般是优先招近亲，个别也容许招其他氏族的。养子可以享有财产继承权；如果老死后无子，财产归本家族中最亲的一支所有；女儿无财产继承权，如招赘，赘婿经氏族同意可继承财产。如女儿外嫁仅能分到母亲的1串挂珠和一些装饰品。

傈僳族死后行土葬，非正常死亡者行火葬。老人死后，全村停止劳动二至三天，本村寨居民及家族成员携带酒、肉和粮食到死者家中吊唁，并帮忙为死者洗脸、梳头、换新衣。死者遗体停放家中一二日，长可7天。停放期间，每天要供奉3次，每次饭、肉、冷水各3碗。未埋葬前，村寨的人都要去死者家中为死者跳葬舞（“施勿登”）。

埋葬日期一般选在属鼠、兔、蛇、猴、鸡和猪日埋葬。出殡时，尸体由4个人抬，尸体放在栗树干上，男子9根，女子7根。两个青年在前持刀开路，家属送丧至半途即返回。村寨和家族都有公共墓地，在公共墓地选一块平地，挖一坟坑，四周放置木板，尸体即搁置其中，头部在高处，侧卧面向太阳出处，用土填上，不垒坟堆，有些地区受其他民族影响，有开始垒坟的。

墓排列顺序，男在左，女在右，按辈次从右向左横列，后死者亦按辈份依次向后排列。墓形是一头高而宽、一头低而窄的长方式，墓之大小视死者年龄老少而定。如死者是男子，埋葬时须将其生前所用砍刀、弩弓、箭包、烟袋等悬挂墓头为随葬品；如果是妇女，则将生前所用的织麻工具、麻布挂袋、针线、煮饭用具悬挂墓头。

新中国成立以前，怒江地区的大部分傈僳族男女都穿自织自制的麻布衣服，只有少数富裕户及上层人物才穿棉布衣服。织麻的工具很简单，织架只是两横两直的四根木棍搭成，有的用4根木柱插入地里，上端扎以两根木棒，即为“纺织机”。一个手巧的妇女，每天约可织5寸宽的麻布6尺。

傈僳族妇女的服饰非常美观大方。服装的样式有两种：一种上着短衫，下穿裙子，裙长及脚踝，裙折很多；另一种上着短衫，下着裤子，裤子外面前后系小围裙。妇女的短衫长及腰间，对襟，满圆平领，无钮扣，平素衣襟敞开，天冷则用手掩，或用项珠或贝、蚌等饰品压住。有的以黑布镶边，衣为白色，黑白相配极为美观。由于各地所穿麻布颜色的差异，又分黑、白、花傈僳3种。聚居在怒江一带的白、黑傈僳族妇女，普遍穿右衽上衣、麻布长裙；已婚妇女耳戴大铜环，长可垂肩，头上以珊瑚、料珠为饰。年轻姑娘喜欢用缀有小白贝的红线系辫；有些妇女还喜欢在胸前佩一串玛瑙、海贝或银币，傈僳族语称这种胸饰为“拉白里底”。泸水一带的“黑傈僳”妇女不穿长裙，上衣右衽，腰间系一小围裙，长裤，青布包头，耳戴小珊瑚一类的饰品。永胜、德宏一带的“花傈僳”，服饰较为鲜艳美观。妇女均喜在上衣及长裙上镶绣许多花边，头缠花布头巾，耳坠大铜环或银环，裙长及地，行走时摇曳摆动，显得婀娜多姿。四川德昌地区的女子年幼时，头顶留3个尖角发，此后逐年增多，到15岁蓄满。头顶用羊毛织成的带子所编成的斗帽，傈僳语称“吾底”，两条发辫圈好系于“吾底”下；左右耳各刺一孔，婚嫁时，两耳各带一银耳环，上衣用自织染色布制成，领缘花7至20条；下身着裙，裙下内粘一白布，5寸宽，外用花线刺出6圈花纹，腰系由羊毛织成的红黑相间的带子。

新中国成立以前，各地傈僳族男子服饰都是麻布长衫或短衫，裤长及膝，有的以青布包头，有的蓄发辫缠于脑后。头人或个别富裕之家的男子，左耳戴一串大红珊瑚，以示其社会地位。所有成年男子都喜欢左腰佩砍刀，右腰挂箭包，箭包多以熊皮、猴皮制成。德昌的傈僳族男子头顶留发一小束，他人摸了不吉利。衣服为上衣下裤，用麻织成。新中国成立后特别是改革开放以来，傈僳族的服饰原料发生了根本的变化，麻布已经几乎绝迹。

傈僳族的住房在不同地区有不同的建筑形式。怒江地区及四川盐边一带的傈僳族住房多以竹篾房和木楞房为主；丽江、德宏和四川西昌等地区的住房则以土木结构为主。竹篾房又称“千脚落地房”，建筑时先在斜坡上竖立几十根木桩，在木桩上面铺盖木板，四周围以竹篾篱笆，上覆茅草或木板。屋内一般分为两间，进门第一间为客室，屋中央设一大火塘，上面置铁三角或3块石头，作为烧饭时的支撑，客至都是围火塘而坐。第二间为男女卧室，一般不允许外人进入。若子女结婚，有的另盖新房，有的则将房屋面积扩大，父母住内室，子女住外室。竹篾房的下面，一般作畜厩。

散居在兰坪、维西一带的傈僳族，大多喜欢住木楞房。这种房屋的形状很像一个大木匣，四周用长约5米、粗20厘米的木楞横架而成。其法：将长度相等的圆木两端破成凹凸型，然后交叠成长方形作墙壁，四壁着地托住房梁，用横木固定。整幢房子可以不用一寸铁钉，也不留一丝缝隙，可谓巧夺天工。房屋较大的分为两间，小的仅一间。常在侧面开门，中间置火塘，家人即围火塘而卧。屋顶用木板覆盖，用石头紧压木板以防滑落。

内地的傈僳族，受汉、白、纳西等族的影响，大都采用较为经久耐用的土墙房。以木头为柱，用土冲墙围四周而成，一般开有一小窗，屋顶用草或木板覆盖而成。土墙房的四壁用红土拌稻草冲成，因受冲力挤压牢固性强，可使用几十年；有的房屋盖顶的木板、瓦片早已损坏，但土墙仍坚硬如铁。

傈僳族的自然历法，很富于民族和地区特色。他们借助于山花开放、山鸟啼鸣、大雪纷飞等自然现象的变化，作为判断生产节令的物候。傈僳族人民把一年分为干湿两季，干季一般从头年公历11月雨季结束到次年2月雨季来临，湿季则从公历3月到10月，正是气温升高、雨多湿度大的时期；把一年划分为：花开月（3月）、鸟叫月（4月）、烧火山月（5月）、饥饿月（6月）、采集月（7、8月）、收获月（9、10月）、煮酒月（11月）、狩猎月（12月）、过年月（1月）、盖房月（2月）等10个节令。

傈僳族是一个能歌善舞的民族。人们在长期与自然界以及统治阶级作斗争、在日常劳动及爱情生活中所创造出来的文学、音乐和舞蹈，都富有鲜明的民族特色和浓郁的生活气息。通过这些载体，傈僳族的历史和重要的生产生活经验被一代一代流传下来，成为他们精神生活的重要组成部分。

民歌是傈僳族人民喜爱的艺术活动。用傈僳族自己的话来说，那就是“盐不吃不行，歌不唱不行”。民歌几乎成了傈僳族人民的“第二语言”，无论在各种生产活动中，或是婚丧嫁娶时，傈僳族都要唱歌，甚至告状打官司或调解纠纷，也常采用唱调子的方式解决。

傈僳族的民歌按其体裁和形式，大致可分为六类：（1）古歌（傈僳语叫“木刮布”），流传较广，较有名的调子有“生产调”、“古战歌”、“架桥调”和“逃婚调”等；（2）情歌，是男女青年成群结伙在一起对唱的调子，也有年轻恋人在幽会时唱的调子，称“由叶叶”，曲调有男女青年在田间劳动休息时，以琵琶或口弦相伴的“口弦调”、“琵琶调”等；（3）赛歌，是过年或聚会上男女青年对唱的即兴之歌，曲调喜用欢快奔放的“拜系拜”或“刮木热”；(4)祭歌，是祭祀祖先或鬼神时唱的调子；（5）葬歌，是追悼死者唱的调子，词句哀婉动人，曲调凄楚悲怆。按葬礼的不同，习惯上又有“哭歌”、“送灵歌”、“挽歌”之分；（6）颂歌，是新中国成立以后傈僳族人民创作的民歌，大多以新旧对比的形式表达出傈僳族人民对新社会的热爱。傈僳族民歌在演唱上保有独自的风格，在唱短音符时常大量运用颤音，唱长音时则唱得平直朴素，音色浑厚低沉，使人感觉具有一种深厚的内在力量。

在傈僳族的音乐生活里，乐器是重要的组成部分。较流行的乐器主要有琵琶、口弦等。琵琶是傈僳族民间流行的一种古老乐器，也是人民最喜爱的乐器之一。形状与汉族琵琶大致相同，琴身较小（有的是方形的）。琴把上没有固定的音位划分，仅用松香点一小点作为1个音位的标记，用4根金属弦。演奏时用拇指与食指弹拨。口弦亦是傈僳族的传统乐器，为每一个青年男女所喜爱。弦身是以约3寸长、半寸宽的竹片制成一条沟，中间刻起一片簧，演奏者对准口腔轻轻吹弹，让弹片的声音在口腔里引起共鸣，然后以气息的调节使音色变得柔和、悠扬。口弦的音量虽小，但很动听，尤其当夜深人静弹奏时，再伴以轻声地唱诵或吟咏，就显得更加优美动听。

舞蹈表现形式丰富多彩，反映了傈僳族人民的日常劳动生活、向大自然进行斗争的过程以及豁达的精神面貌。如有模仿动物动作和习惯的猴子划拳舞、鸽子喝水舞、鸟王舞等；表现日常生活的婚礼舞、洗衣舞、脚跟舞等。这些舞蹈都是以琵琶、口弦等作伴奏；也有某些舞蹈是没有伴奏的哑舞如脚跟舞和生产舞，这样的舞蹈，大都通过下肢的动作来表现，臂的动作较少，两人一对互碰脚跟，以脚跟的撞击来掌握节奏。由于舞姿生动形象，舞蹈的图样富于变化，加上舞蹈者的欢乐饱满情绪，使整个场面显得非常热烈。

傈僳族舞蹈的形式多是集体舞，如生产舞、脚跟舞，男女围成一圈，舞蹈步子按圆圈来进行，伴奏在中间（伴奏者也随舞）。有时二人对面跳，但动作一样，只是一进一退而已。婚礼舞、割小米舞的舞步稍有不同，男女分开各站一排，行进不以圆圈作标准，男女两排有时并列行进，交叉进行，有时一进一退，互相呼应。傈僳族舞蹈大都离不开这两种形式。傈僳族的舞蹈动作矫健有力、活泼多变。各种舞蹈伴奏多结合舞蹈内容，采用节奏性较强的2拍或2拍、3拍混合的节奏，因此显得热情奔放，又富于泼辣、粗犷的激情，表现出傈僳族舞蹈鲜明的民族特点。

傈僳族还创造了许多具有本民族鲜明特色的、丰富多彩的民间文学作品，主要是口头文学，以歌唱和讲述的方式口耳传承下来。有关神话和历史传说的作品，如《创业纪》、《我们的祖先》、《横断山脉的传说》、《开天辟地的故事》等，从不同的侧面再现了傈僳族古代社会的面貌，记叙了傈僳族人民童年时代对宇宙万物、人类社会的种种解释和看法，同时也歌颂了傈僳族先民们在与大自然的斗争中所表现出来的英雄气概和不屈不挠的献身精神。傈僳族的叙事长诗，题材和内容十分丰富，通常有完整的故事情节和鲜明的人物性格。如“粗兹木刮”（《重逢调》）有1500余行，它以现实主义的手法，用形象生动的语言，对封建买卖婚姻作了深刻的揭露和有力的控诉。流行在民间的谜语、谚语、歇后语和儿歌等，也是傈僳族民间文学的组成部分。由于其通常具有传授生产、生活经验及教育人们为人处事的功能，受到傈僳族人民的喜爱而世代传承。"
佤族	"佤族有429709人(2010年)，主要居住在云南省西南部的沧源、西盟、孟连、耿马、澜沧、双江、镇康、永德等县，一部分散居在保山市、西双版纳傣族自治州、昆明市和德宏傣族景颇族自治州境内。云南省沧源佤族自治县和西盟佤族自治县是佤族的主要聚居区，两个县的佤族人口分别为135595人和58532人。

佤族的主要分布地区，在澜沧江以西和萨尔温江以东的怒山山脉南段地带。这里山峦重叠，平坝很少，习惯上称为阿佤山区。在阿佤山区，山脉走向自北而南，逐渐低缓，主要的大山有照房山、回汗山、四排山、窝坎山、芒告山、西盟山和大黑山等，是澜沧江和萨尔温江两大水系的分水岭。在群山之中，也有许多低丘平坝，小者几十公顷，大者上千公顷。因山谷纵横交错形成了大小河流，勐懂河、拉勐河、小黑江等流入澜沧江；南汀河、南滚河、南卡江等流入萨尔温江。这些江河水源充足，为佤族人民开发山区，发展水电事业提供了丰富资源。

地处亚热带的阿佤山区，土壤肥沃，气候温和，雨量充沛，很适宜农作物和其他植物的生长。农作物有旱稻、稻谷、玉米、小红米、荞子和豆类等。经济作物有泡核桃、甘蔗、茶叶、木棉、麻和烟草等。这里林木茂盛，翠竹成林，四时葱绿。还有芭蕉、菠萝、芒果、木瓜、黄果等亚热带水果。

阿佤山区蕴藏有丰富的矿藏资源，特别是银矿闻名于世，明末清初就已大量开采。除了银矿，还蕴藏有金、铝、铁、锡、铅、铜等金属矿和煤、云母、石棉、石膏等非金属矿。新中国成立后，阿佤山区的锡、铅、铁、煤等矿藏资源已逐步得到开采利用，在佤族地区的经济社会发展和人民生活水平的提高方面，发挥着越来越重要的作用。

过去不同地区的佤族有着不同的自称。大体说来，镇康、永德一带的佤族自称“佤”；耿马、双江、沧源、澜沧的佤族自称“巴饶”或“布饶”；西盟、孟连的佤族自称“阿佤”“阿佤莱”和“勒佤”。

汉族、傣族、拉祜族对佤族的称呼也有不同。对镇康、永德一带的佤族，傣族称“拉”，汉族称“本人”。对其他地区的佤族，汉族、傣族、拉祜族统称为“阿佤”或“佧佤”。“佧佤”又有“大佧佤”和“小佧佤”之分，“大佧佤”指西盟等地的佤族；“小佧佤”指沧源、双江、耿马、澜沧、孟连等地的佤族。“佧”为傣语，是奴隶的意思，称“佧佤”含有贬意和侮辱性。新中国成立以后，党和政府为了体现民族平等和团结，根据大多数人民的意愿，确定称为佤族。

佤语属南亚语系孟高棉语族佤德语支。与佤族三种主要自称相当，佤语有三种方言，即佤方言、巴饶方言和阿佤方言，每种方言又有土语的差异。佤语三种方言的语法基本相同，方言之间的同源词平均超过80%，不同方言区的人们经过短时间的接触就能够通话。佤语与布朗语、德昂语很相近，除语音、语法大致相同，在词汇方面也有很多共同点，反映了他们在族源上的密切关系。说佤语、布朗语、德昂语的民族是我国西南部和中南半岛最早的居民之一。

【历史沿革】

佤族的起源，普遍流传着《司岗里》的神话传说。按照沧源佤族的解释，“司岗”是“葫芦”，“里”是“出来”，意即从葫芦里出来的人；按照西盟佤族的解释，“司岗”是“石洞”，“里”是“出来”，意即“人是从石洞里出来的”。各地佤族虽然对“司岗里”的解释有所不同，但都把阿佤山视为人类的发祥地。这说明佤族人民在阿佤山居住已有久远的历史，或者就是当地的最早居民。“司岗里”可能是佤族对他们远古穴居生活的回忆。

在我国先秦时期的著作如《山海经》、《竹书纪年》和《国语》中，都有“僬侥”这个族称的记载。《后汉书》也记有“永昌郡徼外僬侥种夷内附”。“僬侥”与佤族自称“巴饶”的语音很相近。永昌郡治在今云南保山，其辖区南部和西部正是佤德语支各族的分布区。“僬侥”很可能是佤德语支各族的先民。

后汉时期，在永昌郡又有哀牢人居住。从《华阳国志》和《后汉书》的相关记载看，当时的永昌郡已是民族杂居的地区，有穿胸、儋耳、闽、越、濮、鸠僚、傈、裸濮等族。哀牢人并非指某一个民族，应该是居于哀牢山区各民族的总称，也包括佤族的先民在内。

唐朝时期，云南澜沧江和怒江流域是各民族的杂居区，族称很多。据《蛮书》、《新唐书》等记载，有望、望苴子、望外喻、朴子蛮、木棉濮、赤口濮、金齿、绣脚、绣面、寻传、么些等等。其中望、望苴子、望外喻这些名称和现在佤族的自称“佤”基本相同或十分相近。

元朝时期，云南西南部有蒲蛮居住，这在《元史》、《新元史》和《云南志略》中都有记载。蒲蛮分“熟蒲”和“生蒲”。“熟蒲”分布在今保山、昌宁、凤庆、云县一带；“生蒲”分布在“熟蒲”的南部。“熟蒲”和“生蒲”之分，反映了佤德语支各族各地社会发展的不平衡，从其分布来看，“生蒲”主要指的是佤族。

明朝时期，佤德语支各族有了比较明确的区分，在澜沧江和怒江流域有大百夷、小百夷、蒲人、古剌、哈剌、缅人、结些等族称。这里的蒲人、古剌、哈剌即为佤德语支各族，蒲人主要是指布朗族，古剌、哈剌则指的是佤族和德昂族。

清朝初期，佤族的族称更加明确，从《滇云历年传》、《续云南通志稿》等记载看，有“嘎喇”、“哈瓦”和“佧佤”等。

可以看出，佤族的历史非常悠久。但由于佤族经济社会发展落后，又没有文字，关于佤族的发展情况，只能根据历史传说和散见于汉文的片断记载，作概括性的简单说明。

公元前109年，汉武帝置益州郡，辖区达到今保山市的广大地区。当时分布在澜沧江以西的佤族、布朗族、德昂族的先民，已在西汉的统属之下。公元69年，东汉置永昌郡，辖区包括今临沧市、普洱市、西双版纳傣族自治州、德宏傣族景颇族自治州的佤族分布区。魏晋南朝时，仍置永昌郡。唐代，佤族先民受南诏地方政权统治。宋代，佤族分布地区的北部，属大理政权的永昌府地。

元朝时期，佤族居住的地区分别属于云南行省的镇康路和孟定路军民总管府。镇康路是以今镇康县、永德县为中心的地区；孟定路军民总管府包括今耿马傣族佤族自治县、双江拉祜族佤族布朗族傣族自治县和沧源佤族自治县部分地区。孟定路东南又置木连路，包括了今澜沧拉祜族自治县、孟连傣族拉祜族佤族自治县和西盟佤族自治县等地区。

明代设孟连长官司。在佤族分布的其他地区又设置了镇康御夷州和孟定御夷府，后又在孟定御夷府地分置耿马宣抚司，仍属孟定御夷府。清代沿袭明制，略有变更。1887年，设镇边直隶厅，辖孟连、西盟、澜沧和沧源等地。民国时期，沧源、耿马置设治局，镇康、双江、澜沧（包括孟连和西盟）均改为县。从佤族与中央王朝历史关系的发展以及佤族居住区域的建制沿革中可以看出，两千多年来，佤族与内地各族人民建立了不可分割的关系，他们的居住地区早已成为祖国版图的一部分。

1885年，英国吞并缅甸以后，侵略矛头指向了云南。英国以中缅边界问题为借口，不断派遣武装人员、传教士潜入阿佤山区，查看地形，绘制地图，进行各种阴谋活动，甚至煽动佤族人民脱离祖国。

阿佤山区是一个十分富庶的地方，英国早已垂涎班洪、班老一带丰富的银、铝矿。1934年1月，英国公然武装侵占矿区，制造了有名的“班洪事件”。班洪、班老部落首领邀集周围十多个部落，剽牛立盟，组织武装，誓将英国侵略者赶出国门之外。景谷、澜沧、缅宁（今临翔区）、双江、耿马等地的汉族、傣族、拉祜族、彝族等各族人民组成1400多人的“西南边防民众义勇军”前来支援，打得侵略者狼狈不堪。但是国民党政府屈服于英帝国主义的压力，强迫遣散义勇军，压制佤族人民的反抗斗争。1936年，以班洪为首的佤族17个部落王发出了《告祖国同胞书》，严正声明阿佤山“自昔远祖，世受中国抚绥，固守边疆……我佧佤山数十万户宁血流成河，断不作英帝国之奴隶，即剩一枪一弩一银一妇一孺，头颅可碎，此心不渝……愿断头颅，不愿为英帝国牛马，此志此情坚持到底”。佤族人民大义凛然的呼声，得到举国舆论的响应，终于挫败了英帝国主义的强盗行径。

抗日战争时期，佤族和各族人民为抗击日本侵略者入侵云南，以人力、物力和财力积极支援滇西南抗日部队，并组织“耿马沧源支队”、“阿佤山区游击支队”、“阿佤山特区自卫支队”、“班洪自卫支队”等游击队与侵略者展开武装斗争。1944年，又配合抗日部队在班洪、班老等地痛击日寇，收复失地，将日军驱逐出孟定。在持续近百年的反侵略斗争中，佤族人民用长刀、镖枪、弓弩等原始武器狠狠打击了拥有洋枪、洋炮和现代装备的侵略者，为捍卫祖国的领土完整和统一作出了重大贡献，写下了佤族人民反抗外来侵略者的历史篇章。

长期以来，佤族与汉族、傣族、拉祜族居住在同一地区，相互之间的经济文化交流促进了彼此的发展。明代中叶以后，陆续有大批汉族矿工进入阿佤山区，开采银矿，并在此落户。清初，汉族贫苦劳动人民来到这里的更多。在班洪、班老部落一带由石屏人吴尚贤开设的茂隆银厂，矿工曾达两三万人之多。内地商人前来经商的也不绝于途。1800年，清政府因害怕“聚集丁夫，滋生事端”而关闭了茂隆银厂。不久，在西盟永广一带又有汉人开矿建厂。这样大规模的开矿建厂，对佤族产生了很大的影响，由于汉族人民带来了铁器和水稻种植的技术，这一地区的佤族锻铸铁器、冶制银器、种植水田和使用耕牛，都是从这时开始的。

新中国成立前，佤族各地区由于历史条件和与其他民族的关系密切程度不同，社会发展水平不平衡。阿佤山中心地区的西盟和沧源、澜沧的一小部分佤族，还停留在原始社会末期或向阶级社会的过渡阶段；阿佤山边缘地区的耿马、双江和沧源、澜沧、孟连的大部分地区的佤族，因受傣族的影响较深或受傣族土司的统治，基本上已发展为封建领主制；居住镇康、永德等地的佤族，与傣族、汉族发生经济文化的关系密切，较早接受了傣族、汉族的先进文化，已经处于封建地主经济发展阶段。

镇康、永德一带的佤族农业生产水平较高，水田较多，生产技术接近或基本与当地汉族、傣族相同。阿佤山边缘地区，农业相当落后，主要种植旱谷与小红米，水稻、荞、玉米、豆类次之。所用的铁制生产工具有犁、板锄、矛、铲、砍刀、长刀等。阿佤山中心地区更为落后。由于尚未掌握冶铁技术，铁器原料仰仗外地输入，因此，铁制农具不足，还兼有一定数量的竹、木农具，如耙、臼、碓、播种筒等。个别地方还不会用犁，畜力使用也不普遍。

耕地有旱地和水田之分。旱地都是山地，耕作十分粗放，有“刀耕火种”和“挖犁撒种”两种。“刀耕火种”是在长满茅草树木的荒地上，把茅草树木砍倒、晒干后放火烧光，用灰烬作肥料，不经犁挖即用矛、铲刨坑点种。刀耕火种的土地，一般种上两年就要轮歇。“挖犁撒种”是把茅草树木砍倒、晒干后放火烧光，用锄挖或犁耕松土，然后撒播种子。挖犁撒种的土地，一般要连续种三四年后才轮歇。两者的比重基本各占一半，有的地方则全是不犁不挖的“火山地”。

水田基本没有水利设施，要到雨季才能犁耙的“雷响田”，坡度大，田丘狭小。在中心地区，水田的数量极少。收割的方法也比较原始，大都是现割现脱粒。脱粒多用脚搓，所收粮食贮入大竹筒内。水田的产量一般每公顷2250公斤，旱地约每公顷1125公斤。

佤族在劳动生产中有性别和年龄的分工。春耕时，男子将荒地上的茅草树木砍倒、晒干后放火烧光，用矛、铲或竹尖器挖穴，妇女和小孩随后点种、盖土，收割、舂米也由妇女担任。劳动力的使用率不高。在阿佤山的中心地区，频繁的村寨宗教活动、生产忌日和部落械斗等几乎要占去半年的时间。

在阿佤山大部分地区，手工业尚未成为独立的生产部门，有打铁、编篾、纺织、酿酒、制槟榔等，多半供家庭消费，仅在农闲时进行。

佤族妇女都会用手捻线和纺线，不用织机，用一套竹木工具织布，每天可织约一尺宽的布一米。所织筒裙和筒帕（挎包）都系自用。副业不甚发达，有饲养牲畜、采集和狩猎，后者主要是弥补粮食的不足。

阿佤山区形成以物易物的初级市场，只有几十年的时间。最早在西盟出现的所谓“烟会”，是随着鸦片生产的需要而出现的，内地商人用盐、茶、烟、辣椒、线、布、牛等换取鸦片。交易的方式以物物交换为主。新中国成立后，已根绝鸦片种植。

在阿佤山中心地区，生产资料私有制虽已确立，但还保留着原始农村公社的残余。每一个村社都有一定的地域范围，包括一到数个自然村。每个村社的可耕地，一般有10%到20%是村社公有的，大部分耕地及生产工具、房舍、牲畜、武器、生活用具都属个体家庭及个人所有。私有的土地可以长期占有、使用、继承、转让、抵押和买卖。村社公有的土地，凡村社成员都可以耕种。村社成员在这种所有制基础上，以个体家庭为单位进行生产。

由于佤族各地区的社会发展阶段不同，人们在生产中的关系也有区别。西盟佤族在生产中有合种、换工、借种、雇佣、债务、蓄奴和租佃等关系。合种即由两家组成的共耕关系，双方平均出种子和劳动力，共同生产，产品平均分配，土地不管为何方所有，皆不计报酬。换工是在农忙季节临时组成的互相助耕关系。借种是耕地较少的农户向耕地多的农户借地耕种。雇佣和债务关系比较普遍，前者，主、雇双方多有亲戚关系；后者，债务关系主要是互相帮助和互通有无，后来逐渐变为剥削关系。蓄奴和租佃关系虽仍存在但不普遍。

由于财富不均，社会上出现了有吃有穿、雇工放债的富裕人“珠米”；自种自食或基本够吃的中等户“库普莱”；缺吃少穿、借债帮工的贫困户“普查”和奴隶“官觉克”。西盟佤族由于对生产资料占有不同而出现了社会分化状况，但是这种分化还没有达到固定和明显的程度，也没有发展成为某种阶级社会的特定的阶级，而是正处于形成阶级社会的过程中。

阿佤山边缘地区的生产水平，一般比中心地区先进。普遍使用铁制农具，水田比重已达到耕地总面积的20%以上。旱地耕作技术也较为先进，挖犁撒种已代替刀耕火种。这类地区在生产关系上的特点是政治上享有特权的部落大头人，已具有某些封建领主的性质。沧源县班洪部落基本上可以作为这类地区的典型。

新中国成立前，班洪地区封建领主性质的社会经济，大约已有一百年的历史。“班洪王”对部落辖区的土地享有最高的所有权，依附于土地的佤族人民是他的隶属民。在人们已经形成的观念中，班洪地区的一切，包括土地、山川、甚至森林中的虎、象、鹿、豹等都属于“班洪王”所有。虽然人们在生产中的经济关系也有合种、换工、借种、雇佣、债务、租佃等形式，但性质却不尽相同。譬如合种关系中已产生了剥削因素；雇工关系比较普遍；债务关系相当严重，约有60%以上的农民借债，而富裕阶层都不同程度地用高利贷盘剥农民。

镇康、永德一带的佤族，与前两类地区的显著差别是，水田较多，土地占有集中。地主、富农依靠土地和其他社会财富占有的优势，对广大农民进行地租、雇工和高利贷剥削，早已进入封建地主经济发展阶段。

新中国成立前，在佤族各地区，由于经济发展不平衡，社会组织也有区别。

阿佤山中心地区的佤族，尚处于以村寨为单位的分散状态。村寨是一个地域、经济、政治和军事单位，在一定程度上具有从父系氏族公社发展而来的原始农村公社的性质和组织形式。每个村寨内部又往往包括几个小寨，每个寨子一般包括几个家族和不同姓的个别家庭。村寨都有一定的地域范围，成员有一定的权利、义务和共同的宗教活动，还有窝郎、头人和魔巴共同管理政治和宗教事务。窝郎在最初时可能是氏族长，后来逐渐演变为村寨的首领。窝郎一般为世袭，职权很大，管理村寨中的宗教、政治和其他一切事务。但到了新中国成立前夕，职权范围已缩小，虽然名义上还是村寨的领袖，享有一定的威信，实际上只管理宗教上的某些事务。头人是村寨成员民主选举产生的政治领袖，条件是经济富裕，善于说话办事，公平勇敢等。新中国成立前几十年，由于“珠米”即富裕阶层的出现，头人开始享有某些特权，管理村寨的一些重要事务，在佤族的政治活动中起着重要的作用。魔巴是巫师，主持宗教活动。魔巴多是老年人，知道的事情多，在群众中也有一定的威信，对佤族的社会政治生活，起着一定的影响。

村寨的共同事务如械斗、对外纠纷、猎头等由“头人会议”解决，有的事情还得召开“寨民大会”讨论处理。村寨有不成文的习惯法，对村寨成员一视同仁，处理的范围包括泄露村寨的机密、不参加集体行动、盗窃、债务、婚姻等。对于违反习惯法行为的处理，轻则受到头人和群众的斥责、赔偿、道歉等，重则抄家、驱逐出寨或处死。

新中国成立前，由于血族复仇的观念影响，西盟佤族村寨之间的械斗很多。祖辈之仇子孙不忘，常延续几代，才得到解决。械斗时，凡成年男子都要参加，能参加而不参加者，为习惯法所不容，轻则受到社会舆论的谴责，重则受物质的惩罚。有时，在议定一定的条件后，仇家寨也进行和解。双方约定时间和地点举行和解“洗手”仪式，双方的头人或魔巴互相敬酒，互送表示一条心的牛肋骨，并栽一块石头，以后即不复为仇。

班洪地区即俗称的“班洪部落”，相当于今沧源佤族自治县班洪、班老和芒卡三个乡（镇）的范围。一百多年前，班洪地区尚是分散的小部落。胡姓家族原居住在绍兴（今缅甸境内），后来迁到了班洪，受南板头人“达伯”某种程度的控制。在胡姓家族和班洪寨势力发展之后，与南板发生了矛盾和斗争。班洪首先打败了颇有势力的富贡部落，规定富贡的百姓每年要给班洪胡姓官家劳动服役，富贡的土地，胡姓官家可以随便开种。接着，班洪又打败了南板，规定南板的百姓要给胡姓官家种地；胡家有人死，要南板的人挖坟坑、抬尸体、埋葬；南板的土地，胡家也可以随便开种。村寨与村寨、部落与部落之间的隶属、依附关系就是这样通过武力建立起来的。胡家接着又征服了周围的蕉山、老厂等村寨。其他的村寨、部落见班洪势大也就都陆续归服了。新中国成立前，班洪胡姓官家所管辖的范围被称为“葫芦王地”。在这个区域内，班洪王是最高统治者，其下有一套完整的管理机构和脱离生产专门从事管理的人员。班洪王是世袭制，一般为长子继承。首位班洪王是达本。达本传位于长子胡玉山，胡玉山传位于长子胡中汉。胡中汉死时，其子年幼，由其弟胡中华代理。1954年，胡中华被“委任”为班洪王。辅助班洪王办事的，有“达伙”（衙门）、波勐、拉勐、伙头、管事等，由其近亲臣僚协助处理政务。

永德、镇康等地的佤族从明清以来一直受傣族土司的统治，新中国成立前也实行了国民党政府的保甲制度。

【风俗文化】

佤族的村寨多建在山坡或小山巅，房子随山势而建，不拘方向，由高而低。一个村寨的规模，大者上百户，小则十几户，一般在百户上下。从用材上说，主要有竹木结构和土木结构两种。从建筑样式上说，主要有“干栏式”楼房和“四壁落地房”两种。沧源、西盟、孟连、澜沧、双江的佤族以竹木结构为主，为“干栏式”建筑，一般分上下两层，上层住人，下层无遮挡，用作畜厩或堆放农具杂物。佤族在修建房子时有互助的习惯，一般当日即可建成。大头人和有钱的人可以建“大房子”，其标志是在房上设特别的木刻，墙上挂有象征富有的带犄角的牛头骨，形式和陈设则和普通住房相同。室内有主、客、鬼三个火塘，主火塘供煮饭用。镇康、永德的佤族，其住宅多为使用土坯、砖、瓦修建的四壁落地房，也分两层，上层住人，下层放农具杂物。

佤族以稻谷（大米）为主食，也食用小红米、玉米、豆类。肉类以家养的禽畜为主，有牛、鸡、猪等，农闲时猎取野猪、麂子、九节狸、野鸡、鸟类等食用。蔬菜品种众多，有竹笋、青菜、黄瓜、冬瓜、辣椒和野菜等。佤族的饮食比较简单，普遍食用烂饭，一般日食两餐或三餐。过去，佤族在吃饭时大都用手抓食，现在都用筷子和勺。佤族喜欢喝酒，将小红米煮熟拌入酒药发酵，约半个月后将其放在竹筒内掺入冷水，即成水酒。佤族有“无酒不成礼，说话不算数”的说法。还喜欢饮苦茶、吸草烟和嚼槟榔。

佤族的服饰各地不同。西盟佤族传统的男子服装，是无领短上衣，裤子短而肥大，用黑色或红色的布缠头，青年男子颈部多以竹圈或藤圈为饰。女子穿黑色无领短衣，下围直筒折裙，头戴银箍或篾箍，以银项圈和多串料珠为胸饰，腰部和颈部戴若干藤圈，还喜欢戴多个银镯和大耳环。沧源佤族的男子服装，是圆领对襟上衣，裤子短而肥大，用黑色或红色的布缠头。女子以长发为美，戴银或铝制的耳饰和项圈，穿圆领窄袖右衽开襟短衣，胸饰有银泡数排，下穿直筒长裙，有多种花纹。永德、镇康的佤族服饰与当地的汉族服饰基本相同。

道路是村寨内部人们相互沟通和对外交往的重要设施。佤族村寨由于受经济发展水平的影响和自然地理环境的限制，村寨内的道路多不够完整，呈不规则状，完全随房屋排列变化自然形成，多为土路、乱石路，坎坷难行。从寨子“永”走出去的道路，一般有3至4条，依各寨进出方便而定，多为羊肠小道。

尊敬老人是一切民族的道德规范，佤族也不例外。佤族格言“格拉那格拉扬”意为“孝敬是礼”，反映了佤族重要的道德规范。佤族以尊重长辈、孝敬老人为荣，尊重老人的言谈、行为。若老人失去劳动力，儿女们则负担赡养费用，或代为劳动生产。老人死后，也有送终之礼。

爱护儿童同样是所有民族的道德规范。由于繁衍种族的艰辛与医药卫生的落后，生命在阿佤山显得脆弱而珍贵，因此，佤族特别注重对儿童的爱护与养育。佤族格言“格拉莫格拉宏”意为“相爱是礼”，主要体现在对儿童的爱护与养育上。佤族儿童在成长过程中，其父母在幼儿满月及儿童五岁时要举行两次育儿仪式，以后还要带儿童参加各种宴会，学习“阿佤理”，让其懂得美好生活要靠劳动来创造。在日常生活中，佤族忌讳打骂儿童，因为这不仅会使儿童肉体受到伤害，更主要的是会把儿童的灵魂吓跑。

佤族创造了简单的历法。每年有12个月，岁首月以某种自然现象为标志。根据每个月的气候和其他条件，安排生产、宗教和其他活动。

佤族创造的传统节日主要有新火节、播种节和新米节。新火节是佤族的年节，充满了“辞旧迎新”的色彩。每年农历十二月或次年一月，村寨各家各户在长者的指挥下熄灭火塘的火，举行“送旧火”仪式，然后到神山用“钻木取火”的方式取新火种，并带到长者家中燃成大火，各家各户再将新火取回使用。在佤族看来，新火节是灾难、饥饿、疾病的结束，是吉祥、温饱、健康的开始。播种节在每年农历三月十五日前后举行。播种之前，头人先要召集村寨的长者杀鸡看卦，择定吉日并祭祀谷魂后，各家各户便开始到田地播种。夜晚，大家围着火塘吃饭、喝水酒，接着到广场唱歌对调，祈祷风调雨顺，家家丰收。新米节在每年农历八月中旬举行。当谷物开始成熟时，头人召集有威望的长者商定吉日。过节前，村寨的青壮年男子要修路搭桥，妇女则打扫卫生，洗涤衣物。节日这天，由各家各户到田地里采摘少许谷穗，统一到主办节日的头人家，然后就杀鸡、宰猪、过滤水酒，煮糯米饭，饭熟后，头人念祝辞，看鸡卦，大家开始吃饭、喝水酒，共庆丰收。当夜幕降临，男女老少齐集广场，唱歌跳舞，热闹非凡。此外，耿马四排山的佤族有青苗节，沧源班洪、班老的佤族有贡象节等。随着民族文化的交往，佤族也有端午、中秋、春节等汉族传统节日。

2003年，西盟佤族自治县新创了木鼓节。2004年，沧源佤族自治县新创了司岗里狂欢节。两个节日都是以民族大团结和传承佤族优秀传统文化为主旋律，也是加快县域经济发展和旅游文化产业发展的重要举措。

佤族以一夫一妻制的家庭为社会的基本生产和消费单位。财产多由幼子继承，女子没有继承权。多妻为社会所允许。佤族命名时用父子连名制，其特点是“逆推反连”，由自己上溯祖先。例如“散比里——比里松”，这是一个家谱中的两代，其中“散比里”标明“散”是“比里”的儿子，“比里松”也标明“比里”是“松”的儿子。两代相连虽然仅指“散”与“比里”两人，但却标明儿子、父亲和祖父三代人的辈分。

过去男女在婚前可以自由交往，称为“串姑娘”，青年男女三、两成群聚在一起，对唱情歌，中意者赠送礼物定情。经过谈情说爱，如男女双方愿意结合，便可缔结婚姻，但需由父母作主。结婚时，男方要给女方聘礼，称为“奶母钱”和“买姑娘钱”，后者可以延期交付。

禁止同姓通婚，是佤族缔结婚姻中的一条严格的律令。所谓“同姓”，是出于同一祖先具有血缘关系的人们集体，就佤族现实来讲，是家族。佤族过去特别盛行姑舅表婚，与外族通婚的情况很少。

佤族的丧葬习俗主要以土葬为主，间有火葬、野葬等遗俗。佤族把人死分为“永孟姆”（善终）和“永早敖”（凶死）两类。凡是正常死亡的，如老死病死的，并在家中死的为“永孟姆”，凡是意外死亡的，如刀、枪、水、火、自杀、难产以及死于外地者为“永早敖”。丈夫在妻子妊娠期病死的，也视为“永早敖”。佤族对两类死亡的丧俗有明显区别，“永早敖”者不能和“永孟姆”者在一块墓地，也不能实行同等规模与形式的葬礼。阿佤山每个村寨都有两块墓地，一块为葬“永孟姆”者的墓地，一块为葬“永早敖”者的墓地，两块墓地在寨子西边一公里左右，“永孟姆”者的墓地在上，“永早敖”者的墓地在下，相隔一定距离。佤族的丧葬习俗中，墓穴的选择有时用鸡蛋占选，鸡蛋抛起到人的头顶，让鸡蛋落下，若鸡蛋破碎，则表示死者愿意埋在那个地方，若不破碎，则需另选，以鸡蛋破碎为止。佤族墓地真正体现了公有的性质，死者无论选择墓地的哪一地点，都无“占有权”，如再有死者葬在同一地点，仍有选择的自由。佤族村寨墓地的简朴性也许是世界民族中的典型。而且，佤族的传统葬俗既不立碑、不起坟，也不举行扫墓祭拜活动，体现了佤族人民协调自然环境的愿望和能力，以确保和谐的生存环境。

佤族文学属于民间口头文学，内容包括神话传说、故事、童话、寓言、谚语等等。佤族人民通过各种文学样式，展示了佤族的审美观念、道德观念、宗教信仰和风俗习惯，成为我国民族文学宝库中一朵艳丽的奇葩。

广泛流传在佤族地区的《司岗里》神话传说，是佤族人民家喻户晓的口头文学，内容包括天地的形成、动植物的产生、人类的起源和民族产生、语言由来等。《司岗里》神话把佤族社会生产、生活经验、民族历史、文学艺术、民族关系、风土人情等融为一体，是集合佤族传统文化的“百科全书”。

在佤族的民间传说中，《沧源崖画的传说》、《猎头祭谷的传说》、《新米节的传说》、《水酒的来历》等最具有民族特点和文化内涵。在佤族的故事中，孤儿的故事和动物的故事最具有地域文化特色和民族特色。孤儿的故事具有广阔的社会基础，是佤族特定社会历史阶段的产物，代表性的故事有《孤儿岩惹》、《孤儿和仙女》等。动物的故事充满浓厚的生活气息和强烈的地域文化特色，代表性的作品有《骄傲的老虎》、《百鸟盖房》、《黄牛、水牛和豹子》、《牛为什么吃草犁地》等。

佤族的童话和寓言富有很强的哲理性，又具有诗意和美感，是佤族人民智慧的结晶和生活经验的总结。代表性的童话有《岩嘎和龙女》、《牛哥哥》、《一只好胜的老虎》、《数星星》等。代表性的寓言有《害羞的竹子》、《爱漂亮的马鹿》、《石岩、风和白花》、《潭水和山泉》等。佤族的谚语是佤族人民生产、生活经验的积累和总结，表现了佤族人民的生活态度和道德品质，也反映了佤族人民的处世哲学，具有强大的生命力和感染力。如“地不种长草，人不勤饿肚”、“一棵竹子不成蓬，一人做事难成功”、“是树就要直立挺拔，是人就要心地善良”、“旱地宽，荒的多；姑娘白，懒的多”等等。

佤族是一个能歌善舞的民族。佤族音乐的特点主要是原始、朴素、优美、健康，以其质朴的音调和粗犷的风格而独具一格。歌曲都是民歌，有劳动歌、情歌、宗教歌、悼念歌、欢庆歌和儿歌等；使用的乐器有口篾、短笛、葫芦笙、独弦琴、木鼓、象脚鼓、铜铓、钗等。佤族舞蹈题材广泛，舞风古朴粗犷、热情奔放，主要的舞蹈有圆圈舞、木鼓舞、盖房舞、舂碓舞、甩发舞、象脚鼓舞、竹竿舞等。其中的木鼓舞和甩发舞，展示了佤族文化的深厚底蕴和浓郁的民族特色，享誉中外。"
畲族	"我国畲族总人口708651人（2010年），分布在闽、浙、赣、粤、黔、皖、湘七省80多个县（市）内的部分山区，其中90％以上居住在福建、浙江广大山区。

畲族分布的地区属于东南丘陵地带，境内山峦起伏，丘陵密布。海拔大都在500—1500米，闽东海拔在1000米以下的丘陵山地占90%以上，浙南的丘陵、山地也很多，素有“七山一水二分田”之称。畲族地区到处溪流回绕，属山地性河流，水量丰富。畲族地区属于亚热带湿润季风气候，温暖湿润，四季分明，年平均温度在14.6至21.3摄氏度。雨量充沛，全年平均降雨量约在1200至2200毫米。畲族地区的物产资源十分丰富。农产品以稻谷、薯类、麦子、玉米、油菜、豆类、烟叶、土豆为主；山区盛产林木及毛竹。树木的种类多，木材积蓄量大，其中以松、杉的积蓄量为最大。山区的土特产非常丰富，有茶叶、油茶、纸、笋干、花生、芝麻、苎麻、香菇、黑木耳、樟脑、松油和名贵的药材等。畲乡的茶叶，早在国内外市场上享有盛誉，如浙江景宁畲族自治县的“惠明茶”，广东的“乌龙茶”和福建福安的红茶、武夷岩茶都很有名。畲族所居山区的矿藏也很丰富，有煤、铁、金、铜、石墨、石膏、硫磺、滑石、云母石、瓷土以及其他各种有色金属。

畲族有自己的语言，属汉藏语系。畲语和汉语的客家方言很接近，但在广东的海丰、增城、惠阳、博罗等极少数畲族使用接近瑶族“布努”语（属苗语支）。畲族没有本民族文字。

畲族自称“山哈”或“山达”。“哈”、“达”，畲语意为“客人”。“山哈”即指山里人或居住山里的客人。这个名称不见史书记载，但在畲族民间却普遍流传。

公元7世纪初，畲族人民就已经劳动、生息、繁衍在闽、粤、赣三省交界地区，当时被泛称为“蛮”、“蛮僚”、“峒蛮”或“峒僚”。

公元13世纪中期，南宋末年的史书开始出现“畬民”和“輋民”（輋音与畲同）的称呼。刘克庄在《漳州谕畬》一文中说：“畬民不悦（役），畬田不税，其来久矣”，“余读诸畬款状，有自称盘护孙者”。文天祥在《知潮州寺丞东岩先生洪公行状》中亦载：“潮与漳、汀接壤，盐寇、輋民群聚……”。“畬民”、“輋民”二者字异音同.都是指同一个民族，前者指福建漳州一带的畲族，后者指广东潮州一带的畲族。

“畲”字来历甚古，至少早在春秋时就已经出现，但只是南宋末年才开始被用作民族的名称，距今已有七百多年的历史。元代以来，“畲民”逐渐被作为畲族的专有名称，普遍出现在汉文史书上。新中国成立后，正式把畲族确定为统一的民族名称。

【历史沿革】

关于畲族来源，主要有两种说法：一种是认为畲、瑶同源；另一种认为畲族是古代“越人”的后裔。

畲、瑶同源说的主要依据是：在汉文史书上往往把畲族叫“瑶人”或“畲瑶”；畲族的族谱中多称自己为“瑶人”或“瑶家”；分布在粤东的操苗瑶语族语言的畲族，在海丰、惠阳被汉人称为“畲人”，但在增城、博罗的却被称为“山瑶”；畲族保存的《开山公据》（又名《抚瑶券牒》）和部分瑶族的《迁徙榜牒》（又名《过山榜》）都同样流传着具有氏族图腾信仰残余的盘瓠传说，以及有关歌谣和画像，都说畲族原有盘、蓝、雷、钟等姓。现在畲族中虽不见盘姓，但在瑶族中却有很多盘姓以及蓝、雷等姓。以此证明，畲族和瑶族在历史上的渊源是很密切的。

主张畲族是古“越人”后裔的说法，是根据汉文史书中关于越、畲地理分布的对照、民间传说和历史记载的偶同或从字意、字音的演变去推论，以及畲、越具有共同的盘瓠传说，共同的生产方式、生产水平和共同的风俗习惯等，认为畲族乃古越人的后裔。在“越人”后裔说中，又有不同的具体说法，其中有的认为畲族乃春秋时期越王勾践或范蠡的子孙；有的则认为畲族是汉晋时代“山越”的后裔。

除有上述说法外，尚有下列几种说法：

“东夷”说。认为畲族（包括部分瑶族）源于“武陵蛮”，而“武陵蛮”是“东夷”迁居鄂、湘西部地区后，融合了其他民族成份而形成的。此说从先秦氏族的迁徙、神化传说、考古资料以及文化特点等方面，论证了“武陵蛮”中一支“诞”（即“莫徭”）是由“东夷”族群迁到湘西、鄂西后，融合了三苗、氐、羌（犬戎）的成分而形成的，到唐宋之际，“莫徭”在迁徙过程中，又分别发展形成新的族体——畲族、瑶族，有一部分加入苗族。

“广东土著”说。此说认为盘瓠传说不仅流传于“武陵蛮”中，还应包括《搜神记》中所说的“今即梁汉、巴蜀、武陵、长沙、庐江郡夷是也”，相当于今天大半个南中国。因此说畲、瑶同汉晋时代崇奉盘瓠传说的“南蛮”有密切历史渊源关系。又因福建、浙江等地区畲族广泛认可广东凤凰山是他们的民族发祥地，从而论证畲族乃东汉时期久居广东的“南蛮”一支，是广东的土著民族。

福建土著“闽”族后裔说。认为闽、越乃我国南方的两个古老民族，闽族系福建土著，乃畲族之先民，越乃福建的客族，畲族非衍出于越族。

河南“夷”人说。认为畲族源于古代河南“夷”人的一支,是属于高辛氏近亲的一支氏族部落。有的认为畲族源于河南，其祖先是“龙麒”。

隋唐以后，畲族开始从广东潮州向东北迁徙，到宋、元时期，畲族居住区已扩大到泉、潮、汀、漳一带，一部分迁入闽东北的山区。明清时期，畲族逐渐向浙南山区移动。关于畲族的发源地，各地畲族都传说祖籍是广东潮州凤凰山，后来由于历代反动统治阶级的残酷压迫，被迫逃往深山密林寻找立脚之地。

公元7、8世纪，随着畲族地区的开发，生产力的提高，社会经济得到进一步发展。唐王朝先后在福建漳州、汀州设治，实行辟地置屯、招徕流亡、营农、积粟、通商、惠工等政策，促进了经济发展，加强了这些地区与中原地区的联系。

宋代，畲族地区已处于封建社会。畲族人民除广种水稻外，还普遍种植茶叶、甘蔗、苎麻等经济作物。封建地主霸占畲族农民的土地，进行残酷的剥削。畲族内部已有“有恒产之民”和“无恒产之民”，许多贫苦农民，逐渐沦为佃农，阶级矛盾日益尖锐。

公元14世纪，许多畲民经过不断迁徙而定居在闽东、浙南和赣东北山区，他们和当地的汉族人民一起共同开发山区经济，交流生产经验、社会生产力有相当大发展。无论是土地利用、作物种类、生产工具、耕作技术等方面都跟附近汉族人民大致相同。农作物的品种也大大增加，有面稻、光稻、早晚稻等品种，其中有一种适宜旱地耕种的山稻，一年可两熟。除水稻外，明中叶番薯传入闽、粤后，成为山区农业的主要作物。这时官吏、地主、豪强大肆侵占土地，许多畲民无地或少地，被迫逃亡。明朝政府实行招抚政策，在畲族地区设畲官，利用畲族内部上层人物来统治畲族人民。

公元17世纪中期，清兵入关，对各族人民实行军事镇压，强迫畲族改变服饰和风俗，民族压迫更加严重。鸦片战争后，帝国主义的政治、经济势力侵入畲族地区，还以传教、办学校、设医院等为名进行文化侵略。

在国民党政府统治时期，畲族人民深受三座大山的压迫剥削，农民进一步失去土地，苦难更为深重。封建地主阶级通过地租、高利贷进行盘剥压榨，许多畲族农民因丧失生产资料，被迫出卖劳动力。国民党政府推行保甲制度，苛捐杂税多如牛毛，抓丁派款急如火星，福建霞浦县南塘村，畲族每户每年平均被摊派税款达千斤稻谷。畲族人民受尽灾难，过着极其悲惨的生活。

在漫长的封建社会里，畲族人民与汉族人民曾多次联合起义，反抗历代统治者的压迫。唐总章二年（669年），广东潮州与福建南部的畲族先民先后在雷万兴、苗自成、蓝奉高等人的领导下，掀起了反抗唐王朝统治的斗争。畲族起义首领与汉族起义军联合经过大小百余战，官兵才镇压了这次起义。

南宋嘉定二年（1209年）十一月，在江西爆发的以畲族李元励为首的规模较大的反抗斗争，起义军数万人，活动在广东南雄、江西赣州、南安军等地，所向披靡，坚持斗争3年之久。宝庆元年（1225年），江西赣州又爆发了以汉族陈三枪和畲族钟全为首的畲汉两族人民联合起义，起义军活动于闽、粤、赣三省交界地区，坚持斗争至端平元年（1234年）才被镇压。

元代，畲族人民在陈吊眼、黄华，畲族妇女许夫人等领导下，先后组织畲族人民成立“畲军”，积极参加了以文天祥、张世杰等领导的抗元斗争，畲、汉两族人民十几万人共同英勇奋战，成为宋末抗元斗争中的一支重要力量。在宋亡后，仍然坚持斗争达3年之久。这次起义是畲族人民抗元斗争中规模较大的一次，在畲族人民反封建斗争史上具有深刻的影响。

明代，畲族人民因不堪压迫，到处爆发农民起义。1512年，钟聪、张番璮、李四仔等领导闽、粤、赣三省交界的上杭、寻邬一带畲、汉两族人民在“大帽山”起义，起义军连陷建宁、宁化、万安等县。1516年以谢志山、蓝天凤为首的畲、汉族人民起义歼灭大批官军，杀死贪官污吏，没收地主夺去的土地，甚得民心。畲、汉两族人民纷纷参加起义军，达数万人。此次起义的规模大，持续时间长，影响广，声威远及闽、粤、赣、湖广等四省，在畲族人民反封建斗争史中占有重要的位置。

历史上畲族人民多次的起义，虽然都遭到封建统治阶级的镇压而失败了，但起义促使统治者不得不采取缓和矛盾的一些措施，例如至元二十七年（1290年）元朝政府曾三次下令免征广东、江西一些地区的田租，还减免盐、酒等课税，建立屯垦制度，招抚“畲军”屯田，这些措施无疑对于当时社会经济的发展都起着积极的作用。

近代以来，畲族人民又掀起不屈不挠的反帝反封建斗争，特别是在中国共产党领导的人民民主革命时期，畲族人民为中华民族的解放事业作出了更加宝贵的贡献。

第一次国内革命战争时期，散居在粤东增城、博罗、惠阳等县的畲族人民，就曾积极组织农会，和地主进行斗争。海丰县红罗村畲族被反动派军队烧过3次，抢掠过五、六次，仍积极为革命搞通讯，掩护革命同志。潮安县山犁、碗窑等村的畲族群众积极参加革命工作，巧妙地通过“放纸贴”的办法把传单送到每家门口，宣传革命道理。浙南地区很早就建立党组织。1927年2月，党在瑞安县发动了3万多农民、工人和商人，举行声势浩大的示威游行，捣毁了反动商会，痛打了反动会长。1927年春，福安县七十二个村的畲、汉两族农民在革命知识分子的发动下曾进行了反对征收鸦片捐的斗争。

第一次国内革命战争失败后不久，党在闽东建立了组织，积极领导畲、汉两族人民进行反帝反封建斗争。党派许多革命同志深入到畲族村，在贫雇农中间培养畲族的革命骨干，启发他们的阶级觉悟，并通过他们去团结广大的贫苦畲族农民。

土地革命时期，闽东畲族和汉族农民在党的领导下，纷纷建立贫农团，开展“五抗”（抗捐、抗税、抗粮、抗租、抗债）斗争，积极参加赤卫队、游击队，举行武装暴动。1933年冬，福安甘棠等地的畲、汉两族人民配合赤卫队、游击队共1000多人，攻占赛歧镇，缴获伪兵团83支枪，打开国民党的粮库、盐仓，分粮分盐给劳动人民，扩大了革命影响。霞浦县青皎等47个畲、汉村庄4000多人也在党的领导下，进行武装暴动，严惩了一批罪大恶极的土豪劣绅、恶霸地主，摧毁沿海渔民深恶痛绝的盐田海关，没收盐田乡大地主的200多担粮食，分给贫苦农民，并宣布废债废租、除捐灭税。革命风暴席卷了整个闽东，各地普遍建立了工农民主政权，实行土地革命。浙南畲族人民也在党的领导下开展武装暴动，进行抗租、抗债等革命活动。

在红军北上抗日后的艰难岁月里，畲族人民有一部分随军北上抗日，留下来的坚持斗争，组织游击队配合主力部队反对国民党政府的“清剿”。许多畲族群众巧妙地掩护了革命同志，保存了党的革命力量，涌现出许多可歌可泣的英雄人物和事迹。

解放战争时期，畲族人民继续坚持革命斗争。畲族地区大部分是革命老根据地，闽东畲族地区有70%以上是老苏区。根据地的畲族人民对革命事业做出了宝贵的贡献，在我国革命史上写下光辉一页。

【风俗文化】

畲族比较集中的村寨一般都有“祠堂”和“房”的组织。同姓同祖多属于同一个祠堂（亦称宗祠）。祠堂是由各“房”构成的，设族长一人，由辈分最高、年纪较大、办事公正、有一定威信的老人担任。族长可按习惯法主持或负责处理族内外的各种纠纷，管理族内公共事务，如收缴族租、掌管族账、执行族规，给晚辈排辈分，并主持祭祖活动。祠堂拥有公产田、山等，其收入供轮流祭祀之用，每年在冬季或清明各祭祀一次。有些村寨除有一个祠堂外，还有家庙一所，家庙的祭祀日期，比祠堂的祭祀日要晚几天。

祠堂之下有“房”的组织，乃按血缘的亲疏而组成。同姓近亲的人为一房，称为“共房”、“介寮”（即一家人的意思），同房的人聚居在一起，有的还修有房谱。“分房”是兄弟分家时产生的，一般是大儿子为“大房”，次子为“二房”，其他按次类推，但都是同一祖宗为基础的。

畲族地区都以小家庭为社会生产、生活的基层单位。家庭中以男子为中心。女子婚后从夫居，所生孩子从父姓。在处理家庭纠纷事务中，舅父的意见往往被采纳。在家庭中虽然男性是家长，但妇女在家庭中的地位一般比较高，女子往往同男子一样享有财产的继承权，这是畲族妇女在社会经济生活中占有重要地位的反映。独生女可招婿，儿子多的有些也可以出赘。赘婿一般都得从妻家的姓，才可继承财产，所生子女通常从母姓，但有的还可以姓两个姓。

畲族男子一般有三个名字：乳名、世名（本名）、和讳名，妇女一般只有两个名字，即本名和讳名。讳名按排行的不同而命名。

处罚是由族长按习惯法执行的，如偷窃小物件，只要退还主人就算了事，家境富裕的要罚请吃饭；忤逆父母的，族长亦可教育之；不许殴打妻子。做娘家头（畲语称“打生利亲”），就是妇女出嫁后，因受夫家虐待，娘家便组织亲房叔伯母舅等人到男方家讲理，直至男方认错，这些人就叫“娘家头”人。因此，在畲族中虐待妇女的事情很少发生。

畲族普遍实行一夫一妻制。一般同姓不婚，通婚多在本民族内部的盘、蓝、雷、钟四姓中进行。过去，畲族婚姻一般是不要聘金的，女儿出嫁，十分简朴，嫁奁除一般礼物外，还有农具、斗笠、蓑衣等，稍为富裕者，也有以耕牛作陪嫁的。新中国成立前，由于存在着民族压迫和歧视，畲、汉族严禁通婚，成为畲族内部的一条族规。在建立婚姻关系的过程中，受汉族的影响而由父母包办婚姻，婚姻极不自由，从订婚到结婚，有一整套陈规陋习，男方娶亲需交给女方聘礼，贫苦农民因经济困难，往往终身不能成婚。这种封建买卖婚姻制度，剥夺许多青年男女的幸福，造成很多悲剧。新中国成立后，随着民族平等团结政策的执行，畲、汉族之间的通婚逐渐多起来了，买卖婚姻也逐渐取消，青年男女自由恋爱结婚。

畲族在历史上曾盛行过火葬。到新中国成立前，畲族普遍用土棺葬，丧葬仪式大致和汉族相同。丧仪程序有报丧、戴孝、大敛、小敛、择日、送葬、卜葬、祭奠、扫墓等。但部分畲族地区仍保留以歌代哭、做功德、拾骨重葬等丧俗。

畲族民间工艺美术的特点，主要表现在服饰的刺绣和斗笠的编制等方面。畲族妇女擅长在衣裳、蚊帐眉、被单、肚兜、鞋面、烟袋等上面刺绣各种花鸟和几何纹样。刺绣色彩鲜艳明快，对比强烈；用色多以大红、桃红为基调，配以黄、绿、白、蓝各色，有的用金线镶嵌，增加华丽氛围，形成一种独特的艺术。编织花带是畲族妇女的基本功，畲族姑娘通常七八岁就开始学编织花带。畲族花带长几米到几十米不等，花带色彩多样，宽度小的用来系裙、裤和捆绑衣物。畲乡竹编手工艺品有篮、篓、箩筐、竹枕头、梳妆盒、回纹席等，品种繁多。最具特色和代表性的是竹编斗笠和合手巾带（花腰带）。尤其斗笠做工精细，颇有声誉，斗笠花纹有：斗笠燕、顶、四路、三层檐、云头、虎牙、四格、燕嘴等几种同时使用的花纹。斗笠成为畲族妇女喜爱的装饰品之一，畲家姑娘常以花斗笠陪嫁。

畲族妇女的传统服饰有鲜明的民族特色。衣尚青、蓝色，多着自织的苎麻布，衣右襟和袖口镶花边，色彩斑斓绚丽。服装款式有福鼎式、霞浦式、福安式、罗连式和丽水式之分。福鼎式通常称福宁东路装，上衣分大领和小领。多用水红、水绿做底色，加绣花纹。霞浦式又称福宁西路装，流行于霞浦县西、南、中部和东部畲村以及福安东部地区。其特点在于前后衣片长度完全相同，也是大襟式，有服斗和系带，可两面翻穿，逢年过节或外出做客穿正面，平日在家或外出劳动穿反面。福安式领口低窄，青年妇女所穿的服斗绣花偏宽，领口多为花领，绣工特别精细，多作为盛装、礼服。罗连式又称罗源式，流行于福建罗源、连江和宁德南部飞鸾一带，一般穿黑色短裤，打绑腿，领上花色由红、黄、绿、红、蓝、红、黑、红、水绿的顺序排列成柳条纹图案，上领的黑底上绣有一条水红、黄色的粗线条的自然花纹，围身裙的图案花纹以大朵的云头纹为其特征，裙边配上柳条纹原色图案花纹，非常醒目。丽水式，以浙江丽水地区为代表，富有特色的是花边衫，畲族称为“兰观衫”。

畲族妇女举行婚礼和去世时穿的专用长裙叫大裙。参加丧葬时大裙黑色、素面、四褶，长至脚背，分筒式和围式两种，与上衣套配，束以宽大的绸布腰带或系配色大绸花。婚礼时大裙改用红色面料缝制，束以红绸结的大绸花。

凤冠，又称公主顶，是畲族妇女婚礼和逝世时使用冠戴。尖顶圆口，戴于发髻上，以红绸带或料珠串扣于下颌。婚礼用凤冠系有遮面银饰，俗称“线须”，由一块长方形银牌和九串银饰薄片组成，垂挂面前，银牌上有""双龙抢珠""图案，银片纹饰为鱼、石榴、梅花等吉祥物。

畲族男子服装有两种：一种是平常穿的大衣襟、无领青色麻布短衫，长裤，冬天穿没有裤腰的棉套裤。另一种是结婚或祭祖时穿的礼服，礼服为青色长衫，祭祖时则穿红色的长衫。

畲民多住茅草房或木结构泥墙的瓦房，一般都是一厅堂（可隔为两间）、左右厢房（可隔为四间）。畲族盖房子往往是先立柱上梁，然后屋顶盖瓦，最后才筑墙和整修室内。

畲族的民族文学艺术十分丰富。文学作品有山歌、神话传说、民间故事、谚语、谜语、儿歌等，音乐、舞蹈绚丽多彩，都有鲜明的民族特点。由于长期和汉族杂居的关系，在他们独特的艺术风格中，受汉族文化影响较大。

山歌是畲族文学的主要组成部分，多以畲语歌唱的形式表达，易为群众所接受，代代相传，并不断丰富和发展。所以他们的文学基本上是民间口头文学。畲族人民不但在各种节日和喜庆场合唱歌，还在日常生活和田间劳作以歌对话。有的地区每年还举行规模盛大的“盘歌会”。

畲族山歌以七言为一句，两句为一行，两行称为一条。内容生动活泼，丰富多彩，题材广泛，形式多样，寓意深刻。传统的山歌有些己散失无传，现流传下来的约有一千多篇、四五万行。有追述本民族来源和迁徙经过的长篇叙事诗歌《高皇歌》和《麟豹王歌》、《元朝十八帝》、《封金山》等，其中以《高皇歌》流传最广，这首长达三四百句的七言史诗，系根据畲族原始图腾信仰的盘瓠传说改编而成。还有歌颂劳动和爱情的“杂歌”，有取材于本民族的故事传说和汉族的民间神话、章回小说、评话唱本等编成的“小说歌”。如《钟景祺》、《蓝佃玉》、《白蛇传》、《梁祝》等。尤其是有关历史传说的山歌，更是家喻户晓，人人会唱。此外，还有大量的革命山歌和新中国成立后的新歌。在那战火纷飞的革命年代里，畲族人民亲身经历了艰巨的革命洗礼，编出不少革命山歌等。目前搜集到的有“十送郎”、“十字歌”、“五把白扇”、“二十三年革命歌”、“十更歌”、“朱毛兵士真真多”、“抓丁苦”、“到我村里当红军”等。唱歌的形式除独唱、对唱外，还有二声部重唱，畲族人民叫作“双条落”，它是我国民歌演唱中稀有的形式，丰富了我国的民间音乐。

畲族地区群众性的舞蹈多已失传。新中国成立后，文艺工作者根据畲族正月祭祖仪式中道师（本民族祭师）跳的舞蹈，加工整理为“踏步舞”，又称为“猎捕舞”，具有浓郁的生活气息，主要反映了畲族人民在行猎过程中的动作。根据畲民在婚礼仪式中的舞蹈动作如蹲步团拜、拜堂、换灯、献茶、敬酒等，加工整理成为“婚礼舞”。1980年全国少数民族文艺汇演时，浙江省畲族演出的“幸福路”、“凤凰彩带飞北京”、“银耳花开”都得到好评。其中以反映畲族婚俗为题材的舞蹈“新婚”，还被选为优秀节目。

畲族人民酷爱体育活动，“打尺寸”、“盘柴槌”、“节日登山”、“骑海马”和“竹林竞技”等，都是畲族民间流传十分有趣、别具一格的体育运动形式。畲族人民练拳习武之风十分盛行，经过千百年来的传承，已形成了独具一格的民间武术。畲族武术分棍术和拳术两种。“盘柴槌”就是棍术中的一种。拳术广泛流传于畲族山村，是畲族人民世代流传的民间体育活动。福建罗源县八井村畲族的拳术，更是攻防有术，独具一格，世代相传，经久不衰。他们称拳术为“打工头”。

畲族的节日大多与汉族大致相同，有春节、元宵节、清明、端午、中秋、重阳、冬至等，其中以春节、端午最为隆重。畲族也有本民族传统的节日，典型的有会亲节、乌饭节、分龙节、元帅节等。

由于族支繁衍，子孙处于浙南、闽东各地，省亲路远、探亲无期，乃定在每年春耕前的农历二月初二为会亲节，迄今己有两百多年的历史了。当天闽东、浙南畲村都定点聚会，举办歌会，畲家诸姓相聚一起，以歌会亲友。

农历三月三日畲民染乌米饭祀祖先，称“乌饭节”，俗称“上已节”，是畲民的传统节日。这一天，畲族男女成群结队出门""踏青""，采集乌稔叶子，泡制乌米饭，缅怀先祖，并以乌米饭赠亲友，预祝丰年。

分龙节，是畲族传统的节日，每年在农历夏至后的“辰”日举行（福建霞浦县畲族在五月二十四日举行，叫“立秋分龙”）。传说这一天玉皇大帝给畲山“分龙”，象征着风调雨顺，五谷丰收，是日，畲族人民禁用铁器，禁挑粪桶，不劳动。他们还群集在预定的地点或登高举行赛歌会，青年男女还通过对唱山歌，寻觅情侣。

农历八月二十三是元帅节，闽东畲族供奉田公元帅者皆行元帅节。是日，杀一只大公鸡，连同其他供品祭神田公元帅。祭罢，举家喝""元帅酒""，壮胆驱邪。

农历十二月十五或廿四日浙南畲族为“打尘日”，家家户户打扫灶房尘土，洗刷家具，清扫垃圾。粤东畲族将此两日称为“谢神日”。各户备上牲畜到祠堂、宫庙拜谢诸神。

畲民十分重视祖先崇拜。每年二月十五、七月十五、八月十五为祭祖日。畲族祭祖，是对祖先的怀念和祭奠，也是对子孙训勉的机会，通过祭祖，追述民族起源的历史，借以激发民族的自豪感，增强民族内部的团结。

畲族每一宗族有一个祖杖，祖杖雕刻有龙头，这是畲族图腾信仰的主要标志。在各地畲族中广为流传的“盘瓠”传说，也是畲族图腾信仰的遗迹。盘瓠传说是说畲族祖先叫盘瓠，因为帮助高辛皇帝平息外患有功而娶了三公主为妻，婚后携公主迁居深山，生三男一女，长子姓盘，次子姓蓝、三子姓雷，女婿姓钟，繁衍下来就形成了后来的畲族。他们把盘瓠传说绘成连环画式画像（称祖图），祀奉虔诚，每三年举行大祭一次。宁德畲族，每三年迎祖一次，日期在农历正月十四。那天彩旗纷飞，鼓乐喧天，热闹非凡。

畲民十分重视狩猎，笃信“猎神”（即“射猎师爷”），每次于行猎之前，猎手们要手持香火，拜祭“射猎师爷”，保佑子弟上山枪头落火，枪尾得财。

新中国成立前，畲族除重视祭祖崇拜祖先外，还崇信鬼神，供奉的神有土地公、白马王菩萨、齐天大圣、天地神、灶神等。新中国成立后，随着生产力的发展，社会的进步以及文化水平的提高，那些不利于民族发展的陈规陋习和迷信忌讳，已逐步改革。"
高山族	"居住在台湾的少数民族，是我国统一多民族大家庭中不可分割的一部分，长期以来，他们和汉族人民一起，披荆斩棘，把台湾开辟成为美丽富饶的宝岛，并共同反抗外来侵略和历代统治阶级的压迫，对于共同缔造祖国的历史和文化作出了重要的贡献。对台湾的少数民族，我国政府以“高山族”为其正式族称，台湾当局则称其为“原住民”。

据2004年台湾行政主管部门统计，台湾“原住民”共有452，579人，占台湾总人口的2%左右，主要分布在台湾本岛的山区和东部沿海纵谷平原及兰屿上。此外，根据祖国大陆第五次人口普查统计，高山族还有4，461人散居在祖国大陆的福建、武汉、北京、上海、南京、山东和安徽，他们大多是抗日战争胜利前后，从台湾移居大陆的高山族的后裔。

台湾本岛由台湾山脉纵贯南北，峰峦起伏，风景优美。岛上四季如春，雨量充沛，土地肥沃，物产丰富。稻谷一年两熟，中南部有些地区可三熟。甘蔗产量很大，是我国著名的蔗糖产地之一。乌龙茶和红茶饮誉中外。热带和温带水果也很有名，有八十多种，产量较大的有香蕉、菠萝、木瓜、椰子、柑橘、槟榔和龙眼等二十多种。森林占全岛面积百分之五十五，是我国木材的重要产地之一，素有“森林之海”的美称，其中特产樟脑占据世界总产量的百分之七十以上。境内河流短而急湍，蕴藏着丰富的水力资源。地下矿藏丰富，有金、银、铜、煤、石油、天然气、硫磺等。沿海地区的水产品也十分丰富，是我国有名的“鱼仓”，也是我国东南部重要产盐区之一。

由于语言、风俗习惯及传统的社会组织结构的不同，高山族内部又分为阿美人、排湾人、泰雅人、赛夏人、布农人、邹（曹）人、雅美人、鲁凯人、卑南人、邵人、平埔人等。他们有自己的语言，没有本民族的文字。高山族的语言属于南岛语系印度尼西亚语族，各族群之间的语言差别比较大，共同特点是，都属于多音节的没有声调的胶着语。

历史上对台湾少数民族的称呼一般都与台湾当时的地名联系在一起。最早可追溯到三国时的“夷州人”或“山夷”；隋朝时称“流求人”；宋元时称“琉球”、“流求”或“土人”；明代称“东番夷”、“淡水夷”；郑成功收复台湾后，称他们为“土番”、“土民”；清代称为“番族”、“番人”，称他们居住的地方为“番（蕃）社”。又以生产生活习俗和居住地的不同，分为“生番”、“熟番”、“黥面番”、“高山番”、“平埔番”、“东番”、“西番”、“南番”、“北番”以及“水沙连番”、“琅峤番”、“卑南觅番”等。

明末，少数倭寇来到台湾西南部沿海，因台湾岛上风光明媚，气候宜人，与日本播州海滨之地高砂相似，故称之为高砂，后被明朝军队驱逐，当地少数民族“喜为除害”。1895年,清朝政府与日本订立马关条约，日本侵占台湾50年，遂称台湾的少数民族为“高砂族”或“番（蕃）族”。西方人称台湾少数民族为“福摩萨人”或“福摩萨土著”，意为“美丽岛上的土著民族”。

1945年抗日战争胜利后，台湾光复，统称台湾的少数民族为“高山族”，称居住在30个山地乡者为“山地山胞”，居住在山地乡以外的为“平地山胞”。现在则统称为“原住民”。以上各种称呼都不是台湾少数民族自己的称呼，而是他称，他们内部有他们各自的称呼。从20世纪80年代开始，为了争取土地资源权、参政议政权及其他各种权利，台湾高山族的各分支联合起来，以“台湾原住民族”的名义，参与行政事务的管理等。此后，“原住民族”这一称呼被广泛使用，成为台湾少数民族的统称，并得到台湾当局的承认。“原住民族”先是在台湾的学术界被广泛运用，如今大陆的学术界也沿用了这一名称来称呼台湾的少数民族。

【历史沿革】

关于台湾少数民族的来源，说法不一，其主要观点有三种，第一种认为台湾少数民族是中国大陆百越民族中闽越的一部分，第二种认为台湾少数民族是来自菲律宾、婆罗洲诸群岛的马来人。第三种认为台湾少数民族主要是源于中国大陆东南沿海的闽越，在历史发展中又先后融合进了来自琉球群岛、菲律宾、婆罗洲及密克罗尼西亚诸岛的移民，各种移民交相融合，逐步形成了今日台湾高山族的不同群体。多源说较易为现今的学者所接受。另外，还有土著居民说(矮黑人)。不论台湾少数民族的来源如何，至少到明清时，汉文史籍已将台湾少数民族统称为“东番”、“番族”，说明台湾少数民族的民族特征已得到了古代学者的认可，成为了祖国民族大家庭中的一员。

根据考古资料，1970年在台湾台南县左镇乡发现了一块人类头顶骨的化石残片，时间距今约二万到三万年前，属于旧石器时代后期的遗物。以后又陆续发现了六件人头骨片化石，被定名为“左镇人”，这是迄今被发现的最早的台湾居民，与北京周口店的山顶洞人有亲缘关系，应该是从大陆移居台湾的。

1968年，考古者在台东县长滨乡八仙洞出土了6000多件打制石器和100多件骨角器，时间约在一万五千多年前。其石器由砾石打制，属于旧石器时代的器物，石器的种类和制作技术与大陆东南部的同时代出土文物相近。这些石器等物，被定名为“长滨文化”。根据这些出土文物推测，当时的人们过着渔猎和采集的生活，居于洞穴之中。至于“左镇人”、“长滨文化”的主人与现在台湾少数民族是何渊源关系，目前尚有争论，但有学者认为他们才是台湾真正的原住民。

进入新石器时代，台湾的文化遗存显著增多。1958年，考古者在台北县八里乡的大坌坑发掘出了大量的石器和陶器碎片，时间约为7000余年前到5000年前，被命名为“大坌坑文化”。大坌坑文化的分布较广，其石器有打制石器、磨制石器，有大量的石斧、石凿、石锛、石箭镞等，其陶器有碗和瓿，陶片上布满绳纹，这些文物与大陆东南沿海的新石器文化有共同之处，即都有绳纹特征。

自4500年前到2000年前，台湾进入圆山文化时代。以台北市的圆山贝丘遗址为代表，出土了大量的石器、陶器、骨角器、玉器及少量青铜器。石器的制作已有很大的进步，其有肩石斧、有段石锛和大型磨光的石器同属大陆东南沿海的新石器文化系统，有学者据此认为圆山文化的创造者是从大陆移居台湾的。与圆山文化同时并延续到四、五百年前的凤鼻头文化遗存，同样具有大陆东南沿海文化遗存的特征，特别是与福建闽侯昙石山文化遗存最为相近，说明当时福建、台湾的居民已有紧密的联系和往来。

台湾新石器时代的文化还有卑南文化，距今约三千年。其遗址位于台东县卑南大溪右岸河阶，因遗址矗立岩石柱而被考古者注意，发现时间已过百年。经过多次发掘，出土了大量的石棺、石器、陶器、玉器等物。从遗物分析，卑南文化的主人已经经营原始农业，兼营渔猎和采集，有了定居的生活，有衣服及饰物，也有祖灵的思想。其遗物特征与大陆东南沿海的同时代文化亦有相似之处，证明卑南文化的主人与大陆有着密切的血缘与地缘关系。

自秦朝统一中原后，台湾与大陆的联系就更为紧密。据史载，三国时吴国孙权于公元230年派将军卫温、诸葛直率甲士万人航海到达台湾岛，并带回当地居民数千人，这是见于正史记载的大陆政府第一次经略台湾，同时也进一步加深了大陆人民对台湾的认识与了解。东吴的丹阳太守沈莹即依据此行的经历或传闻，著有《临海水土异物志》一书，说当时的台湾先民居于山溪，各有部落统属。使用各种石器和骨器，种植五谷，兼营渔业。有纺织业，能作细布，并饰以花纹。以粟为酒，唱歌娱乐，有猎首的风俗和已婚女子凿去前齿的习俗，而且这些生产生活习俗与大陆浙南闽北一带的“安家之民”颇为相似。这是大陆学者第一次记述台湾的居民与风物，也已认识到海峡两岸的渊源关系，并为后人提供了极其宝贵的研究资料。隋朝时，羽骑尉朱宽两次奉命到台湾访求异俗，得一台湾居民和布甲还。610年，隋炀帝令虎贲郎将陈稜和朝请大夫张镇周率军万余渡海到台湾抚谕，最后载50户台湾居民而还。依据此次实地考察，《隋书•流求国传》对台湾作了较详实的记载。当时台湾的生产水平尚低，属金石并用时期，铁器少，多用作武器，农作时使用石器，刀耕火种，有稻梁豆诸作物，饲养猪鸡。将树皮、苧麻、畜毛杂织为衣，以珠贝鸟羽为饰。男子拔毛，女子文身，婚姻关系较自由。已有物候历以纪岁时。好相攻击，尚有食人之风。社会组织为原始公社制，公共事务民主议定，人皆平等。台湾与大陆的民间交流活跃，因而隋军船队到达时，台湾居民误以为是商旅船队，往往主动到隋军中交易。

唐宋时，大陆经济高度发达，海上交通贸易十分活跃，因而有不少大陆人移居澎湖、台湾本岛从事开发，如此增加了大陆对台湾的认识并提升了台湾的重要性。南宋时，中央政府正式将澎湖诸岛隶属于福建省晋江县管辖，澎湖被纳入大陆版图。元朝政府在13世纪后期，设隶属于泉州路同安县的澎湖巡检司以管理澎湖、台湾等岛屿的民众，这是台湾本岛第一次被纳入中央政府的直接管辖。宋元时中央政府对台湾岛屿的正式设治，进一步加强了两岸间的交流与了解，南宋赵汝适的《诸蕃志》、元代汪大渊的《岛夷志略》都专门谈及台湾同胞，《宋史》、《元史》、《文献通考》诸书也对台湾有所记载，可见当时两岸政治与经济贸易关系的进一步加强。

明朝时，倭寇侵略台湾，明军为保护台湾而出兵。陈第随军出行，实地考察了台湾岛，著《东番记》一书。《东番记》对台湾的民情风俗作了更详细的介绍。当时台湾的居民族群众多，各以“社”为社会单位，人数不等，但均无酋长。性好斗，有猎首风俗。交易时结绳以识，无日历文字。无水田，治畲种禾。男子穿耳，女子凿齿。伐竹构屋，少壮未娶者皆居公廨。实行入赘的母系家族婚制，已开始出现贫富分化。与大陆的商贸交通日盛，以畜牧产品交易手工产品。

明末，民族英雄郑成功亲率义军从荷兰殖民者手中收复台湾，建立郑氏政权，并持续23年。其间，郑氏为巩固对台湾的统治而采取了诸多有利于台湾居民经济文化发展的措施。如建立地方政权机构，派官员治理地方；鼓励开荒屯田，广泛推广牛耕和铁犁；招大陆东南沿海的汉民移居台湾，从事各种经营开发；免徭役；开办学校，令台湾少数民族子弟入学读书。这是大陆军民第一次大规模地移居台湾，极大地加强了海峡两岸人民间的相互了解与信赖，也使得台湾少数民族的经济文化水平有了较大的提高。

1683年，清朝出兵收复台湾，将台湾正式并入清朝版图，并设立台湾府和台湾、凤山、诸罗三县，后又增设彰化县和淡水、澎湖、噶玛兰三厅，光绪十一年（1885）清朝将台湾府升格为省级行政机构。由于政治上的统一，使海峡两岸间人民的交往更为密切，大批汉民移居台湾，使原本人烟稀少的台湾岛得到快速的开发。清朝政府对台湾的少数民族采取分类管理的方法，将其划分为“生番”、“熟番”。对与汉民杂居的“熟番”，视同汉民，采取与汉族同样的政策予以管理。对居于交通不便地区且保留有浓厚民族特征的“生番”，起初予以妥善的保护，不许汉民及奸商前去骚扰。光绪年间，清政府为了应付日本帝国主义等列强，废止了原来实行的封山禁垦令，实施“开山抚番”的政策，鼓励汉人移民入垦“生番”区。“开山”之举包括：屯兵卫，刊林木，焚草莱，通水道，定壤则，招垦户，给牛种，立村堡，设隘碉，致工商，设官吏，建城郭，设邮驿，置廨署等；“抚番”措施包括：选土目，查番户，定番业，通语言，禁仇杀，教耕稼，修道涂，给茶盐，易冠服，设番学，变风俗。沈葆祯以军事力量开通后山道路（东部沿海至西南海边），一方面积极招抚各社高山族部落，另一方面鼓励汉人开垦番地。刘铭传任台湾巡抚后，以“抚番”为治台的首务，设立全台抚垦总局，在各地设立抚垦局及分局，局中设置医生、教耕、教读等人员，更全面地推行“番政”。从沉葆桢在台主政，历经丁日昌、刘铭传两任巡抚，开山“抚番”政策的实施促进了台湾的经济发展，缓和了民族关系，巩固了台湾防务，对台湾的“外防内治”起到了积极作用。在刘铭传任内，台湾还建成了从基隆到新竹的铁路，这也是中国最早建成通车的铁路。

在清政府的有效治理下，台湾少数民族的社会经济得到了飞跃的发展，社会生活出现了巨大的变化。与汉人杂居的部分从刀耕火种的生产方式改为使用较先进的农业工具和方法，开辟稻田，兴修水利，有的村社已与汉人乡井无异。在畜牧业方面，台湾少数民族已懂得人工饲养家畜。他们还会织树皮布、毛织品、麻织品，其“罽毯”染五色狗毛、杂树皮为之，陆离如错锦，质亦细密。大陆人多欲购之，常不可得。他们创造出水平式背带织机织出的“达戈纹”布，也很有名。海峡两岸间的经济交流在政治统一的背景下十分活跃，台湾少数民族需要来自大陆的手工业品和日用品，大陆也需要台湾的农副产品和土特产品。无论生番或熟番，皆喜与汉人互市，采购鼎铛、铜铁、米珠、盐布、梳枇之类商品，台湾的稻米、鹿产品、水果、糖、水藤等物大量输入大陆。在两岸商品交流的作用下，台湾少数民族的发展步伐加快，熟番耕种用的犁耙诸器，生活上的铁铛、瓷碗乃至服饰，几如汉人，居于沿海平原地区的“熟番”开始逐渐汉化，“生番”的变化亦很明显，处于原始社会解体过程中。清政府还在少数民族地区设立学校，鼓励少数民族子弟入学启蒙。两岸人民在杂居交流中增进了了解，建立了互信和友谊，共同开发台湾。

台湾的少数民族和汉族人民一起不仅开发了宝岛台湾，而且共同对侵入祖国领土的外来侵略者和国内的封建统治者，进行了坚决的反抗斗争。

明朝末年，由于吏治腐败，统治者内部矛盾激化，明王朝摇摇欲坠，对外实行闭关锁国的政策。西方列强以及日本为了打通与中国的贸易，不断入侵我国沿海和台湾地区。早在1563年，日本倭寇侵入基隆，台湾民族地区遭到破坏。1593年，日本侵略者诱逼台湾少数民族朝贡日本，被坚决拒绝。1602至1628年，倭寇又多次侵犯台湾，在汉族和当地少数民族的坚决抗击下，倭寇溃退。

1624年，进攻大陆遭挫的荷兰殖民者转而侵犯台湾，在台湾南部建立了台湾城、赤嵌城作为据点。1626年，西班牙殖民者也侵入台湾北部，筑鸡笼城、淡水城为据点。为了独占对台湾的控制权，两个殖民者分庭抗礼，互相征战。1642年，双方在淡水决战，荷兰获胜，独占台湾，开始大肆推行其殖民统治。荷兰人在台湾共统治了38年（1642至1662年），其间，殖民者对奋起反抗的台湾少数民族村落“剿灭无子遗”。设士官管理台湾少数民族，修建教堂，开办学校，牧师充教师。在经济上强征田租、人头税和其它各种苛捐杂税，并从事不等价的商业交换。殖民者残暴对待台湾少数民族，侵夺田宅，巧取豪夺，贿赂成风。对于殖民者的统治，台湾少数民族和汉族移民均十分痛恨，不断掀起反抗殖民统治的斗争。1652年，台湾汉人领袖郭怀一联络当地少数民族起义，一万多人攻打赤嵌城，与殖民军展开激战。郭怀一中弹牺牲，数千起义者被屠杀。起义虽然失败，但却拉开了台湾少数民族与汉族一道共同反抗外来侵略斗争的序幕。1661年，郑成功率军开赴台湾，在岛上少数民族和汉人的大力支持下，郑军重创殖民者，迫使荷兰人于次年二月宣布投降，退出台湾，台湾又重新回到中国人民手中。

鸦片战争后，西方列强对美丽富饶的台湾岛一直垂涎。1841年，英国殖民者率先派军舰侵犯台湾，但在岛上各族人民的共同抗击下败退。此后，美国、法国殖民者也先后以武力犯台，但在岛上各族人民的抗击下仍未得逞。1874年，奉行对外侵略扩张政策的日本公然出兵侵略台湾。日军登陆后，进攻台湾高山族村社，烧杀抢掠。为了保卫自己的家园，高山族与汉族一道抗击侵略者，利用狩猎武器和熟悉的地理条件重创日军，迫使侵略者退出了台湾。

1894年中日甲午之战后，台湾被腐朽无能的清政府割让给日本，在郑氏政权、清政府统治下达233年的台湾沦为日本的殖民地。台湾被割让，引起包括台湾人民在内的全国各族人民的极大愤慨，台湾各族人民为了不当亡国奴而决心誓死保卫台湾，爆发了反割台、反投降的人民群众运动。高山族与台南清军守将刘福通率领的黑旗军并肩战斗，先后在基隆、新竹、彰化、云村等地重创日军，打死打伤侵略军数万人，谱写了台湾各族人民坚决反对外来侵略者的光辉篇章。

台湾沦陷后，日本侵略者在台湾开始实行殖民统治。他们设置殖民政权，颁布强盗式法律，警察遍布全岛，设隘勇线，围困台湾高山族地区。在经济上掠夺了台湾三分之二以上的土地和几平所有的森林产权，对生活必需品实行高价销售的专卖制度，对土特产实行低价收购的专买制，强征80多种苛捐杂税。在文化上实行殖民教育，推行“皇民化”运动，强迫学日文日语，甚至强迫高山族改换日本的姓氏，企图从思想上消除台湾少数民族的民族意识和反抗精神。二战时，日本还在台湾强拉壮丁送到前线当炮灰；强征女性当“慰安妇”，充当日军的性奴。

但是，殖民者的军事镇压和所谓怀柔政策都不能动摇台湾高山族和汉族人民反对外来侵略、回归祖国怀抱的决心。据不完全统计，仅从1895年到1915年的20年间，台湾各族人民的反侵略武装进攻就达百余次。规模较小的反抗斗争更是层出不穷，仅在1904年至1918年15年间，日寇公务员及眷属被台湾少数民族打死打伤者达5396人。到1930年10月27日，更是爆发了震惊中外的高山族人民武装反抗日本殖民统治的雾社起义。

雾社地区位于台湾岛中部，雾社部落属高山族泰雅人的一支，由11个社组成，直接参与起义的6个社共有人口1236人，雾社起义的领导人摩那•罗达奥时为部落首领。长期遭受日本殖民者欺凌奴役的雾社人，在一位劳工被日本监工活活鞭挞至死后，群情激奋，决心以死抗争。被大家推举为领袖的摩那•罗达奥决定举行起义，他向族人庄严宣布：“我们毫无胜利的希望，但是如果现在不起来反抗，我们的将来和我们的后代将永远是奴隶！”

10月27日，这是雾社学校开运动会的日子，正当雾社周围地区的殖民者聚在学校运动会场时，摩那•罗达奥率领起义群众突然冲进会场，用子弹和大刀向侵略者发起了猛烈的进攻。雾社起义一举成功，沉重打击了日本殖民者，大长了民族的志气！起义的第一天，总计杀死137名日本人，并重创6人，轻伤12人，摧毁了一个警察分室和12个警察所。这场起义迅速传遍世界，起义者得到了海峡两岸各族人民的积极支持和声援。大陆报刊不断发表消息和评论，爱国青年为此举行集会和散发传单声援，这都极大地鼓舞了台湾抗日志士的旺盛斗志。

日本殖民者紧急调遣了两个日军大队和一个中队、一个飞行联队及警察武装，动用飞机、大炮、战车等现代武器疯狂镇压起义军。视死如归的起义军，毫不畏惧，浴血奋战，使侵略者付出了惨重的代价。狂轰滥炸亦不能奏效，灭绝人性的日本侵略者竟然冒天下之大不韪，于11月18日出动了十多架次飞机，对起义军据守地施行国际法明文禁用的毒气，将参与起义的包括妇孺在内的一千多名群众几乎全部毒死于山谷中，以摩那•罗达奥为领袖的起义战士全部壮烈牺牲。

雾社起义虽在惨无人道的残酷镇压下失败了，但却显示了台湾各族热爱祖国、崇尚自由的英雄气概，同时也敲响了日本侵略者的丧钟。雾社起义的精神激励着两岸人民前仆后继地抗击侵略者，终于在15年后彻底打败了日本帝国主义，历经五十年（1895－1945年）殖民统治的台湾宝岛，终于又重新回到了祖国的怀抱！

台湾光复前，高山族内部带有原始社会性质的部落组织保存得比较完整，由于各族群的历史发展、社会形态、风俗习惯存在差异，使得部落组织的构成基础也不尽相同。一般可分为以下几种部落类型。（1）以父系氏族为基础构成的部落：以布农人与邹人部落为典型。以氏族为基本构成单位，并利用氏族中的各级单位组成部落中的组织系统。（2）母系氏族及年龄组织：此种部落见诸东部阿美人社会。传统社会以母系氏族为主，女性招赘完婚后共居在女家。有关家庭亲族及财产事务由女性户长作主；部落有关政治、战争、或宗教等公共事务，则由男性的年龄组织处理。阿美人的马太安人，把成年男子依其年龄分为十三级，每一年龄级的人自十六、七岁开始，参加每隔四年举行一次的成年仪式后即成为年龄阶级中的新级，并自名谱选择一名为级名。各阶级在组织中以长幼提携服从为原则，互相协助以完成男性教育训练与服务部落的责任。（3）以泛血统群为基础的部落：以泰雅人部落为典型。是以父系为基础，配合泛血祭团体组成一个部落。（4）以贵族宗家为中心的部落：以排湾人、鲁凯人社会为代表。他们的部落是由几个贵族家系与平民及佃民所组成，再从部落中势力最强、家世最久的贵族宗家来担任部落最高首长。（5）以“祭祀”为目的的社会组织形式。“祭仪”团体的构成单位与范围，有以地域群为祭团联系基础和以血族关系为基础两种。祭仪以农业祭仪为主，另有狩猎祭、祖灵祭等大小祭祀。

不同的部落之间以及部落内部的联系紧密程度也不尽一致。阿美人部落的人口及住宅集中在一起，耕地与猎场则在部落周围。泰雅人与赛夏人的部落则由若干个小聚落组成，同时每一个小聚落维持着平等地位，很少有一个中心聚落存在的情形。有的部落分化出新部落之后，新部落在组织上不脱离与原部落的关系，而维持着或紧或松的从属关系。邹人的大社与小社的关系则属于此种类型。有时候由于利害关系，部落之间还会根据种族血统或地缘区域联合成立若干部落群，也就是形成攻守同盟。各部落通常设有长老会议或部落会议，作为最高行政指导机构。而有关领袖制度及统治权的运用，则因各族而异。在氏族社会之中，民主倾向比较浓厚，部落领袖是由长老会议选派。但邹人的领袖却由单一氏族世袭。也有少数氏族社会由部落创建者来担任领袖。

高山族的聚居单位是村社。“社”一般有六、七十户，大的村社如阿美的马兰社有五、六百户，每户多的有三、四十人，少的五、六人。布农人每个村社多至七、八十户以上，少的有八、九户，每户人口多的有二十多人，少的有六、七人。排湾人的村社最多有几百户，少的也有八、九十户，每户平均有八九人。各社有自己的公有土地，一部分公有土地可由本社成员自由使用。“社”与“社”之间界限分明。“社”内的公共活动有祭祀、围猎、捕鱼、农业协作等。“社”的头目一般由本社群众推选，其职责为调解内部纠纷，主持祭祀活动，聚众商议评判“社”内外大事等。在日本帝国主义统治时期，原来的头目多被废除，强迫少数受过日本教育的知识青年充当头目，称为“势力者”或“保甲役员”，日本帝国主义企图利用他们作为统治高山族人民的工具。

高山族的村社具有农村公社的性质。每个村社都包括着若干个家族和不同姓的家庭，村社中所包括的各个家族并非出于同一个祖先，而是从不同的地方和在不同的时间先后迁来的；村社有公共的土地；村社内每户是一个生产单位，但一些内部事务，如村社内的祭祀活动，公共建筑物的修建，农业生产协作以及组织狩猎和捕鱼等，一般都是在某一村社内进行组织活动；一个村社可以说是一个政治单位，同时也是一个军事单位。此外，生产工具、房屋、财产以及家畜等都属于各户私有。

关于财产继承，布农人、邹人、赛夏人和雅美人地区均系长子继承，如无长子大都是招婿继承之。阿美人家族的土地财产，原则上由母系直系承继，子女从母姓，即使分居后其母族所得的姓氏不变，普通家庭原则上以长女承继母亲之家宅、土地及其附属财产。男子入赘女家，家业均由长女继承，女户主掌握一家的管理权。卑南人也采用这种继承方式。排湾族非常重视长嗣，是由长嗣来继承父或母的家产，长嗣成年后，在父母的监督下负起管理家务的责任。鲁凯人结婚后妻随夫居，由长子继承家产，在没有男孩的特殊情况下，家产也可以由长女继承。泰雅人地区男子结婚后大都分家独立生活，父母往往跟幼子在一起生活。

抗日战争胜利前后，高山族内部各个地区的经济发展很不平衡。社会内部分工不发达，山区手工业还没有脱离农业，商品经济虽有一定程度的发展，但在山区，因交通不便，物物交换仍然存在。平埔地区的经济发展情况与汉族大体相同，阿美人的大部分地区和平埔人已实行犁耕，农业相当发达；住在山区的布农人、排湾人和泰雅人的经济发展情况较为落后，在农业生产上还实行烧垦、锄耕方式。狩猎、捕鱼和采集虽仍保存，但在经济生活中已不占重要地位，只作为农闲时的一种辅助收入。高山族人民不分男女老幼都参加劳动。农业生产中的一些重体力劳动，如开垦农田、修水渠和采伐木材、修建房屋、造船、锻冶等都是由男人担任；一般的农业生产，如插秧、收割、和养猪、搓麻绳、织布、缝纫、汲水以及其他家务都是由妇女操作。

在生产方法上大致以山田烧垦的农作方式为主，并辅以定期的狩猎和渔捞。高山族地区的主要农作物有陆稻、小米、芋头、番薯、玉米等。此外还有花生、豆类等。水芋是雅美人的主食，在兰屿常年可利用水田种水芋。住在山区的高山族通常以小米和芋头为主食。在东部纵谷地区的阿美人，因灌溉条件较好，稻米的产量较大，全年的粮食消费中大米占大部分。居住在山区的泰雅人是实行传统山田烧垦农业的典型民族。居住在南澳地区的泰雅人虽然学会了水田耕作，但仍然重视山田农业，并完整地保持着与原始宗教祭仪的密切联系以及劳动互助和轮作、套作、休耕等传统农业的特色。

在农业较发达的高山族地区，农民使用的生产工具、耕作技术与汉族大致相同，生产工具有铁犁、齿耙、锄、镰刀、打谷机等。畜力以水牛和黄牛为主，牛车的使用也很普遍。在山区的高山族使用斧、柴刀、长刀、镰刀等，铁制生产工具大都是从汉族地区买来的，每家都有。长刀除用作生产工具外，也是男子随身佩带的武器，部分地区的布农人能自己制造锄、镰刀、柴刀等简单的工具。

在农业生产中，高山族保存有原始的互助协作组织，是同一村社内，农忙时互相换工的一种临时性的组织，泰雅人称其“斯拉该”，布农人称其为“马巴尼亚夫”，阿美人的“马巴巴留”、“马发发漏”，排湾人的“姆拉依普”等，都属于这种性质，没有剥削的成分。

狩猎在整个高山族的经济生活中,已不占重要地位。住在山区的布农人、泰雅人、赛夏人、邹人和排湾人还比较重视狩猎，但在整个高山族的经济生活中，因大都进行农业生产，狩猎已不占重要地位了。狩猎完全是男人参加，大都是集体进行，也有单独进行的。住在平地的高山族一般是在农闲时或在举行祭祀之前进行一两次集体狩猎。狩猎工具有猎枪、铁矛、弓箭等，狩猎方式有设陷阱、网罩围猎和诱杀法等。猎获物除射手和猎犬的主人分得较好的部分外，其他由参加者平均分配。

渔捞是高山族经济生活的一部分。近海居住者，如兰屿岛的雅美人、东海岸的阿美人和平埔人都擅长于捕捉海鱼。他们备有渔船或竹筏，以供出海作业。尤其是雅美人，捕鱼业最为发达，日月潭的邵人捕鱼亦甚为发达。捕鱼量以雅美人地区为最大。居住在兰屿岛的雅美人，是典型的岛民，所以捕鱼业并不比农业的经济意义轻，甚而更为重要。因为雅美人的社会、宗教以及社会观念等与捕鱼业常有极密切的关系，例如渔船的制造、飞鱼的捕获和祭祀，不但是雅美人经济活动的最重要的一面，且已成为雅美人文化的主要特质。每年可捕鱼二百万斤以上，其中飞鱼为最多，主要方法是用网捞法和照明法捕捞（照明法：在夜晚用火把照明诱捕飞鱼）。

由于历史的原因，高山族社会内部还存在着不同的社会发展形态。基本上可分为两种类型：一类还保存比较浓厚的原始公社制残余，包括布农人地区和泰雅人地区的一部分；另一类相当于封建社会阶段，包括排湾人、泰雅人、阿美人和平埔人等地区。

在布农人地区，土地归村社所有，其中少量的水田是私有的，生产工具、粮食、家屋和耕牛是私有财产，阶级分化不很明显，并且保留浓厚的原始公社的残余。在农业生产中保留有原始的互助组织，获得的猎物除猎手多分些外其他平均分配，首领由村社人推选。在山地边缘部分的布农人地区，因水田私人占有，私有制也比较发达。

在排湾人、阿美人、泰雅人和平埔人地区，封建生产关系的发展程度也不一样。排湾人地区的土地一般都为头目占有，但个别的村社也有农民占有小部分土地。村社绝大部分人没有土地，要耕种头目的土地，收获时要向头目缴纳占收获量三分之一的实物地租。大头目自己不劳动，部分小头目参加劳动。大头目尚有一些特权，如村里有人迁出，田地房屋均应交给头目；人死后无后代，财产的三分之一归寡妇，三分之二归头目；头目死亡时，每户要送木柴一捆，并禁止劳动一天，一个月内不能唱歌跳舞，或高声喊叫，等等。由此可见，大部分排湾人地区，土地都是私有，并已出现租佃关系。特别是劳动者对头目有一定人身隶属关系，阶级分化明显。

鲁凯社会成员由贵族、士族和平民三个阶层构成，大头目属贵族，是部落的大地主，拥有土地、猎区、河流。代表部落参与涉外的公共事务。平日以收纳赋税为主。二头目及其它小头目为大头目的近亲，可以耕种土地不必纳税，也可以沿用贵族的名字；士族，介于贵族和平民之间，为有特殊功绩的平民或有特殊才能的村民，如雕刻匠、打铁匠。头目会赐予他某些权利；平民，多为佃农，向大头目租地耕作。平民有向头目纳税的义务，纳税物为小米、花生之类的食物或是狩猎的肉类。头目的地位和权力由世袭取得，其余的各种领袖都在有经验的人士中选举产生。在阶级中的地位，视其与宗家亲疏远近的关系来衡量。

阿美人地区水田为私有，有的村社土地有租佃关系，地租常占收获量的一半。有些地方山上土地归整个村社公有，村社成员可以开荒利用，不用时则放弃；如其他人愿继续耕种时，事先要取得原开荒者的同意。阿美人地区的封建生产关系比较明显，地租剥削也很厉害，贫富已有了分化。

除了保留较浓厚的原始公社制残余外，靠近平地的部分多水田，水田归各户私有。头目及其亲属往往占有较多的田地，他们除出租土地外，还雇长工耕种。这些上层分子逐渐形成地主富农阶级，所以封建生产关系很明显。山上土地归全村社公有，村社成员取得头目的同意后，可以自由开垦，谁种谁收；如开垦后不愿继续耕种时，别人可以耕种。辟成水田或种植杉木林、竹林时，则成为私有。

高山族各个地区的生产力发展很不平衡，社会经济结构和阶级关系也有所不同。至1945年以前，高山族布农人和泰雅人的一部分仍保留着浓厚的原始公社残余，平埔人、排湾人、泰雅人、鲁凯人、阿美人等已超越奴隶制社会进入到封建社会阶段。从整个民族的社会性质来说，属于半殖民地半封建社会。

【风俗文化】

高山族的服饰绚丽多彩，内部各支系的服装有一定差距，除排湾人地区以外，头目与人民的服饰没有多大差别。高山族衣服男女式样各有不同，多用麻布和棉布制成。一般男子穿披肩、背心、短褂、短裤，包头巾，裹腿布等。妇女穿有袖或无袖短上衣、围裙和自肩向腋下斜披的偏衫、裤子或裙子。泰雅人和赛夏人上身有披肩、背心、胸襟；下身有裤、裹腿布等，其中泰雅人的贝珠衣（又称珠衣）非常有名。布农人和邹人有头布、皮坎肩（御寒和打猎用）、胸巾、肚套、裹腿布等。此外妇女还有短上衣和长裤。布农男子的盛装威武阳刚，他们头戴鹿皮或山羊皮帽，竖插一根美艳的鹰羽，一条绣花深蓝布和头发绹卷在头上；夜光贝制成的耳饰悬挂在耳轮下面闪烁发亮，颈上、胸前则是一串贝珠或玻璃珠制成的项链。排湾人男子的衣服有和汉族马褂一样的短上衣；妇女有长衫和围裙等。头目的装饰品很多，花纹也与一般人不一样，非常华丽。阿美人的服装，男子有长袖短襟的小上衣、围裙、披肩、缠头布等；青年女子的盛装与男子大致相同，但裙子较长，还有包头巾。成年男子经常佩戴特制的烟袋，里面装有烟具和槟榔。雅美人男子的衣服比较简单，上衣为麻织的、藤皮编制的或椰树皮制成的对襟坎肩，下装为丁字裤。盛装时头上带有银兜，形如斗笠，外敷银片，银兜覆盖着整个头部，仅在眼睛处有眼孔供外视，显得神秘莫测。银兜通常只有新船试水、住宅竣工与飞鱼祭期间佩戴。女装有无袖的短上衣、围裙和自肩向腋下斜披的偏衫。高山族妇女会染织各种彩色麻布，喜欢在衣襟、衣袖、头巾、围裙上面绣上精美的图案，还喜欢用贝壳、兽骨等磨制成各种装饰品。

高山族的饮食通常是一日三餐，有的地区也曾有一日两餐的习惯，主食为稻米或小米，辅以薯类和杂粮，副食有各种豆类、南瓜、竹笋等等，肉类有猪、牛、鸡等，在很多地区捕鱼和狩猎也是日常肉食的一种补充，沿海地区则多以鱼、贝类为主。蔬菜常见的有南瓜、韭菜、萝卜、白菜、土豆、豆类、辣椒、姜和各种山笋野菜。调味品有盐、生姜、胡椒等。高山族普遍爱食用生姜，有的直接用姜蘸盐当菜；有的用盐加辣椒腌制。高山族喜欢吃粘小米饼。布农人在制做主食时，将锅内小米饭打烂成糊食用。排湾人喜用香蕉叶子卷粘小米，掺花生和兽肉，蒸熟，作为节日佳肴或外出狩猎时食用。泰雅人上山打猎时，喜用香蕉做馅裹上糯米，再用香蕉叶子包好，蒸熟后带去。雅美人喜欢将饭或粥与芋头、红薯掺在一起煮熟做为主食。高山族过去一般不喝开水，亦无饮茶的习惯。泰雅人喜用生姜或辣椒泡的凉水做为饮料。高山族不论男女在喜庆节日都喜欢喝酒，一般都是饮用自家酿制的米酒，如粟酒、米酒和薯酒。高山族喜欢吸烟，也会培植烟草。但雅美人不喜欢吸烟和喝酒。阿美人和排湾人的成年男女还嗜好嚼槟榔。

高山族的房屋建筑依照材料可以分为木屋、竹屋、茅屋、石屋和草顶地下房屋等五类。住在山地的高山族，房屋多为茅草屋顶的木板房。有些地区屋内要比地面凹下一、二尺。环墙摆设床铺。门有正门、后门或左右旁门。窗户只有一、二尺见方。排湾人多居住以长板石作屋顶的石头房屋。他们的板岩住屋大都建在山腰的倾斜坡地上，埋立石板作为屋柱，四周的墙壁也是板岩做的，山形的屋顶用交替成龟甲形的板岩做瓦。屋内也多用长板石铺地，床铺是用长板石架起，上面铺木板搭成的。头目的住宅与一般人不同，房屋前面的庭院用石板铺成一座高台，是头目讲话的地方；在台子的中央有高大的石板一块，上面刻有人像，相传是祖先神灵附托的地方。雅美人的房屋多建筑在靠近海岸的山坡地带，为了预防暴风的侵袭，用厚木板作墙壁，外墙用卵石砌成半地下状，房顶铺茅草。室内地下铺卵石，上铺木板。室内地面多凹下二、三米，所以房檐离地面只有一米左右。赛夏人的住房则选择在较平坦的山地上，房屋建筑没有一致的方向要求，建筑的地基和建筑的平面一般要求在同一水平线上，入口有两个，是平入式。布农人的住房选择在险峻山岳的中腰地带。门户往往朝向低地的方向，房屋地基比前庭地面低30厘米，有的甚至低一米左右，类似坚穴房屋。房屋的墙壁是由石头积垒而成的，上头排列木板。邹人的建筑特色是在山腰平坦的地方筑屋，掘穴立柱，以茅草编织成墙壁及屋盖，屋顶四面倾斜。鲁凯人的住房建筑与北部排湾人相似，主要建筑材料是板岩和木材，木材主要用做木柱、本梁等支架，房顶则由一层木板加盖石板构成。卑南人的住房是茅顶竹壁，屋顶为两个倾斜面，木梁柱上用藤皮扎缚。房屋除了前后二门外，门的左右还开了窗户，厨房和卧室分开。阿美人的房屋内部区分更为细致一点，除了卧室和厨房外，还有起居间。

此外高山族还有谷仓、牲畜的圈棚和放杂物的仓库。部分地区谷仓设在室内。阿美人、排湾人和曹人等地区，还专设有集会所。集会所用木板和藤竹搭成，离地面一、二米不等，上下用梯。集会所为村社所有，白天是工作场所，夜晚有时又作为未婚男子的集体宿舍，一般会议和祭祀也多在此进行，如有战斗时便作为指挥所。

高山族聚居的山区，重峦叠嶂，道路崎岖，勤劳勇敢的高山族人民，在高山深谷间，用藤、竹搭起无支柱的吊桥、拱桥、溜索桥。在平地上有木制的牛车，在沿海和湖泊附近还有具有民族特色的独木舟和渔船。溜索桥、吊桥在泰雅、布农、鲁凯、排湾等族群中普遍采用。阿美、卑南和日月潭地区的邵人等擅长用独木舟。兰屿雅美人多用拼板雕花舟，船身、船头均雕刻精巧美观的图案。高山族传统的搬运方法大多用人力，以背负为主。背负工具有背篓、网袋、背架、竹筒等。过去为了共同反抗外国殖民者，有的地区还设有驿站传递消息。

高山族的婚姻实行一夫一妻制，近亲之间不通婚，如有违反者将受到严厉的制裁。阿美人、泰雅人、排湾人地区的青年男女有恋爱的自由，通常是在劳动中选择对象，此外在唱歌和舞蹈等活动中也都能得到公开恋爱的机会，但婚姻必须取得父母的同意。在布农人和邹人地区，男女婚事是由父母包办的。邹人大致实行的是部落内婚，婚姻形式主要是嫁娶制，婚姻多半是由双方家长许婚。赛夏人地区有的实行交换婚姻，在个别的地区也有指腹为婚的，但为数极少。鲁凯人婚姻以嫁娶婚为多，入赘婚很少。男女可以自由交往，但要结婚必须遵守传统的习俗。结婚的年龄，在各个地区都没有明确的规定。阿美人居住的地区，男子在十四、五岁时就被编入“巴卡露该”（少年组），在集会所锻炼三、四年以后升入“戛巴哈”（青年组）。这时男子取得成人的资格，可以结婚。泰雅人、布农人和邹人地区，男子在十七、八岁时，熟悉农耕和狩猎之后才算成年，才有谈婚论嫁的资格。高山族的女子在十五、六岁熟练掌握编织的技术时才能结婚。总之，青年男女都要经过一定时期的锻炼，并通过一定的结婚仪式才能结为夫妇。阿美人与其他高山族地区不同，男人结婚后要入赘女家，邹人男子结婚以后有随妻到岳父家帮助劳动的习惯，时间少则一、二年，多则五、六年不等，生一子女后才能回到自己家里。在年轻的夫妇中间，丈夫死后，妻子服丧期满后可以再嫁；妻子病故，丈夫也要服丧期满才能再娶。

高山族认为人死后灵魂不灭，他们把灵魂分为善恶两种，死亡也分为善死与恶死。善灵自然是善死的灵魂，即祖灵，是要祭祀的；恶灵是指死于非命的人变成的，这些恶灵常常在人间做怪。对于恶死之人，多采取简单掩埋法，埋葬地多插标识以避之，其居室亦多废弃，或请巫师禳逐。平地高山族对于善终之人，各地区的埋葬方法有所不同。有的男女老少皆裸体，有的用鹿皮包起，有的用草席裹起，有的用棺木，有的用石板，还有的用大窑缸及竹编器，种类很多。殉葬品有用死者生前所用之物的一半陪葬。死者葬于厝内、厝边或山上，也有葬于竹林之内，盖一小茅屋，上插鸡毛和小布旗。山区高山族的埋葬仪式在当日或次日进行。有些采取室外土葬的方法，如阿美人、泰雅人、赛夏人、排湾人，雅美人的墓地选在海边树林里，掘穴埋葬；有的则葬在室内，如邹人、布农人、鲁凯人、卑南人。南部阿美人常常在住屋的北侧掘墓，在墓穴的四周，排插木桩木板或石板为壁，还有用陶罐及粟作为殉葬品，陶罐放头上方，粟穗放身体两侧。另有一部分泰雅人则在死者床下掘圆穴，深五六尺，将尸体下葬，多数面向河岸。死者用的刀、烟斗随葬，上盖石板，盖上土弄平整。死者面对的方向各有不同。布农人下葬时，男性面向东，女性面向西，排湾人是让死者面向东方，泰雅人是面向河岸，邹人则是面向正门，等等。丧服的颜色也不同，有皂色、白色丧服，也有披乌布于背或绊乌带于肩。服丧期，短的几天，最长的有一年，这期间不能着华艳服饰，也不能有任何歌舞欢宴之举，甚至农事活动也受到短时间的限制。

此外，在高山族的一些地区还有鸟葬、崖葬、风葬、火葬、树葬等丧葬方式。

高山族的手工艺制作，大致包括纺织、刺绣、琢珠、木作、雕刻、制陶和编织等，其中排湾、鲁凯、阿美人的陶器，排湾、鲁凯、雅美、卑南等族群的木雕，排湾、鲁凯、卑南、泰雅、赛夏以及巴则海等族群的夹彩织布，泰雅、排湾和鲁凯的缀珠工艺，排湾、鲁凯的贴布和刺绣，以及各族群的饰物、编织器都堪称为艺术精品。高山族尤其擅长雕塑和绘画，尤以排湾地区最为出色。在各种生活用具、装饰品、乐器以至住房的门楣、木柱、门槛、壁板和独木舟上，都雕刻着各种美丽的图案花纹，有人物、动物、花卉和各种几何形纹饰，反映狩猎、劳动和社会生活等方面的情况。"
拉祜族	"拉祜族总人口为485966人（2010年），其中云南省有44.76万人。云南的拉祜族主要分布在澜沧江西岸，北起临沧、耿马，南至澜沧、孟连等县，其中澜沧是全国唯一的拉祜族自治县，近50％的拉祜族总人口都居住在该县内；其余分布在澜沧江以东的景东、镇沅、景谷、思茅、普洱、元江、墨江、江城等县，以及西双版纳傣族自治州和红河哈尼族彝族自治州等地，同汉、傣、彝、哈尼、布朗、佤等族交错聚居或杂居。拉祜族人口在云南省以外的地区数量都不太多，人口在1000人以上的只有山东和河南两省。另外，作为跨界民族，缅甸、泰国、越南、老挝等国家也有16万多拉祜人居住。

拉祜族聚居的澜沧江流域的山区，属于亚热带。这里气候温湿，土地肥沃，适于种植水稻、旱谷、玉米、荞子等粮食作物和茶叶、烟草、剑麻、紫梗等经济作物。在深山密林中，有松、杉、樟、楠等各种林木和滇三七、萝芙木等贵重药材，还栖息着马鹿、麂子、野牛、熊、老虎以及孔雀、鹦鹉等各种珍禽异兽。地下蕴藏有铁、铜、铅、铝、煤、银、钨、云母等矿产。

拉祜族自称“拉祜纳”（黑拉祜）、“拉祜西”（黄拉祜）、和“拉祜普”（白拉祜），拉祜的意思是“老虎”。他称有锅锉、果葱、苦聪、黄古宗、倮黑、黄倮黑、缅、目舍等。新中国成立后，根据本民族的意愿，统称“拉祜”。“拉祜”一词的含义，1953年4月澜沧拉祜族自治区(辖今澜沧、孟连、西盟三县)各族各界代表会议作出的《关于拉祜族自治区若干问题的报告》曾明文指出：“‘拉’即大家拉起手来，代表团结，‘祜’即代表幸福的意思。”

拉祜语属汉藏语系藏缅语族彝语支，它是与彝语、傈僳语、纳西语、哈尼语并列的一种独立语言，分为拉祜西、拉祜纳两种方言。拉祜语中有关动物的词汇与傈僳语、彝语全同或基本相同，说明拉祜、傈僳、彝等族人民在历史上有着悠久密切的联系。由于和汉族、傣族接触比较多，所以一般群众多能兼说汉语和傣语。拉祜族在历史上原本没有文字，曾刻木记事，结绳记数。部分地区的拉祜族曾使用过西方传教士创制的拉丁字母的文字。新中国成立后，在政府的帮助下，拉祜族对原有拉丁字母文字进行了改革。

【历史沿革】

拉祜族历史源远流长，有丰富的历史传说。传说拉祜族祖先原来是过着狩猎的生活，为了追逐窜入南方密林中的一匹马鹿，发现了水草茂盛的草原，而开始从北向南迁徙。其服饰兼具早期北方游牧文化和近现代南方农耕文化双重风格的特点，也反映了这种历史和文化的变迁。据考，拉祜族应源于古氐羌系统，属于古氐羌遗裔之一，生活在青海湖流域一带，早期过着游牧生活，约在春秋战国时期，举族迁入云南。有人认为，远在二千年前的西汉时代，游牧于滇西洱海地区的“昆明”或“昆明之属”，可能就是包括拉祜族在内的彝语支某些民族的先民。当时的“昆明”人还处在“无君长”的原始社会，过着以氏族为单位的狩猎生活。历史上拉祜族以擅于猎虎而闻名。在巍峨的哀牢山和无量山区，无数碧绿如茵的草坪坡地，便是他们驰骋游牧的场所。

两汉时，拉祜族先民曾活动于滇东，后又迁居滇中。三国至唐代，生活在今天大理州巍山等地。公元八世纪，云南南诏政权崛起以后，拉祜族先民被迫大规模南迁。《新唐书•南蛮传下》中称拉祜族为“锅锉蛮”，这是拉祜族先民作为单一族体在古代文献中的最早记载。宋元时期，拉祜族先民不断向南迁徙。元代《经世大典•招逋总录》有“罗黑加”。这是有据可考的关于拉祜族先民居地的最早记载。由此可知，至少在13世纪时，拉祜族已经形成单一民族。到18世纪以前，拉祜族就已大致居住在现今所分布的地区。在周围汉族、傣族封建制生产方式的影响下，由狩猎生活进入以农业为主的定居生活。随着经济生产的发展，拉祜族社会缓慢地向封建制转化。生活习俗等方面，也在一定程度上受到汉、傣两族的影响。

明代，拉祜族曾出现在今楚雄彝族自治州和玉溪市新平县（当时的新化州）境内，文献中称他们为“果葱”。清代，由于拉祜族地区战事频繁，拉祜族活动状况在文献中的反映日渐增多。清康熙年间编撰的《云州志》、《楚雄府志》等称拉祜族为“倮黑”。据有关文献记载，从公元1726年景谷、镇源、墨江、普洱等地拉祜族起义到1918年澜沧仙顶营拉祜族起义，在近两个世纪的时间中，拉祜族共举行过20多次反对封建统治和民族压迫的起义。雍正五年（1728年）冬，镇沅县拉祜、傣、哈尼等族人民起来暴动，焚毁府署衙门，杀死威远同知。澜沧江以西的拉祜、佤、布朗等族农民于1796年到1799年爆发了反对傣族土司的斗争。这些斗争活动，促使不同地区拉祜族的社会经济发生了不同程度的发展和变化，同时加强了各地拉祜族之间经济和文化的交往。

光绪十八年（1892年），清政府鉴于地处边疆的拉祜族地区政治、经济地位日益重要，为加强拉祜族地区的统治，在拉祜族较集中的双江、澜沧、孟连等地实行改土归流。到清末，拉祜族已经基本形成如今的分布格局。随着帝国主义的入侵，1934年拉祜、佤等族农民粉碎了英帝国主义侵占班洪的可耻阴谋。以后，拉祜等族人民还展开了反对日本帝国主义入侵和帝国主义宗教特务的斗争。解放战争时期，在党的领导下，拉祜族人民纷纷加入当地游击队，展开对国民党统治的斗争。

勤劳勇敢的拉祜族人民，在漫长的历史岁月中，形成了具有自身特色的社会组织形式和社会经济形态。

拉祜族先民最初的社会组织是双系制大家庭公社，主要的生产方式是游猎和采集。随着拉祜族的半定居到相对定居和农业生产力的发展，与外界经济文化交往日趋频繁，社会组织逐步地缘化，使拉祜族从血缘或地域的公社组织转变为部落组织，早期的“卡些卡列”制度（即村寨头人、长老制度）由此而产生，并随着庞大聚落群的出现，“卡些卡列”制度不断得到巩固和发展。“卡些卡列”制度是拉祜族古老的政治、军事制度，是村寨“卡”的政治、行政军事组织形式，这种制度在经济上以游猎游耕生产方式为基础，社会结构上与双系大家庭制度相适应。“卡些”、“卡列”作为“卡”的领导者、指挥者操持着村寨的政治、经济、宗教、军事大权，成为社会生产生活机制运行的核心。

首先繁荣于拉祜族社会历史进程中的是母系大家庭制度，当拉祜母系大家庭制度进入繁荣阶段的同时，也孕育了父权制家庭，从而形成了拉祜族特有的双系大家庭并存的“屋吉屋卡”制度。男性祖先的后代属父系屋吉屋卡，女性祖先的后代属母系屋吉屋卡。子女有平等的财产继承权。“屋吉屋卡”制度是双系大家庭并存同一时空的婚姻家庭制度，是拉祜族社会发展过程中的一种奇特的历史现象。

至明末清初，随着大乘佛教的传入，拉祜族地区出现了以古老的“卡些卡列”制度为基础的“政教合一”的政治制度。佛堂是传教活动中心，也是政权组织中心。佛爷是宗教和政权的主持者和当权者。清王朝在云南改土归流之后，靠内地地区的土司统治已名存实亡，在地方上不再握有政治、经济方面的实权，政治、经济上具有实力的土司集中到边疆民族地区。清朝末年，为加强对拉祜族地区的统治，清王朝在拉祜族人口比较集中的顺宁府属孟连土司辖地境内设镇边抚彝直隶厅，委任镇压拉祜等民族起义中“有功”的当地人和归顺朝廷的拉祜族头人为土司、里目。民国时期，国民党废除土职，推行区、乡、保、甲制度，结束了拉祜族地区的土司制度。不同时代的政治改革，不仅没有彻底废除“卡些卡列”制度，反而使其得到不断完善和发展，成为统治者对拉祜族地区的管理工具。“卡些卡列”制度及其思想对拉祜族的社会产生了深远的影响。

近代拉祜族家庭可分为双系大家庭和父系小家庭两种。双系大家庭一般由一对夫妇的三代或四代后裔组成，大家庭中，一对夫妇及其未婚子女组成一个小家庭，已婚子女又分别组成若干小家庭，所有的小家庭成员共同居住在一座长屋里。大家庭有以女家长名字命名的，也有以男家长名字命名的，这与男女家长的地位和权利有一定的关系。大家庭的家长由大家庭中的老年夫妇共同担任，他们死后，由家庭中其他长者担任。大家庭的公共财产由家长掌管，大家共同享用。分家时，凡共同居住在长屋的子女均可平均分得一份土地和财产。明清以来，一夫一妻制的父系小家庭制度逐渐取代了原有的双系大家庭制度。小家庭制度一般包括父母和子女两代，家庭生活中男女地位平等，生产和家务劳动按性别自然分工，子女都有财产继承权。

新中国成立前，由于受到历代统治者、傣族土司领主和汉族地主奸商，以及本民族上层的压迫和剥削，拉祜族社会经济发展十分迟缓。按其发展水平，基本上可以划分为以下两种类型：

（一）封建地主经济地区。居住在澜沧县东北部以及双江、临沧、景谷、镇沅、元江、墨江等县的拉祜族，约占总人口的一半，社会经济发展比拉祜族的其他地区较为迅速。由于受到汉族的影响，自19世纪80年代到20世纪20年代先后形成了封建地主经济。农业生产所使用的农具与汉族基本相同，只是生产技术相对落后，耕作粗放。由于耕牛、农具不足，不选种，不施肥，水田和旱地的产量都比较低。手工业有打铁、纺织、制竹器等，一般作为自给自足的副业，很少在市场出售。在农业方面，土地占有制比较集中，除汉族地主外，也有少数本民族地主。地租一般为50％。汉族地主、奸商往往利用青黄不接时期，向拉祜族农民放高利贷，利率很高，剥削残酷。秋前借食盐或茶叶6斤，秋后就要还谷子130斤，秋前借酒三十碗，秋后也要还谷子130斤。过去流传的“谷子熟，拉祜哭”的民谣，是拉祜族人民痛苦生活的写照。

（二）傣族封建土司领主经济支配下、保留有原始公社制残余的地区。居住在澜沧西南部以及孟连、耿马、西盟、沧源、西双版纳等地的拉祜族，也占总人口的一半，在傣族封建土司领主的统治和汉族地主奸商的贪婪敲诈下，生活更加贫困，生产更加落后。除农业外，季节性狩猎、养蜂和采集，在经济中还起着重要的辅助作用。农民种的粮食除去被剥削的以外，所剩的只够四五个月的食用，因此长年累月靠采集野生植物，如红毛薯、山葫芦、地枇杷、鸡树果、马尾根、苦莲子等来充饥。来自汉族和傣族地区的铁制农具，经过奸商的残酷盘剥，一张犁铧一般要用130斤旱谷才能买到，缺吃少穿的拉祜族农民根本无力购买，铁制农具十分缺乏。例如西双版纳新抚掌全寨24户、181人，只有21把锄头、4把砍刀，因此有“一架犁头半年粮”、“一把锄头锄三代”的传说。由于缺少铁质农具，拉祜族农民只好用竹刀刈草，用木锄碎土，用木铲点种，用竹手铲中耕。

落后的生产工具，只能刀耕火种。通常只是把树木砍倒烧光后，简单地锄、犁一下（有时甚至不锄、不犁），就种旱谷、玉米或荞子，很少中耕，绝不施肥，任其自然生长。二三年后，等到地力消耗殆尽，就抛荒不要，另行砍树烧山或在抛荒后经过七八年轮歇的土地上栽种。因此，这些地区旱地的占有权是不固定的，谁种谁收，随种随丢，他们叫做“蒿枝开花随人种”。但是，对于水田和经过长期加工的旱地，占有权已经确立。

傣族封建土司领主对于拉祜族农民的统治和剥削，一种是通过贡纳制把他们变为隶属农民（如孟连和澜沧县部分地区）；另一种是使他们沦为农奴，以村寨为单位，为土司提供专业性的农奴制劳动，如舂米、清除粪便、传递通讯之类（如耿马等地区）。在后一类地区，拉祜族内部还保留着生产上的原始协作以及土地公有的原始社会制，包括母系家族公社的残余。

拉祜族历史上“重自由，轻迁徙”，生产状况长期处于刀耕火种的原始生产方式。这种生产方式，形成了拉祜族对于森林、土地、籽种等的依赖和迷信，根深蒂固地影响着人们的思维及耕作方式。主要表现在以下几个方面。

“号地”。耕作前，各家可在该村寨地界范围内，寻找适当的地点，看中哪块地，就地锄上一锄，或打上一个草结，或剥去地上一树的皮为记号，再划出地界，就算是已“号”住了这块地，准备在这块地的范围内生产，别的任何人看到记号就不会来相争，谁要是故意越界种地、砍树、围猎的话，必定要受处罚，这已是约定俗成的事。号地者在地界内刀耕火种，待土地的肥力耗尽，就抛荒而去。这块荒地荒废若干年，原主转回时可能再用它，也可能另号新地。放荒了的土地，其他人若先看中了它，可以选定，原主是不会在意的。

懒火地和犁挖地。每年秋冬砍倒一片地，次年开春后放火烧尽地上的树枝杂草，以草木灰作底肥，戳穴下种。稍事挖锄即待收获。有的地方，人们在收割季节就干脆搬到地边去，边收边吃，收完，也就吃光了。这一耕作方式，被称为“种懒庄稼”。犁挖地的耕作较之前者更为细致些。在号好的土地上，夏季去杂草，犁翻土地。秋季砍倒一些树木，次年春来焚烧草木，待禾苗冒土后，进行几次薅锄，秋后开镰收割，脱粒后归仓或收藏在土洞中。

水田耕作。水田耕作一般有两种：一种在山箐坡地上开辟一些田，无水利灌溉设施，全靠老天下雨来浸泡土地，雨下透方可耕作，这叫“雷响田”；另一种在地势较好的地方，开辟出水田。在生产季节里，拉祜族人民特别看重互相关照，谁家收割，全寨出动，主人量力招待，一顿饭就算了事；对于老弱病户，无须喊叫，无须招待，人人自觉前往，不计报酬；还有的村寨，今天帮这家，明天就依序去那家，轮回帮忙，帮者不计报酬，受益者象征性地出一点钱，由伙头保管，作为公共祭祀活动费用。村寨的每个成员，不能在本寨生产未结束前外出谋生，年轻人也不能在大忙中吹芦笙或去谈情说爱。

【风俗文化】

在漫长的历史发展过程中，拉祜族形成了独特的文化。拉祜族先民曾从事各种形式的生产活动，即从一个不断迁徙的游猎民族发展到定居耕作的农业民族，其中，游猎生活时期最为悠久。在同大自然的顽强斗争中，拉祜族人民养成了不畏艰险、不畏强暴的民族精神，同时又形成了团结互助、尊敬老人的道德风尚。拉祜族的风俗习惯萌生于先民的生产活动，随着形成为单一民族，逐渐显示出自己的文化个性。

拉祜族的服饰美观、宽松、大方，极富民族特色。衣尚黑色是拉祜族服饰的一个突出特点，服装大都以黑布衬底，用彩线和色布缀上各种花边图案，再嵌上洁白的银泡，使整个色彩既深沉而又对比鲜明，给人以无限的美感。拉祜族男子穿无领右开襟上衣和裤管宽大的长裤，裹黑色头巾。青年男子还要配上一件黑面白里的褂子。头上有的戴帽子，有的包黑布包头。帽子用6－8片三角形的蓝、黑布拼缝而成，下沿镶蓝布或黑边，帽顶缀一彩色线穗。妇女的服饰主要有两种，一种是右襟黑色长衫，两侧于齐腰部位开叉口，衣脚直齐脚面，在长衫叉口及衣边、袖口，镶缀红、白、黄等色的几何图纹花边，沿衣领及开襟镶嵌数十个银泡，下穿斜拼裆黑色长裤。另一种是开襟很小的短衫，几乎像对襟，衣边镶有花布条纹，无领，小袖口，衣长齐腰间，下着筒裙。上身内衬一白色汗衫，短衫露在筒裙上面。头裹黑布包头或缀有线穗的各色头巾。穿长裤的妇女，冬季多在小腿部套上绣有花纹的护腿。妇女都惯戴银耳环和手镯。同汉族、傣族接触比较多的地方，拉祜族男女也喜欢穿汉式和傣式服装。

拉祜西支系妇女亦佩带耳环、手镯等银器饰物，但服装则有几种类型。一种与拉祜纳支系相差不大，如澜沧县的糯福罢卡乃、南段、阿里等地的拉祜西，他们的服饰大体与居住在靠近坝区傣族地区的拉祜族相差不大。妇女裹黑色或白色头巾，穿窄袖短衫和宽大的长统裙，短衫上边饰以彩色图案，裙子多用红、黑、白、蓝等色，有所不同的是，拉祜西妇女筒裙比拉祜纳妇女的要宽大些。另一种是与彝族和汉族杂居的拉祜西妇女的服饰，彝式或汉式的比较多。居住在金平苗族瑶族傣族自治县和新平地区拉祜族的服饰，多与当地的哈尼族和彝族妇女的服饰相同。

拉祜族男女都常剃光头，只在头顶留一啾绺头发，名曰“魂毛”。1950年后，姑娘大多编长辫子，直到婚后才剃成光头，表示已婚。节日、赶街或跳舞时，男女都挎一长方形的背袋（面搓）。20世纪80年代以来，拉祜男女青年既喜爱本民族的传统服装，又喜欢各种流行服装。

拉祜族男女外出办事，下地生产，大都习惯挂上一个“面搓”（拉祜族自编的挂包）。路边的野菜、草药、红毛薯、山葫芦等山上的自然物，都会被勤劳的拉祜人信手摘来，投入包内，带回家派上用场。拉祜族男子出门，随身不离腰刀，这是防卫和打猎的工具。在封山禁猎之前，有些男子外出随身配带猎枪和挂包，在农闲之余，便进山打猎。

平时，生产劳动收工后，男子们也会趁机到山里“蹓”一圈，设法弄点小猎物回家。过去澜沧县一些拉祜山寨，每年农历六月二十四日和拉祜年过后四五天，都要组织全民性的打猎活动。有倾寨出动，也有自愿相邀结伴而行。出猎前仍习惯性地举行祭祀和预测活动。获得猎物回归时，猎手们鸣枪告捷，召唤全村老小汇聚，一同欢乐，分享猎物。通常情况下，猎物的头分给射手，由他去负责做成稀饭请寨人品尝。到场的人，都习惯于自己去折一根穿肉的棍子，摆在地上。负责分肉者，便从地上拾起棍子，系上一节草绳栓着个石头，以此为秤，便把一块一块的肉“称”好，穿在大家摆好的棍子上。人人有份，各自取回受用。过去，金平苗族瑶族傣族县苦聪支系的拉祜族，在出猎前先进行“射靶”、预测、祭祀活动，出猎时要吹响牛角号和猎队总领的号令，猎队凯旋时全寨要欢歌迎接。

农业祭祀的遗风遗俗，主要有祈神允许开地、祭讨神种、祭禾苗成长、祭谷神归仓以及开镰前感恩始祖、先辈并犒赏耕作有功者的农祭习俗——“尝新节”。

拉祜族过去有日食两餐的习惯，主食为当地生产的大米和苞谷。喜用鸡肉或其他配料加大米或苞谷做成稀饭，有瓜菜、菌子、血、肉等各种稀饭，其中鸡肉稀饭为上品。拉祜族日常喜欢将菜、肉及佐料和水放入一段鲜薄竹筒内煮熟，既有竹之清香，又保持原有肉菜的香味。拉祜族过去和现在均有吃烤肉的习惯，烤肉别具风味，大都将猎获的野兽肉，用两根竹棍把涂有盐和香料的肉夹在中间，放在火塘边慢慢烤黄、烤香、烤脆后吃。或用芭蕉叶将肉包住埋入火中，烧熟而食。烤肉香脆可口，佐以麻辣调料食用非常开胃。猎获物的下水和杂碎，就地燃火，放入竹筒内煮熟分食。在开膛剖肚时，中年人喜欢用手捧喝热气腾腾的“护心血”，据说猎物的护心血有补血消除劳损的妙用。

食物分生食和熟食两种。熟食主要是烤和煮。1949年前只是个别人家有锅和甑子，玉米和旱谷都用木杵臼舂捣后用竹筒煮食。其法是把大米或玉米面加适量的水放人竹筒内，再用树叶塞紧筒口后放在火上烧，烧熟破开竹筒食用。现在只是进山用竹筒烧煮，在家都普遍用铁锅、铝锅和木甑子来做饭做菜。玉米还有特殊的吃法，即将玉米舂去表皮，浸泡半天左右，捞出晾干后再捣成面后蒸成糕。过去拉祜族很少自己种蔬菜，一年四季采山里野菜来佐餐。拉祜族还会腌菜、腌肉、磨豆腐。典型食品主要有：松鼠干巴、干糁、香草烤牛肉等。他们吃饭离不了辣子，每餐必不可少。俗语说：“拉祜人的辣子，汉人的油。”拉祜族的食具，过去有用竹子做成的，有的用木头刻制成碗、勺（称为木拉），刻得很精致、美观。现在拉祜族多数都已使用瓷碗，不再自己刻木碗了。

拉祜族习惯上一般不吃狗肉。传说拉祜族的谷种是粘附在狗尾巴上，由狗带到人间，加之狗在现实生活中与人的关系密切，而且是猎人的好帮手，能为主人看家，因此，拉祜人认为吃狗肉、杀狗、打狗都是不道德的行为。有些地方吃狗肉要受到群众的诅咒和耻笑，并且不准进入寨内。另外，在澜沧县南段一带的拉祜族不吃水牛肉，认为吃了牛肉就等于吃了牛的力气，人们无法耕田地。

拉祜族平时喜饮烤茶。饮茶的方法是，用陶制小罐把茶叶烤香，然后注入滚烫的开水，茶在罐中沸腾翻滚，发出一阵阵唏唏声响，这叫吃烤茶。如果有客人来了，必须烤茶招待，煮出来的第一罐茶是自己饮，第二罐才是客人饮用。煮出来的第一道茶水主人自喝了，表示茶中无毒，请客人放心。煮出的第二道，茶味正浓，味道最好，所以用第二道茶招待客人。在饮料中，拉祜族人民最喜欢的是酒。每个家庭每年都要用玉米和野果作原料酿酒。男女老少习惯饮酒，凡遇节庆或亲友相访，即使没有什么菜，也要招待客人饮酒，开怀畅饮，大醉方休。饮酒又必唱歌。拉祜族男女老少过去都会吸烟，吸的烟是自己种的草烟和一种味道十分浓烈的“兰烟”。

拉祜族居住的地方都是山区，他们也称自己是山头人（拉祜语叫“科可搓”）。拉祜族的寨子，一般都建在山顶和半山腰上。寨子的竹篱笆，每年全寨的男女老少都要参加修理一次。平时谁看见坏了，谁就自觉无偿地去修理。寨子有三处大门，即前门、左门、右门。寨子的后山是山神地，山神地中的树林是禁区，谁也不能破伐，如果谁砍伐了就要被罚款或罚修路。

拉祜族寨子的命名办法很多，第一种是以建寨人的名字命名，如三保寨、扎拍朵寨、娜妥玛寨、娜六玛寨等。第二种是以这个寨子的头人的名字命名，如扎夺寨，扎夺是这个寨子的头人。第三种是以地形、山形命名。如，哈卜吗寨，意思是白石头寨；哈尼玛寨，意思是红石头寨。有的同一个名字好几个寨子都用，如拉巴寨，就以大、小、上、下区分。

拉祜族的住房有两种：一种是桩上竹楼，另一种是落地式茅屋。落地式茅屋是沿袭了古俗，择地而修造的；桩上竹楼则是受其他民族的影响，在落地式茅屋的基础上发展起来的。桩上竹楼也称作掌楼房，是一种用木桩叉搭成的双斜面竹楼，有大小之分，大型竹楼为母系制大家庭居住，小型竹楼为个体小家庭居住，但其结构是一样的，主要由“日格”（房屋内寝室部分）、“扎迪格”（舂碓处）和“掌倮”（晒台）三部分组成，分上下两层，楼上面住人，楼下是关牲畜、堆放柴火的地方。

落地式茅屋建盖方法比较简单，男子都会盖房子，通常是选好地基后，栽20棵木桩叉，用三根横梁搭在木桩叉上，然后用交叉的形式放上若干条椽木，压上用竹制成的压条，铺上茅草，四面用竹篾芭或用芦苇编织的蔑芭围起来作围墙就行了。住房一般是三室，进门多设置在中间一格，进门就是神桌，左边一格设两张床，两床之间有一火塘，右边一格堆放粮食和其它东西。糯福坝卡是拉祜西的大家庭，住的是掌楼房，房内的格数又按家庭内小家庭成员的家数划分。房内设置火塘，一般是一个小家庭一个火塘，也有两家一个火塘，但各分一个陶锅煮饭。

拉祜族曾经经历过血缘群婚、族内对偶婚、转房婚和一父一妻制等，而且长期实行族内对偶婚，因此血缘集团内部，父系和母系相互混杂而导致双系大家庭制度长期并存。近代以来拉祜族主要是实行一父一妻制的父系大家庭制度。现在拉祜族青年人的婚姻一般要经历串婚、订婚、结婚等几个过程。串婚实际上就是青年男女谈恋爱的过程，但又具有明显的季节性。按照传统习惯，串婚只能在每年的“火把节”，到第二年的春耕农忙期间进行。平时，一般禁止青年男女在一起谈情说爱，否则不仅会受到人们的谴责，而且会被认为是一种伤风败俗的行为。

订婚是在串婚的基础上，青年男女将自己谈恋爱的事情告诉家人，双方父母得知自己的儿女已经确定了意中人后便托媒求婚。如果家长同意对方的求婚，就喝下媒人带来的酒，若拒绝喝酒甚至将酒推翻在地则表示拒绝或对婚事不满。求婚成功后即可举行订婚仪式，仪式多在男方家举行，也可在女方家举行。届时，媒人带上米酒、鸡、肉、盐、茶叶等到女方家，做好饭菜，宴请女方家长和亲戚，然后双方边吃边商量聘礼和婚期。订婚之后，青年男女必须到对方父母家中劳动一段时间，如发现对方不会干活，或者人品不好等，可据此解除婚约。结婚仪式一般都在农历腊月至春节期间举行。从妻方居住的，由女方家迎娶，婚礼在女方家举行。从夫家居住的，由男方迎娶。男方迎娶时，新郎带着聘礼去女方家，到达女方家后，先要向岳父献一筒清水表示尊敬。下午举行盛大的婚宴，婚宴上，新郎新娘必须坐在一条凳子上，新郎要主动给新娘夹菜，新娘将菜还给新郎，表示互敬互爱。饭后，由女方家长给新婚夫妇举行拴线仪式，拴线仪式完了以后，女方亲友陪同一对新人返回新郎家。在新郎家也得举行和新娘家基本相同的仪式后婚礼才算结束。拉祜族有婚姻自由的传统和以离婚为耻辱的观念。喜新厌旧而提出离婚者，会遭到人们的指责。如果一方提出离婚，则必须付给对方一定数目的款项。男子提出离婚者，其所支付的款项要比女子提出离婚者多。离婚后双方可以再嫁娶。拉祜族还实行转房制度，即夫死后妻可以转房，但仅可以转房给夫之弟，不能转给夫之兄。寡妇再嫁不受歧视。

拉祜族家庭中老人最受尊敬，有这样一句话：“把享受让给比自己老的人，因为太阳、月亮是最老的人先看见的，最老的人是寨子里懂道理最多的人。”在生活的每一个细节，都反映出拉祜族尊敬老人的美德。平时家里有老人来了，青年就自觉地让座，请老人坐在火塘靠太阳出的方向，然后敬烟，接着烤茶，第一碗茶自己吃，第二碗敬给老人，意思是请老人放心。向老人敬烟、敬茶时，都要双手举过头，接的人也要双手去接，单手接被视为不懂礼貌。一个人在接受敬烟敬酒时，第一次获得敬给的烟酒，要转给在场比自己年纪更大的人，否则，以后这个人是不会受到大家尊敬的。老人坐着时，青年人不得从老人前面走过，要从背后走过。盛饭时要先盛给老人。老人吩咐事情时，要等老人吩咐完了才能回话。

拉祜族对生育极为重视，没有重男轻女或重女轻男的观念。妇女怀孕期间不能单独外出和做重活，而且亲人随时在旁。生小孩后，家人精心照料，并单独为产妇开灶。婴儿出世未满月期间，亲朋好友携带米、鸡、蛋等看望产妇，由接生老人向人们报婴儿性别。有些地方有产妇生男孩杀母鸡，生女孩则杀还未鸣啼的公鸡祭祀的习俗。认为第一胎生男孩时，如用母鸡祭祀，第二胎则生女孩，还认为这样做会使婴儿长大成人后好找对象。新平拉祜族婴儿出世后，忌讳外人进家，若有成年男子误入，则要认婴儿为干儿或干女，而且必须为之送礼取名。澜沧、西盟等地拉祜族婴儿出世的第三天，由祖父母或外祖父母为其取名。产妇坐月期间，丈夫要守护在旁，而且一个属相周（12天）内夜里不能熄灭塘中的火。坐月满12天后，据产妇的身体状况，可以在屋内活动，但不能下地干活或有风时出门。产妇坐月期间还备有产妇专用的锅、碗、勺、杯、壶等生活用具，吃饭时与众人隔开，保持卫生和清静的环境。

拉祜族的丧葬习俗，受到自身世界观的支配。拉祜族认为，世界分为现世世界和彼岸世界，并相信这两个世界的生活环境和社会环境都相同，人类社会就是在彼此世界相互转换过程中延续和发展的。因此，人们不仅重生，而且重视丧葬。根据人的死因将丧葬分为正常丧葬和非正常丧葬，又按死者年龄的大小分为成年人丧葬和非成年人丧葬两种。清康熙《楚雄府志》卷十九说，当时生活在楚雄府境内的拉祜族“遇有死者，不殓不葬，停尸而去，另择居”，没有报丧、吊唁和葬礼的记载。现代拉祜族已形成了独自的丧葬习俗。拉祜族人死后，首先要在家门口鸣放火药枪报丧，入殓后，家人把一根白线的一端拴在一头二三十斤重的猪脖子上，另一端放在死者的手掌上，然后用一盆清水把猪溺死。被溺死猪的肉，家人不能吃，只有亲属才能吃。死者停放在家时，脚朝正堂上方，头朝正堂门。出殡之前，先由“磨八”（巫师）在死者身旁招魂。招魂时用饭一碗，一点食盐，点两支蜡烛，由磨八祷告。然后，两个妇女点着火把，带着殉葬物为死者领路走向葬场。若死者为成年人，等儿女亲友到齐了，当天或第二天就安葬。若死者为老年人，还要为其举行吊唁活动，停尸两三天，表示对老人的尊重。墓地的选择是用鸡蛋卜地法，即当灵柩抬到坟山后，由女婿将米碗里的鸡蛋从自己的胸前向背后抛去，鸡蛋落地处，就是挖坑下葬处。以石垒坟为标记，不立碑刻字。葬式有火葬和土葬两种。多数拉祜族地区有公共墓地和火葬场，一些地方有家庭墓地和火葬场。澜沧一带拉祜族火葬一律用湿柴，由丧家亲属准备，若死者为男性，备用柴堆成八层；若死者为女性，则堆成九层。尸体焚化后又将死者生前用过的物品烧掉。焚尸后第二天拾骨放入棺材，在火葬场附近安葬，个别只将骨灰收拢成堆即告葬毕。老年死者抬到山上火化，晚辈死者则抬下山火化（一些村寨凡36岁以上的人死亡不行火葬）。火化数日后，收骨灰择日而葬。各地拉祜族有举行隔魂和复山仪式的习俗，其内容多为安慰死者，让其安心在彼岸世界生活，让现实世界的人们吉祥安康、人丁兴旺。多数拉祜族节日庆典时在家中祭祀祖先，没有上坟扫墓之习俗。拉祜族对在寨外自杀、溺水或因事故死亡的人视为非正常死亡，就地掩埋，只用死者生前用过的被子等裹尸，不用棺材，甚至砍荆棘垫坑底，以免人间再发生类似现象。

拉祜族的主要传统节日有五个，即春节、清明节、端午节、火把节和中秋节，其中春节最隆重。按照拉祜族的历法，一轮12天，一月30天，一年12月。有的地方的拉祜族，碰上闰月年，就会出现过两次节和过两次年的情况。有的则只过前一个月的节，不过后一个月的节。

春节，拉祜语称为“扩尼哈尼”。拉祜族人过年分为大年、小年，拉祜族称大年是女人的年，小年是男人的年。大年是从正月初一至初四共四天，小年是从初七至初九共三天。腊月三十，人们洗过澡换新衣服，晚上各家都在火塘边吃团圆饭，饭后放火枪火炮，庆祝节日。大年初一凌晨鸡叫头遍，各户便奔向水井抢接“新水”。据说谁家先抢到新水，谁家的谷子就先熟，谁家就有福气。吃过早饭后，人们汇集在舞场上唱歌、跳芦笙舞，直至深夜。初二起人们互相拜年祝福。初九日至十一日过小年，喝酒、唱歌、跳芦笙舞。年十二是满年，这天晚上全寨要跳芦笙舞，意思是天上的月亮圆了，年也过完了，从第二天起重新进入紧张的劳动生产了。

清明节，拉祜语称为“灵摆固”，在农历的二月过，是一个扫墓的节日。这天，各家老小都要到墓地清除坟墓上的杂草，加高坟墓，带上鸡、米、酒、烟、茶以及死者生前喜欢的东西，祭祀死者，悼念亡魂，最后全家人在坟墓旁进行野餐。

端午节，是拉祜人民种树种花的节日。传说这天是撒在田地里的种子脱离谷壳的日子。这天不能砍伐任何植物，而是种树、种芭蕉、种竹子最好的日子。传说这天把棒头（木杵）插在地里都会生根发芽。

火把节，拉祜语称为“啊根杜”，每年农历六月二十四日举行。这天天黑时，各家各户都要在房前屋后或园圃地里插一对火把，火把是用松明扎成，有的还在寨子中间的广场上插一对大火把。火把点燃后，全家团聚共餐，有的还互邀至亲好友来家作客，饭后青年男女则聚集在广场上跳芦笙舞，直至天亮。“火把节”的习俗各地有所不同，有的地方只过一个晚上，有的地方则过三天。

新米节，又叫“尝新节”，拉祜语称为“扎四俄扎”。拉祜族的新米节没有统一的日子，约在每年农历的七、八月间，谁家的新谷先熟，谁家就先过新米节。用新谷做成新米饭，邀请亲朋好友前来共餐，庆祝节日。开饭前要先盛一碗新米饭敬献给厄莎（创世神）和祖先神灵，然后给狗单独吃一份。等家中的老人端碗后，其他晚辈才能跟着吃。

中秋节，又叫“月亮节”，拉祜语称为“哈巴节”。农历八月十五这天晚上，要把自己的瓜果和谷等选最好的拿来献月亮，因为月亮为人们分明耕种的节令。当月亮升起的时候，各家把选来的南瓜、黄瓜、包谷、谷穗、水果等摆在小篾桌上，拿到寨子后面祭山神的地方献月亮。其中梨是不可缺少的，象征青年男女幸福的日子开始了。在月光下，全寨大人小孩围着篾桌跳芦笙，庆祝丰收。

葫芦节，拉祜语为“阿朋阿龙尼”，是一个新型节日。1992年8月7日，澜沧县人大常委会第九届第十次会议上，审议通过澜沧县人民政府提请的每年农历十月十五至十七日为拉祜族“阿朋阿龙尼”（即葫芦节）的报告。2006年2月17日经澜沧拉祜族自治县十二届人大常委会第二十四次会议决定将拉祜族“阿朋阿龙尼”（葫芦节）时间由原来每年农历10月15、16、17日调整为每年公历的4月8、9、10日。每年4月7日是澜沧拉祜族自治县的县庆，把“葫芦节”和县庆合在一起。

其他传统节日还有农历二月八、农历七月的祭祖节等。此外，拉祜族传统地域性的节日，还有卡腊节（新平）、婆娘节（镇源）、洗澡节（勐腊）等，信仰基督教的信徒过圣诞节。

新中国成立之前，拉祜族没有书面形式的文学，也没有过登上艺术殿堂的音乐、舞蹈、绘画、工艺美术等作品，人民世世代代所创造的一切文学艺术成果，埋没在山乡村寨，鲜为外界所知。新中国成立后，党和政府组织大批民间文艺工作者、民族工作者和拉祜族干部，共同深入到民间去向民间艺人调查采撷，拉祜族民间文化宝库的大门终于启开了。一件件凝结着劳动人民智慧的口头文学作品，先后被搜集起来，经过翻译、整理出版，以其独特的丰姿，逐渐走出山寨、走出云南，走向全国、走向世界。

拉祜族文学的民间文学，又叫口碑文学，从其内容上大体可以分为韵文和散文两大类。

韵文类主要是民间诗歌，有创世型传统诗歌，如《牡帕密帕》、《创世歌》等反映了拉祜族先祖对自然界的认识；迁徙型传统诗歌，如《根古》、《古根》主要是反映了拉祜族历代先民，从遥远的北方艰难跋涉迁到澜沧江一带的过程；祭祀型传统诗歌，如《斯给纳斯》、《哈空》、《开山祷词》等，与拉祜族原始宗教信仰紧密相关。另外还有一些表现年节习俗、农业生产、婚恋礼俗、丧葬礼仪等内容的一些诗歌，内容非常丰富。

散文类的民间文学作品主要包括神话、传说、民间故事、寓言等，如神话传说《造天造地》、《猴子婆》、《厄莎造天地》、《人和雪的的传说》，民间故事《两个女婿》、《聪明的老人》、《悔恨鸟》、《亚珠西与左雅米》、《札弩与班鸠姑娘》等。这些作品主要记载了拉祜族人民物质文明和精神文明的历程，以及他们的先祖在改造自然、改造自身过程中形成的各种思想意识。

拉祜族民间文学过去基本在人们的口头流传，没有文字记载。新中国成立后，在党和国家的文艺方针指引下，广大民族文化工作者，对拉祜族民间文艺进行了大量的挖掘整理工作，得到突破性进展。先后整理出版了《拉祜族民间文学集成》、《拉祜族民间诗歌集成》、《拉祜族民间故事》、《拉祜族苦聪人民间文学集成》、《拉祜族民间舞蹈》、《拉祜族谚语俗语语集》（拉祜文、汉文对译）、《拉祜族文学简史》（民间文学部分）等数百万字的民间文学资料和研究专著，为拉祜族文化史的研究积累了珍贵的资料。澜沧拉祜族自治县民族歌舞团编演的《斑鸠捡谷子》、《猎虎》等节目在全国文艺调演中获文化部和国家民委的奖励。2005年澜沧拉祜文化兴县迈出了重要的一步，组织参加了中央电视台《拉祜情歌——芦笙恋歌》、《星光大道年度冠军总决赛》、《半边天——“女性眼睛看十年”》和云南电视台《非常大不同——“探密古茶园”》等节目录制，精心组织了“中央电视台《星光大道》拉祜山乡行”活动，有力地推广和宣传了拉祜族文化。

拉祜族的乐曲旋律悠扬，调子丰富。景谷县的拉祜族人喜欢听唢呐，有《过山调》、《隔娘调》、《采花调》、《出门调》等30多种。镇沅县的拉祜族曲调，按形式和乐器分为三弦曲、芦笙曲、唢呐曲，还有独唱曲和对唱曲等。拉祜族的乐器种类也很多，大都是竹制的，可分为吹奏乐器、弹拔乐器和打击乐器三大类。常见的吹奏乐器有葫芦笙、列嘎嘟、闭闲等。葫芦笙是拉祜族主要的传统吹奏乐器，大小及规格不同，发出的音乐高低也不同。口弦、小三弦、牛腿琴是拉祜族地区常见的弹拔乐器。打击乐器则主要有木鼓、波罗谷、快列玛或切、排等。

拉祜族能歌善舞，特别是逢年过节，歌舞是他们必备的节目。他们的舞蹈动作往往与生产紧密结合，有芦笙舞、摆舞、跳歌等。芦笙舞是拉祜族人民欢度节日时跳的一种大型的集体舞，据统计有136个民间组合套路，主要分布在澜沧、西盟、孟连、勐海、双江、临沧、沧源等县的拉祜族聚居区。摆舞共81个套路，主要是澜沧和孟连两县拉祜族跳的一种舞蹈。从舞蹈内容看，既有反映生产、生活的，也有模拟动物动作的，还有不少是反映祭祀礼仪的，如《祈祷舞》、《扫地出门》、《拜年》、《讨福》等。

拉祜族民间的传统体育项目多种多样，主要有摔跤、踢架、射弩、火枪射击、打陀螺、荡秋千、标杆、爬杆、武术、拳术、拔腰力、拔河、拉猪、双人三脚跑、仿牛斗角、搬手、丢包、丢石、穿针、甩标签、跳芦笙等，还有一些体育游戏项目，如老鹰捉鸡、老虎抱蛋、骑马传物、打马桩等，这些传统的体育活动和民间娱乐活动相结合，具有明显的民族特点。"
水族	"水族总人口411847人（2010年），主要生息于黔桂交界的龙江、都柳江上游地带，贵州省黔南的三都水族自治县、荔波、独山、都匀等县市为主要居住区，黔东南的榕江、丹寨、雷山、从江、黎平等县为主要散居区，此外在广西北部的河池、南丹、环江、融水等县市以及云南省富源县也有水族村落分布。水族与周边的汉、苗、布依、侗、瑶、壮等民族友好相处，共建家园。

水族自称“睢（sui3）”，因发祥于睢水流域而得名，故民间有“饮睢水，成睢人”之说。对于水族的来源，民间和学术界出现殷人后裔说、百越（两广）源流说、江西迁来说、江南迁来说等说法，实际是针对水族发展史上某一时段或某一分支而论，都有一定的历史性与合理性。据《百越源流史》载，大约在殷商之后，水家先民从中原往南迁徙，逐步融入百越族群之中，逐步形成了以中原文化、百越文化为主流的，南北民族融合的二元结构形式。岭南地区以及东南沿海一带，古代居住着许多部落，史学界统称为“百越”。水族先民南迁之后可能融入百越的“骆越”支系中，然后逐步发展成为单一民族。因此，水族社会保留着殷商文化圈和百越族群的浓郁文化遗存。水书是夏商文化的孑遗，属水族的精神支柱。鱼是水族的图腾，饭稻羹鱼是水族的重要社会习俗。

水族历史上曾出现过两次举族大迁徙。殷商亡国之后，部分殷人南迁融入百越族群。这是水族先民的第一次迁徙。公元前2世纪，秦王朝统一中国之后发兵征剿岭南。水族先民举族第二次大迁徙，从百越母体中分离出来，由南方溯流进入龙江、都柳江上游地带生息，大致形成后世分布的格局,并逐步向单一民族迈进。水族先民水族经历了八九百年相对比较稳定的发展，到了唐代逐步发展成为单一民族。水族的族名以“水”代“睢”，与唐代设置的抚水州有关。开元年间（713—741年），唐朝在今黔桂交界的环江一带设置以安抚水族先民为主体对象的羁縻抚水州，这是中央王朝对自称“睢”族群的确认，标志水族以单一民族身分跻身于中华民族之林，族名从此以“水”代“睢”。据《唐书•地理志》、《唐书•南蛮传》载：“贞观三年，东谢蛮首领谢元深入朝……以其地为应州，拜元深为刺史，领黔州都督府。”“贞观三年，以东谢首领谢元深地置县五:都尚、婆览、应江、陀隆、罗恭。”“开元中，置莪、劳、抚水等羁縻州。”据考证，应州及属下都尚县的治地为今三都水族自治县上江镇；婆览县治地为三都县恒丰乡，后世称为水婆；应江县治地为榕江县平永乡；陀隆县为台江；罗恭县为雷山县。宜州北面的抚水州在今广西北部之环江一带。从贞观三年至开元年间(629—741年)的100余年间，唐王朝相继在水族地区设置经制应州，羁縻抚水州、莪州、劳州、环州，以及都尚县、婆览县、应江县、罗恭县、抚水县、京水县、多逢县、古劳县等建制。在水族历史上，这是史无前例的辉煌，对推动水族成为单一民族，促进水族地区的政治经济和文化发展，都产生了深远的影响。

水族的族名此后在一些私人的著述及史籍中出现，明末邝露《赤雅》有“亦僚类”之说。在清代及民国的史籍中，出现水家苗、水家夷、水家等称谓。1957年，国务院批准成立三都水族自治县，族称定为水族。

水族有本民族的语言和传统文字。水语属汉藏语系壮侗语族侗水（侗台）语支。水族古文字，以及用这种古文字著编的信仰文化、民间知识杂糅的典籍，水语通称为“勒睢/泐睢(le1sui3)”，汉译为“水书”。水族古文字体系保留着图画文字、象形文字、抽象文字兼容的特色，2500多个单字中，大部分为异体字。水书被誉为水族的“易经”、“百科全书”。2002年，国家档案局、中央档案馆将水书列入首批“中国档案文献遗产名录”，作为重点民族古籍进行收藏。2006年，水书被列为首批国家级非物质文化遗产名录。在日常生活中水族地区通用汉文。

水族主要生活在都柳江、龙江上游地带，这里气候温和，宜于种植，在水族和周边兄弟民族的辛勤开拓经营下，这里逐步变成竹木成林、鱼米花果之乡。水稻、小麦、玉米、棉花、油菜、苎麻、蓼蓝草等是主要农作物。水果有李、橙、桔、桃、梨和杨梅等品种。都柳江、龙江上游水产丰富，有鲤鱼、鲥鱼、青鱼等。竹木种类主要有杉、松、楠木、楠竹、麻竹、油桐、油茶等，林区中生长麦冬、杜仲、茯苓等多种珍贵药材。矿藏品类主要有铁、煤、汞、锑、硫磺、铅、锌等。

【历史沿革】

隋唐时期，湘、黔、桂边境一带统称为“溪洞”之地，住在这里的少数民族处于部落、部族阶段，部分从事刀耕火种的农业。在《宋史》中关于抚水州（包括抚水、京水、多逢和古劳四个县，主要为今广西环江一带，及毗邻贵州省荔波县的部分地区）的记载，可以看到“夹龙江居”水族社会发展的轮廓。当时，这里的农业生产已有相当的发展，平地广种水稻，有“种稻似湖湘”之记载，酋长居住的地方有“楼屋战棚”，并有栅栏护卫。“其酋皆蒙姓……民则区、廖、潘、吴四姓。亦种水田，采鱼。”为了反抗封建王朝的高压统治，抚水州的水族上层还组织地方武装，多次“犯边作乱”，威胁到中央王朝的统治。同时，水族首领还私自铸造水书大钱。从蒙令、蒙汉诚、蒙虔玮、蒙填、蒙顶、蒙承贵到蒙赶称帝，抚水州都几乎没有停止过反抗压迫的活动。宋大中祥符九年（1016年），抚水州蛮“数寇宜（山）融（水）州界，转运使俞献可招抚，群蛮抗命，侵略不已”，后命平州刺史曹克明领兵征讨追斩殆尽。“诏以抚水州为安化州，抚水县为归仁县，京水县为长官宁县”。为防止水族人民再与朝廷抗衡，宋王朝除改抚水州名外，还有意识地把水族人民迁移到汉族地方安置。《宋史》载：“愿迁处汉地者七百余口，诏分置广西信荆湖州军，以田粮。”宋朝出台这一决策之目的，就是要分化瓦解水族社会实力，从根本上消除西南地区隐患。从此水族社会日趋衰微。

宋末元初，水族已进入封建社会。蒙姓贵族在龙江上游的广大地区建立了封建领主制度的形态，但仍保留着较浓厚的农村公社色彩。表现在领主对辖区内土地并无绝对的支配权，人身依附关系并不牢固，而且在社会基层组织的“洞”或“寨”内，成员还有一定的独立自主权。“洞”、“寨”内有自己的领袖“都老”管理内部事务，遇有战事则敲击铜鼓或吹牛角，由“都老”召集成员参加战斗。成员可以自由使用洞、寨公有的山林、牧场，但经过开垦的土地则归垦者占有。对封建领主的贡赋亦以村寨作为负担单位。

元朝政府对西南少数民族实行招抚政策，设置了一套从路到总管府、军民府的统治机构。1283年，四川行省参政曲立吉司用武力镇压了贵州南部“九溪十八洞”的少数民族，加封少数民族首领为世袭土官，通过他们来统治少数民族人民。不久，邻近的烂土、陈蒙等处的“洞长”也接受了元朝的封号，改陈蒙、合江两洞为州并增设了陈蒙、烂土军民安抚司。规定按期向封建王朝纳贡丹砂、雄黄以及马匹、雨毡、刀等物。

明代，水族地区的社会经济有了显著的发展。在农业生产方面，由于生产工具的改进，在较平坦的地区新开了很多水田。在过去采用“刀耕火种”的山区，也已开辟为梯田，改变了过去“不以牛耕”的习惯，兴修水利，灌溉田亩，生产技术有所提高，粮食产量有了增长。生产力的发展提供了更多的剩余产品。另一方面，由于大量开垦，出现了许多不向土司、土目交纳负担的“私田”，农民间分化出一部分新兴的地主阶级，领主经济逐渐向地主经济转化。依附于农业的家庭手工业也有了显著的发展，特别是手工业纺织产品不但可以自给，还有剩余拿到市场出售。定期赶集的初级市场也在不断形成，并出现了较大的集镇。驿站的普遍设置，在客观上便利商旅的往来，与外地经济往来联系更加密切了。随着江南汉族移民大量迁入，带来了先进的生产技术，水族人民与汉族人民互相学习，友好相处，对水族地区的经济文化发展起了促进作用。

明代沿袭元代分封土官的办法，在水族地区设置土司。水族人民不仅要向封建王朝交纳赋税，同时还要给土司、土千总、土目服无偿劳役和各种杂派，如耕种“印田”、“塘田”、“伕田”、“鼓手田”、“筷子田”等，种某项田的农民就要负担差役或交纳某种实物，种“伕田”的要给土司抬轿。土司家庭的一切糜费、鸡鸭、柴草以至筷子，都要农民定期交纳。土司拥有官吏、军队、法庭和牢狱，对农民有生杀予夺之权。明代在加强土司制度的同时，在有条件直接统治的地方，则逐步实行“改土归流”。如明初，封建王朝以武力消灭了荔波的蒙、皮、雷三姓土司以后，分置方村、蒙村、穷来村三个巡检司。1506年又改司设县，委派流官统治。在明代封建统治阶级和土司的剥削压迫下，水族人民和邻近各族人民的反抗斗争此伏彼起，较大的就有十多次。今榕江县境内的八开土司、三都县境内的甲早白姓土司等，也与当地的水族发生过多次纠葛抗争。1432年水族人民在韦翁同的领导下，反抗烂土土司的斗争；1479年水族人民支持苗族人民反抗安宁土司的斗争；1489年水族人民围攻镇压人民的军事据点杨安堡等。

从清初到鸦片战争的200来年间，水族地区的社会经济有了进一步发展。农业生产有了显著的提高，在平坝地区，水稻亩产可达三百斤以上，已有少数从农业分离出来的独立手工业者，在烂土、三脚屯及荔波县城等城镇出现了小规模的手工业作坊。根据嘉庆年间的记载，当时手工纺织技术已达相当水平，烂土出产的斜纹布，称为“顺水班”，行销邻近各县。商业也逐渐发展起来，乾隆时，仅三脚屯州洞辖区内，农村初级市场即有14个之多，来往商旅络绎不绝。清朝统治者为了加强对水族人民的统治，在水族的土司辖区内增设流官。这时地主经济有了相当发展，农民的土地大量被地主霸占。至19世纪初期，水族地区已出现了拥有一千多亩田的大地主，通过地租、高利贷，对劳动人民进行剥削。英勇的水族人民与临近各族人民掀起了多次反抗清朝统治者及本民族剥削阶级的斗争。1803年，荔波知县胡苍睿等一批赃官在赴任途中被水岩的水族农民全部消灭。从此以后，清政府派到荔波的官吏，“莫不心怀畏缩，裹足不前”。

19世纪80年代以后，帝国主义势力直接深入水族地区。农民被诱迫大量种植鸦片，每年沿都柳江外运的鸦片达数十万两，农村生产力遭到了破坏。过去水族妇女纺织的传统的“水家布”，因质地牢固而不易褪色，行销远近，这时也由于洋布、洋纱的输入而受打击，传统纺织业变成了洋纱加工手工业。

辛亥革命以后，民族资本有过微弱的发展，在今三都水族自治县内开办铁、汞、锑等矿厂，但终于为国民党官僚资本所垄断，买办资本家大肆掠夺水族地区盛产的油桐、五倍子等土特产，地主阶级大量兼并土地，地租剥削由“对半分”变为地主收六成甚至七成，加上高利贷和雇工等剥削，逼得许多农民倾家荡产。法国传教士在黔南设立了一些天主教堂，连三都县九阡镇板南村也建起教堂，教会与地主阶级相勾结，横行霸道，欺压人民。

帝国主义扶持的地方军阀连年混战，给人民带来极大灾难。1922年，云南军阀张开儒部路过水族地区就拉去民伕一万余名，沿途病死者不计其数。各派军阀竭力收编和扩大土匪武装，形成了军阀、地主、土匪三位一体的统治。从当时流行的谣谚可窥出水族地区的状况：“官如匪，兵如篦，保安团过如刀剃。”“穷人头上三把刀，官家压、地主剥、土匪烧。”在官匪联合统治下的二、三十年间，水族聚居的一些地区人口减少了1/3，农村荒凉，劳动人民大多过着吃蕨根、盖秧被、以灰水代替食盐的悲惨生活。

近代水族人民进行过多次的革命战争，其中规模较大的是19世纪中叶的农民起义和20世纪初的反帝爱国运动。1855年，在太平天国革命的影响下，水族人民在潘新简的领导下，团结周边布依、苗、侗、汉族人民，投入“咸同起义”，参加者达数万人之多，转战黔南桂北，坚持斗争达18年之久。起义军所到之处，打倒官僚、地主恶霸，废除苛捐杂税，得到各族人民的热烈支持，与太平军、捻军及回民起义军共同构成了当时全国人民反抗清朝统治者的大风暴。1906年三月，水族激于帝国主义传教士在水族地区的罪恶行径，与当地周边民族一起拿起武器坚持战斗年余，攻打都匀府，打开监狱，救出蒙难群众，捣毁教堂，先后参加斗争的群众达10万人以上。

在新民主主义革命时期，水族人民进行了多次反对封建军阀的斗争。1930年，中国工农红军第七、八军经过水族地区，组织群众，打土豪，分粮食，宣传党的政策，播下了革命火种。水族群众积极地给红军带路和运送粮草。1943～1944年间，水族人民为反抗征工、征粮、征兵，围攻三都县城。都匀套头地区围歼前来掳掠的国民党黄瑶部队，掀起了反抗国民党统治的斗争高潮。1944年11月下旬，日本侵略军侵入贵州，“黔南事变”爆发。日军在黔南横行的18天，践踏荔波、三都、独山、丹寨、都匀等县市，进退均经过水族地区。为保家卫国，英勇的水族人民奋起反击，打响了贵州民间抗日的第一枪和最后一枪。在这次反抗侵略斗争中，水族和周边各族人民自发组织起来战斗，共击毙日军百余名，缴获一大批军械，谱写了一曲壮美的卫家保国颂歌。1949年，水族进步的知识分子潘文兴，联络布依族知识分子覃杰等，秘密组织武装游击队攻克国民党盘踞的荔波县城，移交中国人民解放军接管，迎接新中国的诞生。

在水族历史上，出现了一些可歌可泣的人物。如清咸同年间抗清起义领袖潘新简，水族史学奠基人潘一志，共产主义先驱、中国共产党一大代表邓恩铭。

潘新简（1819或1820-1869），小名阿简，三都县九阡镇人。他领导的这场抗清起义，是水族历史上规模最大、范围最广、时间最长、影响最为深远的农民革命。水族人民在《潘新简之歌》中赞美道：“杉木树/砍倒主干，老桩兜/还发嫩芽。水家人/倒了阿简，那身板/也不散架……没见到/阿简坟墓，常见到/阿简营卡。日月落/营卡常在，简称王/世代齐夸。”

清咸丰同治年间(1855-1869)，在太平天国革命运动的影响和推动下，潘新简领导以水族人民为主体，有布依族、苗族、汉族参加的起义军，展开了轰轰烈烈的抗清起义斗争。这次革命，是太平天国革命运动时期，贵州各族人民起义的一个重要组成部分。起义斗争活动范围广及荔波、三脚屯、都匀、独山、都江、榕江、丹寨、下江，及广西的南丹、思恩等地。主要控制了荔波十六个里，蓄发参加起义者达四万多人。起义队伍积极和太平天国部队以及上江（都江）罗光明起义军和下河（清水江）潘老帽、潘阿六领导的苗民起义军取得联系，配合作战，相互支持，十七次攻打荔波县城，六次攻破县城。先后消灭清反动官吏数百名和清兵、团练万余人。在起义的整个过程中，潘新简矢志不移，积极组织和领导群众开展革命。同治八年（1869年），清政府调集黔桂两省兵力围剿起义根据地九阡里，义军势孤失败，潘新简逃往下江被叛徒出卖而被俘，同年8月15日英勇就义于桂林。潘新简就义之后，其余部又坚持斗争3年，反清斗争共持续18年之久。

中共一大代表、水族人民的优秀儿郎邓恩铭赋诗高度赞扬：“潘王新简应该称，水有源头树有根。只为清庭政腐败，英雄起义救民生。”

水族史学奠基人潘一志。潘一志（1899--1977）原名益智，字若愚，水族名志。水族著名文化学者、诗人、方志学家、水家史学研究奠基人，三都水族自治县首任第一副县长、政协黔南州前驻会副主席、第四届全国政协委员。潘一志出生于水族书香门第。他三度从军，数度从政，多次从教。由于性情耿直，为人正派，在国民党统治时期，宁可洁身自好，不愿随波逐流，数次逃官辞官，隐居躬耕避世。当新中国建立，荔波县人民政府县长杜介厘邀请他为新政权服务时，他欣然应允，并将名字“益智”改为“一志”，以示自己找到光明与希望，立志一心一意为新中国服务的情怀。潘一志费尽心血搜集编写40余万字的《水族社会历史资料稿》，为水族人民留下了宝贵的人格精神财富和珍贵的文化历史资料。另外有《潘一志诗词稿》传世。

共产主义先驱战士邓恩铭。邓恩铭原名邓恩明,字仲尧，水族，1901年出生于贵州省荔波县，是中国共产党早期的著名革命活动家、工人领袖之一，是我党建党时唯一的少数民族成员及最年轻的党员。“四十年前会上逢，南湖舟泛语从容。济南名士知多少，君与恩铭不老松。”1961年，党的一大代表、国家副主席董必武,写诗热情地赞美党的“一大”代表邓恩铭和王尽美。

1917年秋，17岁的邓恩铭辞别家乡，怀着“男儿立下钢铁志，国计民生焕然新”的伟大抱负与豪迈气概，奔赴山东济南，投奔叔父，考入济南市立第一中学读书。“五四”运动爆发后，他积极参加进步活动，成为学生自治会的领导人，主编校刊。后来结识济南第一师范学校进步学生王尽美等人，发起成立励新学会，创办《励新》半月刊，发表针砭时弊文章。不久成立济南共产主义小组，出席在上海召开的中国共产党第一次全国代表大会。1922年，作为中共代表团成员出席共产国际在莫斯科召开的远东各国共产党及民族革命团体第一次代表大会。回国后，在中共第二次全国代表大会上报告共产国际大会精神。到山东淄博建立中共淄博矿区支部，到青岛后建立中共青岛支部，组织、领导胶济铁路大罢工和青岛纱厂工人罢工。1925年，邓恩铭调任中共山东地方执行委员会书记。不久被敌逮捕，因患重病，获保外就医。1927年，邓恩铭出席中共五大，不久任中共山东省委书记。由于叛徒出卖，1928年2月被捕入狱。临刑之前，邓恩铭留下视死如归的遗诗：“卅一年华转瞬间，壮志未酬奈何天。不惜惟我身先死，后顾频频慰九泉。”1931年4月5日，邓恩铭就义于济南纬八路刑场，时年31岁，为中国革命献出了宝贵的生命。

【风俗文化】

水族的风俗文化不仅丰富多彩，而且颇具个性特色，大大地丰富了我国56个民族的风俗文化的园地。水族的风俗文化，我们从生产、生活、礼仪、岁时、社会以及文学艺术等方面进行介绍。

水族地区的农业生产，建立在小家庭的基础之上，生产工具主要有：犁、耙、钉耙、耥耙、秧耙、踏犁（步犁）、笃撬、薅锄、挖锄、铲锄、手锄、斧头、柴刀、镰刀、锯镰、摘刀、谷桶、木锤、铁锤、水碾、舂碓、扁担、扦担、凿子、推刨、锯子、梭镖、弓箭、铁夹、鸟枪、火炮等。其中，值得一提的是摘刀、踏犁（步犁）。摘刀，主要用于采摘糯稻、红稗及喂牛的芭茅草。采摘时，右手持刀，一次一穗或一刀一根把采摘的物品摘下，然后结束成把，以便于搬运或晾晒。踏犁，适合于山区深翻土地，既省力而又不踩板泥土，颇受农户欢迎。农活，一般入冬之前挖泡冬田、翻稻茬田，让冰雪扎松土壤及杀死虫害。入冬之后，抓紧割草积肥。快开春时，就准备修整水塘、水渠、水沟。在古代，山区梯田的开发，大多利用冬季农闲时节进行。

水族种植水稻有悠久历史，形成众多十分浓厚的稻作相关习俗。水族历法以稻作物候为依据，水族的卯节与端节，就是因稻作种植与收割而形成的盛大年节。过去，人们认为在稻作生产关键阶段，博得稻神欢心才能获取稻作丰收，因此从浸种、撒秧、栽秧到吃新收割每个关键阶段，往往要依据水书择吉行事。开秧门之前，将两把稻秧带到家中以鱼肉酒饭供祭，请盛装的年轻媳妇主祭，喃喃祈求神灵保佑稻作丰产：“别人的稻谷用摘刀采摘，我家的稻谷用斧头砍。斧头砍根桩，摘刀摘尖稍……”。然后，由这位媳妇带着秧苗先下田栽几行之后，盛装待命的其他妇女才纷纷下田劳作。开秧门仪式，既是对稻神的尊重，又是运用相似律的巫术原理，让少妇旺盛的生殖力转嫁到禾稻上，祈求获得更大的丰产。水族崇拜鱼，鱼是大多数水族地区的图腾崇拜物。水塘养鱼、稻田养鱼是水族地区的重要技能与特色，人们运用田鱼产卵和用稻草团分卵繁殖的技能，掌握洪水及野兽对渔业危害的方法，使鱼稻获得双丰收。所以，饭稻羹鱼成为水族的传统习俗。

水家人过去用的布料，全靠自种、自纺、自织、自染。其中，制作染料靛青的程序颇为复杂。栽种蓼蓝草是第一步，有条件的地方，将紧挨的两侧山上的杂树乱刺砍倒填在山凹处，再将两侧山上的腐植质肥泥盖住其上，作为育苗的基地，将蓼蓝草苗扦擦土中，不用施肥，也长得特别茂盛。到采摘季节，把蓼蓝草浸泡在专用的靛池中用石灰将其沤制靛青染料。传统的小农经济以及家庭联产承包责任制，基本是以家庭为单位的劳作形式，但是遇到打田、栽秧、收割、翻田等集中的农活时，邻里总是互相换工帮忙。遇到劳力或畜力缺乏的人家，大家都会自觉伸出援助之手互帮互助。新中国成立前，一些水族山寨在分配猎物时，还遗存“上山打猎，见者有份”的原始集体劳作遗风。水族有传统集体制作酒曲的悠久历史，通常还保留着由年长的妇女领队，大家上山采集草木本药材，集体熬制曲汁，再分给每户去制作酒曲的习俗。水族地区著名佳酿九阡酒，就是在这样的传统中传存。1957年“5.1节”，水族女副县长蒙世花代表西南地区少数民族参观团向毛主席等党和国家领导人敬酒，献上的就是水族佳酿九阡酒。毛主席品尝之后连声说道：“好酒!好酒！”

水族村寨大多是同血缘氏族聚居。起房造屋，通常要以主人的生辰八字择吉行事。水族传统的房屋结构，大多属于“人楼居，梯而上”的古越人茆榫“干栏”式建筑遗风，由“依树为巢而居”演化而来。传统的杆栏住房，在平整地基之后，先用2米来高的粗大柱头修建稳实的承重平台，搭上厚实的楼板之后，才在其上架立高层的木排房架。“上以自处，下居鸡豕。”底层大多作为喂养禽畜，安装石碓、石磨及堆放杂物之用。干栏木屋，既具有防潮、防虫蛇、防盗的功能，又节约用地，颇受人们欢迎。为了纳福迎祥，从屋基选择、坐山朝向、木料准备、大梁砍伐、立柱上梁、乔迁生火等每个环节，一般都依照水书的宜忌行事。起房立柱，通常选用卯时。“卯者茂也”，在水书中含有生育、开启、发达之义。木匠师父还要迎请分管起造的水书创始人“六夺公”到场保佑，并以鱼肉就饭祭祀。新房上梁之后，主人家用染过的布匹从大梁上垂挂下来，将驮着谷穗、新衣、布匹、秤、口袋等物品的马匹以及水牛，牵进新屋。当天即在堂中生火，以烟大火旺为荣，取巫术相似律以期实现人丁发达、财源广进之目的，同时省掉择吉乔迁之烦恼。

水族婚姻沿袭传统习俗，恪守同宗血缘不娶、异宗异姓氏族开亲的原则。“父母之命，媒妁之言”，依旧是水族地区男女青年婚姻的主流。注意门当户对，讲究明媒正娶。即使当代，恋爱不十分自由，婚姻难以完全自主的现象较为普遍。水族很早就实行一夫一妻制，封建时代出现的纳妾现象也为数极少。水族古代议定婚姻范围十分严肃，由此产生《倒栽杉》、《倒栽枫》和《破姓开亲》的种种传说。同时，与当地的习惯法紧密相连，故有“南低宇，吃不得”之谚语，即同血缘家族屋檐下的吊丧肉吃不得，特别注重婚姻集团内部的凝聚作用，即使相隔的年代久远也不能开亲。违反上述原则，习惯法最严厉的是沉埋处罚，尚未发现铤而走险的事例。鱼是水族的图腾崇拜物。在婚俗中鱼常作为信物、圣物出现。缔结婚姻时，在荔波、九阡等地请媒人提亲时，男方母亲悄悄把包好的几条小干鱼置于盛着礼品的竹篮底部。而女方之母收到礼品时，也首先查看篮底是否有小干鱼。若应允婚事，则收下礼品和干鱼。新娘出阁之前的祭祖席上鱼更不可少，新娘还要吃下一筷鱼，以获得祖宗保佑。迎亲时，女方要看到男方带来的罩鱼笼和象征大鱼的金刚藤叶子等信物，才能发亲。迎亲进门时，要用鱼水罐祝福，即用新的小罐子盛上井水和两条小鱼，放在大门及新房门口，祝福新人如鱼得水，恩爱白头，并获得鱼类旺盛的生殖能力。为了家庭人丁兴旺，民族强盛，鱼作为联姻的信物、圣物的习俗，在水族社会中世代传承而不衰。

女方允亲之后，通常要吃认亲酒、定亲酒，男方向女方家送上一头肥猪、银饰、礼金、服装及红糖等若干礼品，公开联姻消息。吃大酒接亲，聘礼悉数送上，场面更为壮观。迎新娘进家，新郎的家人全部退到屋外，虚掩大门迎候。大门外放着柴块，或放着打菜的竹篮及刀具。当盛装的新娘来到大门口，顺手抓起门外的柴块或提篮推门进家，象征劳作归来的家庭主人，并靠劳动开创幸福的新生活。当新娘正要跨进大门时，新郎的母辈一人往往朝新娘身上喷一口水，或用一束芭茅草拂拭，或撒一把常青的树叶，借以驱除途中可能染上邪气的绿眼鬼，从此幸福吉祥。水族传统婚礼，新人没有拜堂和闹新房之礼俗，当晚由伴娘陪宿，次日回娘家。过几天，新郎把新娘请来之后开始过新婚生活。过去舅爷的权力大，有优先娶姑妈女儿为媳妇的权力，俗称回娘头亲。现在，回娘头亲习俗已逐步消失，外甥女即使出嫁，作为交往礼仪只给舅父送一般性的礼物。传统婚礼，新郎一般不迎亲，而请几位未婚男女充当姨娘、舅爷的“菲、祝”代迎，大多数地区的新娘撑伞徒步行走，但有“忌踩脚印”之习俗，即遇上抬死人或有另外新娘经过的路段，要背新娘避让以消灾。都匀市套头地区的水族，还保留着由兄弟全程背新娘送到新郎家的古俗。

水族的丧葬习俗主要特点是：禁忌繁多，厚葬、隆祭、久祀。水族丧葬集中体现了祖灵崇拜、神灵崇拜、自然崇拜的信仰文化内涵。同时，丧葬又成为水族传承孝道和祭祖礼仪、调整人际关系、提升血缘氏族凝聚力、交流社会知识的重要活动。水族的厚葬，并不体现在随葬、陪葬物品的贵重与多寡，而是反映在制作石棺坟墓、大型墓碑的建造方面。这种现象远远超过相邻的周边民族。在过去的50多年间，水族地区的石棺墓和大型墓碑被毁了大多数。目前，仅余下三都县引朗石棺墓、荔波县水浦石棺墓等两个贵州省级文物保护单位。水族石棺墓有二、三层，外形与干栏住房结构相似，并雕刻有精美的花鸟鱼虫及人物故事等图案。水族丧葬的隆祭之风，还表现在为死者举行的各种盛大而复杂的吊丧“开控”活动，有的称为“砍利”。吊丧活动规模大小，往往依据孝家经济实力而选择“小控”、“中控”、“大控”和“特控”。特控又称“控腊”的规模最大，过去只有大户人家才能担负得起。水族大多数地区吊丧要忌浑吃素，以鱼主祭品，奉献牺牲男丧重马及水牛，女丧重水牛及猪。丧葬吊丧活动，有条件的要吹芦呐、跳舞、唱歌、演花灯、耍龙舞狮、制作各类纸扎的旗幡傘盖等，客观上成为水族民间工艺美术、文化交流、男女社交、聚会娱乐的重要活动。

过去，水族地区有“人死饭甑开”之说，吊丧期间无论是谁来到，孝家都要供给饭菜接待，或让来者在吊丧场中的谷桶里任意取用糯饭充饥，开销颇大。为了消除丧葬活动中低沉的气氛，都匀套头的水族男女青年有用蓝绿黑等冷色调颜料打花脸戏耍的习俗。水族丧葬的久祀，体现逢上清明节要扫墓，逢年过节或家里遇到重大红白喜事，要为亡灵举行祭祀活动。三年守丧过了之后，还要举行隆重的除服活动。尽可能为亡人立碑纪念，是水族悠久的传统习俗。水族地区遗存的众多石棺墓、楼阁碑墓，就是这种遗俗的见证。水族过分重视吊丧活动，过去有些家庭为其所累，借债勉强支撑，结果人劳财散而一蹶不振。

在语言称谓方面，水族地区普遍使用水语交流。日常交往，人们沿袭尊长、尊老的美德。村寨里的媳妇，凡见到年长的祖父母辈长者，则通称为公、奶，见到父母辈长者，通称为父母。结婚生育之后,习惯以其孩子的名字称呼其为某某之父、某某之母。新媳妇到来的三五天内，每天清晨除了给新郎家担水之外，还要为近邻每户挑一担新娘水，既表示新娘贤淑孝顺，也给家族认识新娘的机会。

待客礼节，水族重酒、重烟而轻茶。客人来到，要尽力招待，一般客人待以荤菜，重要的亲友杀鸡鸭招待，贵宾则杀小猪款待。入席之后，先用筷子蘸一滴酒点在桌子上，表示先敬奉祖宗与神灵，然后再享用。以鸡头、鸭头敬客，是水族重要的礼节。交杯酒、肝胆酒是待客敬酒难得的礼仪。水族待客以酒为贵，并有“客人不醉不罢休”的不成文规矩。水族喝交杯酒形式特殊，让席间所有饮者联臂举杯，右手端着自己酒杯向右侧的饮者伸去，而左手则接过左侧饮者递来的杯子，使席间形成一个封闭圆圈的互饮形式。通常由长者、尊者或客人先饮，其余的人则高呼三声“耶--”的祝贺声助兴。杀猪待客通常有肝胆酒的礼仪，就是将附着苦胆的整叶猪肝，用火子烧结胆管口，煮熟后一道供祭。饮用时，把胆汁注入酒里。肝胆酒表示主人真心诚意待客，象征肝胆相照、苦乐与共。加上苦胆有清火明目、降低血压和帮助消化的功效，适量饮服肝胆酒对身体有裨益。外嫁的女子回娘家来省亲，当其返回郎家时，家族邻里或以彩色糯米饭、或以粽子赠与，往往还附上一只鸡鸭膀腿、或一块熟的猪肉、或几条炕鱼、几块煎炸豆腐。这些礼仪既表示亲近，又加深情感的联络。水族重糯食，一挑挑的摘糯谷穗（亦称米廉、谷廉）是婚丧起造的重要礼品。

水族的岁时节日丰富而奇特。岁时节日有20多个，如端节（借端、吃端）、卯节（借卯）、额节（借额）、苏宁喜（借宁喜）、敬霞节（敬霞、拜霞）、春节（借荐）、清明节（挂青、挂社）、端午节（借王）、铜鼓节、洗澡节（六月六）、黄饭节、花椒节、二月二祭白龙、三月祭龙节、六月祭土地、六月祭山神、七月半、七月接送老祖、中秋节、重阳节、十月舂牛粑、拜庙（拜菩萨、拜哥善、拜善）、宇魉（韵娘）、吃新节（借咬里、借熬利）等等。节日之繁多，特色之浓厚，过节日子依照水书择定，个性之鲜明，实属罕见。水族纷繁多彩的岁时节日，与水族悠久的历史、历法、农耕文化、原始信仰、居住分布等紧密相连。

水族有本民族自己的历法——水历。水历与夏历基本一致，不同的是水历以夏历八月为岁末，九月为岁首。所以他们有着自己的重要节日——端节，水族人把这个节日当成汉族人的春节一样来过。端节，水语称“借端”，意为吃端，是新年开端、辞旧迎新、庆贺丰收、祭祀祖先、聚会亲友的年节。2006年，“水族端节”、“水族卯节”，分别被列为国家级、贵州省级首批非物质文化遗产名录。端节是水族过节范围最广、人数最多、历时最长、批次最多的节日，被誉为水族最盛大的年节，也属世界上历时最长、批次最多的年节。端节在水历年终12月及新年正月期间过节，对应阴历八九月，正是桂花飘香，稻谷成熟时候。古华夏称新年正月为端月，端月的第一天称端日，水族至今依旧如此称呼。端节祭祖要忌荤，以鱼为至珍祭品，鱼包韭菜是传统的供馔。祭祖除了丰厚食品之外，还将锄犁和镰刀等生产工具摆上，借以启迪后裔继往开来，靠劳动去开拓幸福。

水族端节属古代稻作物候的部落庆典遗风。东汉许慎《说文解字》释年：“谷熟也。”谷熟庆典曰过年。水族的水历，以及盛大的端节，准确诠释汉字“年”的本义。端节以亥日为主干推算节期，古代分九批，现在分七批按地域或氏族村寨轮流过节，其间还有地支午日、未日、酉日过节的。端节首尾间隔，一般年成历时50余天，闰年为60余天。首批端节，从都匀市套头地区开始，后面六批端节轮到三都县、独山、荔波、榕江、丹寨、雷山等县的水族。过端阶段，村村寨寨敲击铜鼓皮鼓，吹笙唱歌，彻夜不绝，终月不止，亲友和周边民族来走访祝贺，水族山乡沉浸在欢乐的氛围之中。端节赛马是水族先民在发祥地的征战遗风，逐步演化成为重大的群众性娱乐活动，也是南方民族独有的习俗。赛马在约定的“端坡”上举行。穿着节日盛装的男女老幼从四面八方聚集这里。当跑道主祭人拔掉草标，高呼“开端、开年、开道”之后，众骑手扬鞭奋蹄，竞相奔驰，一片欢腾。“端坡”上还有文艺节目演出，有各种商品出售，成为人们情感和物质交流的盛会之地。

额节，意为吃额，是荔波县永康、拉交地区水族的年节，除了没有跑马活动之外，过节的时段与内涵与端节相似。

卯节，水语称“借卯”,义为吃卯，在夏收夏种结束之后的水历9～10月间（对应阴历5、6月）分四批过节，是预祝稻作丰收与人口增殖的重大年节之一。头三批分布在荔波县的水利、洞托、水浦等地。最盛大的第四批卯节是三都县九阡镇、荔波县永康等地关尾。节期在《水书》中被认为是“绿色生命最旺盛的时节”。卯节，以地支卯日为节期，并以辛卯日为上吉，以丁亥日为至凶，担心旱象严重影响收成。以祭祖、祭祀稻秧、祈雨、对歌为主要内容，是祈求稻作丰产和人口增殖的传统年节。三都县水各村的卯节、卯坡，已作为重要的旅游文化开发。

苏宁喜节，水语音译，义为水历四月丑日节，水历四月对应阴历腊月，源于对生母娘娘祭祀的古节，被誉为水族的妇幼节，是贵州省三都县和勇村板孔、吉勇及相邻的独山县火寨等地的年节。节日期间，人们互相走访庆贺，而娃儿们却别有一番乐趣，他们提着特制的小提篼，结队挨家逐户去讨吉利的年饭。受到人们的热情地接待，给每人散发彩色糯饭、肉块、豆腐干及红鸡蛋等。

铜鼓节，是居住在都匀市基场、阳和两乡的水族，于清明节后第一个卯日在陈蒙坡丫口寨欢度的节日。相传先祖迁来时，部落斗争频繁，虎豹成群，经过努力解除了灾害。各村寨聚会商定，从此于清明过后卯日这一天聚会陈蒙坡欢庆胜利，相因成节。此外，还有独山县羊场地区农历六月六日在温泉过的洗澡节，三都、荔波等地传存敬雨水神的古朴“霞节”等。云南富源县古敢乡水族的节日还有二月二祭白龙（中和节，或称祭小白龙）、三月祭龙节（地支巳日过节，是古代上巳节的遗风）、六月祭土地、六月祭山神等。祈求风调雨顺，年岁丰稔，村寨平安。

水族地区社会风俗崇尚吃苦耐劳、尊老爱幼、互相帮助、大公无私、扶弱济贫、弘扬正气、行为专一和真善美之美德，抨击贪吃懒做、坑蒙拐骗、偷盗行窃、自私自利、朝三暮四、臭味相投和假丑恶的品行。有的还把这些相关内容编成脍炙人口的故事、歌谣广泛流传，成为当地教化的重要内容。

水族文学的主流是民间口头文学。这是水族人民认识自然、改造自然，以及对生产生活的经验总结以及自娱自乐的成果。这些成果历史地、形象地反映了水族绚丽多彩的社会面貌，以及对人生美好的追求与向住。水族民间文学，依文体分类，可分为韵文体和散文两大类。韵文体的作品为说唱结合的曲艺“旭早”、歌谣类。散文体按其内容和形式，可分为神话、传说、故事、寓言、童话、谚语、谜语等类别。水族创世纪神话与传说，是水族先民在远古时期的文学创作，主要围绕天地山川、日月星辰如何形成，人类及动植物怎样起源等主题而展开的。这些题材重大，范围广阔、内容深邃的远古时期创世纪神话与传说，是水族文学史上最光辉和灿烂的作品。这些作品主要包括仙婆牙娲开天地、造万物，人龙雷虎争天下，殷公（恩公）踩拓天地，洪荒遗民兄妹再造人烟等。创世纪神话，古歌占有优势，散文体未整理出比较完备的作品问世。

牙娲，或译为牙巫、伢俣、牙福，是水族创造万事万物的大仙。“牙”是年长女性专用词，意为婆、奶，“娲”为其名，或称仙婆牙娲。仙婆牙娲是水族远古神话中最高权威的主神，其本领最大，开天辟地，创造人和万物，不论在神话传说还是古歌中，其显赫、神圣的位置是无与伦比的。《拱恩点恒》是继仙婆牙娲之后，殷公踩拓凡间、修补人间的男仙神话故事。

水族神话《人龙雷虎争天下》颇具艺术特色。人和龙、雷、虎是同胞兄弟，后来大家为一穗小米、平坝田地和茅屋等财产的分割问题发生内讧。于是，天仙出主意，让四兄弟斗法比本事，谁赢了就由谁来主宰天下。故事形象地反映了人兽同源，私有制的出现，原是公有制的灭亡，种植业的发展，以及人用火攻战胜所有对手而成为世界主人的朴素观念。

水族曲艺，由寓言式的双歌“旭早”演化而来，是文艺工作者从带有一定表演性质的水族传统大歌中分离出来的一种艺术形式。水族曲艺由双方表演，以唱和为主。咏唱之前，在简单表演中说一段简短的说白，类似小序的故事，然后再唱和。较长的曲艺，咏唱之中还往往插入说白。这种说白、唱和及简单的表演，往往有机地融为一体，充满哲理、情趣与欢乐。其代表作有《龙女与鱼郎》、《老虎鱼虹龙》、《乌鸦与白鹤》等。

水族歌谣种类，按内容可分为古歌、生产歌、风俗歌、礼仪歌、风物歌、酒歌、丧歌、苦歌、情歌、婚嫁歌等。按形式可分为双歌、单歌、蔸歌、调歌、诘歌等，而以双歌、单歌居多。有的习惯把酒席上唱的歌称为酒歌或大歌，而把在其它场合唱的歌称为小歌。水族歌谣的句式结构有七言、四言、五言、六言不等，而以七言句居多。七言句呈三、四字分节停顿，如汉歌的“朝思暮想盼情郎”，水歌往往唱为“盼情郎日夜都想”。歌谣十分注重押韵，有“无歌不有韵，无韵不成歌”之说。且押韵自由，头韵、腹韵、尾韵交织使用，且变韵快，没有一首歌是一韵到底，人们称为回环交织的流水押韵法。水歌多用比喻，尤其以隐喻最为普遍，其次是拟人、复沓、排比、反问、设问等手法。随着汉文化的深入传播，都匀市等一些地区多唱汉族的七言句民歌，但吊丧歌依旧用水语演唱。

水族的民间舞蹈艺术有铜鼓舞、角鼓舞、芦笙舞、斗角舞等，每逢节庆即舞蹈助兴。水族斗角舞由两个演员头戴牛头道具，在众人吹芦笙舞曲与女伴舞者围成圆形舞场，斗角表演者做各种斗角姿态，将生活中的斗牛表演的惟妙惟肖。水族芦笙舞由男人吹奏芦笙领舞，女人跟在后面随着芦笙曲调的变化，踏着节拍跟随着领舞者的舞姿去变化着同一的动作。时而踏步，时而甩手，别具特色，深受水族人民的喜爱。水族角鼓舞是用两端植入一对水牛角大革鼓为主要道具而得名。舞蹈时，在角鼓、铜鼓鼓点的导引下、男生吹芦笙出场，女生尾随其后翩翩起舞。其间，还插入斗牛、收割、男女情爱的舞蹈内容，颇具民族特色。

手工艺品如剪纸、刺绣、印染、雕刻等，都精巧别致。水族的石雕也颇具盛名。阳安地区的石雕栩栩如生，名闻遐迩。

水族马尾绣最具特色的刺绣工艺，2006年，被列为首批国家级非物质文化遗产保护名录。马尾绣用马尾作原材料，用手工将白色丝线紧密缠绕在马尾丝上，成为类似低音琴弦那样的白色预制绣花线，然后按照传统纹样，将这种白色绣线盘绣于花纹的轮廓上，中间部位再用7～9根彩色丝线编制的彩色扁线填绣，马尾绣背带是以马尾绣为主要绣法，综合了一些其他绣法的刺绣杰作，集中体现了水族刺绣的精湛技艺。此外，水族的刺绣还有平绣、空心绣、结线绣、螺线绣、绞绣、皱绣等。

水书是水族先民认识自然，认识社会，追求文明进步的重大成果，是当时历史条件下先进文化的代表，是水族社会文明史的象征。因此，关于水书来历的传说，在水族民间文学中占有重要的一页，如《陆铎求学》、《泐虽被焚》、《借书奔月》等，反映了水族人民用自己的文化学解释自己民族文字的起源史与发展史。

水书是水族古文字及其著编典籍的汉译通称。水书典籍是水族民间知识、信仰文化杂糅的巨著，被誉为水族的“易经”、“百科全书”。水书内容博大精深，除了直接反映水族天文历法、原始信仰之外，还兼容了水族哲学思想、文学艺术、语言文字、布阵攻守、伦理道德、生产生活等诸多方面的内容，成为研究水族历史文化的珍贵典籍，也是宗教学、历史学、民族学、民俗学、语言文字学等学科研究的珍贵资料。其中，信仰文化所记载的水族众多的鬼神，既反映了水族万物有灵的泛神观念，又反映了水族先民认识自然、改造自然，认识社会、改造社会的经验积累，是失败多于成功的痛苦记忆。由于水书是水族民间传统文化的精华，是民族精神、民族凝聚力、民族亲和力和民族情感的重要载体，成为全民族信仰的精神支柱，成为维系水族各支系的重要精神纽带。"
东乡族	"我国有东乡族621500人（2010年），主要聚居在甘肃省临夏回族自治州境内洮河以西、大夏河以东和黄河以南的山麓地带。临夏回族自治州居住着43.8万东乡族，其中以东乡族自治县最为集中，有21.5万人，其余分别聚居在和政县、临夏县和积石山保安族东乡族撒拉族自治县。在甘肃的兰州市、定西地区和甘南藏族自治州等地，还散居着一小部分东乡族。新中国成立后，部分东乡族从甘肃迁徙到新疆居住，目前新疆的东乡族约有五六万人。

东乡族聚居的地区，处于青藏高原与黄土高原的过渡地带，属高原浅山丘陵区，平均海拔2000米。该地区三分之一面积为河谷川塬地区，三分之一面积是黄土干旱山区，三分之一面积则高寒阴湿。这里属温带大陆性气候，冬无严寒，夏无酷暑，四季分明，气候适宜。

生活在这片土地上的东乡族，以农业生产为主，农作物有土豆、小麦、青稞、大麦、糜谷、玉米、蚕豆等，其中以土豆最为有名。这里出产的土豆，水少面饱，沙而甜，含淀粉量高，可制点心、酒、醋、粉条等多种食品，深受各族人民的喜爱。经济作物有大麻、胡麻籽、油菜籽等。沿洮河、大夏河地区，还出产大量瓜果，其中以唐汪川的桃杏最为出名，它既不同于桃，又不同于杏，个儿大，色泽美，皮薄肉厚，带有白兰瓜的醇香，甘甜爽口。山区还生长有秦艽、冬花、狼毒、甘草、防风、柴胡、麻黄等多种野生药材。

东乡族的语言属阿尔泰语系蒙古语族。其语言内部比较一致，大体可分为锁南、汪家集、四甲集3个土语，各土语之间仅有个别语音和词汇方面的差异。

【历史沿革】

关于东乡族的历史来源，缺乏直接的、完整的文献记录，只有零星史料和片段传说，就连东乡族世世代代居住的河州州志上，也没有单独记载，说法很不一致。主要有源于回回色目人、蒙古人和多民族融合说。

回回色目人说。这种说法主要来自于东乡族的传说。据说，东乡族的祖先是中亚西亚的撒尔塔人，他们随成吉思汗西征的蒙古军队回返时来到今东乡地区定居下来，并融合了当地的汉、蒙古等民族，逐渐形成了东乡族。所以，东乡族自称“撒尔塔”。

12世纪末至13世纪初，蒙古部崛起于大漠南北，成吉思汗挥军西向，发动了大规模的西征。蒙古军队在征服撒尔塔各地的过程中，组织了大量的回回军和大批回回工匠为其服劳役。1227年3月，成吉思汗占领了河州和西宁地区，而当时这一带地方，正是东乡人活动的地区。成吉思汗曾把在征服中亚各国时掳掠而来的撒尔塔人，编入“探马赤军”。这些撒尔塔人中，有军械匠、水军、炮手，也有商人、贵族、传教士。征服者在自己的屯戍地内，把撒尔塔的各类工匠，分别集中到一个地方居住，并根据分工命名居住区的名称。至今东乡地区保留的许多地名也印证了撒尔塔人在这里居住、生活，如东乡县的“勉古赤”（银匠）乡，“阿类赤”（编织匠）村，“托木赤”（铁匠）村，“依哈赤”（钉碗匠）村，“陶毛赤”（制革匠）村等，均与他们从事的工作有关。还有“八素赤”、“沙黑赤”、“达鲁花赤”，都是“镇守者”的意思。此外，东乡族分布地区有“屯田”、“屯地”、“民地”、“新屯地”等遗留地名，也说明了“探马赤军”当时在东乡地区屯田的情况。此外，从体质特征上看，东乡族与中亚人也有相似之处。东乡族许多男子鼻梁高，眼窝深，胡须长，脸型椭圆，女子白皙。这些都说明了东乡族与中亚信仰伊斯兰教的撤尔塔人的渊源关系。

东乡族的民间有传说他们的祖先是从西域来的。据说，早在六七百年前，就有40个晒黑古杜卜(传教者)到河州传教，其中有13人定居于东乡，其首领哈木则就是在该地定居的，东乡的那勒晃、洒勒、石拉提等地，都是他们的后裔定居的地方。还有传说称，从西域来的八个“赛义德”(首领、主人的意思)，也到过东乡，其中有个叫阿里阿答的，便在卜隆固村定居下来。阿里阿答逝世以后，就埋葬在达板的赛汉坪上。卜隆固村的人至今还说阿里阿答是他们的祖先。

蒙古族说。源于蒙古人说，又有两种不同的说法：

一说，东乡族是成吉思汗西征时留驻河州一带的蒙古军的后裔，逐渐由“兵”变为“民”的。传说成吉思汗时期，有许多蒙古军驻守在河州一带，以后大部分调走，但仍有小部分继续留驻在东乡地区。后来伊斯兰教自西北传入，经青海、循化到达河州一带，当地大多数蒙古人也都改信了伊斯兰教，发展而为东乡族。东乡一些地名，如所谓“鞑子地”(“鞑子”系对蒙古族的侮称)或“扎营滩”(即蒙古军驻扎营盘之地)、“马丁”(蒙古军放马之地)等，据说就是当时蒙古军驻兵之地。

这种传说是有一定史实根据的。1226年，成吉思汗进攻西夏，攻下金属积石州(今循化一带)后，河州曾是蒙古军的重要屯居点。蒙哥汗时，为了西控吐蕃，河州一带更成为蒙古军重镇。元世祖平定康藏，建都北京，派宗王、万户府、吐蕃宣慰使俱驻河州。13世纪末(元成宗铁木耳时)，驻守唐兀(河州在内)地区的蒙古宗王阿难答(忽必烈孙)信奉了伊斯兰教，其部下15万余人，“闻从而信教者居其大半。”

另一说，东乡族是元代窝阔台汗国的一部分蒙古人的后裔。这部分蒙古人当时因受到周围信仰伊斯兰教民族的影响，改信了伊斯兰教，从而与原信佛教的蒙古族发生了冲突。他们被认为是宗教叛徒，被迫东迁，经猩猩峡向内地迁徙，到达“镇番”(今甘肃省民勤县)，之后又分二路：一路入贺兰山到河套地区定居，即今阿拉善左旗信仰伊斯兰教的蒙民；另一路则南迁渡黄河进入河州地区，因与蒙古族隔绝，蒙文和伊斯兰教使用的阿拉伯文又不一致，所以虽仍说蒙语，但不使用蒙文。

多民族融合说。此说认为，东乡族是以东乡地区的回族为主，融合了当地的蒙古族、汉族和藏族，经过长期发展而成。

传说中最初东乡族的形成就包含一部分从西北来的伊斯兰教徒，以后这里定居的蒙古族和部分汉族也“随下来”(入教之意)。据说在清同治三年(1864年)和光绪二十一年(1895年)西北回民起义时，汉民“随下来”的最多。从新中国成立后的一些调查材料看，东乡族确有回、汉、藏和其他民族成分。马、穆两姓大都是回族成分；王、康、张、高、黄等姓的东乡族，许多人都说自己的先人来自汉族。唐汪川的汉族和东乡族同姓之间，仍然班辈分明，家系清楚。一些东乡地区的地名如唐汪川、汪家集、张家村、高家庄、庙儿岭等都反映是过去汉民的居地。“随回沟”的地名也反映了类似的历史关系。此外，东乡地区的羊脂家(地名)的杨姓东乡族，则说自己的祖先是藏族。至于包含蒙族成分，则更是人所共知的事了。

根据传说和史料，一般认为东乡族是14世纪后半叶由聚居在东乡的许多不同民族成分融合而成的。构成其族源的主要成分，是信仰伊斯兰教的色目人和蒙古人。从13世纪以来，河州一带就是包括色目人和蒙古人在内的蒙古军驻守、屯田之地。13世纪末，镇抚陕西、甘肃、宁夏等地的元朝安西王阿难答皈依伊斯兰教，其属下蒙古人大部相从。信仰伊斯兰教的色目人也相聚在西北地区。14世纪初，元成宗死，安西王阿难答与皇后伯要贞氏等策谋政变，事泄被杀，但其属下势力仍很强大。其子曾联合伊斯兰教群众反叛，为元朝政府镇压，阿难答属下纷纷逃避。当时交通不便、偏僻闭塞的东乡，就成为阿难答属下信仰伊斯兰教的色目人、蒙古人退避的地区之一。他们在这里与当地汉族、藏族等长期共同生活，互相婚嫁，逐渐融合成为东乡族。

历史上，东乡族人民曾遭受沉重的民族压迫和阶级剥削。明朝所实行的里甲制度和清朝设置的会社组织，都是选派忠实于王朝的东乡族上层统治阶级任里长、甲首或练总、会长，并通过他们对东乡人民进行残酷的统治和掠夺，那时真是“赋税无准则，土地无清册”。数百年间形成了东乡族地区地主豪绅集团在政治上和经济上的特殊地位。

新中国成立前的几十年，东乡地区虽隶属于甘肃省，但包括东乡在内的临夏地区，实际上都在封建军阀马安良、马骐、马步芳一家的直接统治之下。只是在1924至1928年，曾短期为国民军刘郁芬部所占。1928年，东乡地区又被划分为4块，分属和政、宁定、永靖、临夏四县。1930年，国民党政府推行保甲制。不论是国民党或是马家军阀，都通过东乡族的民族、宗教上层实现其统治。东乡族地区兼有保甲长、军官、教主身份的地主，也无不投靠国民党和马家军阀以便加强掠夺。他们采用地租、雇工、高利贷等形式横暴地榨取农民，同时私设公堂，使用“揭背花”、“钉指甲”、“夹楔子”、“拔断筋”、“砸骨拐”等种种酷刑催租逼债。巴素池一个大地主家中大梁，因经常吊打农民，磨出了七八条深槽。

地方封建集团在东乡地区利用民族矛盾和教派纠纷，不断制造和扩大事端，猎取或维护自己的利益。随着社会经济的发展和土地的集中，东乡族的地主阶级与宗教上层、官僚进一步结合起来。他们在经济上是大地主，在宗教上是门宦教主，在政治上是有权有势的官僚。特别是在清朝同治以后(19世纪60、70年代)，这种三位一体的结合更为明显和迅速。

从光绪年间起，东乡的地方豪强势力就已形成。如北庄马璘曾任过清政府和北洋军阀时期的甘州镇守使，是当时甘肃八大镇守使之一，八素赤的马忠孝曾任过清朝西军精锐军统领。这两大家族为争夺地盘，曾进行过长期的争斗，出现了“四差”和“八营”的对立。“四差”是马忠孝家族势力范围的称谓，包括6个会。“八营”是马璘家族的势力范围，包括10多个会。

这样，到了1930至1939年间，东乡地区已形成了三个较大的封建割据势力：巴素池门宦大地主的势力范围,北庄门宦大地主势力范围,锁南坝土豪集团的势力范围。这些封建势力直到民主改革和反对宗教封建特权和压迫剥削制度的群众斗争中，才被彻底摧垮。

新中国成立前，由于历代反动统治阶级的残酷压迫和剥削，加之东乡地区自然条件差，经济发展十分缓慢、落后，东乡劳动人民的生活极其贫苦。为了糊口，东乡人在农闲时一般多出外作小生意，但在借本钱时又要遭受高利贷的剥削，再加上军阀混战，交通不便，路多盗匪，所以此项生计也很艰难。遇到灾害之年，就更加困难了。例如民国18年甘肃全省大旱，东乡地区每升粮食卖白洋2元，人口大量死亡和外流逃荒。在锁南集镇上也是尸横街头，惨不忍睹。东乡族人民身受重重剥削和压迫，仅每年向官府交纳的“田赋粮”、“附加粮”和其它苛捐杂税，就占去全部收入的20％。除了钱粮负担以外，东乡人民还要给官府和军阀出马款和壮丁。有三四户出1匹马的，也有1户出1匹马的，有1年出1次的，也有1年出两三次的。抓壮丁就更厉害了，有时每年抓七八次，人数最多时，每保百户出壮丁80名，几乎每家要摊1名。除了正式摊派兵丁名额外，还补充抓兵，甚至连十二三岁的小学生和五六十岁的老汉也不能幸免。国民党军队抓兵，是按户分派，不能出兵的就出兵款，一个兵款开始为五六十元白银，后来增至七八百元，逼得许多人倾家荡产，背井离乡。五买斯村马老五父子3人被一连派了8次兵款，共175块白洋，逼得他们拆了房子，卖掉赖以糊口的土地和毛驴，还借了地主的高利贷。债尚未还，第4次兵款又落在他的头上。因交不起兵款，保长竟用拴狗的铁链，将马老五吊在梁上，逼得马老五一家逃离家乡，四处乞讨度日。又如锁南果果承村农民马广武，1948年时家有4口人，10.5亩地，房6间，驴l头，当年出兵款5次，前4次，共计58元，除卖粮食外，又借了白洋40元，才交上兵款。到第5次时，他再也无力交齐款了，只得自己去当兵。范家庄、金杨家、王家庄3个村，共47户人家，1947年除派了3850块白洋的兵款外，十五六岁和五十多岁的人，也被抓去当兵。1948年国民党在东乡地区，一次就抓去3000多人，有些阿訇也被刮光胡子抓去当兵。马步芳还曾以办小学为名，强拉300多名小学生去当兵，以致很长时期人们不敢送子弟去上学。反动政府在地方上的爪牙走狗，也都乘抓兵之机，敲诈群众。有些保甲长和恶棍每到一个村庄，就闹得鸡犬不宁，哭声四起，受害群众还得含着泪送“鞋脚钱”。重重盘剥和压榨，使东乡地区呈现出“集镇人烟稀，乡村青年少”的悲惨景象。

面对残酷的阶级压迫和民族压迫，东乡族人民进行了不屈的反抗与斗争。清代，甘肃爆发了以回族为首的反清起义，如顺治四年(1647年)米剌印、丁国栋领导的回民起义，乾隆四十六年(1781年)撒拉族苏四十三领导的反清斗争，以及19世纪60年代(同治年间)甘肃的回民起义等，东乡族人民均参与其中，并成为起义军中最顽强、最勇敢的部分之一。

东乡族人民从未屈服于反动势力的压迫，从民国以来，一直进行着反压迫的斗争。1928年爆发了河州地区回族、东乡族人民反抗国民军的暴动，东乡族是一支重要的力量。同年4月，在宁定(广河)战役中，东乡族人民曾消灭了国民军的一个旅；以马八个为首的800多东乡族人民，在大沟头一带，曾将自唐汪川进援河州的国民军部队击退。1943年，甘南地区爆发了以汉、回、东乡、藏等民族共同联合的反抗蒋马集团统治的农民起义，一时烽火遍及甘南十余县。东乡族起义部队曾在临潭、新城战役中，杀死了县长，在榆中县水家坡战役中全歼国民党军一个团，沉重打击了敌人。甘南起义失败后，反动统治者进行了“善后清乡”，参加起义的大批农民被残酷屠杀。但东乡族人民的斗争并没有止息，各地打伤打死保甲长的事不断发生。这与党的影响和革命形势的发展密切相关。

1936年红军长征途径洮州（今甘肃临潭）时，曾给东乡族人民留下深刻的影响。此后，几位东乡族的优秀子弟前往革命圣地延安。在国民党政府和军阀对东乡族人民压迫掠夺最严重的时刻，中国共产党曾多次派遣共产党员，深入东乡地区，建立党组织，传播革命思想，组织群众斗争，并输送一些东乡族青年去陕甘宁边区学习，培养东乡族的革命骨干。

历代反动统治阶级虽曾利用民族矛盾，在东乡地区制造过民族仇杀，但也出现过不少各族人民共同反抗反动武装、互相保护的动人事迹。1928年，东乡族人民反抗国民军的斗争中，由于国民军的挑拨离间以及暴动部队内部有反动民族上层参加并掌握了领导权，因而引起了民族之间的隔阂，造成裂痕。但劳动人民之间的亲密友谊仍在起着很大作用。锁南坝的东乡族人民在民族残杀中，就曾保护了200余户汉民；红庄的东乡族妇女马撒依，冒着生命危险，把汉族农民杨朝云一家领到自己家里躲起来。暴动失败后，国民军在“清乡”时，不少汉族群众也保护了东乡族人民。

【风俗文化】

东乡族在长期的历史的发展过程中，形成了自己独特的生产、生活习俗，创造了丰富多彩的文化艺术。

东乡族的服饰衣着大方整洁。古时的妇女爱穿一种有领圈、大襟和宽袖的绣花衣服，袖子宽大，袖口上镶一道花边。下穿套裤，裤管镶两道绣花边，裤管的后面开小叉，用飘带束住脚管。逢喜庆大事，穿绣花裙子，他们把这种绣花裙子叫“过美”。足登后跟高寸许的绣花鞋，当时不戴盖头，只戴包头巾，发髻上插饰物，胸前一般都佩带银饰。当时妇女的上衣还流行用各色布缝成数段的假袖，并在假袖各段绣有花边。后来，妇女的服饰逐渐变化。女的一般都戴盖头，分绿、黑、白3种颜色。少女和新媳妇戴绿绸和绿缎子盖头，结婚一两年后的妇女和中年妇女戴黑盖头，老年妇女戴白盖头。衣着都是藏青色或黑蓝色布衣，青年妇女穿红的或绿的，上衣宽大，齐膝盖，大襟在后边，并外加一件齐膝的坎肩，长裤一直拖到脚面。

过去，男子多穿宽大的长袍，束宽腰带，腰带上挂有小刀、荷包、鼻烟壶和眼镜盒之类的物件。头戴黑、白二色的平顶软帽。中年人和老年人喜穿长袍和“仲白”。“仲白”类似维吾尔族的对襟长服，一般用黑布和灰布缝制，穿用时，要整齐净洁，纽扣系端正。

东乡族特别喜欢饮茶，一般每餐必有茶，最喜用云南春尖茶和陕青茶，来客人则待以“三香茶”。在盖碗内放有茶叶、冰糖、桂圆或烧熟的红枣、葡萄干等物，叫“三泡台”。忌抽烟、喝酒。

东乡族尊老爱幼，热情好客。客人到家，立即请到炕上，用最好的茶、饭招待。主人陪客，但不和客人一起饮茶用餐，而是在一旁端饭倒茶，自己不坐也不吃，以示尊敬。炸油果、手抓羊肉、炖鸡都是待客的食品。东乡人吃鸡，是把鸡的各部分分为13块，鸡尾最贵重，最年长或最尊贵的主客吃鸡尾。

东乡族的民间文化和艺术形式多样，内容丰富，独具特色。其中，尤以东乡族民歌“花儿”最有特点。“花儿”是东乡族群众喜闻乐见的一朵艺术奇葩，几乎人人会唱,人人会编。东乡语中把“花儿”称为“端”，“端拉斗”就是“漫花儿”。近一二百年来，“端”在东乡族人民的文化生活中占有十分重要的位置，“花儿”里唱道：“花儿本是心上的话，不唱是由不得自家。刀刀拿来把头割下，不死了还是这个唱法。”过去，“花儿”以苦歌和情歌为多，唱出了对旧社会悲惨生活的控诉，表达了青年男女对封建婚姻制度的反抗以及追求忠贞爱情的愿望。新中国成立后，歌颂共产党、歌唱新生活的“花儿”已替代了过去的悲苦歌曲。“东乡人民英雄汉，劈山引水上高山，历代豪杰不足道，真正英雄看今朝。”

东乡族还有不少流传在民间的叙事诗和故事。用东乡语演唱吟诵的民间叙事长诗，都是说唱体，形式比较自由，中途换韵较多，旋律结构不甚定型，随着唱词的长短和变化自由伸缩，两段曲谱交替，不断地反复，有较强的吟诵性，至今尚在流传的有《米拉尕黑》、《战黑那姆》、《诗司尼比》、《和哲阿姑》、《葡萄蛾儿》等。东乡族民间的传说和故事，按其内容可分为人物传说、地名传说、风物传说等，据调查，已基本定型的传说和故事多达1600多种。

此外，东乡族民间的板柜画和墙壁布兜画也很有特色。板柜画主要以黑白色为主，工笔勾勒，内容以描绘自然景色为主，朴拙典雅。墙壁布兜画多以蜡笔绘彩，内容也大多为花卉树木。新中国成立后，东乡族的美术工作者从本民族文化艺术传统中不断吸取营养，创作出了一幅幅反映东乡族人民生活面貌的美术作品，其中，《婚礼》以中国画兼带工带写的细腻手法，展示了东乡族婚礼的风俗人情。"
纳西族	"纳西族现有人口为326295人（2010年），其中云南295464人，绝大部分居住在滇西北的丽江市，其余分布在其他县市和四川盐源、盐边、木里等县，也有少数分布在西藏芒康县。丽江纳西族自治县（现包括丽江市古城区和玉龙县）有201066人，占全县总人口的58％，占全国纳西族总人口的68.5％。四川省纳西族有8725人，主要分布在凉山彝族自治州、攀枝花市和甘孜藏族自治州。

纳西族居住在滇、川、藏交界的横断山脉地区，背靠青藏高原，面向云贵高原。境内有怒江、澜沧江、金沙江、虎跳峡、玉龙雪山、哈巴雪山、梅里雪山、白芒雪山、贡嘎岭等名山大川，山体与峡谷并列，顶峰海拔常在5000米以上，个别甚至超过6000米，峡谷深邃，相对高差极大。纳西族居住区平均海拔2700米，独特的地貌因素，使得气候、植被、土壤乃至整个自然综合体都呈明显的垂直变化，气候有寒、温、热3种类型。高寒山区平均气温为5.4゜C，金沙江河谷为14.5゜C，丽江坝区和泸沽湖盆地为12.6゜C；年降雨量为800—1034毫米。

纳西族山区密布云南松、红松、华山松、云杉、冷杉、红杉、铁杉等优质用材林，是我国西南的著名林区。纳西族聚居区丽江市是中国著名的植物保护基地之一。在丽江市古城区和玉龙县境内，仅种子植物就多达2998种，单是杜鹃花就有40多种，热带、温带、寒带植物在全市均有分布。鸟兽类资源十分丰富，据统计，共有兽类8目，21科，83种，占云南兽类总数的29.6％，其中资源兽类近40种。共有鸟类17目、46科、290种，占云南鸟类总数的37．6％，其中资源鸟类230多种。珍稀鸟兽的种类较多，属国家一级保护动物的有黑颈鹤、滇金丝猴等。纳西族居住地区虽然交通不便，但由于地处青藏高原和四川盆地、滇中高原过渡地带，因此成为滇川藏几省区各民族彼此交往的通道。

纳西族地区的坝区与河谷区是主要的产粮区，主产小麦、水稻、玉米、油菜、大麦，豆类有蚕豆、黄豆、豌豆、鸡豆、白芸豆等；高山作物有荞麦、燕麦、青稞、土豆、大麻等；河谷区有花生、甘蔗、棉花等；经济作物有楸木、漆树、核桃、板栗、桑树、花椒、竹子等，现烤烟种植也有较大发展；水果品种有桃、李、梨、柿、核桃、苹果、梅、杏、石榴、桔子、香橼等。

畜牧业是纳西族地区农村经济的重要支柱，农户都普遍饲养牛、马、骡、猪、羊等，山区农户的畜牧业比重大，各户都有羊群。骡马主要作为商品在“七月骡马会”上出售，“丽江马”以“质小而体健，上高山，履危径，虽数十里不知湍汗”而蜚声海内，被誉为云南三宝之一。不少男子从事马帮业，马帮是各民族进行商品交换的主要运输工具。

纳西族有多种自称：居住在云南省丽江市玉龙纳西族自治县、古城区、维西傈僳族自治县、永胜县、四川省木里藏族自治县俄亚、盐源县达住等地的纳西人自称“纳西”，居住在云南省宁蒗县永宁、翠依、四川省盐源县、木里县的雅砻江流域和泸沽湖畔的纳西人自称为“纳”或“纳日”（或音译为“纳汝”）；居住在宁蒗县北渠坝和永胜县獐子旦的自称“纳恒”；居住在云南省香格里拉县三坝乡的纳西人自称“纳罕”（或译为“纳汗”）；此外，还有少数自称为“玛丽玛沙”（居住在维西县）、“路路”（又音译为“鲁鲁”，居住在丽江塔城、鲁甸等地）。在上述自称中，以纳西、纳日、纳罕、纳恒几种称谓居多，特别是自称纳西的人占纳西族总人口的六分之五，因此，根据本民族意愿，经国务院批准，于1954年正式定族称为纳西族。“纳”一词有“大”、“宏伟”、“浩大”、“黑”、“黑森森”、“黑压压”等意思，“西”、“日”、“罕”等皆意为“人”。

在汉文古籍中，纳西族的他称有“麽些”（些读如so）、“摩沙”、“摩挲”、“摩娑”等，近现代汉族民间亦曾流行以“麽些”（摩梭）称纳西人。由于历史上的这一他称比较普遍，直至族称正式定为“纳西”之前的20世纪50年代初，各地纳西人填族别时填“麽些”或“摩西”。藏族人则称纳西族为“姜”（Hjang），白族自古称纳西族为“摩梭”（麽些），但通用的他称仍为“摩梭”（麽些）。主要居住在中甸县（现为香格里拉县）东南部东坝等地的部分纳西人（自称纳西或纳罕）被称为“阮可”（又音译为“若喀”）。

纳西语属于汉藏语系藏缅语族彝语支，近年来，也有学者认为纳西族语言处于羌语支和彝语支分界点上，与这两种语言具有双向相似性。纳西语分化为以丽江坝区为代表的西部方言和宁蒗永宁为代表的东部方言。西部方言主要通行于丽江、香格里拉、维西、永胜等市县。此外，鹤庆、剑川、兰坪、德钦、宁蒗永宁坝皮匠村和四川省木里县的俄亚、盐源县的大咀、冷九主和西藏芒康县的盐井等地也使用西部方言。东部方言主要通行于宁蒗、盐源、木里、盐边等县。

纳西族由祭司东巴用来书写经书的两种文字，一种是图画象形文字，纳西语称之为“斯究鲁究”（serjellvjel），意思是“木石上的痕记”（又译为“木石之标记”或“木石之记录”），绝大多数的东巴经用这种文字写成。东巴所使用的另一种文字称“格巴”（ggeqbbaq，），它是一种表词的音节文字，当文字记录语言时严格保持字和词相对应。中华人民共和国成立后，中央人民政府根据有关民族语文方面的政策和纳西族人民的意愿和要求，1956年6月始，选定西部方言为基础方言，以大研镇土语为标准音，设计了一套拉丁字母形式的《纳西文字方案》（草案），并提交1957年3月在昆明召开的云南少数民族语文科学讨论会，通过了《纳西文字方案》（草案），并报经中央民族事务委员会批准试验推行。1981年，相关部门对《纳西文字方案》（草案）组织修改。这套纳西拼音文字方案，在小学进行双语教学中使用。

【历史沿革】

纳西族的族源，学者多认为源于远古时期居住在我国西北河（黄河）湟（湟河）地带的古羌人，以后向南迁徙至岷江上游，又向西南方向迁徙至雅砻江流域，再西迁至金沙江上游东西地带。随着纳西族分布地区考古实物的不断发现，一些学者提出了纳西族是南迁的古羌人与现居住地土著融合而形成的观点。考古工作者首先在丽江坝东南的木家桥，先后发现了古生物化石和人类股骨化石、头盖骨化石和旧石器，经科学鉴定，木家桥所发现的古人类化石距今10万年左右，考古学上称之为“丽江人”。继而在永宁、盐源泸沽湖地区发现了新石器遗址和细绳纹陶器、铁器、铜器等。在四川省甘孜藏族自治州的康定、雅江、新龙、巴塘县，凉山彝族自治州木里藏族自治县、攀枝花市盐边县、西藏自治区贡觉、芒康县、云南省德钦、丽江、永胜县相继发现了石棺葬文化。这些地区基本上都属于历史上纳西族的活动范围。有的学者认为川西南及滇西北的石棺葬文化在某种程度上反映了包括纳西族在内的部分古代氐羌部族的文化习俗。

纳西族的“送魂”习俗和东巴经所记载的送魂路线，各地纳西族有关迁徙路线的传说，也是追溯纳西族迁徙历史的重要资料。因为这一条送魂的路线，实际上即纳西族先民的迁徙路线，送魂路线的很多路站名都有与川滇藏纳西族活动地区的古今地名相对应。很多地方的纳西族都说他们是从北方一座叫居那什罗的神山上迁徙下来的，至今纳西人仍以传统母房中的中柱象征此山。从各地纳西族迁徙路线的记载看，纳西族先民从甘青高原迁徙至现在分布地区有多条路线。

秦汉至唐宋时期，纳西族先民分布在今四川省凉山彝族自治州西南部、攀枝花市盐边县、雅安地区和甘孜藏族自治州南部，以及云南省西北部地区。根据《后汉书》、《三国志》、《华阳国志》等史书记载，汉代时居住于越巂郡的纳西人称为牦牛种；蜀汉时居住于汉嘉郡的纳西人称为旄牛夷；晋代居住于定笮（今四川盐源）的纳西人称为“摩沙夷”。至东汉时，纳西先民与东汉王朝直接建立了政治关系。永平十七年（74年），川西南白狼夷向东汉王朝奉贡、献诗三章，称为《白狼王歌》，共44句176个字，其中有90多个字与现代纳西语相同或相近，说明白狼夷可能是纳西先民，清末民初汉文史籍和民间传说中多说古白狼国即在今四川巴塘。

汉晋时期，金沙江和雅砻江流域的纳西族的政治、经济有了较大的发展。定笮一带“摩沙夷”之地盛产盐、铁和漆，曾引发东汉朝廷派官兵争夺定笮盐铁之利的战争。明代丽江木氏土司所修的《木氏宦谱》中对东汉及蜀汉时摩沙夷在盐源的活动已有简略记载。据《元一统志》记载，约在公元3世纪初期，“麽些蛮”酋长蒙醋醋，侵夺“濮卢二蛮”所居的巨津州（今丽江市玉龙县巨甸）地区而“世袭居之”，传至元初时已历“三十九世”，发展成为“麽些大酋”。公元5世纪后期（南朝齐、梁之际），麽些酋长泥月乌率众驱走原来定居于今宁蒗永宁的吐蕃势力,而世代生息繁衍于此。公元6世纪的梁、陈各朝，另一支纳西先民经木里无量河流域，南迁至金沙江上游今香格里拉县东南部的三坝地带。

到唐代，《蛮书》等史书多称纳西为“麽些”。此时各地纳西族有了较大的发展，根据《蛮书》所载，东至今四川省西川地区，南至大理州宾川，西至澜沧江边的维西一带，北至铁桥上下的德钦、中甸一带，都有纳西人分布。7世纪中期（唐高宗时），纳西族部落集团首领叶古年，夺取“濮獬蛮”所居住的“三赕”（或称“样渠头”，元初设“通安州”，即今丽江坝）7世纪末到8世纪初（唐麟德元年前后到开元年间），早就从盐源地区南渡金沙江到洱海以东的纳西族形成大的部落，在今云南宾川县建立了“越析诏”（又称麽些诏），为“六诏”之一。后其领地被得到唐王朝支持的南诏所吞并。“越析诏”的兴亡前后约70年。在唐代，纳西族所分布的地区处在唐、南诏、吐蕃三个政权之间，有铁桥之险和盐、铁之利，成为这三大力量的逐鹿中心。麽些部落在动荡多变的政治环境中，其依附关系因这三大力量在这一地区军事力量的此消彼长而变更，与各方都有较多的经济文化交流和矛盾纷争。纳西酋长还与南诏联姻；唐代诗人白居易的《蛮子朝》一诗中曾提到：南诏王子到京城长安朝拜唐朝皇帝时，其向导是“摩沙”（纳西）人。794年（唐贞元十年），南诏与唐王朝联合，向吐蕃发动铁桥战役，吐蕃势力向北败退，南诏占领铁桥上下麽些区域，并将数万户麽些迁徙到滇池周围地区居住，麽些人口和势力受到削弱。唐时，纳西族的畜牧业仍很发达，在铁桥一带进行大批的牛羊贸易。农业经济也有发展。冶炼技术也达到较高水平，纳西人所制造的兵器“铎销”名震六诏，南诏《德化碑》中将其称为“宝物”。

宋代，纳西族地区属大理国管辖，但不少地区的纳西族土酋各占一方发展势力，大理国不能有效地控制纳西族地区，北边的吐蕃则长期内乱频繁，无力南下。纳西族地区处于相对安定的局面，人口、经济和文化都得以发展。史载当时的纳西土酋牟保阿琮（麦宗）创制“本方文字”（有的学者认为可能是象形文字，有的认为可能是音节文字“哥巴文”）。

13世纪中叶的南宋宝佑元年（1253年），蒙古军在忽必烈的率领下兵分三路南征大理国，经木里到永宁日月和。忽必烈进入纳西族地区后，对当地部落首领先后授以“茶罕章管民官”、“茶罕章宣慰司”等官职，此是土司土官制度的雏形。1274年，元政权设置“丽江路军民总管府”，“丽江”之名从此始。1285年改置“丽江军民宣抚司”，宣抚司皆由麦良子孙承袭。从此，基本统一了“酋寨星列”的纳西地区各部落，并正式纳入了云南行省的行政区辖，加强了同内地的联系。

从1253年忽必烈灭大理国到清朝雍正元年（1723年）实施“改土归流”的470年间，元、明、清朝直接在纳西族地区推行中央王朝管辖下的世袭土司制度。

明代是纳西族历史上一个重要的发展时期。深得明王朝信任和倚重的丽江木氏土司采取较为开明的政策，不闭关自守，积极地引进中原汉族地区的生产技术和文化教育，广揽人才，将一些医生、教师、画师、佛、道教人士和开矿、冶炼、建筑、铜业、银业等方面的技术人才引进纳西族地区。这些汉族同胞后来都多与纳西族融合。木氏土司的开明政策促进了丽江纳西族地区各方面的发展繁荣，在经济生产方面，特别兴盛的是开矿业，木氏在丽江、木里、中甸、兰坪、维西等地大办银矿、铜矿、金矿、铁矿及盐井等，木氏因此成为云南省内最富有的一家大土司，《明史•土司传》中写到木氏时说：“产矿独盛，富冠诸郡”。木氏土司还重视兴修水利，促进了农业的发展；畜牧业也比较发达，出产名马，常作贡品。此外，木氏土司还很重视本家族内的汉文化教育，出现了以木公、木增为代表的木氏汉文学作家群。汉传佛教、藏传佛教、道教先后在纳西族地区得到传播和发展，产生了著名的融多种宗教文化于一体的艺术杰作“白沙壁画”等。

明代木氏土司还有较强的军事力量，不断地为明王朝征战效力，多次得到皇帝亲赐的“辑宁边境”、“诚心报国”、“西北藩篱”等嘉号。木氏也借机向北扩张势力，自天顺六年（1462年）开始向藏区用兵，到明末，其势力范围达木里、巴塘、理塘、康定及西藏昌都以南地区。木氏并迁移大批纳西人民到上述地区戎守，此后这些纳西人大都融合于藏族中。木氏所发动的频繁战争曾给藏、纳西等族民众带来灾难，但在这期间，两族的经济、文化交流也得到了长足发展，通过“茶马古道”所进行的贸易日益繁荣。木氏土司在川、滇地区推动和弘扬藏传佛教，特别是在促进噶玛噶举教派的繁荣方面做出了很大的贡献，在当地藏族民众中赢得较高声望。

清朝雍正元年（1723年），丽江实行“改土归流”，朝廷委派流官任知府，降木氏土知府为通判。“改土归流”后，免除了土司的各种苛派，废除庄奴500多户，2000多人，建立了封建地主经济。流官知府鼓励人民开垦荒地，兴修水利，使耕地面积大大增加。农业、手工业和商业都得到较快的发展。“改土归流”打破了木氏贵族垄断汉文化教育的局面，大力鼓励和支持民众学习汉文化，在城乡形成浓郁的学习汉文化的风气，使纳西族中产生了一批又一批能诗善文，熟悉汉文化的知识分子。另一方面，清廷以当时满汉的生活方式和儒家文化的伦理道德观衡量纳西族的社会生活和风土民情，强制性地在纳西族地区实行移风易俗，如废火葬，改革服装，强化封建家长制、包办婚姻制等，导致纳西族地区发生了重大的社会矛盾和文化变迁，加剧了传统文化的衰落。

清末至民国初年之后，随着地主经济的发展，丽江纳西族地区产生了资本主义工商业。

在地主经济不断发展的前提下，商业资本也开始得到相应的发展。特别在抗日战争期间，东南沿海对外贸易中断，中缅交通被日本封锁，中印贸易空前活跃，丽江遂成为印、藏与内地贸易的枢纽。丽江城出现了拥有上百万元资金的纳西族商业资本家。在纳西族居住的地主经济区的手工业，特别是大研镇（今属古城区）的手工业比较发达，有铜、铁、木匠、皮匠、纺织、染业、泥瓦等十多种行业。1949年以前，丽江古城80％以上的人口，主要依靠手工业和商业谋生，在20世纪40年代曾有过独立的手工业者2500多人。

纳西族素有爱国内聚的优良传统。元代，纳西酋长麦良迎南征大理国的忽必烈军队于金沙江口，诚心内附，为使云南正式成为中央政府管辖下的一个行省作出了重要贡献。明太祖洪武年间，明大军进军云南后，纳西首领阿得“率众首先归附”，明王朝特赐其“木”姓，以示丽江木氏为天子的骨肉臣民，世守边陲，以为王朝之根基。近代以后，随着列强的不断侵略，内忧外患，民族危在旦夕，无数纳西儿女身处边陲，心思报国，纷纷奔赴前线，奋勇杀敌，为国家前赴后继，在1883年至1885年的中法战争中，数百名纳西官兵为国捐躯。

1915年12月25日，“反袁护国战争”在云南首先打响，在蔡锷、唐继尧等将领的倡议号召下，丽江纳西族人民为大义所昭，积极参加护国运动，向护国军输送了多达3420名青年，为反对复辟帝制奋战疆场，很多纳西战士血染沙场。1937年7月抗日战争全面爆发后，成百上千的纳西健儿随滇军战斗在抗战最前线，纳西族子弟随滇军奔赴抗日前线，参加了台儿庄、中条山等重大战役，奋勇杀敌，视死如归。仅在台儿庄战役中，就有280多名纳西族官兵壮烈殉国。

1941年，为了支持长久抗战，丽江纳西族人民没有任何现代工程机械的条件下，用人力修成了丽江附近的白沙飞机场。1943年，为了中印“驼峰航线”的顺利通行，美军“飞虎队”在丽江设立“航空指挥站”，纳西族人民或修建电台、或修建房屋和其他军事工程，用实际行动支持了盟军的抗日斗争。

1936年4月，由任弼时、贺龙率领的中国工农红军第二方面军的一支部队北上抗日，到达丽江，受到纳西民众的热烈欢迎。1948年，在中共云南地下党组织领导下，纳西族人民在农村建立了“农民抗敌协会”等组织。1949年4月，由中共云南地下党领导的武装力量，解放了丽江邻县剑川，建立了滇西北第一个革命根据地。1949年7月1日，丽江宣告和平解放。人民自卫队经过整训，奉命改编为“滇西北人民自卫军第三支队”，其中百分之九十以上的指战员都是纳西族。这支人民自卫军支队在党的领导下，英勇作战，为配合人民解放军主力部队解放云南作出了积极贡献。1950年春，人民解放军进驻丽江县。

1950-1951年，人民解放军四十二师由丽江进军西藏。丽江县成立援藏委员会，抽调民兵4889人，骡马500匹，组成运粮总队，从丽江或人背或马驮运大米180710包到德钦。在中国人民解放军解放云南永胜、华坪、四川西昌等的战役中，很多纳西儿女参军参战，为新中国的解放事业做出了贡献。

家族组织普遍存在于纳西族中。家族由几户至若干户共尊一个始祖的血缘亲属组成。在丽江、维西、中甸等实行一夫一妻制的纳西族地区，家族依照父系血统而组成。丽江纳西族的家族关系有这样一些称呼：“丁吉”、“丁支”、“丁化”和“崇窝”。纳西人把父系亲族视为“骨”，母系亲族视为“肉”。“崇窝”之“窝”即来自父系亲族“窝阔”之“窝”，即父系亲族的根骨，“崇窝”即由一个男性远祖后裔组成的有血缘亲属关系的家族组织。在当代，由于社区的变迁发展和人口迁徙等原因，“崇窝”这一社会组织结构已变得松弛分散，一个“崇窝”一般分布在不同地区的村落中，已看不到一个“崇窝”的所有后裔集中在一个村的情况。由于“崇窝”繁衍发展后居住分散，很多成为远亲，相互间的关系纽带并不是那么紧密，因此现在很少有整个“崇窝”的共同活动。

现在纳西族家族组织中联系比较密切，有共同活动和起一些作用的是“丁支”，即由“崇窝”分衍出来的一个祖先的若干后裔构成的一个家户群，各个“支”或同一支家户之亲疏相距三、四代至10多代不等，其亲密关系程度以住同一个村或近邻村为条件，他们共尊一个近亲始祖，过去有共同的公地和山林，有由“崇窝”中委派的护林员。“丁支”还有共同的墓地；有的由“的支”又依远近亲疏关系分衍为若干家户群，亦各有自己的墓地，在同一天扫墓祭祖。过去，“丁支”有共同的祭天场（如果人多，可以分为若干祭天场），在一起祭天；有婚丧、起房盖屋等事时“丁支”成员互相帮忙，内部纠纷自行调解；涉外事情公推有威信的长者联系解决。族中公认的有威望长者可以主持祭天、祭祖，调解纠纷，主持分家等。

在古代，丽江纳西族曾有“梅、”、“禾”、“肆”、“尤”4个氏族，“梅”与“禾”东部方言区的纳西族多数属纳西古氏族“梅”“禾”两支后裔，西部方言区的纳西族多数属纳西古氏族“束”“尤”两支后裔。在丽江、维西等地的纳西族中，家族之上的氏族组织早已消失。

泸沽湖地区纳日人的亲族组织保持着比较古老的特征，家族有共同的始祖和家族名称；有共同的祭祖活动和公共墓地；有少量共有的家族公地；有类似家族长的人物——斯日俄米，个别家族的“斯日俄米”已成为世袭者；保留着同一家族聚居的血缘村落残余等。纳日人有母系家族组织“斯日”，后来母系家族逐渐分裂演变为母系家庭。到20世纪50年代前，“斯日”内部各家之间的经济联系已经不多。纳日人把母系氏族叫做“尔”，直至20世纪60年代，永宁纳日人的决大多数家户还能说出自己分别属于“西”、“牙”、“胡”、“俄”4个母系氏族。

明代纳西族木氏土司是自明太祖时起封授的世袭“土官知府”，实行嫡长子继承制。世代占有当地土地和民众，有很多庄园。民众则分为百姓和庄奴两种。百姓有人身自由，但要服各种劳役、兵役；庄奴则直接在木氏庄园中劳动。木氏土司以“官姓木，民姓和”来区分贵族和平民。土司府设“大把事”（分文武）、把事和通事等职，有称为“五虎十四彪”的大小头人。

明《太祖实录》中称纳西土司有“聚则为兵，散则为民”的军事制度。纳西土司在广大乡村和占领区实行一种军政合一的“拇瓜”（兵管）制度，“拇瓜”是纳西族明代木氏土司所制定的一种军事制度，按纳西语原意，可译为“兵管”。“拇”（muq）在纳西族古语中是“兵”的意思，在宁蒗县永宁等纳西语东部方言中，也有这个古词。历史上，纳西族的东西部方言区都实行过这种“拇瓜”军管制度。直到民国时期，永宁纳人土司机构中所设置的“谋（拇）瓜”，其职能与木氏土司的“木瓜”制度是相似的，主要负责战事，是进行军事管理的官员。这种“木瓜”制度是一种农村军政合一的政权组织机构，在军事上相当于“百夫长”，成为土司之下世袭的农村地区军政合一之首领。

1949年以前，永宁纳人（摩梭人）社会中存在着“司沛”（汉称贵族）、“责卡”（汉称百姓）、“俄”（汉称俾子，即奴婢）三个等级。

“司沛”等级是从土司家族分裂出来的贵族集团。土司把全部耕地的三分之一分给斯沛等级占有，并允许他们占有水源、草场和山林，以及数量不等的俄和大量的畜群。斯沛等级对其占有的土地和牧场有稳固的占有权，可以世袭、转赠和出租，也可以在本等级内部买卖，但不得卖出斯沛等级之外，最高所有权仍属于土司。斯沛可以担任土司政权中的各种官职，享有很多特权，不论政治地位、经济状况如何变化，其贵族身份是世代不变的。当权的斯沛，还有审理案件、调解纠纷、进行超经济剥削的特权。一般的斯沛，也享有建住瓦房，穿绸缎和黄、红、蓝色衣服，不服劳役，不交钱粮杂派等优待。

“责卡”等级是由氏族公社成员演变而来的封建农奴。他们被束缚在封建份地上，世世代代在人格上依附于封建领主，向领主服劳役和交纳实物贡赋。责卡有内外之分，土司直接控制的称内责卡，由各个管人管理的称外责卡。内责卡以服劳役为主，外责卡以交纳实物贡赋为主。内责卡又有黑、花、白之分：凡在土司自营地中的八至十二块土地上服役的，称黑责卡；在二至七块地上服役的，称花责卡；在一块土地上服役的，称白责卡。外责卡除交纳实物外，一般服劳役数天，内外责卡的这份劳役，土司不准用钱赎取，只能雇人代役。

“俄”等级是由家庭奴隶、罪犯、外来民族和等级下降的责卡构成的。他们大部分属于土司、总管、堪布等当权斯沛占有，少数属于责卡等级中的头人和个别富裕的俄。俄等级的身份是世袭的。根据服役情况的不同，又分为白、花、黑三种。担任土司的基层官职的，称白俾子，一家之内只有男子或女子服役的，称花俾子，全家男女都服役的，称黑俾子。俄是按性别世袭的；即男子为俄的家庭，其后代男子全都是俄；女子为俄的家庭，后代女子全都是俄；男女均系俄的家庭，则后代所有男女一律是俄。但不服役的男子或女子，实际上还是主子的俄，主子需要时，仍可抽调他们去短期服役。个别俄经主子允许，可用钱赎免自身的劳役，然而既不能延及子女，更不能改变整个家庭的等级地位，其子女成年后，必须承袭服役，仍然是主子的俄。

除少数单身俄外，俄等级有自己的家庭和少量的财产，有一定的人身自由和权利。他们一般占有主子给予的一架左右耕食地(架，是宁蒗、盐源一带纳西族计算土地面积的单位，实际面积相当于二至四亩。新中国成立后，有的地区每架以二亩计算，有的地区以二点五亩计算。),多的不超过三架。纳西语称“厚垮鲁布”，意为“一碗稀饭的土地”。但大多数俄通过抵押、租佃等方式另外获得了土地，并占有房屋和数量不等的牲畜、农具。俄除非绝嗣或犯重罪，主子一般不能侵占他们的财产。主子有权将俄转赠、陪嫁、交换和出卖，却不能任意杀戮。蒗蕖土司较永宁更暴戾，曾杀害过逃跑和反抗他的百姓与俄。俄在服完规定的劳役之后，可以到外地赶马经商，若得到土司的信任，还能担任基层官职。由此可见，俄等级具有半奴隶半农奴的性质。

宁蒗纳西族三个等级之间，有比较森严的界限。斯沛等级享有永远保持等级身份的特权，再穷都是斯沛。责卡和俄等级，只能下降，不能上升。责卡再富也不能升为斯沛；俄即使发了财，做了官，仍不能晋升为百姓等级。

永宁纳人的土司一职是世袭制，由长子承袭。而堪布和总管两职，则由土司的兄弟或土司的血缘近亲担任，分别行使宗教和日常行政权力。土司的最高权力机构为土知府，土司之下设总管一名，把事数名。

【风俗文化】

纳西族的居住习俗在不同的历史时期发生了很大的变迁。纳西族在古代曾有过“穴居”之习俗，之后又有过与游牧生活相适应的羊毛毡制帐篷居住的习俗。纳西族随着由“随畜迁徙”的游牧民族演变为以农耕为主的民族后，居住方式也产生了变化，开始建造较固定的木结构民居，从而出现了井干式的木楞房。

传统的木楞房直接以圆木为材料，建造时先平齐木料，在两端砍出接口，然后将圆木首尾相嵌，大小头均齐，构成四面围墙。然后架起檩条，直接铺上长形木瓦，用石头紧压木板。圆木间抹上牛粪或泥，以避风寒。泸沽湖畔摩梭人的木楞房绝大多数由四个房屋组成大小不等的四合院，一幢是正房，左面是经堂，右为畜圈，正房对面一坊为两层楼。正房为全家就餐、主妇休息及储存粮食杂物的地方；对面的楼房上分为许多小间，是“阿夏”情人偶居的地方；院内房间布局较为复杂，有主室、上室、下室、后室、仓库等。

纳西族将正房称为“吉美”，直译意为“母房”、“大房”。祖房是整个家庭住宅的中心。祖房内神龛下设平台型单火塘或双火塘灶，火塘中央埋一个盛有金银、五谷及海贝等物的土碗或陶罐，象征火塘灶的心脏。火塘是人们日常生活和精神文化的一个中心，过去，火塘边的座位与人们的性别角色和家族、家庭的尊卑长幼序列密切相关。丽江、香格里拉等地纳西人火塘边东西两端靠近神龛的座位最尊，分别属于家庭男女家长。火塘边供奉灶神、祖先神等。有不准将水泼于火塘，不准跨越火塘，不准用脚踩铁三脚架等的种种禁忌。纳西人的人生礼仪和多种东巴教仪式都在火塘边举行。部分丽江山区的纳西族除了保留火塘灶外，还普遍在正房中砌有锅台灶。坝区则已普遍实行单独的厨房和锅台灶烹饪方式。

自明代始，在丽江纳西族中已建盖有宏伟壮观的瓦房，但大都是土司和头目的住宅及寺观庙宇。

从清代起，随着文化交流的增多和纳西族社会经济文化的发展，汉、白、藏等族的建筑技术不断为纳西人所吸收，被称为“三方一照壁”和“四合五天井”的土木或砖木结构瓦房建筑在丽江城镇和坝区、河谷区农村普遍流行起来，并产生了极有特色的民居庭院。门前即渠，屋后水巷，跨河筑楼，丽江古城和不少乡镇民居“家家有院，户户养花”。庭院是民居平面构图的中心，其地板通常用块石、瓦渣、卵石等简易材料，按民间风格铺砌成有象征意义的图案，如“四蝠闹寿”、“麒麟望月”、“八仙过海”等，体现了多民族建筑艺术的融合。农村“三坊一照壁”楼瓦房的西房北房为房卧室，南房作畜圈。

中国历史文化名城——丽江大研古城典型地反映了纳西人博采众长而形成的高超的建筑艺术，是中国建筑史上的一个奇观。古城坐落在玉龙雪山下海拔2400米的高原台地上，始建于宋末元初（一说建于唐代，即当时的“三赕城”），总面积3.8平方公里。四方街是古城中心，四条干道呈经络状向四周延伸。“城依水存，水随城在”是古城的的一大特色。位于城北的黑龙潭是古城的主要水源。潭水由北向南蜿蜒而下，至双石桥处被分为东、中、西三条的支流，各支流再分为无数溪流，入墙绕户，穿场走苑，形成主街傍河、小巷临水、跨水筑楼的景象。四方街西侧的西河上设有活动闸门，居民利用西河与东河的高差冲洗街面。众多大小水流之上，造型各异的古老石桥、木桥多达354座，使大研古城的桥梁密度居中国之冠。古城的街巷全部用红色角砾岩石（民间称为五花石）铺成，晴不扬尘，雨不积水。

木氏土司的府邸巍峨壮观，模仿中原王者气度，又没有落入中原皇宫帝苑“居中为尊”、一切其它建筑皆须围绕王宫而建的俗套，它僻处城南一隅，而作为全城中心的则是商贾云集的四方街，如蛛网般纵横交错的街道像星光般从四方街这一最明亮的商贸中心向四方八面辐射。从中可看出古城最初形成于乡村集市，最终也因商业贸易而繁荣。这与古城千百年来作为“茶马古道”重镇的历史密切相关。

在丽江，父系制家庭是传统的生产单位。在宁蒗永宁，母系制家庭则是基本的生产单位。此外，纳西族民间还有传统的农业生产互助组织“合心组”等，通常由相处融洽、关系密切的邻居或亲戚朋友自发组成，一般规模较小，多则十来户，少则四、五户。是在农忙季节临时性组成的互助生产组织。还有互助性放牧组织“路补”，几户人家的牛羊在一起放牧，由各户轮流出人放牧。

丽江纳西族的父系家庭，大多由三、四代人组成。子女从父姓，财产由父亲传给儿子，实行父系继承制。分家时，传统习惯是由儿子们均分田地、房屋和大牲畜，而幼子有优先权得到最好的一份田地产。分房子也一般是由幼子占祖房，其他儿子另外择地起房。有女无子的或无子女的家庭，可过继兄弟的儿子继嗣。假如要为女儿招赘，必须取得兄弟们的同意，赘婿才能取得继承权。绝嗣家庭的财产，由本族近亲继承。

在受儒家封建礼教影响深的丽江纳西族中，妇女过去在家庭和社会上的地位低下，一般无财产继承权，还有许多重男轻女的习俗。但在保留传统文化较多的香格里拉县三坝等地纳西族中，虽然同样是父系制社会结构，妇女在家庭中仍然有比较大的权力。如儿女的婚事，决定权不在父亲而在母亲，女子出嫁时，可以带走平时自己积累的一切个人财物，甚至还可以带走一块田地。家中无男儿时，女儿可以继承父母的全部财产，族里的长辈无权干涉她的继承权利。

纳西族主要聚居区结婚一般都要经过订亲、请新娘、举行婚礼的程序。过去有少数“抢婚”和“兄亡纳嫂”的“转房”婚俗，同姓不同宗的人可以通婚，但同一“崇窝”（宗族）之间禁止通婚；姑舅表和姨表优先婚是过去比较流行的习俗。

纳西族的传统婚礼称为“素字”，意为“迎接生命神”，纳西人认为每个人都有自己的生命神“素”，新娘是外来的新的家庭成员，因此要把她的生命神迎进新郎的家庭，与新郎家庭其他成员的生命神结为一个集合体。整个婚礼过程大体有如下内容：新郎家请东巴择吉日准备生命神之箭、桩、竹篓、塔、桥、梯、石、线等物；接新娘；新娘告别祖灵、娘家亲人及火塘灶；新娘进新郎家后行洗头礼；进母房（祖房）拜火塘灶边的祖灵和神灵；东巴主持举行祭生命神，拴生命线的仪式，这是婚礼的核心内容。届时在新郎面前放一把木杆秤，新娘前放一把铜锁和木升，有的则是新郎手持生命神之木桩，新娘手持生命神之木塔。东巴边咏诵经书，边在新郎新娘的额头抹酥油祝吉，继而一一抹酥油于母房的擎天柱、神龛、火塘中的铁三角架、火塘边的男女床、弓、箭、砍刀、粮柜、铜锁、木升等上并咏诵相应的祈福语。其整个过程与东巴教密不可分。清代“改土归流”后，流官在丽江纳西族地区“以夏变夷”，大力推行汉族婚俗，订婚按周礼的六礼：问名，纳采，会亲（在丽江称之为亲家会），过门（丽江称请媳妇），送礼柬，迎亲。在接亲，宴客，分大小，回门等婚礼程序上也大量融进了汉式习俗，而当代的婚姻习俗随着时代和人们观念的变迁，过去的很多繁冗礼节已经大大简化。

泸沽湖地区的纳人（摩梭人）中同时存在着母系家庭、母系父系并存家庭和父系家庭3种形式，其中母系家庭是主要的家庭形式。母系家庭所有成员的世系皆从母，男女成员系由一个或几个始祖母的后裔组成，母系血缘是维系家庭的基础，财产按母系继承，由母亲传给子女，舅传给甥和甥女。男子在家中的身份是舅祖、舅舅、兄弟、母亲的儿子或舅舅的外甥。每个母系家庭有一个家长，通常由年长或能干的妇女担任。舅掌礼仪、母掌财产是家庭权利和分工的形式。母系家庭的传统观念认为：女子是根种，缺了就断根。如果某个家庭一旦没有女继承人，便要过继养女。一个母系家庭的成员一般都在10人以上，多的达30--40多人。由于这种家庭的全部成员都是母系血亲关系，属于一个亲族，不存在父子、婆媳、翁婿、姑嫂、妯娌等关系，没有外姓，关系单纯，财产属于大家庭所有，很少发生闹财产、闹分家的纠纷。

与母系家庭相应的婚姻形式是“阿夏”婚，“阿夏”是摩梭男子称呼女情人的称谓；而女子称呼男情人是“阿都”。现在一般用“阿夏婚”来指称这种“走婚”形式，并不十分妥贴。“阿夏”婚的基本形式是男不娶女不嫁，相恋钟情者互送信物订情。情侣双方都终身生活在母亲家里，男子在夜间到情侣家过偶居生活，次日黎明即返回自己的母亲家里。男女缔结“阿夏”关系要遵守传统习俗，只有不属于同一母系血缘的成年男女才能建立这种关系，“阿夏”所生的子女随母，血统也依母系计算。

纳西族节庆很多，主要的节日习俗有:

祭天祭天是纳西族东巴教最大的仪式之一，也是纳西族民间最大的传统节日，在正月间举行。过去，纳西族把祭天作为是否纳西人的标志之一，如俗语所说“纳西是祭天的人”。祭天最初是纳西人远古自然崇拜的形式，后来便与民族的母系远祖和父系祖先崇拜联系起来。当代，在一些比较边远的乡村保留了这一盛大节庆，近年来，恢复祭天传统节日的村寨有所增加。

新年农历正月的过年在纳西语中叫“由本吉正”，又叫“库市”，意为“新年”。过节期间，纳西民间要举行一系列传统的辞旧迎新活动。

“棒棒会”农历正月十五，是纳西族的一个别开生面的传统节日，民间称之为“棒棒会”。这天，四乡农民一大早就来到丽江古城，古城从四方街到关门口一带，人如潮涌，摩肩接踵，街道上摆满了竹、木、铁农具和各种果树苗木、花卉等，“棒棒会”标志着春节节庆的结束，春耕生产的开始。现在，这个节日依然存在，但节庆的场所已改在古城附近举行。

三朵节“三朵”是纳西全民族信仰的民族保护神，又称为“阿普三朵”，意为“祖先（或爷爷）三朵”。相传他属羊，是个战神。每年农历二月八日和八月羊日，四乡民众到三朵阁来烧香拜神；过去，纳西人凡出远门都要到三朵阁祭拜，求三朵神保佑。出征的战士更是要祭拜三朵神；各地纳西人在每年大年初一祭祀三朵神。从1987年起，每年农历2月8日的“三朵节”成为法定的纳西族民族节日。

火把节农历6月24至26日，是纳西族传统的火把节。纳西族的火把节历史悠久，最初起源于借助火抵制各种天灾。纳西语称此节为“川美生恩”。现在这个节日过得最热闹的是丽江古城的民众，届时家家扎大火把立于目前，上面缀饰各种鲜花和水果。入夜，满城火光与五彩的灯光交相辉映。

“七月骡马会”这是丽江纳西族的节庆活动，在农历七月中下旬举办，为期一至二周，以骡马、牛等大牲畜为主，因此又叫“七月骡马会”。

“烧包”节农历七月初一至初十四，古城人过“烧包”节（即中元节），纳西语称这节日为“三美波计”，各家各户接祖先回家，与家人一起相聚。十四日，人们举行送祖仪式，在古城河流中烧包，放河灯，人们敲锣打鼓，姑娘们穿戴一新，提着花篮，花篮中盛着送祖先上路的食品，将食品投放河中，让它随水流飘去。现在这个节日一般过三天。

其他地方的纳西族还有诸多节庆习俗，诸如香格里拉三坝乡的“白水台会”；永宁纳人（摩梭）的祭干木女神山等。

卷帙浩繁的东巴经不仅是纳西先民古代社会生活的百科全书，也是集纳西族古典文学大成的宝库。纳西族琳琅满目的古老神话、史诗、传说、故事谣谚，都被东巴们用象形文字记录在东巴经中。东巴经文学的咏唱有特定的地点，即在东巴教的各种祭仪上，这些祭仪大都是宗教与民俗活动的组合形式。东巴经文学是诗体文学，所有的作品都是由奇数音节的诗句组成，3、5、7、9、11、13等奇数诗句错落使用，长短相间，比较自由。其中以五七言诗句为多。也有少数晚期的作品用纯五言诗句写成。所有的作品都由东巴用特定的乐调吟咏唱诵。东巴经文学包括自然神话、洪水神话、始祖神话、战争史诗、爱情长诗、镇鬼神话以及大量故事谣谚。代表作如神话史诗《创世记》、《黑白之战》、《哈斯之战》、《俄都奴杀猛鬼》、《许瓦增古盗火》、《祭天古歌》等，突出地反映了纳西族顽强坚韧、崇勇尚武、认同心重、凝聚力强的民族精神。《鲁般鲁饶》、《初布游布》等作品，以浪漫瑰丽而凄婉的笔调讲述了纳西族青年男女重感情、讲信义、不惜以死殉情的动人故事。纳西族的民间歌谣中最具代表性的是“大调”，它是相对于短小歌谣而言的一个概念，特指广泛流行于民间的口传叙事长诗。其代表作有《游悲》（殉情之歌）、《猎歌》、《赶马》、《伐筝》、《鱼水相会》、《蜂花相会》、《雪析相会》等。在表现形式上，它们是入乐入调的演唱，而且每类作品都有相对固定的曲调。

纳西族除了有博大丰厚的本土传统文学外，自明代以来，出了不少以汉文写作的作家，明代土司阶层的“木氏六公”有大量的诗文传世。木公、木增等人的诗集选入了《云南丛书集部》及《古今图书集成》等书中。木增所著的《云薖淡墨》六卷还收入了清代所编的《四库全书》中。

绘画与雕塑是纳西东巴宗教艺术的重要构成部分。东巴绘画可分为木牌画、竹笔画、纸牌画和卷轴画。木牌画分尖头形和平头形两种。尖头木牌画一般绘神灵和被认为是善的大自然精灵“署”，着色；平头形木牌画各种鬼怪，不着色。纳西木牌画与我国西北地区出土的汉代人面形木牌有传承关系，木牌上画鬼神再插于地上祭祀之俗，原是古羌人的古俗。竹笔画主要是指用书写东巴经的尖头竹笔所绘的图画，包括经书封面装帧、经书扉页画、题图、插图等，有白描也有彩色。纸牌画指画在多层厚纸粘合而成的硬牌上的绘画，分为占卜纸牌画、自然神“署”之画以及东巴的五幅冠等。卷轴画是画在布质卷轴画上的各种神像画，东巴举行仪式时挂在临时设置的经堂上。卷轴画中的杰作是“神路图”，该画长15-20米，上绘鬼神人三界，有近400个人神鬼兽形象。该画用于丧礼和超度亡灵仪式。东巴雕塑有面塑、泥塑、木雕。东巴绘画和雕塑有粗犷率直、自然浑朴的风格。

著名的丽江白沙壁画即是明代丽江纳西族社会大开放的产物。白沙壁画最为突出的特点是表现在题材上的多种宗教和同种宗教中的各教派内容相互融合并存，以及多民族的绘画技法揉为一体的现象。该壁画的内容包含佛教显宗、密宗和道教内容，突出地反映了纳西族在历史上善于吸纳多元的异族文化，不执迷于一种宗教文化的特点。

著名的“丽江古乐”也是多元文化相融汇的艺术结晶。“丽江古乐”由“白沙细乐”和丽江洞经音乐、皇经音乐组成（皇经音乐今已失传）。“白沙细乐”是我国屈指可数的几部大型古典管弦乐之一，除历史悠久之外，其珍贵之外在于它是丝竹合奏，分章节（尚存八首歌、舞、乐结合而成的套曲），其旋律与“和声”的独特是全国所仅见的。“丽江洞经音乐”自明清以来就从中原逐渐引进并植根于纳西族的文化阶层中。它是道教“经腔”系从四川梓潼县传来的“大洞仙经”。“丽江洞经音乐”是区别于我国各地道乐体系的艺术珍品。

纳西族的很多传统古典乐舞保存在东巴教中。东巴经中有被誉为国宝的东巴舞谱《蹉姆》，用图画象形文字记录了东巴举行仪式时所跳的各种纳西族古代舞蹈。它不仅是国内少数民族古文字中迄今仅见的舞蹈专著，也是世界上用文字记录的最早舞谱之一。"
景颇族	"景颇族总人口为147828人（2010年），主要聚居于云南省德宏傣族景颇族自治州境内的陇川、盈江、潞西、瑞丽、梁河等5个县、市，与德昂、傈僳、阿昌、汉等民族交错杂居于山区；部分散居于耿马、腾冲、泸水、孟连、昌宁、勐海、隆阳等县（区）。其中德宏州境内的景颇族人口有124822人（2000年），占景颇族总人口的95.86%。

景颇族聚居的山区，一般海拔1500米左右，大部分纬度偏南，气候温和，雨量充沛，冬无严寒，夏无酷暑，山青水秀、树木葱茏。这里良好的植被造就了天然的绿色水库，山有多高水有多长，座座青山有溪流，条条山箐有小河，为发展农业提供了有利的灌溉条件。崇山峻岭间有宽阔的草场，具有发展畜牧业的良好条件。森林资源丰富，盛产珍贵的木材和具有开发价值的各种植物和林木，有砂仁、柯子、毕拔、团花、史君子、金鸡纳以及珍贵的美登木属植物以及龙血树等医药、工业原料资源，有八角、草果、香茅、野香椽、山苍子、黄兰等香料资源，有树棉、龙舌兰、竹类等供纺织、制绳、造纸用的资源，还有茶叶、小粒咖啡、紫胶、油桐、核桃等经济林木。矿藏资源种类繁多，有铁、铜、铅、煤、金、银、水晶、宝石等。在遮天蔽日的森林中，还栖息着豹、熊、野猪、孔雀、麂子、山鸡等数十种野生动物。

景颇族有自己的语言和文字。景颇族语属汉藏语系藏缅语族，由于5个支系分别使用5种不同的语言，因此支系语言在语支的归属方面存在差异。景颇支系使用的景颇语属汉藏语系藏缅语族景颇语支，载瓦支系使用的载瓦语、勒期支系使用的勒期语、浪峨支系使用的浪峨语和波拉支系语言属于汉藏语系藏缅语族缅语支。日常生活中，各支系除坚持使用本支系的语言外，相当一部分人还能兼用其他支系的语言。景颇族文字有景颇文和载瓦文两种，两种文字都是以拉丁字母为基础的拼音文字。中华人民共和国建立后，我国语言工作者在原景颇文的基础上，对一些声韵母拼法进行了改革。载瓦文创制于1957年，是我国语言工作者为满足载瓦支系的需要而创制的文字。今天，景颇文和载瓦文在景颇族地区均被广泛使用。

【历史沿革】

景颇族包括景颇、载瓦、勒期、浪峨、波拉5个支系。支系的名称也是各支系的自称和支系语言的名称。其中，“景颇”既是支系名称也是民族名称。各支系有自称和对其他支系的他称，与景颇族杂居的汉、傣等民族对景颇族各支系也有不同的称呼。中华人民共和国建立后，根据本民族的意愿，统称为景颇族。

据历史传说和汉文史籍记载，从古代起，景颇族的先民就劳动生息在康藏高原南部景颇族称为木转省腊崩（意为“天然平顶山”）的山区，约自唐代始沿横断山脉南迁至云南西北部、怒江以西的地区。这个地区汉代属永昌郡，唐代属南诏政权的镇西节度管辖。该地的居民包括景颇族先民在内，被称作“寻传蛮”。当时的寻传人居住在山野森林中，持弓挟矢，从事狩猎生活。

继南诏、大理政权之后，元代在云南设立行省，寻传地区属于云南行省管辖。随着生产的发展，景颇族各部逐渐形成茶山、里麻两个大的部落联盟，产生了从原始农村公社分化出来的世系贵族山官。社会开始分裂为最初的三个等级：即官种（贵族）、百姓和奴隶。等级之间界限严格，“南瓜不能当肉，百姓不能当官”。奴隶随主姓，从事各种劳役，无人身自由。

15世纪初，明朝在这里推行土司制度，设立了里麻、茶山两个长官司，任命景颇族山官为长官。茶山长官司先属金齿军民指挥使司，后属永昌卫，继改属腾冲府管辖；里麻司直属于云南都司。清代，景颇族地区属清朝所设置的有关府州县管辖。

16世纪以后，大量景颇族迁移到德宏地区。在汉族和傣族先进生产技术和封建经济影响下，景颇族开始有了犁耕农业，使用了较先进的铁质农具。以后又学会种水田，生产力进一步提高，封建因素逐渐发展起来。由于内部封建因素的发展，奴隶又不断反抗逃亡，同时受汉族和傣族封建制度的影响，奴隶制迅速没落。

在封建因素产生过程中，由于傣族土司的控制和分化，虽然有些地区的山官以村社首领的身份，篡夺了村社土地的最高权力，开始向封建领主制转化，但并未形成完整的领主制。同时，随着社会内部生产的缓慢发展，固定耕地面积增加和汉族地主经济的影响，各地景颇族社会不同程度地保留了各个社会发展阶段的因素，形成社会经济的多结构状态，但基本均进入了封建社会的初期。由于这种嬗变，上层建筑特别是文化和意识形态落后于经济结构的发展变化，因此，景颇族社会在向阶级社会过渡的同时，保留了较多的农村公社的残余。

新中国成立前夕，景颇族社会已发展到农村公社趋于解体和向阶级社会过渡的阶段。在保留了较多原始公社制残余的同时，出现了阶级分化。20世纪50年代以前，景颇族社会已经分化出约占总户数1%的地主和2%的富农，他们占有全部水田的20%到30%以及20%的耕牛。农民中除占总户数15%的左右的农户占有部分水田、耕牛外，80%以上的农户都是无田少地、缺乏耕牛和农具的贫苦农民。景颇族人民一方面既受国民党政府和傣族封建领主土司的统治，也受其社会内部相对独立的山官的统治。国民党政府和傣族土司通过山官实现其统治，他们通过山官压迫景颇族人民，强征各种苛捐杂税，景颇族人民过着民不聊生的生活。

新中国成立后，党和国家在景颇族地区实行了民族区域自治，在景颇族地区进行了“直接向社会主义过渡”的民主改革，废除了山官制度，景颇族人民实现了当家作主的愿望，社会、经济、文化和生活都发生了翻天覆地的变化，昔日贫穷落后的景颇山呈现出了欣欣向荣的繁荣景象。

历史上，景颇族人民为维护祖国统一进行过英勇斗争，为捍卫祖国神圣领土完整和开发建设西南边疆作出了重要贡献。1875年，在有名的马嘉理事件中，景颇族人民击毙窃取中国情报的英国间谍马嘉理，阻击了英国军官柏朗率领的侵略军，打击了侵略者的气焰。1898年中英两国勘定陇川边界时，景颇族山官早乐东在人民群众的支持下，据理抗击，粉碎了英帝国主义者侵占中国领土的野心。1910年，英国侵略军2000多人侵占中国景颇族聚居的片马、古浪、岗房地区，激起景颇族人民的强烈反抗，进而在云南全省掀起了反英运动，组织“中国保界会”，终于迫使英政府承认片马、古浪、岗房是中国领土。抗日战争时期，景颇族人民积极参加抗日游击队，用长刀、斧子、铜炮枪奋起抵抗侵入滇西的日本侵略军，为保卫祖国立下了功劳。

新中国成立前，景颇族社会实行着一种以“崩督”（景颇语）为首构成的政治制度，景颇语称为“贡萨”制度。“崩”意为“山”，“督”意为“主人”或“官”。因景颇族居住山区，当地汉族形象地把“崩督”这种管辖山头的官称呼为山官，研究政治制度的中国学者由此引申，把景颇族以“崩督”为首构成的政治制度，称为“山官制度”。

山官制度是在氏族家长制度瓦解的过程中逐渐演变而成的政治制度，在景颇族社会中已经存在很久。在这种制度下，根据不同的出身和血统，社会成员被划分为官种、百姓和奴隶等3个等级。

官种，景颇语称为“督阿缪”（载瓦语称为“早户”），在三个等级中社会地位高于百姓和奴隶。官种等级有特殊的命名方式，男性在名字前加上“早”，女性在名字前加上“南”、“扎”等非官种等级不能使用的特定冠词，一般不与百姓通婚而实行等级内婚，有官家姑娘下嫁百姓时，所要的聘礼非常昂贵，一般百姓家支付不起。山官，必须出身于官种等级，是官种等级中的当权者。山官职位的传袭实行幼子（景颇语称为“乌玛”）承袭制，只有幼子夭折才由长子继承，其余依次为其他诸子。幼弟在世，其他兄长们如若想要当官，只有离开老家去开拓新的辖区，到新辖区当新山官。

百姓，景颇语称为“色瓦阿缪”（载瓦语称为“勐比优”或“勒塔”），有人身自由，不依附于特定的地域或特定的山官，能够自由迁徙，在政治上处于从属于山官的地位，负有向山官交纳实物供赋和无偿劳役的义务，有权占有使用村社土地的权力；由于不是官种，因此再有本事的百姓也不能担任山官。

奴隶，景颇语称为“木牙姆阿缪”（载瓦语称为“准”），依附于主人，没有人生自由。奴隶在景颇族进入德宏之前在江心坡、胡康河谷地区就已经存在，其源于山官和一些富裕家庭通过将战争中的俘虏、外族人和孤儿以收养的方式收容为养子女，他们名誉上是主人家庭的一员，甚至和主人的子女以兄弟姐妹相称，实际上是主人的奴隶，负担着主人家内、家外的繁重劳动。但在衣食方面，奴隶与主人相差无几，在很大程度上他们仍然是家庭的成员，一些奴隶还有自己的个体经济。随着英国殖民主义者对上缅甸的吞并和因为军事行政的需要而实行的废奴政策，这种奴隶制没有得到进一步的发展便消亡了。景颇族进入德宏以后，少数地区和家庭还保留有这种“养子女”性质的奴隶，但作为一种制度，奴隶制在德宏景颇族中始终未能充分发展。因此，官种和百姓两个等级是中国景颇族山官制度存在的主要等级基础。

山官是景颇族在一定地区范围内的最高政治领袖。在景颇族社会内部，山官之上没有形成统一的、更高的政治组织，各山官之间也无直接的统辖关系，辖区是山官制度得以维系的基础和界限。每一个山官都有自己统治的辖区，每个山官辖区自成体系，独立行政，在辖区内山官各自为政，其特权的行使和义务的履行都以辖区为基础，超出辖区范围，其特权和义务均无效率。各山官的辖区大小不一，势利范围大的山官可辖数个或数十个村寨，还有辖区外的“保头区”。而势利范围小的山官，有的只辖一个村寨或几户居民。辖区间有山岭、河流等自然物为标志的界限，对辖区的挑衅和侵犯就是对该山官的挑衅和侵犯。在辖区范围内，山官享有各种特权，其中最重要的特权是有权得到百姓杀牛祭祀或捕获猎物的一条后腿的“吃腿权”，这条供奉山官的后腿叫做“官腿”（景颇语称为“宁贯”）。此外，百姓每户每年需要为山官无偿做工3～6天，称作“官工”；每年收获后需要按照耕种田亩的面积向山官交送一定数量的谷物，称作“官谷”；辖区内的汉族，每户每年需向山官缴纳一定数量的鸦片，称作“官烟”；逢年过节、红白喜事或调解纠纷时，百姓需向山官送礼物，称作“官礼”。在辖区的管理上，山官拥有广泛的职能和权力，他是辖区的管理者、习惯法的体现者和执行者，战时是当然的军事领袖。职能和权力具体表现在领导生产，管理、调整、分配土地，帮助群众解决生活困难、调解民事纠纷，保护群众等方面。

山官制度下有一套管理辖区内部事务的政治组织。传统上，山官在“寨头”、“苏温”、“管”、“纳破”等的协助下治理辖区。寨头是从非官种的各姓氏头人（景颇语称为“司朗”，载瓦语称谓“苏温”）中推举出来的村寨头人，一般由开寨的有功姓氏和其他主要姓氏中办事能力强的人担任。寨头在村寨中有较高的地位，是山官管理辖区的主要助手。就职时由山官任命，届时要由山官赠与一把象征村寨管理权的长刀。寨头负责向百姓收取土司和山官的官租，监督百姓为山官出官工或为土司出劳役，协助山官处理调解村寨内婚姻、盗窃、土地、债务等纠纷。作为回报，寨头免出官工和劳役。寨头的职位不可继承。苏温是村寨中各姓氏的自然领袖，具有长老的身份，没有特权，他们代表村寨和各自家族的利益，负责沟通山官与百姓间的联系，协助山官、寨头管理村寨内的事务。一些包括数十个村寨的山官辖区，由于辖区大，山官照管不过来，还设有“管”的职位。管是山官在非山官居住村寨代表山官进行管理的总管。管在他负责的村寨中，拥有管理一切村寨事物的权力，他不但可以免交官租、免出官工，自己还可以在其所管辖的村寨中收取官租和派出官工。“纳破”（景颇语，载瓦语称为“堆里”），是负责领导村寨春耕统一进行破土仪式的人，也有的纳破协助山官处理辖区事务和参加调解纠纷。在一些较大的山官辖区中，还设有专门负责传达山官的通知、命令和其他公事通知的“恩道”（景颇语，意为“叫寨子的人”）。

景颇族没有成文法，山官政治权力的维护，主要依靠传统的习惯法——“通德拉”（载瓦语）来维持。习惯法具有很大的约束力，常常与宗教迷信相结合。一般不轻易判处死刑，但杀人者必须赔偿命金。一般案件对输理者均罚以赔偿实物的几倍至十倍。案件无法调查判明时就采取神判。常用的神判方式有赌咒、鸡蛋卦、斗田螺、煮米、捞开水、闷水等。

中华人民共和国建立前，德宏景颇族地区的山官制度发展不平衡，各地的情况大致可以分为3类。一类地区在政治上山官制度仍大体保持原有状态，民主性依然比较明显，在经济上前封建因素仍比较浓厚；一类地区由于受封建土司制度的影响，山官制度已经有向封建领主制度发展的倾向；还有一类地区，由于受汉族封建地主制影响，山官有向封建地主制发展的倾向；后两类地区虽然已经出现了向封建化发展的倾向，但是，由于传统习惯法的约束，山官还没有发展成土司和地主，尚处在过渡状态之中。

近100年来，由于山官制度剥削和压迫的加重，导致社会矛盾激化，19世纪后期至20世纪初，景颇族社会内部发生了反抗山官制度的“贡龙”起义，这个斗争在德宏西北部盈江支丹山和铜壁关地区斗争最为激烈，持续了30多年之久。起义胜利的村寨，在废除山官“贡萨”制度的同时，建立起了景颇语称为“贡龙”的民主制度。在贡龙制度下，山官的一切特权被取消，原有的山官辖区已不再存在，山官降为村寨中的普通成员。各寨由各自选举的头人为领导，村寨头人没有特权，不能向群众摊派负担，在调解纠纷或处理全寨性事务时，由寨头召集村寨长老，共同商议。由于取消了山官制度，人们之间的等级关系不存在了，等级婚姻和表现等级差别的称呼及命名方法也都废除了。村寨的土地分别为各户所私有，可以自由买卖，不受任何人的干涉。贡龙起义沉重打击了山官制度，但是，山官制度的最终消亡是在中华人民共和国建立之后。

1950年景颇族地区解放，1951年成立了民主联合政府。1953年7月，德宏傣族景颇族自治区人民政府正式成立。1956年5月，根据1954年10月颁布的《中华人民共和国宪法》关于自治地方分为区州县三级的规定，德宏傣族景颇族自治区改名为傣族景颇族自治州。在全国人民代表大会和省州县乡各级人民代表大会中均有景颇族人民的代表，保障了景颇族人民参与国家的政治生活。在党和政府的关怀下，景颇族干部迅速成长，分布于各级行政机构及各行各业，实现了当家作主的权利。

【风俗文化】

景颇族是一个以农业为生计的民族，粮食作物以水稻、旱谷、玉米、小麦、粟米为主，经济作物有甘蔗、油菜、八角、草果、香茅草等。

景颇族对土地的经营，分为水田和旱地两种耕作类型。水田多为分布于山脚坝子边缘或山间小平地里的梯田。定居德宏地区之前，景颇人不会耕种水田，定居德宏后，受到傣族和德昂族影响，开始学习耕种水田。水稻的传统耕作工序与周边傣族大致相同，采取用牛力犁、耙，靠山泉水自流灌溉的方式耕种，一年一季，一般不施肥。今天，水田已成为景颇人重要的生计资源，他们日常生活的主粮——稻米，绝大部分来源于自己稻田的生产。今天，水田除种植稻谷外，冬、春季节还种植小麦、西瓜和油菜；耕作技术上最大的改进是化肥的普遍使用和杂交品种的大面积种植。

旱地多是分布于山林中的坡地。在景颇山区出现水田耕作之前，旱地是景颇人首要的生计资源。传统的旱地耕作方式是轮歇烧荒，主要作物为陆稻，其次为玉米、黄豆、饭豆、粟米、棉花、苏子和蔬菜。20世纪80年代以来，甘蔗已成为德宏景颇族地区旱地种植的主要作物，甘蔗收入成为了德宏景颇族重要的经济来源。

在农业生产中，以个体家庭为生产单位是景颇族传统的劳动组合形式，农忙季节采用不计报酬、不计时间长短和劳力强弱的“吾戈龙”（载瓦语，意为换工或合伙干活）形式进行协作劳动。生产劳动中，男女有比较明显的性别分工，男性主要从事犁田、耙田、烧荒、砍柴、狩猎、制作农具等繁重和技术性强的工作，妇女则从事除草、收割、搬运粮食、采集、做饭、喂猪、照顾老人和孩子等琐碎的生产与家务劳动。

景颇族多数居住在海拔1500米左右的半山腰或山间的小平地，少数居住在坝区边缘地带。一般村寨规模大多在40至60户之间，上百户的村寨屈指可数。村寨一般依山而建，面向坝子和河谷，靠坝一端，称为“寨脚”，靠山一端称为“寨头”。过去，寨头、寨脚都有标志，寨脚的标志是进村道路两旁用木柱简单搭建的寨门，寨头的标志是在村寨通往山顶小路旁的某一种自然物，可以是石头、大树或树桩。寨门前有一片被严禁砍伐的树林，林中设有村寨进行集体祭祀的“能尚”（景颇语，汉语称为“官庙”）。除“能尚”所在神林外，村寨周围被作为水源林的森林，也禁止砍伐，植被保存良好。

村寨内房屋建盖分散，户与户之间相距几十米甚至百米，一幢幢楼宅隐现在苍林翠竹丛中。房屋多建盖在山坡平整出来的台地上，同姓氏家户的住宅分布相对集中，从一个老家分出的各个小家都在老家住宅旁建房，除非老家附近已经没有建盖地点才另择新址建盖。

传统民居多为竹木结构的草房，过去只有少数地方的山官、头人才有瓦房。房屋均为长方形，分上下两层，下层距离地面高度1至2米，用于堆放薪柴、农具并饲养猪、鸡。上层住人，用竹隔成若干间，每间设有一个火塘，除炊事的火塘外，火塘四周就是家人歇息的地方。房屋框架除柱子外，基本都用竹子做成，用藤条绑扎，屋顶以茅草覆盖，墙面和地板均用竹子编织或剖开铺成。这种草房一般七八年就须重新建盖，建房时全寨换工互助，数日即成。今天，随着经济的发展，传统的竹木结构的草顶房屋已很少见，多数房屋的建筑材料和样式都发生了改变，出现了全木构架或土坯砌墙的瓦顶、铁皮顶楼房和砖混结构的平房。

景颇族主食以大米为主，竹筒饭、鸡肉稀饭是景颇人喜爱的特色主食。菜肴以辣著称，品种除园地中种植的瓜、豆、芋头、青白菜之外，从山林中采集的野菜、野果也是餐桌上的家常菜。烹饪方式包括舂、烧、烤、煮、蒸、拌、揉等几种类型，其中，舂菜是景颇族菜肴中最具特色的一种，味道鲜美独特，景颇人常说：“舂筒不响，吃饭不香”。

景颇族服饰风格独特。男子服饰以黑、白为主色，老年男子服饰各支系相同，均着黑色对襟短衣和黑色宽管长裤，戴黑色包头。中、青年男子服饰，景颇支系与其他支系间存在细微差别，上身内穿白色立领衬衣、外套黑色圆领外衣，下身穿黑色长裤，头戴红蓝色相间的方格棉纱布圆筒形头巾。其他几个支系的中、青年男子，均着白色衬衣，黑色长裤，戴饰有各色绒球缨穗的白色包头。无论哪个支系的男子出行，均随身背挎筒帕（即背包）和长刀。

妇女的服饰分便装和盛装。若着便装，上身为黑色或各色对襟或右襟紧身短衣，下身为净色或织有景颇族特色图案的棉布长筒裙。盛装是节庆或婚嫁时的着装，上为黑色短襟无领窄袖衫，胸、肩和背部饰有银泡、银牌和银穗，下为用红黑黄绿等各色毛线织出美丽图案的毛质筒裙，腰间系红色腰带，头饰为羊毛织成的红底提花包头，小腿包裹与筒裙质地色泽相同的裹腿，佩戴数串红色项珠及耳饰、手镯。近年随着经济的发展，景颇族妇女服饰在保持原有特色的基础上不断翻新。在节日庆典中，可以看到各种各样新式的景颇族妇女盛装。其中，最具特色的是浪峨支系和勒期支系妇女的盛装。浪峨支系妇女盛装，上为饰银泡的无领无摆的黑色紧身紧袖短衣，衣袖臂部、袖口和衣角贴有七八厘米宽的红黄相间的花边，下为黑底暗蓝条状或块状细花纹图案的筒裙，系蓝色长腰带，头戴黑色饰有各色毛线绒球的高包头。勒期支系妇女盛装，上为无领无摆的黑色紧身紧袖短衣，衣袖臂部、袖口和衣角贴有约10厘米宽、以红色为主间有黄色细条的花边，胸前饰有2至3排小型带穗银泡，下为黑底黄色图案筒裙，裙外系一条前后饰有红绿两色相间的直条围裙，系蓝色长腰带，头戴饰有彩色毛线绒球的蓝黑色圆形包头。

怒江傈僳族自治州泸水县的景颇族，因与傈僳族杂居，衣着吸收了一些傈僳族服装的特点，服饰与德宏地区差别较大。妇女服饰无银饰，而以彩色布料的拼贴图案为主要装饰，头用青布缠裹留余穗为饰，裙子为织锦筒裙。男子服饰，上衣为白色棉麻土布无领对襟长衫，前襟分两片，可掀起交叉缠于腰部，后摆长及小腿，外套青色无袖短褂，下身着长裤，头缠青色包头，彩穗结于右侧为饰。

景颇族热情好客，客人进家，无论认识与否，主人都会招待食宿。景颇族喜欢喝烧酒和自制的水酒。景颇人喝酒十分注重礼节，主人递上酒筒，客人要用双手托住酒筒的底部，不能只用一只手抓住酒筒的上部。饮酒时，不能抬着酒筒喝，只能用酒筒盖盛酒喝。出门时筒帕里常常背着一个竹制的小酒筒，熟人相遇互相敬酒，不是接过来就喝，而是先倒回对方的酒筒里一点再喝。大家共饮一杯酒时，每个人喝一口后都用手揩一下自己喝过的地方，再转给别人，如有老人在场，当让老人先喝。景颇族老人喜好嚼烟，他们把草烟和适量的熟石灰膏、干芦子放入口中咀嚼，有提神、醒脑、防龋固齿的功效，见面时会互递烟盒，表示友好、尊重和礼貌。

民族传统节日主要有目脑纵歌节、能仙节、新米节等，其中最盛大、隆重的节日为目脑纵歌。

目脑纵歌是景颇族祭祀天神“木代”的传统祭典活动。“木代”是景颇族超自然信仰中最大的天神，代表着财富和幸福，能够给人予保佑，是只有山官家才拥有祭祀权力的神。祭祀“木代”的目脑是山官显示威望和权势的象征，举行次数越多、规模越大，山官在百姓中的威望就愈高。过去，目脑主要为祭祀、庆祝丰收、庆祝战争或拉事的胜利而举行。举行目脑时，山官统辖之下的村寨须筹集猪、牛等祭品进行供奉，牺牲和耗费十分巨大，因此祭祀“木代”的目脑并不普遍，一个山官辖区一般数年或数十年才举行一次。目脑以大型的群众性歌舞活动形式呈现，内含祈求木代及其他诸神保佑辖区居民五谷丰登、人畜平安的意蕴。因此，山官举行目脑之际，百姓均踊跃参与。

1983年4月，目脑纵歌被德宏傣族景颇族自治州确定为景颇族人民的传统节日，一般由州县或乡的人民政府组织，于每年的正月举办。节日期间，成千上万的景颇族男女身着盛装，从崇山峻岭、苍苍莽林中欢欢喜喜地汇集到举行目脑纵歌盛会的广场。景颇族各个支系的人们都把木脑纵歌奉为最神圣、最庄严的节日，把参加目脑纵歌盛会视为莫大的幸福和乐趣。节日期间，除传统的目脑纵歌舞会之外，主办者还会举办各类文艺演出，组织商品展销、科普知识宣传和召开各种类型的招商引资会议。一年一度的目脑纵歌，已成为景颇族地区加强民族团结、推动经济发展和促进民族文化交流的重要平台。

景颇族婚姻实行丈人种（景颇语称“木育”，载瓦语称“勐”）与姑爷种（景颇语称“达玛”，载瓦语称“墨”）单向联姻的婚姻形式。两个家庭一旦缔结婚姻，不仅产生“姑爷”（女婿）和“丈人”（岳父）两种个人身份，同时也产生“姑爷种”和“丈人种”两种群体的身份，形成固定的丈人种与姑爷种关系。妻子一方三代以内的所有亲属都同时成为丈夫一方的“丈人种”，丈夫一方三代以内的所有亲属也都成为妻子一方的“姑爷种”。建立了丈人种与姑爷种关系的家庭，双方的联姻关系只能是单向嫁娶，丈人种家的男人不能娶姑爷种家的女人为妻，姑爷种家的女人也不能嫁给丈人种家为媳。此外，联姻还必须恪守姨表不婚、同姓不婚和等级内婚的原则。过去，倍受推崇的是不对称的母方姑舅表兄妹优先婚，一个男子最理想的配偶是舅舅的女儿，一个女子最理想的丈夫则是姑姑的儿子。20世纪50年代以后，随着政府禁止近亲结婚法令的推行，姑舅表联姻的情况已发生很大改变。

景颇族青年男女恋爱、社交自由。过去，村寨中设有专供青年男女进行社交的“公房”，青年男女到公房约会称为“赶脱总”。新中国成立前，绝大多数婚姻由父母包办，实行买卖婚姻，盛行转房和妻死续娶妻妹的习俗，采取讨媳妇（载瓦语称“米确”）、订媳妇（载瓦语称“米东”）、偷媳妇（载瓦语“米考”）和抢媳妇（载瓦语称“米鲁”）4种方式缔结婚姻。讨媳妇，是最普遍的一种婚姻缔结形式，男子的父母或男子自己看中某个姑娘，想娶她为妻，便请人或自己设法在姑娘不知情的情况下，偷得姑娘身上的一块手帕或一根头发，也可以是她衣服、背包上的一根线头，或随身带的槟榔、草烟等，把偷到的东西拿去请祭师打卦，如打卦结果认为合适，男方家会再在自己的村寨中选择一个媒人“勒脚”，在女方的村寨中选择一个媒人“长同”，在打卦确定的日子里，由勒觉、帮手和其他男女伙伴携酒去女方村寨，由女方的媒人“长同”作内应，在女方村寨外截获这个女子后，由两个女方村寨的姑娘和男方同来的同伴陪伴把她护送回男方村寨，同时，“长同”带着酒到女家通报并商议聘礼。婚礼在当天或第二天举行，第3天新郎陪同新娘带上聘礼去丈人家回门。如果姑娘的父母反对这桩婚事，必须在举行婚礼董萨祭鬼之前把女儿领回，如果在此之后，就只有待他日通过“讲事”的方法解决。

订媳妇，当男子家看中一个女子，但她尚年少不能结婚，就把她“订下”，待女子成年后再择日讨回。已经被人“订下”的女子一般不会再被别的男子讨去。偷媳妇，是一个男子看中一个女子并经过董萨打卦决定要讨这个姑娘，但姑娘的父母和姑娘知道后反对，为躲避男方强求，姑娘躲藏起来，在这种情况下男方请长同、勒觉等伙伴设法把姑娘从躲藏的地方偷抢出来成亲，之后再商议聘礼等事宜。抢媳妇，是在几个男子同时看中一个女子或一个女子与几个男子产生爱情，男方相互猜疑，采取先下手为强的方式，在不事先通知对方，不管对方愿意与否的情况下把该女子强抢去成亲。20世纪50年代中期以后，在政府婚姻自由政策的推动下，订媳妇、偷媳妇和抢媳妇的娶妻方式已逐渐消失，目前景颇族的娶妻方式都以讨媳妇的方式进行。

过去，景颇族实行婚后一段时间内的“不落夫家”或“望门居”。新婚之后，新娘即返回娘家，新郎不断地背酒前往丈人家拜访，白天帮助岳父家干活，晚上与新娘同居，直至新娘怀孕，才携回新郎家中。婚后，姑爷除了在重要仪式时去丈人家拜望送礼外，还必须到丈人家进行3次杀牛献祭，之后其妻才能够最终脱离丈人种世系群体，而归属于姑爷种世系群体。

过去传统的景颇族的家庭，是包括夫妻和子女的核心家庭和包括父母、夫妻、子女在内的扩展家庭。在家庭内部，父亲是家长，子女皆从父姓，世系从父系计算，财产由男性继承。传统上实行幼子继承，由幼子同父母同住并继承老家的房屋，其他儿子成家后便分出老家另立门户。妇女没有继承财产的权利，在婚姻关系中，女性对她们的子女没有姓名权，在入赘婚姻中，子女也随父姓。男性在家庭和社区中的地位较高，家庭、家族及村寨的对外事务，均由男性决定。家庭内部事务丈夫和妻子都有决策的权利，但决策的范围和权利有所区别。多数情况下，孩子的教育、婚嫁由夫妻共同决定；农作物种植的品种、面积，化肥的购买，家用电器、拖拉机的购买，猪、牛的购买或出售，主要由男人决定。到集市上出售鸡、瓜果、蔬菜、粮食等，主要由妇女负责。家庭收入多由妇女掌管。

景颇族的丧葬习俗独特。凶死行火葬，幼殇行天葬，正常死亡行土葬。在家中自然死亡视为善死，在外意外死亡、刀枪致死、上吊、投河自杀以及难产死亡均视为凶死。凶死者，尸体不能进寨。善死者亡，家人立即朝天鸣枪报丧，亲朋村邻闻讯带着礼物前来奔丧、帮忙。尸体在家停放数天，入棺前洗尸、更衣，收殓入棺时在尸下垫棉毯（男用）或筒裙（女用）。过去，棺材用粗大的树身挖空而成。年轻人死没有特别的仪式，有子孙的老年人死，村邻及奔丧人夜晚在死者家通宵达旦跳祭祀舞蹈“布滚戈”（载瓦语，景颇语称“崩洞”），舞蹈须连跳数夜，直至下葬后第二天结束。埋葬的地点须选择地势高、背依山顶面向斜坡、迎面有山峰为理想的坟地。坟址以抛掷鸡蛋的方式选择，鸡蛋破碎处为死者中意的吉址。丧葬仪式分埋葬和送魂两部分，过去，送魂仪式与葬礼仪式一般分开举行，在葬礼后一年之内完成即可。现在，大多数人家的送魂仪式与葬礼同时进行。

在悠久的历史发展中，景颇族创造了丰富的文学和艺术。民间文学有史诗、神话、传说、民间故事、歌谣、谚语、情歌、叙事长诗等种类。宗教祭司“洞萨”所念经词，也是一种宗教文学。它们是景颇族历史文化的综合体现，既反映了景颇族的历史和现实，也反映了景颇人的宇宙观、生活的态度、思想、感情和愿望。创世纪诗史《目脑斋瓦》是景颇族民间口头文学作品中的优秀代表，全诗长万余行，内容涉及天地的形成、鬼神的世界、人类的出现、景颇民族的起源、人间的生活、爱情和痛苦等，汇总了景颇族对宇宙、民族历史的认知，对生活的态度、思想、情感和愿望等多方面的知识，生动表现了景颇人心目中的世界和他们真挚朴实奋发向上的情感。

景颇族是一个能歌善舞的民族，在长期的生产生活中创造了丰富多彩的民间音乐，各支系民歌种类繁多，主要有“月鲁”（舂米调）、“志”（山歌）、“斋瓦”（历史歌）、“脑石幼嗯先”（催眠曲）、“木占”（风俗歌）、“恩准”（情歌）等。景颇族民歌歌唱的内容十分广泛，其中有对民族历史的叙述，古代传说故事，也有对现实生活的赞美和节日丰收的欢庆，还有对爱情的执着追求。音乐形态丰富多彩，除单声部民歌外，还有多声部民歌。景颇族的乐音与舞蹈常常融为一体。舞蹈多为集体舞，形式多为环舞、巡回舞、曲折行进，内容反映生产、生活、战争、祭祀等活动，主要分为欢庆性、祭祀性和娱乐性三种，包括“纵歌”、“布滚歌”、“龙洞歌”、“整歌”、“金再再”、“向姆赫”等。其中，纵歌包括多种舞蹈形式，排列成阵，舞步有序，节奏鲜明，表现了群舞的高度水平。使用的乐器主要有木鼓、象脚鼓、芒锣、竹制管乐器“比客”、“吐良”、“勒绒”等。

在景颇族的艺术中，编织具有鲜明的民族特征，编织工具十分简单，但却能编织出300多种绚丽美观的图案。绘画大多与原始宗教相结合，多系单线回纹图案和单线直纹图案。雕刻有简单的圆雕和竹木刻。"
柯尔克孜族	"我国柯尔克孜族共有186708人（2010年），其中78.43%聚居于新疆维吾尔自治区西南部的克孜勒苏柯尔克孜自治州，其余分布于新疆南部的乌什、阿克苏、温宿、拜城、塔什库尔干、疏附、英吉沙、莎车、皮山、和田和新疆北部的昭苏、特克斯、巩留、塔城、额敏、乌鲁木齐等地。此外，在黑龙江省富裕县五家子屯也有数百人聚居，是18世纪从新疆迁去的。

柯尔克孜族主要聚居地克孜勒苏柯尔克孜自治州，面积7.09万平方公里，地处帕米尔高原，境内群山起伏，山地占全州总面积的90%以上，地势由东南向西北呈梯状上升。气候属典型的温带大陆性气候，干旱少雨，光照充足，冬季寒冷，夏季炎热。受地形影响，气温垂直差异较大。自治州地域辽阔，河流纵横，水源丰富，河流年总径流量72.2亿立方米，地下水总储量为9.28亿立方米。矿产资源丰富，主要有煤、铁、铜、石油、石棉、水晶、绿柱石、冰洲石等。其中铅锌储量全国第一，铁矿石储量1.5亿吨，居南疆首位。农区盛产瓜果，尤以阿图什无花果最为闻名。柯尔克孜聚居的地区有许多天然牧场，克孜勒苏阿尔克孜自治州有草场面积5000万亩，可利用草场面积4590万亩，优质草场1330亩，牧草丰茂，水源充足，气候凉爽，宜于放牧。

“柯尔克孜”是民族的自称，也是其他民族对该民族的称呼，国外同源民族被汉译称作“吉尔吉斯”。“柯尔克孜”含义有多种不同的解释。一说是四十的复数，可解释为“四十‘百户’”，也就是四十个部落；一说是“山里的游牧人”，还有“山中的乌古斯人”、“依山傍河之人”、“草原人”的说法；也有说“柯尔克”是四十，“克孜”是“姑娘”，“柯尔克孜”就是四十个姑娘。

【历史沿革】

柯尔克孜族的历史可以追溯到两千年前。《史记•匈奴列传》最早出现了对柯尔克孜族的先民的记载。约公元前3世纪末，匈奴征服的北方诸族中，就有“鬲昆”，《汉书》作“隔昆”，“鬲昆”或“隔昆”即柯尔克孜族的先民，“鬲昆”是当时柯尔克孜的译音。从《史记》的记载看，当时的“鬲昆”居住在匈奴以北，在今蒙古人民共和国以北的吉尔吉斯湖周围，其活动地区为阿辅水（阿巴根河）与剑水（叶尼塞河）之间。

唐代以前，柯尔克孜族主要从事游牧和渔猎。至唐代，柯尔克孜族有了很大发展，人口达数十万，其中胜兵八万。他们虽然仍以牧业为主，但农业生产已有一定程度的发展。他们能用铁制造兵器，使用十二生肖纪年，反映出古代柯尔克孜族社会经济文化在当时北方各民族中，是比较先进的。柯尔克孜语属于阿尔泰语系突厥语族。公元5、6世纪时，受突厥汗国统治，柯尔克孜族使用过古突厥文。柯尔克孜族地处匈奴西部，汉朝时被匈奴冒顿单于征服。此后又先后为鲜卑、柔然等族所统治。

隋唐之际，柯尔克孜族被称为“契骨”，最早受突厥的统治并与突厥有姻亲关系。贞观初，突厥被唐太宗击破，契骨归附于薛延陀。当时契骨分属于三个酋长，尚无统一的政治机构，薛延陀可汗派一俟利发失钵屈阿栈为都督，隶属于燕然都护府。此后数十年中，与北方各族、与唐朝都保持了良好的关系。到唐肃宗乾元（758-760）年间，契骨为回纥打败，臣服于回纥，此后被称为黠戛斯。9世纪20年代，黠戛斯在其首领阿热领导下，逐渐强盛，并发动了反抗回鹘统治的斗争。这场斗争坚持了二十多年，公元840年，阿热乘回鹘汗国统治集团发生内讧及遭受灾荒的时机，在回鹘大将句录莫贺引导下，发十万大兵侵袭回鹘汗国，杀可汗诛掘罗勿，迫使回鹘各部离开故土，南下西迁。以阿热为首的黠戛斯统治集团在原回鹘汗国领土基础上，建立起了强大一时的黠戛斯汗国，建都于牢山（约今叶尼塞河上游萨彦岭）以南赌蒲（约今图瓦）地区。

《辽史》称黠戛斯作辖戛斯。至10世纪时，契丹族兴起，黠戛斯成为契丹政权辽的属国，辽在辖戛斯设“辖戛斯国王府”。1124年耶律大石西逃，经过辖戛斯地区时，肆意劫掠，遭到辖戛斯人的截击和驱逐。

元代称柯尔克孜族为乞儿吉思或吉利吉思。12世纪末，蒙古兴起时期，柯尔克孜族也曾受到蒙古的侵袭。1206年,铁木真称成吉思汗，将包括柯尔克孜在内的百姓分封给自己的弟弟豁儿赤。

元亡之后，柯尔克孜族的近邻西蒙古瓦剌部强盛起来，柯尔克孜族又成为瓦剌的属部。15世纪前期，随着瓦剌首领也先的死亡，瓦剌势力衰弱，逐渐西迁到额尔齐斯河一带。柯尔克孜从此摆脱了瓦剌的统治。

16世纪时，在叶尼塞河一带的柯尔克孜族分成四个部分，被称为四个王国，即图瓦王国、叶泽尔王国、阿勒蒂尔王国和阿勒蒂萨尔王国。阿勒蒂萨尔王是四王之首。16世纪末、17世纪初，准噶尔部逐渐强大，柯尔克孜族大部分成为准噶尔的属部和属地，同时也是准噶尔汗和阿勒坦汗争夺的重要地区之一。此时，沙皇俄国向东侵略扩张的矛头伸到了柯尔克孜地区。柯尔克孜族人民对沙俄的侵略扩张活动进行过激烈的反抗。1703年秋，伤亡巨大的柯尔克孜人听从其厄鲁特宗主的决定，在2500名厄鲁特士兵带领下，举族越萨彦岭，迁到额尔齐斯河东南草原。迁徙过程中，除少数留在萨彦岭与唐努山之间的河谷中以外（今图瓦一带），大部分迁到了西部伊塞克湖地区、费尔干盆地极其附近山区，另一部分迁到了帕米尔高原、兴都库什山和喀喇昆仑山一带及其附近地区，与先期到达此地的同族汇合。

清朝称柯尔克孜族为布鲁特。18世纪初，布鲁特人处于封建农奴制阶段，以游牧畜牧业为主。“爱曼”是社会基层组织，若干“爱曼”为一鄂拓克，其首领称“比”，每一比“或有管领一二十爱曼者，或有管领二三十爱曼者”。为了反对准噶尔的掠夺，布鲁特与哈萨克、维吾尔一起进行了长期的反对准噶尔贵族奴役、掠夺的斗争。这个斗争，实际上与雍正、乾隆时期政府与准噶尔农奴主贵族的斗争东西呼应，起到了互相支持的作用。

18世纪后期浩罕征服了费尔干纳盆地的布鲁特部落，19世纪初又开始逐渐侵占中国布鲁特各部。

19世纪中叶，俄国势力逐步东侵，第二次鸦片战争时，沙俄乘机与清朝签定了《中俄北京条约》，给清政府强加了一条西北边疆地区中俄边界的分界线，把大批柯尔克孜部落划归俄国。1864年又强迫清政府签定了《中俄勘分西北界约记》，大部分柯尔克孜族部落被划入俄国。1884年清政府在新疆设省时，留在清朝版图内的柯尔克孜族人，只剩下当时柯尔克孜人口总数的二十分之一了。

1895年，英、俄瓜分帕米尔后，帕米尔东部色勒库尔（今新疆塔什库尔干县）的柯尔克孜族人民，为阻挡沙俄继续东进，和沙俄进行了长期的斗争。

辛亥革命以后，新疆柯尔克孜族人民经历了杨增新（1911～1928）、金树仁（1928～1933）、盛世才（1933～1944）以及国民党的统治。1916年，中亚地区的哈萨克族、柯尔克孜族因不堪忍受沙俄的专政统治而进行反抗，遭到残酷镇压，大约15万柯尔克孜族难民迁到北疆伊犁、南疆阿克苏、乌什、喀什、伽师等地。

抗日战争爆发后，柯尔克孜族人民积极参加抗日活动。许多青年参加了反帝会，牧民们为抗日前线捐献牲畜和各种物品。

1949年9月25日，柯尔克孜族人民与各族人民一道迎来了新疆和平解放。从此结束了苦难深重的历史。1954年7月14日，克孜勒苏柯尔克孜自治州宣布成立，自治州包括阿图什市、乌恰县、阿合奇县、阿克陶县。如今，克孜勒苏柯尔克孜自治州已经在共和国的史册上写下了五十多年民族自治的历史。

古代柯尔克孜的社会组织基本形式是氏族部落制度，至清代其形式仍然较为完整地保留着，但与原始社会的氏族部落制已经有了本质上的差别。氏族部落内部已有阶级对立，血缘关系已被打破。同一氏族部落的人，其祖先可能分属于另一氏族部落，甚至另一个民族。氏族部落实际上已经变成一套行政体系。

清代，柯尔克孜族部落在汉文文献提到的主要有：萨雅克、萨尔巴噶什、布库、霍索楚、启台、萨娄、额德格纳、蒙科尔多尔、齐里克、巴斯子、冲巴噶什、胡什齐、岳瓦什、提依特、奈曼、希布察克、诺依古特、苏勒图等。上述部落若按游牧地域划分，大体可沿纳林河、费尔干纳山脉为界，分为东西两部；若按各部落间的亲缘关系，这些部落又有“伊什克里克”（内部）、“塞尔特克”（外部）之分，而“伊什克里克”和“塞尔特克”之内又分为左翼和右翼。

“伊什克里克”和“塞尔特克”大体是各大小部落按亲缘关系远近构成的两大部落联合体。部落在多数情况下被称为“鄂托克”，管领一二十或二三十个氏族（爱曼），酋长称“比”。爱曼由若干阿寅勒组成，头人称“阿合拉克齐”。阿寅勒是部落和氏族成员共同居住和劳动的基层单位，一般由5～7户组成，有自己的名称和固定的牧场，成员在农牧业生产和狩猎活动中彼此协助。每个阿寅勒有一个头人（巴什）主持内部的各种生产劳动。户或牧户（帐户）是柯尔克孜社会的细胞。

1884年新疆建省以后，随着中央集权制的加强，各种行政管理机构的设置，柯尔克孜族传统的氏族部落制度发生了显著的变化，开始逐步解体。传统的以父系血缘关系为纽带的社会组织，转化为以地缘关系为基础的社会组织。阿寅勒变成单纯的生产组织。20世纪30年代以后，柯尔克孜地区完全被纳入县、区、乡和村各级行政管理体系之中，阿寅勒成员之间和阿寅勒之间的重大问题不再由头人而转由所在区、乡、村政府处理。新中国成立后，柯尔克孜族的氏族部落组织虽已消失，但由于传统习俗，部落观念和部落头人的影响仍然存在，在牧区表现的较为明显。

柯尔克孜族的先民很早就步入了阶级社会，有考古材料证实部落成员之间已存在贫富分化。在薛延陀汗国统治时期，部落事务由论悉辈、居沙波辈和阿米辈三位酋长分治，薛延陀派一名颉利发监治。唐代，汉文史书称黠戛斯君长为“阿热”（后突厥汗国、回鹘汗国称之为可汗），阿热之下，有宰相、都督、职使（刺史之误）、长史、将军、达干等官职。清代，柯尔克孜族活动地域甚广，但内部并不统一，大小部落分由等级不同的比各君其地。按照习惯法，清初柯尔克孜左右两翼每年都要从各自年长的比中选出一个大“比”来管理公共事务，左翼推举者称玛木特呼里，右翼推举者称喀喇博托。两位大比并不拥有各部落比和大封建主的统治权，仅相当于部落盟长而已。每个部落的实际统治权掌握在被称为“乌鲁克比”的部落酋长手中。清朝统一新疆后，归附的柯尔克孜各部落大小头目被赐以二至七品顶戴，仍管理旧部不变，但他们有进京朝贡的义务。整个柯尔克孜族地区由喀什噶尔参赞大臣专管，而靠近伊犁地区的，每两年由伊犁将军派领队大臣前往巡查一次。新疆建省后，伯克制度被废除，道、府、厅、州、县制成为管理柯尔克孜族地区的政治制度。厅、州、县以下的基层管理，在北疆实行了千、百户长制，在南疆则实行了乡约制度。千、百户长、乡约等仍由部落头人担任，由政府任命，对柯尔克孜族地区的这一管理办法一直沿用至民国时期。

【风俗文化】

柯尔克孜族的传统手工业历史悠久，有木器制作、金属加工、纺织刺绣等。雕刻和刺绣的各种动物、人物、花木、日月星辰，内容丰富，造型美观，形象生动，富有鲜明的民族特色和浓郁的生活气息，反映了柯尔克孜族的超凡智慧与才能。

柯尔克孜族用黄金、白银、红铜镶嵌制造的耳环、戒指等具有独特的民族风格。用铁、铜制造的餐具和生活用具，如茶壶、锅、刀剑、钮扣、铃铛等，工艺精致、结实耐用。在饰物和器皿上多雕刻动物和龙的形象。

柯尔克孜族以善制毡制用品著称，几乎家家都有的帏幔(突西吐克)，是历史悠久的室内装饰品。柯尔克孜族的草编织品种类很多，大都用芨芨草编制而成。这种编织品就地取材，工艺简单，经济实用，既是日常不可缺少的生活用品，又是独有的手工艺品。

柯尔克孜族妇女善于编织和刺绣，主要有壁毯、围帘、头巾、手帕、床上用品等。柯尔克孜族马背上总是驮着一条编制非常考究、小巧精致的“胡尔俊”，是日常生活中不可缺少的“百宝囊”。

柯尔克孜族多戴下沿镶有一道黑布或黑平绒的小帽，冬季则戴用狐狸皮或羊羔皮做的皮帽。男子上着锈有白色花边的圆领衬衫，外穿用羊皮或蓝、黑色棉布作成的“袷袢”，腰束皮带或绣花的布腰带。下身内穿衬裤，外穿蓝、黑色条绒布和其它布做的宽腿长裤。一般冬季多穿毡靴、毡袜。老人在冬季喜欢穿皮裤和自制的轻便船形皮鞋。妇女多穿连衣带折长裙，裙外罩有用丝线绣有各种图案花纹、缀有银扣和铜线、色彩绚丽的金丝绒坎肩，足蹬明光铮亮的皮靴。未婚女子头戴红色金丝绒圆顶小花帽或用水獭、旱獭皮做的顶系珠子、缨穗、羽毛的红色大圆顶帽。年轻已婚妇女，喜扎红色、绿色头巾，穿红、绿、紫色上衣和红裙，多戴装饰品。中老年妇女，则披白色头巾，身穿蓝、黑色上衣和大衣，极少装饰。

柯尔克孜族的饮食，以牛、羊、马、骆驼、牦牛肉和奶制品为主，几乎一日三餐都离不开肉、奶、乳制品。小麦、青稞、蔬菜在他们的饮食中，只是辅助食品。“克么孜”（马奶酒）和“勃左”（孢孜酒），都是柯尔克孜人夏秋季招待客人的上好饮料。

现代柯尔克孜族基本上实现了定居，但仍保留了部分游牧民族的传统特点。居住农村和牧区的住宅稍有区别。农区村落的庭院式住宅，砖木结构的平顶屋较多。牧区的柯尔克孜人喜用白毡盖毡房，称之为“勃孜吾依”，这与他们崇尚白色有关。牧民夏天多住在气候凉爽的高山地带的河流附近，称“夏窝子”；冬季多住在气候温暖的山谷地带，称为“冬窝子”。

在柯尔克孜族的文学遗产中，民间文学占据首要地位。其形式有神话、传说、故事、史诗、叙事诗、寓言、民歌、谚语、谜语、绕口令等，内容丰富，题材多样。

《玛纳斯》是一部规模宏伟、流传甚广的英雄史诗，在国内外享有盛誉。长诗描绘了柯尔克孜族社会的各个方面，是柯尔克孜族语言、历史、宗教、文化、政治、经济、哲学、美学、军事、医学、习俗的百科全书。其主要内容是玛纳斯及其子孙领导柯尔克孜人民反抗外族侵略的斗争，表现了人民争取自由和和平生活的愿望，歌颂了爱国主义、英雄主义精神。

柯尔克孜族的音乐遗产极为丰富。民间的“阿肯”（弹唱艺人）、“额尔奇”（民歌手）、“库姆孜奇”（琴手）等艺人，通过多种演唱形式，丰富了人民的生活。

柯尔克孜族的民族乐曲(库依)和乐器是最珍贵的民族文化遗产之一。在民间流传的乐器有“库姆孜”、“奥孜库姆孜”、“克雅克”、“秋吾尔”、唢呐、“多兀勒”（手鼓）、“巴斯”（铜钹）、“邦达鲁”等。

柯尔克孜族称舞蹈为“比依”，内容多反映牧业、农业、手工业、狩猎等生产和生活情况。其中，反映牧业生产和生活的舞蹈最为常见。柯尔克孜族舞蹈有单人舞、双人舞、集体舞、男女对舞和合舞等多种形式，活泼剽悍、节奏性强，十分贴近生活。

柯尔克孜族的民间体育大多都源于民间游戏，二者很难区分。游戏可分为体育、智力、娱乐三种类型。体育型如“赛马”、“叼羊”、“拔河”、“马上角力”、“兔子蹬腿”、“单腿跑”等；智力型如“九槽旗”、“交叉旗”、“藏髁子”、“飞了飞了”等；娱乐型如“找伴侣”、“蒙眼找伴侣”、“索戒指”等。三种类型往往互相穿插，互相渗透，寓体育于娱乐之中。柯尔克孜族的民间游戏多与历史和生产、生活紧密相连，其中的“赛马”、“叼羊”、“马背角力”等，已被列入国家正式体育运动项目。

柯尔克孜族的家庭，一般是由祖孙三代或三代以下直系亲属组成的家长制家庭。家族包括七代直系和旁系亲属，即上有曾祖父、祖父、父亲，下有子女、孙子、曾孙等。旁系包括曾祖父、祖父和父亲的兄弟姐妹。柯尔克孜族直系和旁系亲属间的伦理等级和世系等第概念、家规和家庭义务，都比较严格。父母对子女有命名、抚养、教育和嫁娶的义务，子女对父母有赡养、送终的义务和继承家产的权利。"
土族	"在祖国的西北，在美丽的青海湖东边、雄伟的祈连山南面，滔滔的湟水和大通河两岸的广大地区，居住着一个纯朴勤劳的民族——土族。土族总人口为289565人(2010年)。主要聚居在青海互助土族自治县。青海的民和、大通两县和甘肃的天祝藏族自治县也比较集中，其余的则散居在青海的乐都、门源、都兰、乌兰、贵德、共和、西宁和甘肃的卓尼、永登、肃南等地。

土族聚居地区地处青藏高原东北部，全境分山区、浅山区和川水区三种地形。除青海的民和三川、同仁，甘肃的积石山、卓尼、肃南等地外，其余大都山水相连。土族聚居的北部山区，森林茂密，草山牧场广阔；南部浅山区，河川交错，气候温暖，遍布良田园林。土族最大的聚居区互助土族自治县，总面积3376平方公里。境内山川相间，地势北高南低，祁连山支脉达坂山气势磅礴，从西北到东南横贯全境。山区土壤多系肥沃的暗栗钙土，适宜农作物生长。

土族地区蕴藏的地下矿藏资源种类较多，现已查明的矿藏主要有赤铁、硫铁、铜、煤、石膏、白云石、方解石、石灰石等二十余种。

各地土族有不同的自称和他称。互助、大通、天祝一带的土族自称“蒙古尔”(蒙古人)、“察罕蒙古”(白蒙古)，民和县的多自称“土昆”(意即土人，吐浑音转)，其他地区的自称“土户家”。附近藏族称土族为“霍尔”(对藏北游牧民族的泛称，藏文史籍曾用以指回鹘或蒙古族；另说即吐谷浑)，汉、回等民族称之“土人”、“土民”。新中国成立后，依据本民族意愿，统一称为土族。

土族语言属阿尔泰语系蒙古语族，基本词汇和蒙古语相同或相近，和保安语则更为接近一些。土族语分为互助、民和、同仁三大方言区，其间有一定差别。同时，土族长期同汉、藏人民友好相处，其语言也受到了汉语、藏语的很大影响，在宗教用语上采用藏语借词较多，在生活用语和新的名词术语中，汉语借词较多。土族没有文字，使用汉字、藏文。新中国成立后，在调查研究的基础上，根据土族人民的意愿，国家在1979年为土族人民创制了以拉丁字母为基础、以汉语拼音字母为字母形式的土语文字。

【历史沿革】

土族有着悠久的历史。由于没有系统的文字记载，民间传说在各部土族中又相互歧异，族源问题至今尚无定论。归纳学术界的说法，大致有蒙古人说、吐谷浑（霍儿人）说、蒙古人与霍儿人融合说、阴山白鞑靼说、沙陀突厥说、多源混合说等。

土族源于蒙古人说。土族自称“蒙古尔”(蒙古人)或“察罕蒙古尔”（白蒙古），反映了土族族源与蒙古族的密切关系。在互助县土族中，广泛流传着祖先来自蒙古人，以及成吉思汗大将格日利特(格热台)率部留驻索卜滩（今互助县境内，意为蒙古滩），不久病死，其部属留驻下来，以后与当地霍尔人通婚，逐渐繁衍而成土族的传说。这种传说在清代藏文文献《佑宁寺志》中有明确记载：13世纪初，“成吉思汗之部将格日利特率领其部属到此，现今的霍尔人约为这些人的后裔。”“格日利特嗣后，化作大力精灵，居住郭隆（佑宁寺之创建者）之山岩上，他对嘉赛活佛（佑宁寺之创建者）显示了自身着‘索呼’（即蒙古）装束之法相，（嘉赛）因指命（格日利特之幽灵）为那里的土神。”1604年，佑宁寺落成时，格日利特被追封为“尼达”（地方保护神），其铜像被供奉在佑宁寺，所以土族长期以来把他当作本民族的祖先来崇拜。

汉文史籍也有成吉思汗所部蒙古军曾来西宁一带的记载。《元史•太祖本纪》有“太祖二十二年(1227年)三月破洮河、西宁二州”的记载。互助县时属西宁州治，距西宁仅四十五公里，这可与传说相印证。此后，从元世祖到明初，史籍均有蒙古部众留驻或迁移到西宁一带的记载，特别是明正德时，安定卫的元宗室卜烟帖木儿所部受到攻击，“部众散亡，仅余者徙居西宁沙棠川威远城东”。沙棠川、威远堡均属今互助土族自治县，威远堡即今县府机关所在地。这说明互助土族来源中确有一部分是从明代安定卫迁来的蒙古人。

土族来源于一部分蒙古人，除了民间传说、史籍记载外，还可以从语言方面得到证明。土族语言属阿尔泰语系蒙古语族，词汇约有一半以上和蒙古语喀喇沁方言相似。不但如此，在《蒙古秘史》、《华夷译语》等著作中记载的许多13、14世纪的古蒙古语词汇，现在还有一部分保留在土语中。

土族源于吐谷浑（霍儿人）说。至于霍儿人，原是藏族对居住在西藏北部以及西藏以北地区（一说黄河以北）游牧民族的泛称。藏文史籍曾用以指回鹘或蒙古，近代则专指土族而言。互助县土族地区的合尔郡、合尔屯、合尔吉、贺尔川等地，据说是因为古代居住着霍尔人而得名。合尔郡，藏语称“合日江”，意为霍尔人居住的地区。据初步研究，土族传说中的霍尔人很可能就是吐谷浑人。663年，吐谷浑为吐蕃所并，一部分人仍留居青海故地。从地域上看，现今土族主要聚居区在湟水沿岸，而这里曾是吐谷浑人的活动地区。现今互助和大通的土族地区有十几个村庄，土语称为“吐浑”，当地汉民则讹称为“土观”或“托红”，均为“吐浑”的音转。这可能是因历史上居住过吐谷浑人而得名。互助佑宁寺名僧、一世土观罗藏拉卜旦生于互助“吐浑”村，以后各世土观不管出生在什么地方，都要认“吐浑”村为根子地方，都以“土观”为号。据《新、旧唐书》、《五代史》记载，吐谷浑后改称作“退浑”或“吐浑”，这些村庄可能因吐谷浑而得名。土族的“土”字，并非土著之意，而是民族称呼。长期以来，汉、回等族称土族为“土人”、“土民”，史书上也称为“土人”，其来源于“吐谷浑”的“吐”字。吐谷浑在唐朝中期以后被称为“退浑”、“吐浑”、“浑”，蒙古语是“人”的意思，因而到元朝时吐浑演变成“土人”了。吐谷浑“妇人以金花为首饰，辫发萦后，缀以珠贝，以多为贵。”过去土族妇女也有类似的头饰，称为“吐浑扭达”(扭达意为头饰)，这种称呼似乎与吐谷浑有关。综上所述，吐谷浑亡国后，东迁的一部分逐渐融合于汉族，降服于吐蕃的后来融合于藏族，留居于凉州、祁连山一带、浩门河流域、河湟地区的一部吐谷浑人，则成为今日土族的先民主体部分。

也有人认为霍儿即“胡儿”一词的同音同语的另一写法，包括匈奴、吐谷浑、契丹、蒙古等，其中尤以匈奴部落中的遫濮，即辽金时期的阻卜和蒙古是主要部分。这就把土族的族源推溯到更早的时期了。

到元末明初，汉文史籍中出现了“土人”、“土民”等记载，这时的土族已具有明显的民族特征。据明、清时期的部分史志记载，明代土族已经形成一个稳定的人们共同体，并已有了本民族的聚居区。清初文献《秦边纪略》中对土族的分布有具体的记载：巴暖三川，“汉土杂居……土人皆李土司所部”；古鄯驿“东皆土人番族”；“巴州堡土人所居”；“下川口亦土人所居”；上川口“精锐土人尚以方计”；老鸦城“汉、土之所杂居”；平戎驿“土番杂居”；“西川口，土司西祁之所居也。东西二祁近辖之土民，各号称十万”；冰沟堡“土人所居”；庄浪卫“土司之人十万”；庄浪卫“土、汉之所杂居”、“庄浪土司驻牧连城，土民蕃衍分布大通河内外”。上述地区包括今天青海省互助、乐都、门源、民和及甘肃天祝等地，这一带正是今天土族的主要分布地区。尽管土族与汉、藏等民族错居杂处，但各地土族均有稳定的小聚居区。

土族有着悠久的历史。由于没有系统的文字记载，民间传说在各部土族中又相互歧异，族源问题至今尚无定论。归纳学术界的说法，大致有蒙古人说、吐谷浑（霍儿人）说、蒙古人与霍儿人融合说、阴山白鞑靼说、沙陀突厥说、多源混合说等。

土族源于蒙古人说。土族自称“蒙古尔”(蒙古人)或“察罕蒙古尔”（白蒙古），反映了土族族源与蒙古族的密切关系。在互助县土族中，广泛流传着祖先来自蒙古人，以及成吉思汗大将格日利特(格热台)率部留驻索卜滩（今互助县境内，意为蒙古滩），不久病死，其部属留驻下来，以后与当地霍尔人通婚，逐渐繁衍而成土族的传说。这种传说在清代藏文文献《佑宁寺志》中有明确记载：13世纪初，“成吉思汗之部将格日利特率领其部属到此，现今的霍尔人约为这些人的后裔。”“格日利特嗣后，化作大力精灵，居住郭隆（佑宁寺之创建者）之山岩上，他对嘉赛活佛（佑宁寺之创建者）显示了自身着‘索呼’（即蒙古）装束之法相，（嘉赛）因指命（格日利特之幽灵）为那里的土神。”1604年，佑宁寺落成时，格日利特被追封为“尼达”（地方保护神），其铜像被供奉在佑宁寺，所以土族长期以来把他当作本民族的祖先来崇拜。

汉文史籍也有成吉思汗所部蒙古军曾来西宁一带的记载。《元史•太祖本纪》有“太祖二十二年(1227年)三月破洮河、西宁二州”的记载。互助县时属西宁州治，距西宁仅四十五公里，这可与传说相印证。此后，从元世祖到明初，史籍均有蒙古部众留驻或迁移到西宁一带的记载，特别是明正德时，安定卫的元宗室卜烟帖木儿所部受到攻击，“部众散亡，仅余者徙居西宁沙棠川威远城东”。沙棠川、威远堡均属今互助土族自治县，威远堡即今县府机关所在地。这说明互助土族来源中确有一部分是从明代安定卫迁来的蒙古人。

土族来源于一部分蒙古人，除了民间传说、史籍记载外，还可以从语言方面得到证明。土族语言属阿尔泰语系蒙古语族，词汇约有一半以上和蒙古语喀喇沁方言相似。不但如此，在《蒙古秘史》、《华夷译语》等著作中记载的许多13、14世纪的古蒙古语词汇，现在还有一部分保留在土语中。

土族源于吐谷浑（霍儿人）说。至于霍儿人，原是藏族对居住在西藏北部以及西藏以北地区（一说黄河以北）游牧民族的泛称。藏文史籍曾用以指回鹘或蒙古，近代则专指土族而言。互助县土族地区的合尔郡、合尔屯、合尔吉、贺尔川等地，据说是因为古代居住着霍尔人而得名。合尔郡，藏语称“合日江”，意为霍尔人居住的地区。据初步研究，土族传说中的霍尔人很可能就是吐谷浑人。663年，吐谷浑为吐蕃所并，一部分人仍留居青海故地。从地域上看，现今土族主要聚居区在湟水沿岸，而这里曾是吐谷浑人的活动地区。现今互助和大通的土族地区有十几个村庄，土语称为“吐浑”，当地汉民则讹称为“土观”或“托红”，均为“吐浑”的音转。这可能是因历史上居住过吐谷浑人而得名。互助佑宁寺名僧、一世土观罗藏拉卜旦生于互助“吐浑”村，以后各世土观不管出生在什么地方，都要认“吐浑”村为根子地方，都以“土观”为号。据《新、旧唐书》、《五代史》记载，吐谷浑后改称作“退浑”或“吐浑”，这些村庄可能因吐谷浑而得名。土族的“土”字，并非土著之意，而是民族称呼。长期以来，汉、回等族称土族为“土人”、“土民”，史书上也称为“土人”，其来源于“吐谷浑”的“吐”字。吐谷浑在唐朝中期以后被称为“退浑”、“吐浑”、“浑”，蒙古语是“人”的意思，因而到元朝时吐浑演变成“土人”了。吐谷浑“妇人以金花为首饰，辫发萦后，缀以珠贝，以多为贵。”过去土族妇女也有类似的头饰，称为“吐浑扭达”(扭达意为头饰)，这种称呼似乎与吐谷浑有关。综上所述，吐谷浑亡国后，东迁的一部分逐渐融合于汉族，降服于吐蕃的后来融合于藏族，留居于凉州、祁连山一带、浩门河流域、河湟地区的一部吐谷浑人，则成为今日土族的先民主体部分。

也有人认为霍儿即“胡儿”一词的同音同语的另一写法，包括匈奴、吐谷浑、契丹、蒙古等，其中尤以匈奴部落中的遫濮，即辽金时期的阻卜和蒙古是主要部分。这就把土族的族源推溯到更早的时期了。

到元末明初，汉文史籍中出现了“土人”、“土民”等记载，这时的土族已具有明显的民族特征。据明、清时期的部分史志记载，明代土族已经形成一个稳定的人们共同体，并已有了本民族的聚居区。清初文献《秦边纪略》中对土族的分布有具体的记载：巴暖三川，“汉土杂居……土人皆李土司所部”；古鄯驿“东皆土人番族”；“巴州堡土人所居”；“下川口亦土人所居”；上川口“精锐土人尚以方计”；老鸦城“汉、土之所杂居”；平戎驿“土番杂居”；“西川口，土司西祁之所居也。东西二祁近辖之土民，各号称十万”；冰沟堡“土人所居”；庄浪卫“土司之人十万”；庄浪卫“土、汉之所杂居”、“庄浪土司驻牧连城，土民蕃衍分布大通河内外”。上述地区包括今天青海省互助、乐都、门源、民和及甘肃天祝等地，这一带正是今天土族的主要分布地区。尽管土族与汉、藏等民族错居杂处，但各地土族均有稳定的小聚居区。

【风俗文化】

土族具有独特的民族风情和风俗习惯。由于长期与汉、藏等民族错居杂处，在习俗方面也不同程度地受到其他民族的影响。

土族的饮食习惯，有一个变化的历史过程。元代以前，土族主要从事畜牧业，食物结构相对单一，以肉类、乳品为主，还食用青稞炒面。元明以后，土族逐渐转向农业经济，饮食则以青稞、小麦、薯类为主。一般土族家庭日常主食以青稞为主，小麦次之。土族的蔬菜较少，主要有萝卜、白菜、葱、蒜、莴笋等10余种。他们平日多吃酸菜，辅以肉食，爱饮奶茶，吃酥油炒面。每逢喜庆节日，土族人民必做各种花样的油炸食品和手抓大肉（猪肉）、手抓羊肉。土族人民十分注重饮食卫生，用饭时每人都有固定的碗筷。土族喜欢饮酒，酒在土族的饮食中占有很重要的地位，并形成特有的酒文化。历史上，土族人家几乎都能酿造“酩酼”，即一种低度青稞酒。现在，酿酒已经成为土族地区重要的产业之一。

土族人民有重礼仪的传统，他们忠实守信，尤其尊敬长者，如路遇相识的老人，要下马问候。他们淳朴好客，民间有“客来了，福来了”的说法。有客人来访，他们首先请客人在铺有大红羊毛毡的炕上坐定，然后敬一杯加青盐的浓茯茶，再端上西瓜般大小的“孔锅馍”。招待贵客时，桌上摆一个“西买日”（即插着酥油花的炒面盒），端上木盘大的肥肉块，上插一把五寸刀子，酒壶上系一撮白羊毛，以表示吉祥如意，土族认为这是对贵宾最尊敬的招待。喝酒时，主人先向客人敬酒三杯，叫做“上马三杯酒”。不能喝酒的人，用中指蘸三滴，对空弹三下即可免喝。饮酒时，土族有边饮边歌的习惯，以畅饮酣醉为快。土族人招待客人用我国西北盛行的盖碗茶。他们把茶碗放在一个小碟中，在碗内放入茶叶、枸杞、红枣、桂元、冰糖，用开水冲开后盖上碗盖。这样冲泡出的茶水，香甜可口，营养丰富。

土族的传统服饰，色彩鲜艳，式样别致，具有浓郁的民族特色。传统的男子服装，头戴织锦镶边的毡帽，内穿绣花高领斜襟白短褂，胸前镶一块彩色刺绣图案，外套黑、蓝或紫色坎肩，或穿镶着宽边的长袍，腰系绣花带，脚穿白布袜和云纹绣花布鞋。此外，土族男子还习惯在领口、襟边、袖口和下摆上镶四寸宽的红或黑色的边饰。妇女的衣服更加艳丽，她们头上戴着彩色的圆形织锦绒毡帽，耳朵上戴着长长的银饰，身穿小领斜襟长袍，在长袍的外面套着紫红色的坎肩，腰上系着又宽又长的彩色腰带，彩带两头都有精美的刺绣，上面挂着镶有彩色图案的荷包、针扎、铜铃等装饰品，下穿裙子和长裤，足蹬彩云绣花长筒鞋。她们服饰中最有特色的是七彩花袖，花袖是由红、黄、绿、青、紫五色彩布拼制而成。她们自豪地说，那是按照天上的彩虹的颜色调配，穿在身上格外醒目。和年轻人比较起来，老年妇女的装束要简朴的多，她们不穿五彩花袖衫，也不系绣花彩带。

传统土族妇女的头饰很复杂，戴各种“扭达”（“扭达”即头饰）。由于不同地方的妇女佩戴的头饰不同，所以扭达有八九种之多，包括吐浑扭达、适格扭达、加斯扭达、雪古郎扭达、加木扭达、索布斗扭达等。这些扭达中，据说吐谷浑扭达最古老、最高贵。据传古代土族妇女能征善战、驰骋疆场，她们勇敢顽强，身披战袍，十分俊美。后来土族逐渐定居放牧，以至过渡到以农为主兼营畜牧业，土族妇女便将战袍、头盔，甚至兵器的形象装于头饰上，因此这些扭达异常华丽，好像古代宫女的头饰。妇女在转到操持家务和农业生产后，繁重的农业生产和家务劳动不再适宜身着古装，再加上1938年以后，青海军阀马步芳强行改变土族服饰，从此这些式样繁多的扭达不再流行，现已在民间绝迹。此后，土族妇女常把头发梳成两根长辫子，垂在背后，末梢相联，头戴饰有丝锦的毡帽或礼帽。

土族建筑特点突出，别具一格。在农村，土族一般以村落的形式聚居，习惯将房屋依山傍水而建。房屋的围墙较高，墙内两面或三面建有房间，多以三间为一组，少数富裕人家则建有四合院。房屋为土木结构，屋顶平展光滑，上面可储放粮草。北面与院门相对的是正房，东西有厢房，四角有角房。正房一排三间，用木板做隔断，中间是堂屋，正面摆一个大红油漆木柜，上面供着神牌，放着祭品；左侧是卧室，火炕上放着火盆和炕桌，卧室的炕是暖炕，连着锅灶，烧饭的火可以暖炕，一般都住着家中的老人；右侧是储藏室或佛堂；东西厢房是孩子们的住室，角房用来作厨房、仓库、厕所、畜圈等。住宅的栋梁和门窗上，大多雕刻或描绘着象征牛羊健壮、五谷丰登的彩色花纹图案，鲜艳美观。各家都有庭院，在土语中被称为“日麻”（即庄廓），院内有牲畜圈棚，院外有厕所、菜园和打谷场。

土族的婚姻，一般分提亲、定亲、送礼、婚礼仪式、谢宴等程序。仪式隆重热烈，自始至终都在载歌载舞中进行。无论是自由恋爱，还是父母决定，都得由男方父母请媒人，向女家求婚。女方家同意后，请来本家各户家长，并邀请男方家的父亲或叔父，同媒人一起来商量定婚。婚嫁多在每年正月举行。大约在一个月前，先由男方举行择吉日仪式。土族称婚宴为“霍仁”，择吉日称“砣让霍仁”，即首宴。娶亲的前一天，是女方家的嫁女宴，土族称“麻择”。这时姑娘要哭嫁，哭嫁词委婉动人，感谢山神、土主和娘家的养育之恩。傍晚，男方派两位能歌善舞、擅长辞令的“纳什金”（迎亲人），带上一只活羊、三瓶洒、三付馍和新娘上马时穿戴的衣服前往女方家。女方的女伴在女方家关上大门，在里面唱《唐德格玛》歌，纳什金则必须以歌作答，才让进门。当纳什金跨进门槛，她们又从门顶上向下泼水，嬉笑戏谑，祈求吉祥如意。纳什金上炕喝茶、用饭时，阿姑们开始以唱代骂，唱《纳什金斯果》歌，百般奚落迎亲人，诙谐风趣。阿姑们唱完后，纳什金也要唱歌跳舞，直到鸡叫头遍。这一夜，女方家里不能睡觉。土族姑娘出嫁方式有两种，一种叫“小出小进”，一种叫“大出大进”。所谓“小出小进”，即新娘到婆家后才改变发式。这种方式比较复杂、庄重。所谓“大出大进”即在娘家改发式，到婆家后立即拜天地，这种方式比较简便、省事。新娘进婆家大门时，有两个年轻妇女在前面拉着红毡或白毡，新郎新娘跟着毡，男左女右，抱着用红布制作的布娃娃，并肩缓缓迈入庭院。“小出小进”的新娘则到伙房灶神爷前，由事先选定的妇女动手为她梳头改发式，穿新婚服装，举行开口仪式。然后拜天地，由媒人或“红仁切”（送亲队）中的一位长者主持诵祝词：“鲜花般的阿姑，走过金子的楼门，来到金子镶成的庭院，向上天下地、千神万佛叩头！”新郎新娘要连续拜四次，进入洞房。接着谢媒人，土族称“瓦日哇西买拉”。中午时分，娘家送亲人在婆家院里摆嫁妆，给新郎穿戴衣帽等。

过去，土族人民的婚姻中有一些陋习，如“戴天头”习俗，即土族女孩到了15岁未定婚者，要接受成年礼“戴天头”，由父母做主，在除夕那天与天结为夫妻，将女孩的发式改为成年女子的发式并饰以各种头饰，从此该女子可享受自由选择对象、长居母家、继承家庭财产等母系社会特有的权利，生下子女归母家，不受社会歧视。又如，过去的土族地区大多实行买卖包办婚姻，青年男女受“父母之命，媒妁之言”的约束，婚姻不自由，而且聘礼较重，穷人娶妻十分困难。有的女方不收聘礼，但要男子为女家劳动几年以后才能结婚，或者招女婿入赘，或者两家互相娶嫁，称为“换门亲”。新中国成立后，在党的领导下，土族人民自动起来废除了传统婚姻中一系列陋习，树立了以自由恋爱、一夫一妻为基础的健康婚姻观。

火葬是土族传统习俗，除对夭折的小孩实行天葬，民和县土族多行土葬外，一般都行火葬。土族人家死了人，一般在三至七天内送葬，举行丧礼要请喇嘛念经三天，请本村的老人念嘛尼。丧礼最后一天，亲朋来亡人灵前吊唁、献哈达、献馒头。火葬那天，送灵轿至火化现场，将死者面向西方，放入火炉内，用柏树枝点燃火，并砸碎灵轿，投入炉内同时焚烧。一般在火化的第三天，将骨灰装进一尺多长的木匣或瓷罐内，暂时埋在临时选定的地方，待来年清明节，再埋于祖坟墓地。非正常死亡者不能埋于祖坟地。亡人被葬后，子孙服丧，一般为四十九天。土族没有特制的孝服，服丧期不穿戴有色彩的衣帽，三年不贴春联，当年不走亲访友。

土族人民的重要节日，有农历正月十四日佑宁寺官经会、二月二威远镇擂台会、三月三和四月八庙会、六月十一丹麻戏会、六月十三和二十九松番寺和吐浑村的“少年”会、七月二十三至九月民和三川地区的“纳顿”(庆丰收会)等等，其中擂台会、丹麻戏会和“纳顿”最具民族特色。届时，除举行赛马、摔跤、武术和唱“花儿”等传统娱乐活动外，还举行物资交流会。一年一度的“纳顿”是民和县土族人民喜庆丰收的节日，因为纳顿的狂欢起自农历七月，故也称为“七月会”。“纳顿”是以各个村社为主体的群体活动，从夏末麦场结束时，一直持续到秋天，历时近2个月，所以有人称之为“世界上最长的狂欢节”。“纳顿”可由一村单独举行，亦可由两村联合举行，一村充当“主人”，而另一村为客人。当两村男性村民排成长列，扛着各色彩旗，敲锣打鼓地来到麦场时，“纳顿”的序幕就被拉开了。首先开始的是会手舞，这是由四五十人参加的大型舞蹈，会手们按老幼顺序排列。舞在最前面的是身着长衫，手执扇子的老人，他们往往是纳顿的组织者和纳顿舞蹈的传人。手持各色彩旗的年轻人和拿着柳条的孩子们依次跟在后面，队伍显得欢腾而壮观。在舞蹈的同时，主方不停地用大海碗给会手们敬酒，以此助兴，喜庆和欢乐的高潮一浪高过一浪。此外，土族传统的节日春节、端午节和汉族大同小异。但是互助地区的部分土族忌讳过中秋节，中秋之夜往往向月亮打一把灰。

土族人禁忌众多，主要有以下表现：忌讳吃圆蹄牲畜(马、骡、驴)肉；忌讳在畜圈内大小便；忌讳让去过暗房（月房）的人以及孝子（服丧的人）和妇女进入土族的寺庙大殿或家庭佛堂内；忌讳妇女不戴帽子、不穿长衫在长辈面前来往；忌讳未在院外打招呼、未经允许就随意进入土族人家的院内；忌讳用有裂缝的碗给客人倒茶；忌讳问客人“吃饭没有”或“吃不吃饭”等话；忌讳客人数他们的羊只；忌讳走远路或办婚事时，早晨出门碰上空桶、空背斗及不干净的东西；忌讳在佛堂、大殿内吸烟、吐痰、乱翻乱摸和大声喧哗；忌讳从僧侣的跪垫和其他物品上跨过；忌讳对酥油灯打喷嚏和咳嗽；忌讳在佛堂里转经轮时从右向左转，而是严格遵循从左往右转；忌讳在寺院附近打猎和随地大小便等等。此外，土族有忌门的习惯，如生了孩子、安了新大门、发现传染病等，别人不得进入庭院，就称为忌门。忌门的标志是：在大门旁边贴一方红纸，插上柏树枝或在大门旁煨一堆火。

土族的民间文学，是以口头相传的形式一代一代流传下来的。新中国成立后，在党和政府的关怀下，文艺工作者搜集、整理了部分土族口头文学。这些作品大多生动地反映了现实生活，热情地歌颂了劳动人民的勤劳、智慧以及与恶势力搏斗的勇敢精神。根据目前掌握的资料，土族民间文学按其内容和体裁，可分为“花儿”、叙事诗、家曲、传说故事、寓言、歌谣等。

“花儿”既称山歌，也称“少年”，土语称“外面唱的歌”（不能在家里唱）。“花儿”曲调高亢嘹亮、节奏自由奔放，是甘、宁、青各族人民共同创造和发展的民间文学瑰宝。土族的“花儿”又有它自己的特点，既不与汉族“花儿”雷同，又与藏族“拉依”有别。土族“花儿”的主要内容是描写青年男女间的爱情生活，所以“花儿”又有爱情的媒介和桥梁之称。“花儿”一般四句式较多，前两句比兴，后两句表达实意。也有三句式的“花儿”，主要流行在民和县官亭、中川一带。唱“花儿”是土族人民文化生活的主要形式之一，不论在田野或山冈、庙会，男女老少几乎人人爱唱，人人会唱。在各地定期举行的传统“花儿”会上，土族的民歌手常常对唱不绝，演唱者大都能触景生情、即兴编词、出口成章、对答如流。因此，土族之乡素称“花儿之乡”。

叙事诗，在土族民间文学中占有极其重要的地位，代表作品有《拉仁布与吉门索》、《登登玛秀》、《祁家延西》、《太平哥儿》、《格萨里》、《洛桑王子》、《不柔有》等，其中《拉仁布与吉门索》流传最为广泛，是土族人民最主要的一首叙事长诗，人们称之为叙事长诗中的明珠。全诗长达300多行，通过对一个爱情悲剧故事的生动细腻描写，向黑暗的封建社会提出了有力的控诉，是一部现实主义和浪漫主义相结合的典型作品。它不仅显示了土族人民丰富的想象力，而且表达了他们对自由美好的新生活无限向往的顽强意志。

家曲，也叫宴席曲，大都一问一答，短小精悍，有赞歌、问答歌、婚礼歌等。赞歌是土族人民在款待贵宾时，宾主之间相互赞颂的歌，它运用比喻、夸张、象征、渲染等手法，互相称颂。赞歌的曲调很多，旋律柔和优美、悦耳动听，流行于互助地区的有“兴阿浪列”、“拉拉应格列”等十多种。问答歌也叫对歌，其内容极为丰富，包括天文、地理、气象、生产、宗教、风土人情、生活习俗等，歌词含蓄生动，曲调悠扬多变，主要有《唐德格玛》、《合尼》、《恰然》、《辛木斯里》、《选择》等曲目。婚礼歌是土族人民在举行婚礼时唱的歌，其歌词和曲调是特定的，随着婚礼进程的不同而各异。

传说故事，它的主要内容分为以下几种：有揭露地主对农民残酷压迫的，如《气杀狗地主》、《红水沟》；有反映土族人民以自己的勇敢和智慧同残害人民的邪恶势力做斗争的，如《黑马张三哥》、《莽古斯》、《花牛犊》等；也有表现青年男女追求自由幸福生活的，如《山雀叫了的时候》、《孔雀》、《青蛙女婿》等。

寓言和童话，富有哲理性，影射了当时的社会现实，无情地鞭笞了封建地主和土司狼狈为奸、鱼肉百姓的罪行，广为流传的主要有《想吃太阳的鸠》、《兔子、狼和卖糖人》、《红毛狐狸和黄眼狼》、《凤凰和麻雀》、《兔儿和羊羔》、《懒人必受穷》、《饥寒哥》等。

土族的歌谣风趣别致、脍炙人口，流传较广的有《羊粪蛋般身材的蜜蜂哥》、《蒋家阿姑》等。谚语是土族人民在长期的社会实践中积累起来的经验总结，成为人们力行的格言。

土族的音乐、舞蹈、刺绣、建筑和雕刻等艺术，也具有鲜明的民族风格和浓郁的地方特点。

土族的音乐主要是民间歌曲，分为山歌“花儿”和家曲两大类。土族“花儿”的调令很多，如“尕连手令”、“好花儿令”、“杨柳姐令”等，流行在互助土族地区的就有10多种。土族“花儿”在旋律进程上起伏较大，音域宽广，节奏上大都是三拍子，一个明显的特点是结尾音拖长而下滑，给人以深沉之感。

土族家曲的范围较广，有叙事长诗曲、赞歌、问答歌、圆舞曲、婚礼曲等。每首叙事长诗都有自己特有的曲调，一般是上下两个乐句，曲调优美，屡听不烦；赞歌的曲调柔和优美，悠扬奔放；问答歌的曲调干脆、明快，句末大都有休止音；圆舞曲是跳安昭舞时唱的曲子，比其他曲子欢快，节奏明显。

土族舞蹈主要是安昭舞和婚礼舞。安昭舞是一种歌舞相结合的形式，舞时人们排成一圆圈，一般由一人带领（通常为老年男子），一唱众和，歌声悠扬，舞步轻盈。每到逢年过节，或喜庆婚礼时，土族男女喜欢聚集到庭院里或打麦场上跳安昭舞。婚礼舞是举行婚礼时的舞蹈，一般以两个身着白褐长衫的纳什金为主演，其他人伴唱，动作各地不一。

土族妇女的传统手工艺为刺绣、盘线。土族人民的刺绣艺术明显地表现在对服饰的精心装饰上，土族妇女喜欢在衣服领子、袖头和下边绣上各种花纹，形成一种美丽的图案。互助丹麻一带的土族男青年胸前大都有块四寸方连续图案，叫“富贵不断头”，不仅富有民族风格，而且非常鲜艳华丽；在鞋上绣的云字花纹，细致匀称、色彩鲜明。土族妇女从小就要学习刺绣，掌握各种针线技艺，并且要用几年的时间为自己准备一套嫁妆，包括精美的服装、绣花枕头、绣花烟包等，同时还要为婆家的老人准备绣花枕头，为家中其他女人准备绣花的长腰鞋等许多女工作品。每当土族人的传统节日或庙会来到，土族姑娘们都要精心地打扮一番，带上自己制作的各种绣品，聚在一起互相评议，看谁的手艺高超。土族的刺绣独具一格，不论绣什么图案，都用“盘线”绣成。“盘线”是土族特有的针法，同时运用两根针线，做工精致、复杂、匀称，绣出的图案美观大方，朴素耐久。

土族具有建筑和雕刻的传统艺术，土族地区古老的建筑物，如佑宁寺、互助县城的钟鼓楼、五峰寺等，都是土、藏、汉族人民智慧的结晶。历史上的佑宁寺是由许多殿宇、经堂、僧舍组成的完整建筑群，吸收了藏、汉建筑的特点和甘肃“河州砖雕”的艺术成就，其精工细作的木刻，陈列的泥塑佛像，充分显示了土族人民的建筑和雕刻艺术水平。土族群众还在住宅的墙壁上、寺院的栋梁和门窗上都绘画或雕刻着象征牛羊健壮、五谷丰登的图案。"
达斡尔族	"我国达斡尔族共有131992人（2010年）。“哈拉”是达斡尔族的氏族组织，它是以父系血缘关系为纽带而结成的社会集团。每一个“哈拉”都有自己的聚居地，例如，“郭博勒哈拉”居住于精奇里江下游支流布丹河流域，“敖拉哈拉”聚居在精奇里江中游支流提拉登河流域等。属于同一“哈拉”的人，均具有血缘关系，因而严格禁止通婚。各“哈拉”均有民主选举的“哈拉达”（氏族首领），管理氏族内部事务。清朝末年，达斡尔人以“哈拉”为单位进行集体狩猎活动，这是氏族组织共同生产、平均分配习俗的残存。

随着生产的发展和人口的增加，“哈拉”的规模日趋广大，于是，一个“哈拉”又分为若干个“莫昆”。“莫昆”是达斡尔族的父系家族组织。每一个“莫昆”都有自己独自的名称，如“乌力斯莫昆”、“郭博勒莫昆”、“毕日扬莫昆”等。同一“莫昆”的人居住在同一个村落或相邻的地方，在生产和生活方面有互相帮助的义务，也有收养孤儿、赡养孤寡老人的义务。所有“莫昆”内的成年男子都有权参加“莫昆”会议，它是家族的最高权力机构，负责选举或撤换“莫昆达”（家族长）、商讨家族内部生产和生活上的大事，处罚违反习惯法的家族成员等。

无论是“哈拉达”还是“莫昆达”，都是在为族人尽义务，没有任何报酬，也不脱离劳动。元明清时期，中原王朝在达斡尔族居住的地区先后建立起自己的统治机构，“哈拉达”和“莫昆达”被任命为基层政权的行政首领，“哈拉”和“莫昆”除继续履行其血缘组织的功能外，还担负起基层行政组织的职能。

1640年8月，清朝政府将在征服索伦部战争中俘获的壮丁、妇女幼小共5673人均隶入八旗，编为牛录。此后，清朝为加强对达斡尔等族的管理，陆续将归附内迁的达斡尔人编为牛录。布特哈的达斡尔人编为都博浅、莫日登、讷莫尔3个扎兰（清朝八旗军事单位，连或队之义），将鄂温克族编为5个阿巴（猎区），隶属于齐齐哈尔总管衙门管辖。扎兰是在原先设立的牛录基础之上而形成的一种具有地方管理和军事职能双重特点的统治机构，它既仿效了满洲八旗的甲喇、参领之制，又充分利用了达斡尔族社会原有的哈拉、莫昆制度，为日后布特哈八旗的组建奠定了基础。1732年，清政府在达斡尔族3个扎兰和鄂温克族5个阿巴的基础上正式组建了布特哈八旗。其中，达斡尔人聚居的都博浅扎兰被编为镶黄旗，莫日登扎兰被编为正黄旗，讷莫尔扎兰被编为正白旗。此外，在瑷珲、墨尔根、齐齐哈尔、呼伦贝尔、呼兰等城驻防八旗官兵中，均有一定数量的达斡尔人。特别是在齐齐哈尔、墨尔根、瑷珲三座军事重镇的官兵中，“达呼里居数之半”。

清代，达斡尔族八旗官兵的职责主要有三项：一是服兵役，凡年满15岁、身高5尺的男子，均为壮丁，开始服兵役、承担徭役和纳贡等义务；二是巡逻边境，清政府在中俄边界线上设立了固定的斡包（土堆），每年或每三年派官兵定期巡逻；三是驻防卡伦（哨所），为了巩固边防，清政府于雍正年间在边界地带设置了各种卡伦，派八旗兵轮换驻守。

八旗制度的建立，对于达斡尔族的发展有着深刻的影响。从1684年被编为“扎兰”时起，规定达斡尔族十五岁以上的男子每五年测量身高一次，体高够五尺的即需负担各种公差徭役，岁缴貂皮一张。每年农历五月由黑龙江将军、布特哈副都统率领大小官员聚集在齐齐哈尔附近，举行“楚勒罕”（集市），挑选征收的貂皮。一年一度的选貂制度成为达斡尔族人民极为沉重的负担。八旗制度的建立，加速了达斡尔族社会封建化的过程。

在清朝统治的二百多年间，对布特哈八旗进行了频繁的征调。据不完全统计，前后共达60多次，有的远戍新疆，镇守边卡。清朝所采取的措施，一方面使达斡尔族人口增长受到一定影响，另一方面，又在客观上促进了达斡尔族的生产发展和物资交流，密切了达斡尔族和汉、满等各族人民的联系。

新中国成立前，在农区和牧区，耕地、牲畜等主要生产资料的占有极不平衡，封建剥削十分严重。特别是近代日本帝国主义的政治压迫和经济掠夺，更使达斡尔族人民的生活十分悲惨。日本帝国主义一方面挑拨民族关系，制造民族歧视，强迫移民，迫使达斡尔族人民离开家园，迁居伪兴安东省；另一方面任意霸占民田，抽“国兵”拉“劳工”，用低价强征粮食、皮张和木材，残酷地掠夺达斡尔族人民。日本侵略者还推行毒化政策，到处设立鸦片零卖所，摧残达斡尔族人民的身心健康。

【历史沿革】

从语言、风俗习惯、民间传说等方面看，达斡尔族可能是契丹人的后裔。辽朝灭亡以后，达斡尔族的先民迁徙到黑龙江以北。17世纪中叶，达斡尔族的先民分布在外兴安岭以南精奇里江流域河谷与东起牛满江，西至石勒喀河的黑龙江北岸河谷地带。因沙俄殖民者入侵和清政府对该民族统治的加强而南迁至嫩江流域，于是，大兴安岭和嫩江流域就成了达斡尔人的故乡。后来，由于清政府征调达斡尔族青壮年驻防东北地区及西北边境城镇，有一部分达斡尔人徙居呼伦贝尔、瑷珲及新疆塔城。

在长期的历史发展过程中，达斡尔族人民为反抗沙俄入侵、巩固和开发东北边疆作出了不可磨灭的重大贡献。1643年，沙俄瓦西里•波雅科夫一伙哥萨克匪徒，第一次入侵我国黑龙江流域。他们最先闯入我国精奇里江达斡尔族居住区，遭到达斡尔族居民的坚决回击，迫使哥萨克匪徒狼狈逃窜。这是我国黑龙江以北地区居民第一次英勇的武装抗俄斗争。

1651年，哈巴罗夫又率领沙俄侵略军再次入侵黑龙江。当到达桂古达尔达斡尔族联防城时，威胁居民向沙皇缴纳“毛皮贡赋”，达斡尔族首领桂古达尔义正词严地回答：“我们向中国顺治皇帝进贡，哪有给你们的贡品？要我们交贡，除非我们战斗到最后一个人。”在用大炮、火枪武装到牙齿的匪徒进攻面前，达斡尔族人民手持大刀、长矛和弓箭进行了顽强的抵抗。达斡尔族战士在桂古达尔领导的守城战中，宁死不屈，661人英勇牺牲了，他们的英雄气概和不朽业绩永远活在我国各族人民心中。

1684年的雅克萨之役，达斡尔族人民也积极投入了反抗沙俄侵略的正义战争。

鸦片战争以后，在帝国主义和封建主义的双重压迫下，达斡尔族人民的苦难更加深重，反抗斗争也更加坚决。1914年至1916年，齐齐哈尔的达斡尔族人民反对反动军阀强行放荒招垦、霸占土地，在少郎和岱夫领导下，打豪强、抗官军，掀起了轰轰烈烈的反压迫斗争。1931年日本帝国主义入侵东北以后，达斡尔族人民从不屈服，积极支持和参加抗日联军。许多达斡尔族群众为抗联送粮、带路、掩护伤员，多次协助抗联队伍抢渡嫩江、英勇牺牲的达斡尔族船夫巴哈布的英雄事迹，在人民中传颂至今。新疆塔城地区的达斡尔族人民，也积极参加了1944年反对国民党统治的三区革命，英勇作战，为新疆的和平解放作出了自己的贡献。

“哈拉”是达斡尔族的氏族组织，它是以父系血缘关系为纽带而结成的社会集团。每一个“哈拉”都有自己的聚居地，例如，“郭博勒哈拉”居住于精奇里江下游支流布丹河流域，“敖拉哈拉”聚居在精奇里江中游支流提拉登河流域等。属于同一“哈拉”的人，均具有血缘关系，因而严格禁止通婚。各“哈拉”均有民主选举的“哈拉达”（氏族首领），管理氏族内部事务。清朝末年，达斡尔人以“哈拉”为单位进行集体狩猎活动，这是氏族组织共同生产、平均分配习俗的残存。

随着生产的发展和人口的增加，“哈拉”的规模日趋广大，于是，一个“哈拉”又分为若干个“莫昆”。“莫昆”是达斡尔族的父系家族组织。每一个“莫昆”都有自己独自的名称，如“乌力斯莫昆”、“郭博勒莫昆”、“毕日扬莫昆”等。同一“莫昆”的人居住在同一个村落或相邻的地方，在生产和生活方面有互相帮助的义务，也有收养孤儿、赡养孤寡老人的义务。所有“莫昆”内的成年男子都有权参加“莫昆”会议，它是家族的最高权力机构，负责选举或撤换“莫昆达”（家族长）、商讨家族内部生产和生活上的大事，处罚违反习惯法的家族成员等。

无论是“哈拉达”还是“莫昆达”，都是在为族人尽义务，没有任何报酬，也不脱离劳动。元明清时期，中原王朝在达斡尔族居住的地区先后建立起自己的统治机构，“哈拉达”和“莫昆达”被任命为基层政权的行政首领，“哈拉”和“莫昆”除继续履行其血缘组织的功能外，还担负起基层行政组织的职能。

1640年8月，清朝政府将在征服索伦部战争中俘获的壮丁、妇女幼小共5673人均隶入八旗，编为牛录。此后，清朝为加强对达斡尔等族的管理，陆续将归附内迁的达斡尔人编为牛录。布特哈的达斡尔人编为都博浅、莫日登、讷莫尔3个扎兰（清朝八旗军事单位，连或队之义），将鄂温克族编为5个阿巴（猎区），隶属于齐齐哈尔总管衙门管辖。扎兰是在原先设立的牛录基础之上而形成的一种具有地方管理和军事职能双重特点的统治机构，它既仿效了满洲八旗的甲喇、参领之制，又充分利用了达斡尔族社会原有的哈拉、莫昆制度，为日后布特哈八旗的组建奠定了基础。1732年，清政府在达斡尔族3个扎兰和鄂温克族5个阿巴的基础上正式组建了布特哈八旗。其中，达斡尔人聚居的都博浅扎兰被编为镶黄旗，莫日登扎兰被编为正黄旗，讷莫尔扎兰被编为正白旗。此外，在瑷珲、墨尔根、齐齐哈尔、呼伦贝尔、呼兰等城驻防八旗官兵中，均有一定数量的达斡尔人。特别是在齐齐哈尔、墨尔根、瑷珲三座军事重镇的官兵中，“达呼里居数之半”。

清代，达斡尔族八旗官兵的职责主要有三项：一是服兵役，凡年满15岁、身高5尺的男子，均为壮丁，开始服兵役、承担徭役和纳贡等义务；二是巡逻边境，清政府在中俄边界线上设立了固定的斡包（土堆），每年或每三年派官兵定期巡逻；三是驻防卡伦（哨所），为了巩固边防，清政府于雍正年间在边界地带设置了各种卡伦，派八旗兵轮换驻守。

八旗制度的建立，对于达斡尔族的发展有着深刻的影响。从1684年被编为“扎兰”时起，规定达斡尔族十五岁以上的男子每五年测量身高一次，体高够五尺的即需负担各种公差徭役，岁缴貂皮一张。每年农历五月由黑龙江将军、布特哈副都统率领大小官员聚集在齐齐哈尔附近，举行“楚勒罕”（集市），挑选征收的貂皮。一年一度的选貂制度成为达斡尔族人民极为沉重的负担。八旗制度的建立，加速了达斡尔族社会封建化的过程。

在清朝统治的二百多年间，对布特哈八旗进行了频繁的征调。据不完全统计，前后共达60多次，有的远戍新疆，镇守边卡。清朝所采取的措施，一方面使达斡尔族人口增长受到一定影响，另一方面，又在客观上促进了达斡尔族的生产发展和物资交流，密切了达斡尔族和汉、满等各族人民的联系。

新中国成立前，在农区和牧区，耕地、牲畜等主要生产资料的占有极不平衡，封建剥削十分严重。特别是近代日本帝国主义的政治压迫和经济掠夺，更使达斡尔族人民的生活十分悲惨。日本帝国主义一方面挑拨民族关系，制造民族歧视，强迫移民，迫使达斡尔族人民离开家园，迁居伪兴安东省；另一方面任意霸占民田，抽“国兵”拉“劳工”，用低价强征粮食、皮张和木材，残酷地掠夺达斡尔族人民。日本侵略者还推行毒化政策，到处设立鸦片零卖所，摧残达斡尔族人民的身心健康。

【风俗文化】

达斡尔族是中国北方农牧文化较为发达的少数民族之一。农牧并举，渔猎兼营，手工业、采集业、商业、林业和交通运输业等多种经济成分同生共存，这是达斡尔族经济结构的基本特点，也是达斡尔族生产风俗的主要特征。

达斡尔族居住的地区渔猎资源极为丰饶，向有“棒打獐子瓢舀鱼，野鸡飞进饭锅里”的说法。在清代，东北地区的一些少数民族，都有貂皮之贡。贡纳貂皮，作为赋税，以表臣服之义。狩猎除经济职能以外，还具有了政治方面的意义。于是，狩猎便延续下来。达斡尔人的狩猎，具有一定的季节性。春夏之际的两三个月，主要是打鹿，目的是获取鹿茸等珍贵药材。秋天主要是打狍子，解决肉食和皮张等生活用品。冬天主要打紫貂、松鼠等细毛兽，所获皮张大多用于出售。冬末春初，猎取鹿胎。直到新中国成立后，随着野生动物资源的减少和国家保护野生动物资源政策的实施，狩猎才最终从达斡尔族的经济生活中退出。

发达的渔猎生活孕育了丰富的渔猎工艺。达斡尔族捕鱼工具种类齐全，数量较多，有“阿勒额”（渔网）、“斯额热”（鱼叉）、“哈迪”（鱼亮子）、“奥连库”（鱼篓）、“达若勒”（鱼罩）、“板罾子”（鱼哨）、鱼囤以及运人、载物的船只等。仅就网具而言，既有适应大规模渔业生产而使用的拉网，也有适合于个人单独捕鱼时用的挂网、旋网和袖网，基本上可以满足达斡尔人在不同季节，按不同规模从事渔业生产的需要。达斡尔人的捕鱼方法也是多种多样的，如网捕、叉鱼、钩鱼和挡亮子等，其中最擅长的是凿冰取鱼。在冰天雪地的寒冬时节，人们在结冰的江面上搭起简易的茅草屋，然后凿若干个冰眼，用鱼叉、渔网、鱼钩等工具捕鱼。孟定恭在《布特哈志略》中记载：“穿作冰眼兮上冬网，持备钩锸兮捕鱼尾；兄弟舅姑兮赴市售货维生计。”动人的歌谣不仅形象地再现了清代达斡尔人凿冰取鱼时的盛况，而且也反映出渔业生产在达斡尔族对外交换中所起的重要作用。

采集是渔猎经济的重要补充。在达斡尔族居住区，可供采集的野菜、野果和菌蘑类植物种类丰富，如柳蒿芽、黄花菜、白蘑、木耳、小根蒜、稠李子、山里红等等。春夏时节，妇女们成群结队地来到野外，采集各种各样可以食用的野菜，作为佐餐食品。秋冬之时，人们到树林里采集野果。

对于达斡尔族来说，牧业具有与渔猎同等的重要性。达斡尔族在黑龙江北岸居住时，其牧业生产十分兴盛，很多人家都饲养着几十头甚至几百头牲畜。南迁以后，嫩江流域广阔的草原为达斡尔族发展畜牧业经济提供了得天独厚的自然条件。各家各户普遍饲养牲畜，并把牲畜集中放牧到氏族公共的牧场上。达斡尔人饲养的牲畜，以牛马等大牲畜为主。马用于驾车和狩猎时运人载物，牛用于农耕、拉车和生产乳食品。20世纪前半叶，由于天灾和战乱的影响，达斡尔族的牧业生产大幅度下降，饲养的牲畜逐年减少，甚至出现了许多无畜户。

同周边的渔猎民族相比，达斡尔族是一个较早地过上农耕和定居生活的民族。辽朝灭亡以后，达斡尔人的先民迁徙到黑龙江以北的广大地区，从事农业和牧业。在达斡尔人定居村落的四周，是种满大麦、燕麦、糜子、荞麦和豌豆的田地。在达斡尔人的菜园里，种植着大豆、蒜、香瓜、西瓜和黄瓜。同时，他们还种植苹果、梨和胡桃。耕田的主要畜力是牛。在沙俄未入侵之前，达斡尔地区呈现一片田园风光。南迁嫩江流域之后，达斡尔人的农业获得了进一步的发展。农作物品种增多，玉米、小麦、高粱、谷子等相继传入，改善了达斡尔族农业的种植结构。

在达斡尔族的经济中，林业、商品贸易、手工业和交通运输业等各具特色。为了满足制造生产工具、生活用具以及修房盖屋的需要，达斡尔人时常进山伐木。在冬春时节，由七八个或十来个身强力壮的人组成伐木组（阿纳格），合伙上山伐木并运到江边，捆扎成木排，等到江河通航、水流平稳时，再将木排运回。清朝初年，修建瑷珲、墨尔根（今嫩江镇）、卜奎（今齐齐哈尔）三个木城所需的木材，主要靠达斡尔人提供。达斡尔人生产的木材除供自身消费以外，还大量地运到齐齐哈尔、富拉尔基、龙江等城镇出售。达斡尔人从事商品贸易活动也有着悠久的历史。在清代，一些达斡尔人与鄂伦春族、鄂温克族猎民结成“谙答”（朋友、合伙）关系，用枪支弹药、粮食、布匹、烟酒和盐等生产生活用品换取狩猎产品，然后转手渔利。到了清末至民国时期，随着中东铁路的修建和内地移民的增多，达斡尔族农林牧渔猎手工等产品的商品化率均有了明显的提高。

在新中国成立前，达斡尔族的传统经济仍然处于自给自足阶段，绝大多数的生产工具和生活用具都靠手工制作。达斡尔族高超的手工制作技艺，集中体现在他们制作的各种交通工具上。达斡尔族的交通运输很有特色，是在长期的生产、生活实践中形成和发展起来的，在社会发展和对外文化交流中占有十分重要的地位。达斡尔族的传统交通运输工具，可以分为陆路交通工具和水路工具民俗两大类，陆路交通工具有马或者牛拉的勒勒车、爬犁、滑雪板等；水路交通工具有独木舟、桦皮船、木排和木船。其中，最具特色也最能体现达斡尔族手工技艺的就是勒勒车。

勒勒车，又名大轮车、磊磊车、大轱辘车，其使用历史可以上溯到以“车居民”之名而著称于世的斯基泰人，其后历经众多草原游牧民族的兴衰嬗变却承传不衰。这与北方草原复杂的地理环境和游牧民族的生活方式是分不开的，是北方游牧民族适应生存环境的一种创造。勤劳智慧的达斡尔族人民继承了古代游牧民族的制车技艺，并不断地加以改进，使之更加结构合理，轻便耐用，美观大方。这种车具有高轮木制、简便实用的特点。轮高1.6米，辕长约3米，车体、车轴和轮子都是采用黑桦木、柞木为材料制成的。其自身重量在200公斤左右，载重量可达500公斤以上。这种车结构简单，制作容易，取材方便，行走轻快，非常适用于山区荒原和沼泽河溪地区的道路交通。运送生产资料和生活用品，达斡尔人主要靠勒勒车。出门远行、探亲访友，达斡尔人也常常以勒勒车代步。勒勒车一般用牛驾辕，一个童子常御三五辆，一个成人可以赶一长串勒勒车，最多时达二三十辆，犹如一条长龙，适于穿山越岭，其场面蔚然壮观。

达斡尔族的勒勒车，从结构式样上大致可以划分为四种类型：普通车、苇厢车、篷车、长辕车。不带厢、篷的普通车，叫“杭盖特日格”，主要用于运送货物。苇厢车，达斡尔人称之为“卡日奇木勒特日格”，它在普通车厢的基础上加上了遮风挡雪的苇厢，主要是作为代步工具而使用。在过去，人们走亲访友以及为出嫁姑娘送亲时通常坐苇厢车。在苇厢的上面用柳条支起半圆型的棚架，然后加盖遮挡阳光和雨雪的苇席子或桦树皮，即成篷车。篷车，达斡尔人称之为“木拉日特日格”。这种车是在苇厢车的基础上改进而成的，风雅别致，乡村姑娘出嫁大多乘坐篷车。长辕车的车辕长达五米，比普通车的车辕长两米，这种独特的设计构造是为放木排的人们在山里运送长原木而准备的。

达斡尔人制造的勒勒车在周边民族中享有极高的声誉，被广大的汉族群众誉为“草上飞”，被蒙古族牧民誉为“达斡尔车”，历来被人们所称道。勒勒车既是达斡尔族手工业的主要产品之一，又是达斡尔族重要的交通运输工具。在当时经济不发达、交通工具落后的年代里，一些达斡尔人赶着勒勒车往来于城乡之间，使交通运输业成为达斡尔族生产民俗中的一个重要组成部分。清末民初以后，汽车、火车、轮船已经在达斡尔族地区出现，然而为数不多。传统的交通运输工具在民间仍然在发挥着它应有的作用。

在清代及清代以前，达斡尔族保持着以皮衣为主的传统服饰文化。男子的服装，具有很强的季节性，人们根据季节和气候的变化更换不同种类的衣服。在漫长而严寒的冬季，男人们穿的皮袍多采用立冬至春节前后的兽皮或牲畜皮制作，因为这时的动物毛皮绒毛密实，毛质结实，皮板厚重，不仅保暖抗寒，而且经久耐穿。春秋两季，男子们穿一种长至膝盖的皮袍，叫“哈日密”。这种皮袍采用春、夏或秋初的狍皮制作。由于缺少布匹，男子们一年四季都穿皮裤。男人们头上戴的帽子种类较多，有冬天戴的皮帽，春秋时戴的毡帽，夏天戴的草帽，见客时戴的礼帽，郑重场合戴的官帽，狩猎时戴的狍头皮帽，等等。脚穿“奇卡米”（用袍皮、鹿皮作的靴子）、“斡洛奇”（布靿布底或皮底的便靴）或靰鞡。妇女穿长袍，不束腰带，不穿短衣，颜色以蓝为主。冬季也穿“奇卡米”；夏天穿白布袜子、花鞋。年节或者喜庆时穿各色绣花的绸缎衣服，外面套的斜襟坎肩叫“奥勒情”，与清朝满族样式基本相同，内吊皮里，外加缎面，美观而保暖。

清末以后，达斡尔族的传统狩猎经济日渐萎缩，而当地的陆路交通和商品经济却日渐发达，布匹绸缎得以大批量运入，皮革制品在达斡尔族传统服饰习俗中的主导地位已不复存在。布匹、绸缎、棉毛制品逐渐取代了皮质服装。同时，服装的式样也随着时代的发展而发生变化。尤其是新中国成立后，达斡尔族服饰习俗的变化更为明显，其日常穿的衣装鞋帽与当地其他民族大致相同。

在达斡尔族的风俗习惯中，饮食文化的古老性、食物种类的多样性、品种的独特性是不同于其他民族的。在农猎并举、渔猎兼容这种经济结构多元化的影响下，达斡尔族的饮食习俗具有明显的多元化特征。

达斡尔族喜欢吃“稷子米”，它生长期长，收获早，煮出的饭又松又软。他们经常吃加牛奶的热稷子米饭，加牛奶的荞麦面，荞麦饼，燕麦粥加大豆等。带牛奶和狍肉的燕麦粥和荞麦粥，是老年人最喜欢的食物。另外还有“哈合面”（炒燕麦面粉）和“滚特勒”（较粗的燕麦面），吃时都混合牛奶、黄油、糖。

古老的达斡尔族村屯大多坐落在依山傍水或土壤肥沃的地方。房屋院落修建得十分整齐，一幢幢高大的“介”字形草房，给人一种大方雅观的印象。家家户户的院墙都围绕着红柳条编制的带有各种花纹的篱笆。院落十分严谨，马棚和牛舍一般修筑在离院较远的地方，这使院内经常保持清洁。整个村屯北依高山，东西南三面开阔，既能减少北方寒流的侵袭，又能较多地利用阳光，有利于冬季保暖。依山便于狩猎、伐木和砍柴，傍水便于捕鱼、取水和饲养牲畜。达斡尔人对房基址的选择也颇为讲究。房屋通常建在地势较高的地方，既防止了潮湿，又避免了水患。所以，外族人评价说，“有达斡尔人家的地方不怕水灾”。从中也可以看出经济生活和地理气候环境对达斡尔族居住文化的影响。

达斡尔族传统房屋建筑的主要形式叫“雅曾格日”，这是一种起脊式的、土木结构的草正房。达斡尔族的草正房以两间的居多，其次是三间的，住五间的较少。达斡尔人讲究住屋与厨房分离布局的习尚。如果是两间房，则以西屋为居室，以东屋为厨房；如果是三间房，通常以中间屋为厨房，东西两间住人。居室内南西北三面盘有相连的火炕，俗称“弯字炕”。环室三面所筑的火炕，有烟道、锅灶和烟囱相连，既是睡眠之所，又是中国北方农村居室必不可少的取暖设施。达斡尔族家庭一般不设火炉，秋冬季节的防寒保暖靠的就是这些火炕。炕面十分暖和，睡上去温暖舒适，有舒筋解乏之效。达斡尔人在厨房北墙处，盘有一个池式火炕，叫“额鲁格”，用来干燥粮食。达斡尔族的草正房舒适讲究，宽敞明亮，坚固耐用，冬暖夏凉，而且以多窗著称。一座两间的草正房，西屋南墙有三扇窗，西墙有两扇窗，东屋房门两侧各有一扇窗，共有七扇窗。如果是三间的草正房，通常有窗十一扇。窗多不仅扩大了采光面积，而且有利于空气的流通，保持室内空气新鲜。天棚和四壁上面装饰着鸡、凤、鹌鹑以及狩猎等各种图案、剪纸，有的还直接把那些美丽的雉羽、带花丝的皮毛贴在墙上，作为点缀。

新中国成立后，达斡尔族和其他兄弟民族一道成为国家的主人。随着政治地位的提高和各项经济社会事业的空前发展，达斡尔族的居住条件得到了极大的改善，其传统的居住习俗发生了翻天覆地的变化。宽敞明亮的玻璃窗取代了原来的糊纸木窗，皮革、人造革、纤维板结束了达斡尔人以苇席、桦树皮为炕席的历史，电视机、电冰箱、洗衣机、组合柜被纷纷地搬进新居，古老独特的草正房日渐减少，砖瓦房、楼房日趋增多，并已经成为达斡尔族民居的主要建筑形式。

达斡尔人对男婚女嫁非常重视，因而形成了内容丰富、特色独具的传统婚姻习俗。一夫一妻制婚姻，在达斡尔族中产生很早，并一直传承到今天。历史上，达斡尔族实行并不严格的族内婚，通婚范围主要在本民族内部，即以异姓成员为通婚对象。后来，由于与鄂温克族、蒙古族、满族、鄂伦春族和汉族等民族长期相邻而居，和睦而处，同其他民族之间的通婚也得到允许。氏族外婚制度是达斡尔族婚姻习俗方面的又一项基本制度。同一哈拉（氏族）、莫昆（家族）的男女因为有血缘关系、为同一父系祖先的后代而严格禁止互相通婚。为保持亲戚间稳定的伦理关系，达斡尔人虽然允许部分有亲属关系的人通婚，但是要求双方辈分必须相同，严格实行同辈婚。同时，入赘婚比较普遍。男人入赘女方后，所生子女仍属父亲的“哈拉”，女婿在岳父家只从事劳动，并无继承女方财产的权利。

新中国成立前，达斡尔族的封建礼教和道德观念根深蒂固，父母包办婚姻被看成是天经地义的事情，青年人没有自行选择配偶的权利，也不能进行自由的婚前社交活动。长期以来，这些婚姻制度和习惯一直受到习惯法和社会舆论的保护。其传统婚姻习俗，通常包括择偶、定亲、过礼、结婚等程序。人们选择配偶讲究年貌相当、门当户对。在年龄方面要求男女双方大致相近，男方与女方同岁或比女方大一岁至三岁均可。新中国成立后，随着《婚姻法》的颁布和实施，传统婚俗中的封建包办、买卖婚姻被彻底废除，青年男女可以通过自由恋爱为自己选择称心如意的配偶。

在新中国成立前，达斡尔族实行土葬。人死以后更换寿衣，摆上供品，亲朋好友为之吊丧，尸体停放三天后用棺椁装殓起来，运到坟地土葬。在各村屯，都有本“莫昆”（家族）的共同墓地。同一家族的人死了以后，按辈分的先后，自北向南一代一代埋下去。殉葬品有死者生前所用的物品，如首饰、烟袋、鼻烟壶、小锅、勺、碗、筷和刀子等，并有杀马祭葬的遗风。新中国成立后，在政府的提倡和周边民族的影响下，达斡尔族逐步废除了杀马殉葬的古老遗风，大力实行文明节俭的新葬俗。

达斡尔族人民敬老、互助和好客的风气很普遍。老年人在社会上的威信很高，在各种场合里都受到后辈的尊敬。人们不论彼此是否认识，都有互相帮助的义务，某家生活上有困难，屯里的人都设法帮助解决。家里杀牲时都分送给邻居和亲友共享。狩猎或捕鱼回来，所有在路上碰见的人都分赠他们一份。家里来了客人即使生活贫困，也乐于设法款待。直到如今，这种尊老爱幼、团结互助、热情好客的良好习尚在达斡尔族中依然蔚然成风。

“阿涅节”是达斡尔族最盛大的传统节日，相当于汉族的春节。从进入腊月开始，人们便开始为春节而忙碌，准备过年用的各种食品。腊月二十三，过小年，晚上要祭灶王爷。腊月三十，为了纪念逝去的长辈和亲友，通常要祭祖、扫墓。除夕夜，在大门外点燃篝火，全家人汇集在一起，吃团圆饭，通宵守岁。手把肉是家家必吃的年夜饭。人们把煮熟的带骨肉拿在手上，用刀子割成小块，蘸韭菜花、白菜末和盐一起吃。吃时热气腾腾，香味扑鼻，堪称人间美味之上品。正月初一，人们一早就梳洗打扮，先给本家长辈请安、敬烟、磕头，然后是在村屯中挨家挨户地拜年。正月十六为黑灰日，老人们提前起床，往未起床的儿女脸上抹一点锅底灰，随后人们走上街道，往同伴的脸上抹灰，每一个人的脸上都抹得黑乎乎的，作为吉利的象征。

在漫长的历史长河中，达斡尔族创造了丰富灿烂的文化艺术。

达斡尔族有极为丰富的民间文学。包括神话、传说、民间故事、谚语、谜语、祝赞词、民歌和民间舞蹈歌词在内的民间文学作品，不仅题材广泛，而且其内容丰富，比较全面地反映了达斡尔族人民物质生产和社会生活、历史和文化等方面的内容，也是其经济活动和社会活动的艺术再现。

民间故事是达斡尔族民间文学作品中数量最丰富的一种体裁。有人物故事，例如《阿波卡提莫日根》、《德布库的传说》；有动物故事，例如《套嘎沁脱险》；有生活故事，例如《阿拉塔尼莫日根》，有萨满故事，例如《尼桑萨满的传说》、《德莫日根和齐尼花哈托》；有“莽盖”故事，例如《去杀莽盖》、《天神战胜莽盖》。“莽盖”在我国北方各民族民间文学作品中经常以反面典型的面目出现，是一个半人半兽、肢体庞大、形象怪异的害人巨魔，也是自然力和社会恶势力的代表。与“莽盖”进行斗争的故事，寄托了达斡尔族人民征服自然、战胜恶势力的强烈愿望。

神话是达斡尔族民间文学作品中产生最早的民间文学体裁之一。有些神话反映了达斡尔人对自然的探索以及对天体的认识。古代的达斡尔人认为天体是圆的，由大地上的仙鹤用一只脚支撑着。当每隔三年仙鹤换一次脚时，大地便会发生地震。《天为什么下雨和降雪》中讲：人类食用的油和面是由天神“腾格日”赐给的，由于人们对食物不珍惜，天神便不再供给人类油和面，只给下雨和降雪。这则神话反映了古代达斡尔人的天体崇拜观念和萨满教信仰。有些神话讲述人类的起源，如天神下凡、捏泥土造人的经过，其情节与汉族的女娲抟土造人神话颇为相似；有的神话讲述了仙女与猎人成亲并繁衍后代的瑰丽幻想，具有浓郁的浪漫主义色彩；有的神话讲述了人与动物结合并生儿育女的神奇故事，充满了图腾主义的意味。

民间传说是达斡尔族文学作品中较为丰富的种类之一，有关于民族、部落和氏族源流、历史人物和事件、乡土风俗和文物古迹的来历等多方面的民间传说。《萨吉哈勒迪汗的传说》是一则历史传说，讲述了达斡尔先民之部长萨吉哈勒迪汗兵败后率众北迁的历史过程，这与辽朝灭亡以后一部分契丹人北迁的史实相吻合。从中外的文献记载来看，达斡尔人北迁后确实过着农猎兼容的生活，这和传说中的“以种田打猎为生计”也可以互相印证。这类历史传说为后人了解早期达斡尔人的物质生产和社会生活情况提供了一把金钥匙，其史料价值颇高，往往可以和它本身所蕴含的文学价值相媲美。《吃鹿胎的传说》和《獾子油的传说》分别讲述了达斡尔族猎人在长期的生产和生活实践中发现鹿胎和獾子油药用价值的经过，同时也说明，随着狩猎经济的延续和发展，人们对野生动物价值的认识也在不断深化。

“乌钦”是流传在达斡尔族民间的一种吟颂体韵律诗，多以四行诗为一段，讲究押头脚二韵和句式对称，结构严谨，用词凝练简洁，吟颂起来音律和谐，富有音乐节奏感。“乌钦”的内容丰富多彩，有反映生产劳动的“乌钦”，例如《少郎与岱夫》、《在兵营》等；有反映社会生活的“乌钦”，例如《酒歌》、《赴甘珠尔庙会》、《悔人歌》等；也有反映宗教信仰的“乌钦”，例如《祭祀歌》等。总的来看，“乌钦”比较全面地表达了达斡尔族人民的思想感情，客观真实地再现了达斡尔人的生产和生活状况，是达斡尔族人民的文学艺术瑰宝。

达斡尔族的民间音乐曲调优美，动人心弦，而且具有独特鲜明的民族风格和艺术表现手法。由于受生产方式、地理环境、历史文化和语言特点的影响，达斡尔族音乐的调式和旋律均有独特的风格和特点。在达斡尔族的民间艺术宝库中，民间歌曲占有相当大的比重。而达斡尔族音乐的风格和特点，也比较集中地体现在民间歌曲方面。其民歌具有节拍严整，结构方整，句读明晰的鲜明特点。其调式建立在五声音阶基础之上，其中以宫调式民歌的数量为最多。这体现出达斡尔族人民坚强明朗的性格和乐观向上的民族精神。其次是徵调式民歌以及羽调式民歌，二者的数量大体相同，虽然在数量上没有宫调式民歌多，却具备了达斡尔族音乐优美别致、刚健明亮的基本特点。在达斡尔族的民歌中，只有在民间舞蹈歌“哈肯麦”中才有商调式，因此其数量很少。商调式民歌音调淳朴委婉，节奏柔和平缓，因此，大多具有小调色彩。角调式民歌节奏明快，句读清晰可辨，在过去大多用于歌唱祭祀神灵，因此角调式民歌仅见于萨满歌曲中而数量最少。

达斡尔族传统民歌多具有短小精悍、朴素简明的特点。有些民歌的词虽然是多段的，但是它的音乐结构却是由一句、二句或四句组成的。例如，《青蛙夸口》就是由一句组成的民歌，它靠乐节的多次反复完成乐思。

达斡尔族民歌的内容十分丰富，几乎涉及到达斡尔族人民生活的方方面面。社会生活、生产劳动、精神文化、风俗习惯等都在民歌中有所反映。从体裁上划分，达斡尔族民歌大致可以分为“扎恩达勒”（山歌）、“哈肯麦”歌曲（舞蹈歌）、“乌钦”（叙事歌曲）、“雅达干伊若”（萨满歌曲）以及游戏歌、仪式歌等。其表现内容、调式结构和旋律各具特点。

古往今来，达斡尔人有着围绕篝火集体跳舞的传统习惯。这种民间舞蹈，达斡尔人称之为“路日给勒”（鲁日歌乐）。“路日给勒”的表演形式，开始时多为二人相对慢舞，中间为表演性的或叙事性的穿插，结尾是高潮迭起、活泼欢快的赛舞。“路日给勒”的舞蹈动作十分丰富，仅上身舞姿就多达二十余种，有表现摘豆角、提水、洗脸、梳头等生活场景的写实动作，有鹰飞、熊斗、虎跳等模仿鸟兽习性及特征的舞蹈动作，有上拍手、双搭肩、单盖手等抒发思想感情的舞蹈动作。传统的“路日给勒”无器乐伴奏，由表演者用高亢洪亮、此起彼伏的呼号声或节拍鲜明严整的民歌伴舞。常见的呼语性衬词有“阿罕拜、阿罕拜”、“哲黑哲、哲黑哲”、“德乎德乎达”、“哈莫、哈莫”等数十种。而有些用于伴唱伴舞的呼号声显然与生产劳动密切相关，例如“哈莫”（熊的吼声）、“格库”（布谷鸟的叫声）、“珠喂”（呼唤鹰的声音）等。这些呼语性衬词的使用不仅增强了舞蹈动作的节奏感，而且起到了渲染气氛，抒发情感的良好艺术效果。

达斡尔族舞词的种类也有很多，如《鱼》、《鹿》、《齐尼花如》、《美路列》、《过河摘野菜》等，反映了达斡尔族独具特色的审美观念和浑厚真挚的思想感情。达斡尔族的传统舞词以二拍或四拍居多，也有三拍或六拍乃至五拍者，但是在节奏上大都要求对称统一，便于舞蹈。在达斡尔族人中，萨满舞也曾广为流传。在请神治病、预祝丰收或举行氏族集会和宗教集会时，经常可以见到萨满的舞蹈表演。萨满舞有单面鼓和腰铃伴奏，独具特色。

在达斡尔族妇女中流行着一种民间乐器——“木库连”，它的构造简单，但很娇嫩，她们从来不借给人使用。后来渐渐在男人中也出现了“木库连”弹奏手，但技艺仍超不过妇女。每当吃罢晚饭，特别是恬静的夜晚来临、百鸟归巢的时候，年轻美丽的姑娘三三两两便出现在窗前、树下或者溪水旁，弹奏起“木库连”。悠扬悦耳的“木库连”划破寂静的夜空，飘到她们情人的耳朵里。情人立即弹奏起“木库连”来表达爱情，多数达斡尔族男女青年就是通过“木库连”谈情说爱的。

达斡尔族是一个热爱体育运动的民族。在长期的历史发展中，形成了多种多样的体育与游艺项目，如骑马、摔跤和射箭等，为丰富祖国的体育文化宝库作出了贡献。其中，“贝阔搭日克贝”（曲棍球比赛）在达斡尔族的体育项目中占据着首要位置。无论是少年儿童，还是中年男子，均以打球为乐。无论是在节日期间，还是在氏族集会上，都可以见到达斡尔人打曲棍球的热闹情景。传统的曲棍球比赛一般在村屯中宽敞的街道上进行，场地宽约十几米，长约几十米，中间划一道界线，为发球位置。两端的球门分别被称为“阿那格”（狩猎营地）和“耶热”（野兽洞穴），这不仅说明曲棍球运动的起源与狩猎活动息息相关，而且也说明曲棍球运动的古老。在比赛时，参赛双方各派数名或十几名选手参加，每队设守门员一名，其余的选手为前锋和后卫。在中线处发球，以打入对方营门多者为胜。比赛用的球棍叫“贝阔”，长约1米，用幼柞树或弯曲的水曲柳制成，弯曲的根部为击球部位。球叫“扑列”，分为毛球、木球和火球三种。毛球用兽皮缝制，轻软有弹性，适于儿童们使用。木球用杏树根制成，坚硬结实，由青少年和成年人使用。火球用桦树上硬化的真菌疙瘩制成，内装松明等易燃物，燃后经久不熄，供夜间比赛时使用。"
仫佬族	"仫佬族有216257人（2010年）。主要分布在广西壮族自治区，贵州省也有分布。在广西壮族自治区，多数聚居在罗城仫佬族自治县的东门、四把、黄金、龙岸、天河、小长安等地。少数散居在忻城、宜山、柳城、都安、环江、河池、融水、融安等县。在贵州省，主要居住在麻江、凯里、黄平、都匀、福泉等县。仫佬族中有罗、银、吴、谢、潘、梁、周、韦、张、黄、吕、包、覃、卢等姓，其中以罗、银、吴、谢、潘、梁等为大姓，人口最多。

仫佬族聚居区多属喀斯特地貌，山峦叠嶂，奇峰耸立。在群山交错之间，形成水草肥美的峡谷平坝，是仫佬族人民理想的居住之地。在广西北部仫佬族聚居地，从宜山的小龙，到罗城的龙岸，有众多小块平坝相连，形成一条百里长廊，素称“仫佬山乡”，是广西仫佬族政治、经济、文化的中心。仫佬族多住在山区或半山区，依山傍水建立村落。这里气候温和，雨量充足，年平均温度为摄氏20度左右，年降雨量为1300多毫米，适宜于农作物的生长。粮食作物有水稻、玉米、红薯、芋头、小米、小麦、荞麦、高粱等；经济作物有茶叶、烤烟、棉花、花生、黄豆、大麻、芝麻、油菜等；盛产五倍子、金银花等药材。煤、铁、硫磺、铜、铝、锌等矿藏也很丰富。其中以硫煤矿藏量最多。广西仫佬族居住的勾山、九龙、白马、塘底山至太平、银村、桥头、四把、小长安、龙岸一带，面积八十七平方公里，人们称之为“百里煤乡”。自古以来，煤对仫佬人的生活有着重要影响。早在清代，仫佬族山区就设有官办煤矿，雇有大批仫佬族工人。新中国成立后，党和人民政府十分重视仫佬族地区经济的发展，相继在四把的九龙至桥头的茶花这一条长40里的仫佬山乡长廊，建井采煤，并铺设铁路，将年产几十万吨的无烟煤运往各地。

仫佬语属汉藏语系壮侗语族侗水语支，与毛南语、侗语非常接近。由于仫佬族人民与汉、壮族人民交往密切，仫佬语中吸收了不少汉、壮语词汇，绝大多数人兼通汉语，部分人还会说壮话。仫佬族没有本民族的文字，通用汉字。

仫佬族族称，有自称与他称之别。多数仫佬族人自称“伶”（音Ling），少部分地区自称“谨”（音Jin）或“本地人”。汉族称之为“仫佬”，壮族用壮语称他们为“布谨”。史书记载中写作“姆佬”或“木佬”。仫佬族是在漫长的历史长河中逐渐形成的，元代以前，史书往往将仫佬族与“伶”或“僚”并称，仫佬族的先民被归属于当时泛称的少数民族僚族之中。僚族的称呼在汉代就已经出现了。《汉书•西南夷传》称夜郎境内的主体民族为“夷僚”。晋代以后，文献资料上到处可见类似的称呼，涉及云南、贵州、湖南、广东、广西等地的僚族，又出现了“僚民”、“僚子”、“土僚”、“夷僚”、“生僚”、“山僚”、“洞僚”等称谓。在四川、云南、贵州三省边界的僚族，被称为“葛僚”、“守宫僚”、“夷子”等。关于“僚”，许多学者认为是“骆”的后裔，而“骆”则被认为是“越”的另一称谓。而“越”是我国南方民族的一个大族系，经春秋战国至秦汉，不断发生迁徙。到了汉代，史籍不再见“骆”的称谓，而改称“僚”。由汉至唐、宋的一千多年间，僚族被当作西南少数民族的泛称，活动区域很广。仫佬族就属于这其中的一支。清嘉靖《广西通志》说：“天河僚在县东，又名姆佬。”《古今图书集成》载：“天河县色分四乡，县东八里咸伶种，名曰姆佬。”都指明了“僚”、“伶”与“姆佬”（仫佬）的直接关系。仫佬之名，元代史籍已明确记载，称“穆佬”、“木娄苗”、“木娄”等。明、清以后，相继以“木老”、“木佬”、“姆佬”等名称见于史册。1956年，经过民族识别，国务院正式确认为仫佬族。

【历史沿革】

仫佬族远古祖先同其他民族的祖先一样，创造了灿烂的史前文化。1958年在柳江县新兴农场通天岩旁的洞穴发掘出来一个缺下颌骨的完整的头骨和4个胸椎、5个腰椎、5段肋骨等，属于五万年前的旧石器时代晚期的古人类，即“柳江人”。从附近发现的与“柳江人”同期的文化遗物来看，当时的原始人群，居住在依山傍河的石洞里，以采集植物和捕获动物为生，已进入用火食熟食阶段。大家共同劳动、平均分配，过着以母系氏族为中心的原始公社的生活。1965年至1973年，考古工作者在桂林市南部的独山甑皮岩60平方米范围内，发掘出18具人体骨架，称甑皮岩人。葬式包括屈肢蹲葬、侧身屈肢葬、二次葬等。在厚达2.6米的文化堆积层内，有火塘、灰坑，石斧、石锛、石矛、穿孔石器、磨石，陶罐、陶釜、陶瓮，骨镖、骨镞、骨锥针等，还有大量的螺蚌陶片和兽骨。具有磨制石器的技术，说明甑皮岩人处于新时器时期。甑皮岩出土的文物表明：当时的人们已经拥有了陶器，能够更好地烹煮食物，有利于人的健康和长寿。已经有了家畜饲养，出土的猪骨有67个个体，从年龄的组合和牙齿磨蚀来看，这些猪是经过饲养后宰杀的。已经出现了原始的锄耕农业：石斧、石锛是耕作的工具；石刀、蚌刀是收割工具，石磨是谷物的加工工具。经过多学科的综合研究，专家认为：甑皮岩人与柳江人有着密切的血缘联系；广西的土著民族包括仫佬族，其远古祖先是甑皮岩人，而甑皮岩人的祖先则是柳江人。

战国末年，居住在岭南西部一带的仫佬族先民，属于西瓯骆越民族一支。《汉书》载：“蛮夷中西有西瓯，其众半赢，面南称王。”又载：“骆越之人父子同江而浴，相习以鼻饮。”秦朝建立，统一岭南，仫佬族的祖先同岭南其他族群一道进入祖国民族大家庭，被统称为僚。汉代，大批汉族人进入岭南地区，带来了先进生产技术，加速了岭南地区政治、经济的发展。隋唐时代，中央王朝在岭南少数民族地区实行羁縻政策，设置了几十个羁縻州县，并任用当地少数民族首领为长吏。对这些长吏，中央王朝采取的政策是：只要他们承认中央王朝的政权，服从调遣，履行义务，就可以世代袭职，享受有关的待遇，而且还可以保留当地的社会制度和经济结构。这一时期，仫佬族先民岭南“僚”的社会经济得到进一步发展，牛耕开始出现，稻作技术有了提高。手工业的冶炼、淘金、制陶、采铜等技术，达到了相当高的水平，还生产出一种作为农副产品交换的“僚”布。在晋代，仫佬族的祖先有被称作“濮僚”的；在南北朝，也有的被称为“木笼僚”。宋、元两代，是仫佬族从僚、伶等中分化成为单一民族的时期。据史载，宋太祖开宝五年（972），在桂州琳洞地置罗城县，先隶融州，后属庆远。并派汉官管辖，废除五代时的苛捐杂税。宋仁宗皇祐年间，中央王朝镇压侬智高的起义之后，在桂西广大地区普遍建立了土司机构，而伶僚族所居住的罗城、天河等地却设汉官制度。元代，有关仫佬族活动的记载就多了起来。史书中所记载的“木佬”、“木娄”、“木摇”以及“狇老”等等都是指的仫佬。明代，称仫佬为“木僚”、“木佬”和“狇佬”。民国《麻江县志》载：“《明一统志》称麻哈长官司，元为仡佬寨，乐平长官司为狇佬寨。”

根据历史记载与传说，可以推知，仫佬族至晚在元代或明初已居住在罗城一带地区。明朝继承宋元制度，在罗城、天河、宜山等仫佬族聚居区继续设立流官，社会基层设立里、甲。同时在县官之下增设土巡司、镇和寨堡等机构，让当地头人任职，把汉官与土官统治结合起来。当时农业已有一定水平，进入了封建社会，人民每年向朝廷交纳夏、秋两次的税米。清代将仫佬族地区县以下划分为“里”，在“里”下设“冬”。每“冬”约十余户，设立“冬头”，由大家推任，负责筹粮收款。“冬”原为缴纳粮款而划分的区域单位，由于仫佬族大都同姓聚居，一个村大都居住着同一姓氏有血缘关系的族人，因此后来“冬”以下又分“房”，实际上成了封建宗族制度下的姓、房组织。民国初年，设立了团总、保董、甲长等，国民党利用原来的“冬头”为保、甲长，统治仫佬族人民。1933年以后，随着国民党势力的深入，建立了区、乡、村的保甲制度，乡长兼任民团队长及小学校长，实行所谓“三位一体”、“五户连保”的统治。仫佬族中的一些“乡老”、“族长”往往上通官府，下揽族权，群众遵守“乡约”、“族规”、“家训”，极力维护族权、夫权等封建宗法制度。

进入封建社会的仫佬族地区，土地已相当集中。地主、富农每户平均占有的土地约为中农的2至4倍，为贫农的5至6倍以至10余倍，而且都是良田好地。少量的庙产田、祠堂田、学田、柴山等公田、公山，也多为地主、富农所侵占。地主、富农通过雇佣长、短工、放高利贷、出租田地来剥削广大贫雇农。剥削雇工是仫佬族地区的主要剥削形式，而以雇短工最为普遍。沉重的高利贷是仫佬族地区地主、富农进行剥削的又一种手段，有些地主每年仅放高利贷一项的剥削，就达1万多斤谷子。借谷年利率一般为50％到100％，有的高达150％到200％。地租形式是实物地租，剥削率一般为收获量的60％左右。有些地区往往还要佃农负担一定数量的无偿劳役。残酷的剥削，使广大农民长年累月陷于贫困挨饿的境地，过着水深火热的生活。

仫佬族人民和其他兄弟民族一起，曾多次掀起反抗封建统治的斗争。先后于明永乐七年（1409年）、十九年（1421年）、正德六年（1511年）、清顺治九年（1652年）、雍正七年（1729年）、乾隆七年（1742年）、道光元年（1821年），爆发了大小规模不等的武装斗争。太平天国革命时期，仫佬族人民组织秘密会党，奋起响应。咸丰七年（1857年），响应太平军革命并建立了“大成国”的农民起义军李文茂部，曾占领罗城县，建立过农民政权，得到仫佬族人民的积极支持。

中国共产党成立后，仫佬族地区的反抗斗争，逐渐汇入党的领导之下。1930年，红七军北上路过罗城、天河县等仫佬族地区，仫佬族人民受到革命的教育和鼓舞。他们热情为红军烧茶水、做饭菜、当向导。红军在四把附近的佛子坳遭到国民党韩彩凤、覃连芳部围攻时，仫佬族人民冒着枪林弹雨为红军送弹药、救伤员、送情报，有的还拿起枪杆子直接参加战斗，为红军赢得胜利贡献了力量。当红军继续北上之时，十多位仫佬族青年参加了红军。广大群众则为子弟兵带路、挑担，并掩护留下的伤员。在抗日战争中，仫佬族人民不仅参加了党组织的柳北抗日挺进队，而且还自动组织了武装队伍，抗击日本侵略者。1946年以后，仫佬族人民在党的领导下，开展了反对国民党征兵、征粮、征税和抗税斗争，有的直接参加了柳北人民解放总队，这个游击队的第一大队第三中队的70%以上成员是仫佬族的子弟。他们与各族人民一起，抗击国民党军队的进攻，终于在1949年11月，配合人民解放军解放了罗城。

【风俗文化】

仫佬族人民的生产、生活方式既受到汉族和其他民族的影响，也保留本民族的特点。

仫佬族农业生产经过长期发展，至新中国建立前已达到一定水平。耕作技术、作物种类和生产工具基本上与附近的汉、壮族相同。农具有铁犁、铁耙、锄头、镰刀等。畜力以黄牛、水牛为主，也使用马匹。水田较多，约占耕地的60％。水稻收割后，部分土地种植麦类、油菜和蔬菜；部分冬闲休耕。山区以玉米为主，过去都是培垄种植，一年一季，双株稀植，间种豆类、花生、棉花、瓜类等。普遍使用农家肥。农田灌溉主要靠拦河筑坝和开渠引灌山溪泉水，但由于存在着地主、富农对溪河的分段霸占，各自拦河引水，限制了水源的合理使用，下游干旱往往无法抢救。个别山区，连人畜饮水都有困难。虫兽灾也比较严重。作物单位面积产量，依地区条件、耕作技术粗细和作物种类的不同而异，一般水稻亩产二、三百斤，玉米百余斤，红薯六百至一千斤。麦类、油类等作物因经营粗放，产量较低。

过去，生产以一家一户为单位进行。男女劳动分工不甚严格，一般说来，犁田、耕地、挑粪、打谷等由男子承担，妇女从事插秧、扯秧、割谷、种地和家务劳动。仫佬族地区由于田地较少，土特产资源比较丰富，因而采集药材、饲养家畜和兼营打铁、制缸瓦、纺织等副业生产有一定的发展。

仫佬族地区的手工业，大都没有脱离农业生产。打铁工具虽比较简单，但能加工制作各种农具、生活用品。缸瓦业所制造的“沙罐”，轻巧耐用，是仫佬族地区的特产。罗城较大的东门与四把圩场，早在清代中叶以前即已形成。有些仫佬族人兼营商业，农闲时，不少农民也从事小商贩的活动。

仫佬族的住房、服饰、饮食、习俗都有自己的特点，但因长期与汉、壮族交错杂居，互相影响，有些方面已基本上与附近的汉、壮族相同。

仫佬族聚族而居，同一宗族的人往往居住在同一村寨内。只是在一些圩镇和大的村子里，才存在与别的民族和别的姓氏杂居的情况。住房一般是泥墙瓦顶、三间并列的平房，茅屋较少。砖瓦楼房只属于地主、富农。屋宅建筑形式大都一个格式，一户住宅七个门，大门、中门、后门和四个房门。堂屋中间墙壁置“香火”。左侧门边挖地砌地炉，地炉烧煤，是仫佬人家特有的取暖、烧火的生活设备，挖地炉烧火已有悠久的历史。明代嘉靖年间的田汝成在其所著《炎徼纪闻》中就对仫佬人家的地炉有所记述。牲畜圈栏一般与住房分开，因而室内比较整洁。

仫佬族主食大米、玉米和薯类，以前除少数地主、富农外，广大仫佬族人民每天都是两稀一干，甚至三餐都是稀粥。喜爱酸辣，家家腌有酸荞头、酸豆角、酸芋蓬、酸刀豆、酸蒜头等作为佐食之用。蔬菜种类主要有白菜、空心菜、苋菜、豆角、南瓜、芥菜和萝卜等。肉类主要猪肉、鸡肉、鸭肉和鱼肉，忌吃猫、蛇肉。在过去，罗姓、姚姓不吃狗肉，传说这和罗姓祖先陷入火灾得狗救助有关。姚姓不吃动物内脏，传说这和姚姓祖先有关。东汉姚期出兵，因煮猪心不熟，战士不得饱餐，当日不得出兵，从此姚姓不吃动物的内脏。

仫佬族的衣服，一般尚深青色。过去大都是自纺、自织、自染、自缝。据记载，在清代，妇女还有穿桶裙的习惯。地主豪绅穿有风领的衣服，这是一般农民所不许穿用的。近代都已改装，与当地汉、壮族的衣服没有多大差别。男子穿的都是对襟上衣、长裤，年老的穿琵琶襟上衣；一般穿草鞋，跣足的不多。过去姑娘梳辫，出嫁后结髻，现在多已剪发。饰物有银质的耳环、手镯、戒指等。

仫佬族地区过去盛行父母包办的早婚，少数是自己通过“走坡”恋爱结婚的。婚后有“不落夫家”的习俗。结婚后女子不住在男方家，而是回到父母家，帮助生产劳动，服侍长辈，农忙和节日才回夫家住几天，等到怀孕生孩子后才长住夫家。仫佬族早就与壮、汉族通婚。结婚礼仪繁，费用大。一般来说，从订婚到完婚，要经过择婿、聘媒、合命、下定、过礼、迎娶等仪式。男方要送给女方猪肉、酒米、银元、耳环、手镯、衣物等礼物，约相当于1500斤到2000斤稻谷的价值。富家纳妾的较多，而贫苦农民则往往娶不起妻子。有些人家祖父结婚欠下的债，到孙子辈尚未还清。女方家给男方家陪送的嫁妆耗资也相当大。

仫佬族家中老人去世，都要向亲戚报丧。如是年轻媳妇死去，则须得外家到场看过方能入殓。老死者入殓前，孝子要到河边取水为死者沐浴，俗称取水为买水，即取水前在河边焚香，表示答谢水神。沐浴完毕，要为死者穿上几层新衣。然后将死者抬到地上的草席上，表示“人死属土”。子孙们夹点肉和饭放在死者口中衔住，用毫银压上，然后抬入棺材中仰放，头向棺材窄的一方，脚向棺材宽的一方，意为“脚踏莲花”。一般都请“师公”为死者打斋超度。一般打道场一夜，也有打三夜以上的，视家庭财力而定。安葬墓穴要请风水先生测定，即所谓择“佳城吉地”。出殡要择“吉日良辰”。仫佬族多行一次葬，如果逢上家中不幸，就会举行二次葬，拾回遗骨，洗净，放入坛中再行安葬。

仫佬族人带孝时间很长。父母亡故，孝子戴孝三年。家中堂屋置灵牌，早晚奉茶供饭，以表孝敬。三年后，于农历七月十五烧灵牌，称为“脱孝”。对非正常死亡的人，要举行特殊的仪式。如凶死，则要举行火炼仪式。烧起火堆，法师举起作为死者替身的一个草人，口念经咒从火上走过，家属随后。俗信行过这种仪式之后，死者灵魂经过了火炼，驱除了邪魔，就可以“归宗”，与阴间的祖先在一起，而不会成为亡魂危及家人，家人就可避免同类的不幸。如果妻子先亡故，出殡时丈夫要左手拿刀，右手拿一双筷子，将筷子砍断，表示砍断“夫妻关系”，日后亡魂不得纠缠。这些葬俗，表现出了仫佬族与其他许多民族相同或相似的信仰和观念，这是各民族文化交流的结果。

仫佬族有着十分丰富的节日文化，一年之中有许多节日，几乎每个月都有一个节日，这是因为仫佬族除了拥有春节、元宵、春社、清明、端午、秋社、中秋、重阳、灶王节等当地壮族、汉族共同的节日外，还有不少带有民族特色的节日。在仫佬族，即便与各民族共享的节日，也别具民族风味。

春节，仫佬族称“年节”。在仫佬族地区的农历除夕之夜，仫佬族家庭全家人围坐地炉边，烧香供奉神灵。待正月初一雄鸡报晓，家庭主妇立即点上一束香火和火把，挑着水桶来到井、泉、河边，先插上香，向水中投几枚铜钱，祭祀水神，然后挑水回家。俗称“买新水”。全家大小早已等在大门边，抢着喝一碗新水。俗信人们喝了新水，能够健康长寿，牛喝了长得健壮，猪喝了膘肥体壮；用新水染布布发亮，用新水洗米，煮起饭来特别香；用新水酿酒，酒不酸；全村挑到第一担新水的人，最为吉利，能给家庭带来六畜兴旺，五谷丰登。

社节，又称分肉串节，是祭祀社王的节日。分春秋二社，春季在二月，祈求社王保佑一年风调雨顺，五谷丰登；秋季在八月，报答社王赐予好收成。社节以村为单位集体举行。各户出资置办香烛牲口。届时，在社王庙供奉香烛，杀猪并按全村户数将猪肉分成相应的份数，以备祭祀完毕分给各户。肉串用竹子串起来，挂在竹竿上，放于庙的两旁。将煮熟的猪头、脚、尾和内脏置于祭台上。祭毕，大家饱食一餐，然后各户带回所分的社肉回家，祭祀祖先，全家过节。社节还有一种与生男有关的习俗。同一年生男的人家，要集资置办鸡、肉等祭品，于社日前夜祭祀社王，向社王报告家中添丁。

花婆节，又称“婆王诞”，俗称“小儿节”，在农历三月三举行。俗信“花婆”是掌管生育的神灵，她花园种的花都可以变成人，她送花给谁家，谁家就生小孩。人去世，又还原为她花园里的花。过花婆节时，各村要抬猪牵牛到花婆庙前宰杀献祭。祭时，由“冬头”（宗族下的分支头领）向花婆报告各户情况，感谢她送花赐子的恩德，并祈求她保佑小孩健康成长。祭毕共同进餐。新婚夫妇结婚时要向花婆许愿，如果生儿育女，就会报答她的恩德，希望她早日送子。生育后要在花婆节还愿，带上煮熟染红的鸡蛋和酒肉来祭祀花婆，完毕还要将红蛋分给各家，让各家分享福分。

牛生日节，时为农历四月初八。当天家家要将牛栏打扫干净，并为牛擦身，喂给好的青草和饲料，让牛休息，不去耕田犁地。同时，人们备好酒肉、糯米饭祭祀牛神，祈求保佑耕牛平安。祭毕，先让牛吃一点糯米饭，然后才轮到人吃。

端午节，在农历五月初五举行。仫佬族端午节除具有和当地壮族、汉族相同的内容外，还要抬纸船到田间，请师公念经巡游，驱除害虫。俗信以为可以使禾苗茁壮成长。银姓仫佬族人民还要祭祀真武神，这一天，银姓仫佬族无论老少，都要到真武庙参加祭祀真武的活动，祭祀用鸡鸭。这种端午节的祭祀活动有着十分古老的渊源。

驱虫保苗节，又称吃虫节，是专门驱除虫害的节日，在农历六月初二举行。出嫁的姑娘这一天要回娘家过节，途中要捉害虫到娘家去炒着吃。全村人来到田间的吃虫庙，首先举行祭祀活动，所祭为吃虫娘娘甲娘。显见这一节日民俗是在人们除灭害虫的农事活动基础上形成的。

接祖先节，时为农历七月七日至十四日。七月七日为接祖日，将祖先接回，每日每餐饭前先供奉祖先，然后全家才进餐，一直要供奉到十四日。

走坡节，在农历八月十五举行。在广西罗城等地，仫佬族青年男女要在节日前后的集日聚集“走坡”。他们在特定的山坡行走，互唱情歌寻偶。如果双方有意，便会约定下次走坡的时间，而且还会互赠礼物，男赠月饼女赠布鞋，有所谓“八月中秋哥送饼，九月重阳妹送鞋”的习俗。到夜晚，各村青年还要做“野敬”。在贵州，除了在正月初一走坡外，也要在八月十五走坡。届时，男子穿新衣，头扎毛巾，女子穿着鲜艳的花边上衣和百褶裙，从四面八方汇集到“会场”。男子进行爬竿、斗雀、对雀（若干雀放在一起，比谁的雀叫得多叫得好）活动。女子则唱歌、对歌、跳舞。

仫佬年，时为农历十月的第一个兔日。主要流行在贵州黔南、黔东南一带的仫佬族。年前，当地仫佬族人民要早早打糍粑、酿酒以备节日之需。届时，还要吃鸡、鸭、鱼等，富有的人家还要杀猪，有的是几户合起来杀一头猪。过年的头天，仫佬村寨要淘洗水井，灭火炉，包火种，过年的清晨要挑新水。过年这一天，家家户户放鞭炮，男女老少穿新衣，全家聚餐前祭祀祖先。仫佬族称木佬年为大年，春节为小年。过大年比过春节更为热闹、隆重。木佬年的来历有两种说法：一是相传仫佬族的祖先敬仰兔子的纯洁，曾以兔子作为定亲之物，成亲之日正好是农历十月第一个兔日，所以这一天就成为仫佬族的节日。过木佬年，具有怀念祖先，继承传统，保持纯洁，不做伤天害礼之事的意义；一是说秋收已过，十月过年，是为了欢庆丰收、感谢祖先赐福。木佬年在仫佬族是良辰吉日，常常有青年男女在这一天举行婚礼。

依饭节，是仫佬族十分隆重的节日。仫佬语称“喜乐愿”，“做依饭”、“敬依饭公爷”、“还祖先愿”等。主要流行于广西罗城东门、四把等地。逢辰丑未之年的冬至前后举行。依饭节是仫佬族敬神、娱神、祈神保佑五谷丰收、六畜兴旺的节日。依饭节以各宗族下的分支“冬”为单位轮流操办。依饭节一般在公共祠堂举行。祠堂门前搭彩台，堂中央摆一方桌，桌上放祭品。仪式由师公主持,有一整套程序。整个过程有群众配合，载歌载舞。活动从头天清晨至次日清晨结束。仫佬族的传统节日，大都与本民族的原始信仰有着密切的联系，带有浓郁的民族文化色彩。经过嬗变的仫佬族传统节日，在缅怀祖先、发扬传统民族文化、群众交流娱乐、进行商业贸易和观光旅游等方面发挥着重要的功能。

仫佬族过去的禁忌也很多：大年初一不能扫地，认为扫地会把钱财扫出家。也不能洗衣服，认为洗衣服会把福气洗掉。不能劈柴，认为劈柴会把财神吓跑。二月初一不进地。六月初一不做工。播种忌火日，并在三天内不得剃头、洗发。下玉米种的最初9粒时要停止呼吸，不许讲话。外出经商忌讳煮饭不熟和打破碗碟等等。新中国建立后，仫佬族的信仰习俗发生了很大的变化，迷信色彩逐渐淡化，健康有益的成分则延续下来。

仫佬族有着多姿多彩的民间游戏和体育活动，它们曾经极大地丰富过仫佬族人民的生活。舞草龙：草龙用稻草编成，饰以彩纸。春节期间，仫佬族有挨家挨户舞草龙拜年的习俗。象步虎掌：农闲时，在地上划一条线，参赛的人站在两边，双双以掌相对，待裁判发出号令，双方即可移步用力，目的是将对放推离原位，或是故意松弛，使对方身体前倾，脚掌超越界线。这种活动可以锻炼人的臂力、脚力和耐力。凤凰护蛋：是仫佬族儿童游戏。在地上画一个圆圈，表示凤凰窝，放三、五块石头，表示凤凰蛋。一小孩扮母凤凰在圈内左脚着地呈俯卧状以护蛋。三、五小孩扮作天兵天将来夺蛋。胜负以能否在规定的时间内夺完蛋来定。其中，夺蛋的小孩不能触及“母凤凰”的右腿，触及即被淘汰。这种游戏可以训练孩子的灵活性，培养机智、勇敢的性格。抢花炮：是仫佬族与壮族共同的娱乐活动。于每年的农历六月二十四举行。用土炮将花环射向天空，参赛者争抢从天而降的花环，以得花环多者为胜。每届花炮节只放五炮，每炮只有一个花环。群龙争珠：在水中投放一定数量的水果，参赛者潜入水中捞水果，以多者取胜。

仫佬族有着丰富多彩的文学艺术。由于仫佬族没有文字，只有语言，这就决定了仫佬族历史上留下来的文学主要是民间文学，诸如神话、传说、诗歌、故事、戏曲等。仫佬族的神话形态丰富，包括创世神话与英雄神话。创世神话有讲述天地起源的神话，如《天是怎样升高起来的》，洪水泛滥与人类再生神话，如《伏曦兄妹的传说》，民族风俗形成神话，如《依饭节》等；英雄神话有《稼》、《恳王山》等。民歌在仫佬族人的生活中占有重要的地位。过去几乎家家有歌本，村村有老歌手，他们把教青年人唱歌当作自己的义务。唱歌活动多在“走坡”和喜庆节日期间举行。走坡是青年男女的一种社交活动，是谈情说爱的方式。按照传统习惯，男女青年在郊外相逢时，不论相识与否，均可邀请对唱。拒绝别人的邀请，被认为是不礼貌。歌的种类有：“随口答”，歌词由唱者即兴创作，没有一定歌本，具有丰富的想象和比拟，包括情歌、劳动歌、苦歌、仪式歌、风俗歌等。“古条”，是故事式歌谣，内容为民间流行的历史故事、神话、传说等。“烂口风”，是一种讥讽性的歌谣，内容不拘，随唱随编。唱歌多用汉语唱，都是对唱的形式。走坡时以唱“随口答”为主，间或也唱“烂口风”。喜庆场合多唱“古条”歌，唱者多数是中年人。20世纪后期，山歌中增加了新的内容。也流行唱革命歌曲。仫佬族民间戏剧最流行的是“彩调”。彩调是流行于广西北部桂林、柳州一带的汉语地方戏曲。约在1880年前后传入仫佬人聚居的罗城等地。仫佬山寨有不少业余彩调班子，四把乡大梧村在1940年前后就有两个小班子，过去吉门修建的一个彩调石头舞台，至今犹存。每年春节期间，为仫佬山乡演出彩调的高潮时期。"
羌族	"羌族总人口309576人（2010年）。主要分布在四川省阿坝藏族羌族自治州的茂县、汶川、理县、松潘、黑水等县以及绵阳市的北川羌族自治县，其余散居于四川省甘孜藏族自治州的丹巴县、绵阳市的平武县以及贵州省铜仁地区的江口县和石阡县。大多数羌族聚居于高山或半山地带，少数分布在公路沿线各城镇附近，与藏、汉、回等族人民杂居。自称“尔玛”或“尔咩”，意为“本地人”。

羌语属于汉藏语系藏缅语族羌语支，分北部和南部方言。北部方言通行于茂县北部的赤不苏区、较场区，中部的沙坝区，松潘县的小姓乡、镇坪乡、白羊乡以及黑水县的大部分地区，下分芦花、麻窝、茨木林、维古、曲谷、镇坪、三龙、黑虎、沟口渭门9种土语。南部方言通行于理县、汶川县和茂县南部，下分雁门、龙溪、绵虒、蒲溪、木卡和桃坪6种土语。由于与汉族频繁交往，很多羌族能讲汉语、用汉文。直至20世纪80年代，羌族结束了没有本民族文字的历史。

羌族地区的地形西北高，东南低，大部分为高山峡谷，其间层峦叠嶂，山高坡陡，河谷深邃。北部有岷山山脉，主峰雪宝顶海拔5588米；龙门山脉斜贯于东南，主峰九顶山海拔4969米；西部横亘着邛崃山脉，主峰四姑娘山海拔6250米；四姑娘山以北，有许多海拔在5000米以上、终年积雪覆盖的高山。只有茂县的土门区、北川县和平武县的锁江、徐塘、平南、豆叩、大印、平通六个羌族聚居乡镇属于中低山和深丘低山区。

岷江、湔江及其支流是羌族人民的母亲河。岷江源于阿坝州松潘县与九寨沟县交界的弓杠岭南，在都江堰市以上为岷江上游，从北向南纵贯羌区。岷江支流有黑水河、杂谷脑河、鱼子溪河和寿溪河等。湔江，又称石泉河、北川水，发源于岷山山脉，因“水势如湔沸之状”而得名，经北川、江油注入涪江。

羌族地区处在高山峡谷之间，气候温和，冬干春旱，夏秋降雨充足，日照时间较长，昼夜温差大，气温垂直差异显著。在岷江河谷地带，年平均气温在11至14摄氏度，无霜期210至235天，年平均降水量500毫米左右。由于降水量较小，蒸发量大，这一地区又被称为岷江上游半干旱河谷。涪江水系河谷地带年平均气温13.9至15.7摄氏度，无霜期235至270天，降水量700到1200毫米。灾害性天气有冬干、春旱、夏旱、伏旱、冰雹、霜冻等。

羌族地区动植物资源十分丰富。位于汶川县境内的卧龙自然保护区，蜚声中外，被列为联合国国际生物圈保护区。2006年，该区与四姑娘山、夹金山脉一起，作为“四川大熊猫栖息地”被列入《世界遗产名录》。这是一座天然的动植物园，总面积约70万公顷，峰峦重叠，云雾缭绕，分布着不同的植物群落，有树种4000多种，鸟类300多种，有大熊猫、金丝猴等珍稀哺乳动物60多种，还有红杉，金钱槭等珍稀树木。位于北川羌族自治县青片乡的小寨子沟自然保护区，也是植物种类繁多的地方，据资料记载，仅维管束植物就有87科380属1600多种，其中属于国家重点保护的珍稀树种有20多种，它和卧龙自然保护区被专家誉为“世界上罕有的生物基因宝库”。

羌族地区的传统农作物以玉米为主，也有青稞、小麦、荞麦、各种豆类和蔬菜。被称为“雪山大豆”的一种白豆是著名的特产。经济林木有花椒、核桃、苹果、鸡血李、樱桃、杏子、茶叶、生漆、油茶、花生、向日葵等。饲养黄牛、牦牛、犏牛、马、羊、猪等牲畜及各种家禽，养羊业较发达。近年来，随着农业产业化不断发展，羌族地区引进了大量名、特、新、优农产品。药材种类200种以上，其中名贵药材有虫草、贝母、鹿茸、天麻、麝香，大宗药材有羌活、党参、当归、大黄、黄芪等。在高山深处，有蕨苔、木耳等山珍，还有丰富的菌类资源。此外，还有铁、云母、石膏、磷、水晶石和大理石等数十种地下矿藏。

【历史沿革】

20世纪50年代以来，人们陆续在岷江上游和杂谷脑河沿岸的汶川县威州姜维城、理县箭山寨、茂县营盘山等地发现了新石器时代文化遗址。还发现了较多的春秋战国至西汉时期的石棺葬墓群，如茂县撮箕山石棺葬墓群、牟托石棺葬及陪葬坑、理县佳山石棺葬墓群。出土的器物有陶器、石器、木器、青铜器等。这些考古发现，不仅说明了今天羌族分布的地区，很早就有人类栖息繁衍，而且为探讨岷江上游古文化的渊源提供了新的资料和线索。

羌族源于古羌。古羌人以牧羊著称于世，不仅是华夏族的重要组成部分，而且对中国历史发展和中华民族的形成都有着广泛而深远的影响。

“羌”，原是古代人们对居住在祖国西部游牧部落的一个泛称。今甘肃、青海的黄河、湟水、洮河、大通河和四川岷江上游一带是古羌人的活动中心。史书记载，殷商时期，羌为其“方国”之一，有首领担任朝中官职。他们有的过着居无定处的游牧生活，有的从事农业生产。《诗经•商颂》记载：“昔有成汤，自彼氐羌，莫敢不来享，莫敢不来王……”，反映了古羌与殷商密切的关系。甲骨文卜辞中有关“羌”的诸多记载，表明羌人在当时的历史舞台上十分活跃。

周时，羌之别种“姜”与周的关系密切，大量的羌人融入华夏。春秋战国时期，羌人所建的义渠国，领域包括今甘肃东部、陕西北部、宁夏及河套以南地区，是中原诸国合纵连横的重要力量，与秦国进行了170多年的战争。以羌人为主要成分的诸戎逐渐为秦国所融合。而居住在甘肃、青海黄河上游和湟水流域的羌人仍处于“少五谷，多禽畜，以射猎为事”的状态。在《后汉书•西羌传》中，有秦厉公时羌人无弋爰剑被俘，逃回家乡后教羌民“田畜”，自此羌族开始有了原始农业生产，使其人口增加，经济发展的记述。

此后，羌人进一步发展和分化。《后汉书•西羌传》载：“至爰剑曾孙忍时，秦献公初立，……将其种人附落而南，出赐支河曲西数千里，与众绝远，不复交通。其后子孙分别各自为种，任随所之，或为旄牛种，越嶲羌是也；或曰白马种，广汉羌是也；或为参狼种，武都羌是也。”这一时期，西北的羌人迫于秦国的压力，进行了大规模、远距离的迁徙。

汉代羌人分布很广，部落繁多。为隔绝匈奴与羌人的联系，汉王朝在河西走廊设有敦煌、酒泉、张掖和武威四郡，建立了地方行政系统，设护羌校尉等重要官职以管理羌人事务。同时，归附的羌人大量内迁，从地域上分为东羌和西羌。进入中原的东羌附居于塞内而与汉族杂居、通婚、融合，从事农业生产，私有经济得到一定程度的发展，逐步进入封建社会。未进入中原的西羌大部分散布在西北、西南地区，有新疆塔里木盆地南沿的婼羌、雅鲁藏布江流域的发羌、唐牦、西南地区的牦牛羌、白马羌、青衣羌、参狼羌和冉駹羌诸多羌人部落。其中，牦牛羌，初分布在沈黎郡（郡治在今四川汉源县九襄镇），后继续南下至越嶲郡（今四川安宁河流域及雅砻江下游）。白马羌，主要分布在今四川绵阳市西北部和甘肃武都市南部。青衣羌，居住在今四川西部的雅安市一带。参狼羌，主要在今甘肃武都市，特别是白龙江一带。冉駹羌则分布在岷江上游和四川西北部的广大地区，《后汉书•南蛮西南夷列传》载：“冉駹夷者，武帝所开，元鼎六年以为汶山郡……其山有六夷、七羌、九氐，各有部落”，说明羌人在其中占有较大比例，各部的发展水平很不平衡，大部分尚处在氏族部落阶段。

魏晋南北朝时期，氐人符坚建立前秦政权，南安羌人姚氏建后秦政权。后秦政权势力处在北魏之南，东晋之北，统治羌人及中原各族达33年。之后，还有几个羌人部落相继兴起。即陇南的宕昌羌，川、甘边境和岷江上游的邓至羌，二者存在了140多年。从东汉到西晋末年，北方的大部分羌人已基本融入汉族之中。

隋唐时期，活动在甘青和青藏高原东南部的羌人部落有党项、东女、白兰、西山八国、白狗、附国等，其中，西山八国系成都平原以西、岷江上游诸山各部的统称。他们处在中原王朝和吐蕃势力之间。有的同化于藏族，有的内附中原王朝，或同化于汉族，或在夹缝中生存，在唐蕃长期和战不定的局势下，得以单独保存和发展。

宋代以后，南迁的羌人和西山诸羌，一部分发展为藏缅语族的各民族，一部分发展为现在的羌族。羌族民间广为流传的叙事诗《羌戈大战》中记述：远古时候，羌人曾生活在西北大草原，因战争和自然灾害被迫西迁和南迁，南迁的一支羌人遇到身强力壮的“戈基人”，双方作战，羌人屡战屡败，正准备弃地远迁，却在梦中得到神的启示，他们在脖子上系羊毛线作为标志，用坚硬的白云石和木棍作武器，打败了“戈基人”，终于得以安居乐业，并分成九支散居各地。这段传说，反映了羌人迁徙的一段历史，与史书文献及考古资料结合，印证了羌族的来源。

明末清初时，一部分羌族由四川迁往贵州铜仁地区，至此，羌族的分布格局基本形成。

1840年之后，中国逐步变为半殖民半封建国家，和全国其他民族一样，羌族也面临着帝国主义的侵略和封建统治阶级的剥削和压迫。为此，羌族人民和其他民族人民一道，曾经向帝国主义、反动官府和封建统治阶级进行过英勇不屈的斗争，为中华民族的独立和解放作出了自己的贡献。

1841年，鸦片战争期间，羌族人民和藏、彝等族人民，组成2000人的军队，开赴浙江前线，在宁波镇海战役中，重创英国侵略军。1894年，羌族地区一个坤姓土司的残余势力，依仗封建特权，盘剥所属人民，激起黑虎寨等地170多户羌族人民的强烈反对。他们一致向清朝官府列举了坤土司23条罪状，与封建土司的余孽展开了面对面的斗争，终于迫使清朝将坤土司“摘去顶戴，交州查看”。1905年，清朝在茂州设立“官盐店”，对食盐实行垄断专卖，从中渔利，激起羌族人民的武装反抗，迫使清政府宣布取消“官盐店”，允许食盐自由买卖。

1921年，中国共产党诞生后，羌族人民反帝反封建的斗争进入了一个新的历史阶段。理县通化乡佳山寨等地的羌族群众，为反抗国民党政府的苛捐杂税，群起杀死了作恶多端的团总。1924至1926年，理县藏、羌等族人民反抗封建军阀苛捐杂税的压榨，2000多人攻陷理县县城，还攻打到汶川、茂县、松潘等地，斗争坚持了3年之久，狠狠打击了国民党反动派的嚣张气焰。

1935年，中国工农红军长征经过羌族地区，在党的领导下，羌族人民建立了工农革命政权，开展了轰轰烈烈的土地革命。他们热爱人民的军队，积极参军支前。仅茂县一县就有1000多人参加红军北上抗日，还有上万名民工为红军提供后勤保障。红军北上抗日后，国民党卷土重来，在羌族地区实行白色恐怖统治，经过革命锻炼的羌族人民，继续不断地向反动派展开英勇不屈的斗争。

1942年，茂县爆发了“茂北事变”。茂县专区的专员和县长以“铲烟”为名，派兵洗劫了茂县北路蚕陵乡的一些村寨，引起当地羌、汉各族人民的强烈愤慨。他们消灭了前往搜刮的保安中队，并顺势直攻茂县县城，打垮了守城的国民党军队，将县城团团围住。这次斗争虽然由于国民党的收买分化最后遭到失败，但斗争的声势给敌人以有力的打击，显示了羌族人民不屈不挠的革命斗争精神。1947年，茂县龙坪、三齐等乡的羌族人民又掀起了一次被称为“龙坪事件”的武装起义。事件起因于国民党政府和部分羌族上层统治阶级之间的矛盾，后来发展成为羌族人民反抗国民党统治的武装起义。这次斗争最后也因羌族统治阶级的背叛而失败，但再一次显示了人民的巨大力量。

据文献资料记载，早在公元前310年，秦朝在岷江上游和湔江上游地区设有湔氐道。汉时，置汶山郡以管辖这一带的“六夷、七羌、九氐”部落。隋唐时代，朝廷实行“羁縻州”制度，在茂县及周围地区设有茂州都督府及多个羁縻州。五代时期，前蜀设有茂州，辖汶山、汶川、石泉和通化四县；设维州，辖保宁、小封二县；范围主要在茂县和汶川县以南，理县以东地区。宋时，基本上沿袭唐代的“羁縻州”制度，设茂州、威州，各辖两县、十几个羁縻州。熙宁九年（1076年）石泉县改隶绵州。

元时开始推行土司制度，设茂州，辖汶山、汶川两县。委任土官治理地方，设有安抚司、千户所、万户府。今平武县境内设置了龙州三寨长官司，管理“白马、木瓜和白草”三寨。其中，白草即北川羌族。明代土司制度进一步完善，在茂县等地设有董姓静州长官司、坤姓岳希长官司、何姓陇木长官司、温姓牟托土巡检、水草坪巡检、苏姓长宁安抚司、叠溪郁姓长官司、实大关长官司，以及杂谷安抚使司、瓦寺宣慰司等。北川县境中西部的开坪、坝底增设两个小土司，俗称艾林土司和坝底土司，负责对周边羌寨的管理。此时，羌民基本被悉数管辖，同时，在土司之下，各寨设有牌头和寨首。朝廷在这些地区均建立了一套较为严密的军事治安体系，设置了大量的关、堡、墩台，驻兵防守。

清初，今北川马槽、白什一带的“下五簇”羌寨被分别划归艾林土司、坝底土司以及茂州的陇木土司和叠溪大姓土司、小姓土司管理。乾隆年后，羌族地区逐步实行“改土归流”，以流官代替了土司政权，羌族地区进入流官统治时代。清政府对北川羌族采取了特殊的管理措施，即设置若干既懂羌语又会汉话的人作“通司”，负责向羌民传达县地方官员的指示，反映羌民的意见，羌寨的刑狱诉讼案件由知县办理，日常事务由羌寨自行办理。实行地区包括今开坪、小坝、桃龙、片口、墩上、坝底、青片、禹里等乡的全部或部分地区，这一地区在当时被统称为“番寨”。直到辛亥革命前夕，这一区域才被划归县地方政府直接管辖。

民国初年，四川军阀的防区制逐渐形成，二十八军将松、理、茂、汶一带作为防区，在羌族地区设置了“屯殖督办公署”。1935年底，国民党政府将羌族地区划入“四川省第十六行政督察区专员公署”管辖，专署即设在茂县，并实行保甲制。而北川全境因“改土归流即为汉”，许多深居大山的羌民由此被视为“汉人”。

行政建制将羌族地区纳入了历代中央政权的统治，使羌族地区和祖国内地紧紧地连结在一起。羌、汉两族人民之间的亲密往来更是从未间断。早在公元前三世纪，举世闻名的都江堰水利工程就有不少羌人参加。历代中央政权在这里派官设治，客观上增进了两族人民之间的关系。羌族人民用马匹、药材和其他土特产品同汉族交换生产工具和生活用品。特别是近代以来，羌、汉民族之间的交流进一步加强，个别羌民开始接受儒学教育；大量宗教活动场兴建起来；一些先进的生产技术和工具被引入；商业贸易开始出现，汉、羌商户云集茂州、北川等地，使羌族社会生产力得到一定程度提高。

据文献资料记载，早在公元前310年，秦朝在岷江上游和湔江上游地区设有湔氐道。汉时，置汶山郡以管辖这一带的“六夷、七羌、九氐”部落。隋唐时代，朝廷实行“羁縻州”制度，在茂县及周围地区设有茂州都督府及多个羁縻州。五代时期，前蜀设有茂州，辖汶山、汶川、石泉和通化四县；设维州，辖保宁、小封二县；范围主要在茂县和汶川县以南，理县以东地区。宋时，基本上沿袭唐代的“羁縻州”制度，设茂州、威州，各辖两县、十几个羁縻州。熙宁九年（1076年）石泉县改隶绵州。

元时开始推行土司制度，设茂州，辖汶山、汶川两县。委任土官治理地方，设有安抚司、千户所、万户府。今平武县境内设置了龙州三寨长官司，管理“白马、木瓜和白草”三寨。其中，白草即北川羌族。明代土司制度进一步完善，在茂县等地设有董姓静州长官司、坤姓岳希长官司、何姓陇木长官司、温姓牟托土巡检、水草坪巡检、苏姓长宁安抚司、叠溪郁姓长官司、实大关长官司，以及杂谷安抚使司、瓦寺宣慰司等。北川县境中西部的开坪、坝底增设两个小土司，俗称艾林土司和坝底土司，负责对周边羌寨的管理。此时，羌民基本被悉数管辖，同时，在土司之下，各寨设有牌头和寨首。朝廷在这些地区均建立了一套较为严密的军事治安体系，设置了大量的关、堡、墩台，驻兵防守。

清初，今北川马槽、白什一带的“下五簇”羌寨被分别划归艾林土司、坝底土司以及茂州的陇木土司和叠溪大姓土司、小姓土司管理。乾隆年后，羌族地区逐步实行“改土归流”，以流官代替了土司政权，羌族地区进入流官统治时代。清政府对北川羌族采取了特殊的管理措施，即设置若干既懂羌语又会汉话的人作“通司”，负责向羌民传达县地方官员的指示，反映羌民的意见，羌寨的刑狱诉讼案件由知县办理，日常事务由羌寨自行办理。实行地区包括今开坪、小坝、桃龙、片口、墩上、坝底、青片、禹里等乡的全部或部分地区，这一地区在当时被统称为“番寨”。直到辛亥革命前夕，这一区域才被划归县地方政府直接管辖。

民国初年，四川军阀的防区制逐渐形成，二十八军将松、理、茂、汶一带作为防区，在羌族地区设置了“屯殖督办公署”。1935年底，国民党政府将羌族地区划入“四川省第十六行政督察区专员公署”管辖，专署即设在茂县，并实行保甲制。而北川全境因“改土归流即为汉”，许多深居大山的羌民由此被视为“汉人”。

行政建制将羌族地区纳入了历代中央政权的统治，使羌族地区和祖国内地紧紧地连结在一起。羌、汉两族人民之间的亲密往来更是从未间断。早在公元前三世纪，举世闻名的都江堰水利工程就有不少羌人参加。历代中央政权在这里派官设治，客观上增进了两族人民之间的关系。羌族人民用马匹、药材和其他土特产品同汉族交换生产工具和生活用品。特别是近代以来，羌、汉民族之间的交流进一步加强，个别羌民开始接受儒学教育；大量宗教活动场兴建起来；一些先进的生产技术和工具被引入；商业贸易开始出现，汉、羌商户云集茂州、北川等地，使羌族社会生产力得到一定程度提高。

【风俗文化】

在漫长的历史发展过程中，羌族创造了灿烂的传统文化，形成了自己独特的风俗习惯。

民间文学在羌族文学中占有重要而特殊的地位。它主要靠人们世代口授和长期歌唱而传承，是羌族人民集体创作的结晶，题材广泛，有传说、寓言、故事、神话等，反映了羌族的历史、生活、习俗和思想感情，具有鲜明的民族风格和艺术特色，是羌族珍贵的文化瑰宝。如，叙事长诗《木姐珠与斗安珠》歌颂了羌族人民的勤劳和智慧，反映了人们不畏神权，追求自由婚姻的美好愿望；英雄史诗《羌戈大战》，由序歌、羊皮鼓的来源、大雪山的来源、羌戈相遇、重建家园五部分组成，反映出古羌人在历史上曾有过的迁徙记忆。

民歌形式多样，内容丰富，大多是见景生情，即兴发挥，抒发出唱者不同的心境。主要分酒歌、山歌、情歌、时政歌、劳动歌、喜庆歌、丧祭歌等。其中，酒歌是专门在饮酒时唱，由老人引领，众人相和，内容多为颂扬英雄、先辈功绩和欢迎客人，礼仪性强。在松潘县小姓乡、镇坪乡、茂县赤不苏、较场等地至今还流行多声部民歌，演唱技巧独特。不仅有二声部、三声部、五声部、多声部，还有合声民歌的不同组合形式。

民间乐器主要有羌笛、口弦、唢呐、锣、钹、响盘（铜铃）、羊皮鼓、指铃、肩铃等。其中，羌笛最具特色，是六声阶的双管竖笛，演奏时多为独奏，曲调自由，大致分为劳动曲、爱情曲、迎春曲三类。其音层互垫，双音叠韵，音色柔和、悠扬婉转，表达出悲凉的意境。

羌族舞蹈具有强烈的艺术感染力和生命力。舞风古朴典雅，粗犷优美。主要分为自娱性舞蹈、祭祀性舞蹈、礼仪性舞蹈、集会性舞蹈四类，基本动作较为一致而各具特色。自娱性舞蹈最具代表性的舞种有“莎朗”和“席步蹴”，与节日、喜庆活动密切相关。祭祀性舞蹈主要指羊皮鼓舞和铠甲舞。羊皮鼓舞是一种带有古老历史沉淀的舞蹈，跳者以释比为主，在庄严的宗教祭祀活动中进行，以达到敬神、消灾、避难、祈福的目的。铠甲舞流行于茂县、黑水县一带，是为战死者、民族英雄和有威望的老人举行隆重葬礼时表演的祭祀舞蹈。舞者身披生牛皮铠甲，头戴插有野鸡翎和麦秆的头盔，肩挂铜铃，手执兵器，分列对阵而舞，吼声震天，威武雄壮，唱、跳和吆喝融为一体，表现出古代将士的英勇。礼仪性舞蹈是一种迎宾待客时作为礼仪内容之一的舞蹈，韵律特殊，胯部动作较多，表现了羌族原始古朴的审美意识。集会性舞蹈是以男性为主的集体舞。舞者唱着具有召唤性和示威性的歌曲，伴随着发出浑厚、威武的吼声，踏步走出不同的队列和阵形，反映出古代出征战士高昂的士气。新中国成立以来，羌族民间舞蹈得到了挖掘和抢救，经过艺术家们提炼改编的《铠甲舞》、《腰带舞》、《羌族锅庄》等舞蹈，在国内外产生了广泛影响。特别是1991年以来，阿坝州艺术馆推出的羌族莎朗舞，受到了各族群众的欢迎，更让众多的中外游人感受到羌族舞蹈特有的艺术魅力。

此外，在北川羌族自治县还流行花灯戏、马马灯、打围鼓等，具有浓厚的乡土气息。

羌族民间体育种类繁多。如推杆、拳下翻身、抱蛋、仰卧抱杆起、扭棍子、摔跤等。随着文化生活的丰富，增加了广播、电影、电视等新的文化娱乐形式，使羌族人民的生活更加丰富多彩。

羌族民间工艺别具一格，以挑花、刺绣最为出色。心灵手巧的羌族妇女，不需图稿，信手绘成各种优美的图案，绣成绚丽多彩的成品。题材取自世间万物，用挑、扎、绣、勾、纳、提、拼、扣、纤等多种针法，单用或混用，绣于头帕、衣服、腰带、裹肚、围腰、鞋袜、香包等局部地方，美观漂亮而耐用。羌族工匠打造的三足架（铜制或铁制），以及簪子、耳环、手镯、戒指等金银首饰；石匠凿制的石狗、石柱、门坊和碑刻等，精巧美观，表现出民间工艺的高超技术。

羌族服饰朴素美观，风格独特。各地略有差异。其中，汶川县的龙溪、绵虒、雁门，理县的蒲溪，茂县的赤不苏、黑虎、三龙、渭门，北川县的青片，松潘县的镇坪等地服饰具有代表性。头饰，男女包头帕。赤不苏一带的妇女盛行“一匹瓦”，瓦片状的青布上绣有花纹，用银牌、环扣点缀。黑虎乡的妇女以白布帕包头（被称为“万年孝”）。传说是为了纪念民族英雄黑虎将军。蒲溪妇女包头用黑色头帕，前端露出一块白色布块，人称“喜鹊头帕”。无论男女，都穿棉布或锦缎（过去为自制土布或麻布）长衫，右衽，比较宽松，形似旗袍。男衣过膝，女衫有的到脚背。色彩因年龄不同有所变化，中老年人多为单一的蓝色、黑色，年轻姑娘则喜欢艳丽的色彩。衣领、袖口和对襟有扎花，斜襟部嵌有一至三指宽的花纹，有的镶梅花形银饰，皆手工细作。纹式多样，色泽艳丽。衣衫外套无领、无袖、无扣的羊皮褂子，羊皮褂子四周露垂长毛，晴天毛向外，雨天毛向内，可用来防寒、挡雨、垫坐、垫背和负重。男女除了束腰带，女子还喜欢束花围腰和绣花飘带，男子系裹肚。在高山或半高山的羌族男女裹绑腿，以麻布或毡子缠绕。鞋类以自制的“云云鞋”最有特色。形似小船，鞋尖微翘，面上绣有云纹图案。未婚男子和姑娘穿绣花彩鞋，中老年人则穿素色圆口布鞋。装饰上，女性普遍喜戴银牌、领花、耳环、手镯、戒指、发簪，有的还在戒指上镶嵌玛瑙、玉石及珊瑚，有的胸前挂链珠和椭圆形的“色吴”。成年男子饰以腰刀、烟袋、铁火镰。

羌族饮食丰富。主食是玉米、洋芋、小麦、青稞，辅以荞麦、油麦和各种豆类，蔬菜品种多样。传统的饮食有搅团、玉米蒸蒸、“金裹银”或“银裹金”、洋芋糍粑、煮洋芋、猪膘肉。人们普遍吸兰花烟，还喜欢饮咂酒、“玉米蒸蒸酒”和蜂蜜酒。咂酒，是羌族地区流行的一种特殊的饮酒方式。

羌族一般在向阳、背风，有耕地和水源的高半山或河谷地带筑屋造房，由几户或几十户形成自然村寨。建筑大致分为两类：碉楼与碉房。碉楼属古代建筑遗存，汉代称“邛笼”。多矗立于关口要隘或村寨附近及中心，以石砌筑，外观雄伟，坚固实用，楼体呈四角、六角或八角形，上细下粗，棱角突出，结构严密，内有六七层，最高的达十三四层。碉楼已成为川西地区一大景观，彰显了羌族人民高超的建筑智慧。碉房也叫“庄房”，为居住用房。呈方形，一般分三层（也有两层和四层）。上层堆放粮食，中层住人，下层圈养牲畜。楼层之间用独木做的锯齿状楼梯连接。房顶可脱粒、晒粮、晾衣，四角设有塔形石龛，上置白石，为天神居所。中层楼内两端为卧室，中间为堂屋，是平时全家聚会、接待客人、欢庆歌舞以及举行祭祀的重要地方，内设神龛，供奉祖先、家神诸多神灵，并砌有火塘，火种终年不熄，有“万年火”之称。碉房的建筑，就地取材，以土石为料，不绘图、不吊线，也不用柱架支撑，均由当地的男劳力信手垒石砌成，他们巧妙地结合地形，分台筑室，碉房形式多样，层次不一，冬暖夏凉，牢固耐用。

羌族地区山高谷狭，交通险阻，勤劳勇敢的羌族人民凭智慧还架起了竹索桥、“悬筒渡索”的溜索和木架的挑桥，开凿了栈道。索桥在古代称“笮”，是将竹绳系在河谷两岸坚固的物体上，不用铁钉，没有桥墩，只是用多条竹索，并排横跨江面，上铺木板，以通人畜。栈道指凿岩成道，有的在陡壁上凿孔、架木、铺板而成悬空通道，有的在道路中断之处用片石砌成保坎，将木梁置于保坎上，以便通行。今天在羌族地区仍然可以看到大量的栈道遗存。

羌族家庭基本上是一夫一妻制的父系家长制家庭，由祖孙三代或父母、子女两代组成。每个家庭就是一个生产和生活的单位。儿子成婚后，要另立门户，独子或幼子随父母生活。父亲主要安排和支配家中的经济生活，决定子女的婚姻大事和财产继承问题，组织或参与宗教祭祀与对外社交等活动；母亲主要是参加劳动生产和操持家务。舅权在婚姻及家庭中占有较重要的地位。如遇男女婚事，必须事先得到母舅应允才行；母死必经母舅的同意方可入葬；分家由母舅主持；母舅有对小辈进行管教和抚养的责任和义务等。

新中国成立前，羌族男女婚姻遵循“父母之命，媒妁之言”，存在“指腹婚”、“怀抱婚”、“童子婚”、“买卖婚”等婚姻形式。婚姻讲究门当户对，有转房、入赘、抢婚的习俗。新中国成立后，自主婚姻逐渐居多。但传统的礼仪程序一直保留至今。随着羌寨经济的发展，人们生活得到改善，昔日的婚姻仪式更增添了新的内容。传统和现代相结合，将羌族的传统文化发挥得淋漓尽致，更增添了喜庆气氛。

婚嫁仪式主要有订婚和结婚。在羌寨，媒人被称为“红爷”。如果男子对女子有意，男方家就会备礼，请红爷到女方家提亲。女方家要征得母舅同意才可允婚。之后，红爷会带上猪膘、酒等礼物，去女方家吃“许口酒”。数月或数年后，男方家又请红爷携礼到女方家，以“小订酒”招待近亲，并请释比测算双方生辰八字，定下结婚吉日。随即，男方家要备重礼前往女家报期，并在女家办酒席，即“大订酒”，作为正式订婚礼，欢宴女方整个家族。此后，两家开始婚礼筹备，期待着“女方家花夜、男方家正宴”好日子的到来。“花夜”意即为新人举办的喜庆晚会，是结婚最为隆重的一道程序。一般在娶嫁的前一天晚上举行，男方办的叫“男花夜”，女方办的叫“女花夜”，男的庆祝娶妻，女的欢送出嫁。这一天，女方家高朋满座，桌上放着咂酒和12盘“干盘子”（即花生、核桃、红枣、柿子、苹果、桔子、糖果等，饱含圆满、吉祥、喜庆之意）。男方家派出的能说会道的迎亲队伍会受到热情的款待。双方要按照习俗进行盘歌比赛。盘歌即以歌盘问之意，方式为一问一答，所唱内容广泛，形式随意而风趣。次日清晨，舅舅给身穿嫁衣的新娘披上红绸，新娘哭嫁，拜别父母、兄长和族人。到男方家门口，释比要做祭祀神灵的仪式，驱赶附在新娘身上的“煞气”后，再向新人祝福。众人为新人举行“挂红”仪式。新人在神龛前行礼，一拜祖宗创业恩，二拜父母养育恩，三拜夫妻偕白头，四拜子孙个个强，再拜亲人和宾客，最后夫妻对拜。拜堂后新娘就正式成为男家的人了。随后，众人欢宴。当晚，男家父母点香敬神，对新人祝福。所有来宾在院坝围着熊熊篝火跳起欢快的莎朗舞。次日即谢客日，主人再备两桌宴席“谢客”。新人要带一个猪头、一根猪尾巴感谢红爷，表示有头有尾，圆圆满满。婚后第三天，新婚夫妇要“回门”。由新郎及弟兄背着酒肉送新娘回家。新郎仅在女方家小住几日，而新娘可以住数日、数月，甚至更长的时间，才由丈夫接回，开始家庭生活。

羌族至今保持着古老的人生礼仪。孩子出生后，女婿要携礼向岳母家报喜。亲友带着衣物、祝米、鸡蛋和挂面看望产妇。有的地方，有生子后在门前挂靴的习俗，若生女，鞋面向上，若生男，鞋面朝下。生子后，要请释比做法，忌讳生人到家。羌族姓氏普遍为汉姓。一般随父姓，取名的方式不尽相同，有的请释比取名，有的由长辈或按照个人意愿来取名。孩子满月和满岁后，家人还要宴请亲友吃“满月酒”和“满岁酒”。孩子脖子上戴长命锁，以避邪祛病，保平安健康。

羌族男子在年满十五周岁时要举行成年礼（冠礼）。一般在农历十月至十二月举行。届时，请来亲朋好友，围着火塘而坐，受冠礼者身着新衣，朝家中神龛下跪叩拜，并接受释比代表天神馈赠的礼品——用白色公羊毛线栓系的五色布条，作为护身符围在脖子上。再由族中长辈叙述祖先历史，或由释比诵经祷告，祭祀家神及诸多神灵。

羌族的葬式有火葬、土葬、岩葬。火葬的历史最为悠久，《吕氏春秋•义赏》载：“氐羌之虏也，不忧其系累，而忧其死不焚也。”《太平御览》引《庄子》佚文：“羌人死，焚而扬其灰。”直至清朝中期，火葬仍在茂县沙坝、赤不苏、较场等地保留下来。每个家族有自己的火坟场。大部分地区由于受汉族影响，加上得到封建王朝的提倡，将土葬作为主要葬式，并一直保留至今。各村寨都有遇丧不请自到、协助料理丧事的习俗。丧家需及时通报亲属，向母舅家禀告逝者去世前后的情况，请释比杀羊祭祀、测算下葬时日。一般三天之后，众人在风水宝地下葬逝者。其家人要在新坟前点篝火，烧柏枝，敬香蜡、烟酒、肉类，以示祭奠。葬后三日，再备祭品，并修整墓地。到此时，丧葬礼仪才告结束。崖葬主要存在于北川一些地方。如果儿童不到三岁就夭折，用蜂桶或简易木箱装殓，置于山岩洞穴中。

羌族热情好客。客人到家，要鸣枪放炮表示欢迎，并让客人坐上位，主人献茶敬酒表示祝福。有挂红习俗，表达对客人的尊敬、对新人的祝福、对英雄的敬仰和赞美之情。

羌族有敬老的传统。人们饮咂酒时，先由年长者用羌语致开坛词，意为向神灵祈福，然后依照辈份高低、年龄大小、主客身份顺序，用酒杆吸饮。宴席中老人坐上位，待其就座，其他人才能坐下。路遇老人，要尊称、让路。歌舞时由老人领唱。讲究为老人祝寿。

羌族重视春节。春节又称“过大年”，是羌族人家团年的重要日子。从农历腊月二十三起，家家户户就要扫尘、敬灶，备好丰盛的年货。除夕之夜，要烧猪头肉敬献祖先和神灵。全家人坐在一起热热闹闹地吃团年饭，再围坐在火塘四周守岁。一般初一不劳动，不走人户。初二以后开始亲戚朋友之间的走访。正月十五闹元宵，正月三十要送年。家家户户张灯结彩，举办各种娱乐活动。

此外，羌族还要过清明、端午、中秋、重阳等节日，但最有特色的，当数羌历年、祭山会和领歌节。

羌历年，羌语称“日美吉”，即“吉祥欢乐的日子”。又称”过小年”。原是在秋天收获粮食后，祭祀神灵和祖先，向神还愿的重大节日。每年农历十月初一举行，各地欢庆的时间不一，一般为三到五天，有的村寨要过到初十。主要的活动是还愿敬神和吃宴席。羌历年在20世纪80年代曾一度停止。1988年恢复，成为羌族人民共同的节日。在羌区各地，每年都要举行各种庆祝活动。

祭山会是羌族最隆重的传统节日之一。又称转山会、塔子会、祭天会、山王会、山神会或者碉碉会。是羌族对代表着天神、山神等诸多神灵的白石神进行祭祀的活动，也是人们祈求保佑来年人畜兴旺、五谷丰登、地方太平、森林茂盛的大典。因各地气候差异，举行的时间、次数并不统一，有正月、四月、五月之分，亦有每年举行一次或二、三次。

领歌节，羌语称“瓦尔俄足”。主要流行于茂县曲谷一带。每年农历五月初五举行（如该寨有13岁至50岁妇女死亡，则当年不举行）。是为了纪念天上的歌舞女神莎朗姐。整个节日活动持续3天时间。妇女们尽显其能，忘情欢跳莎朗，农事和家务事皆由男人操持。

羌族民间存有一些禁忌。如：火塘是神圣的，任何人不得跨越火塘，不能在火塘边吵架或说不吉利的话。火塘边座位男女有别，坐错了会得罪火神。家中有人生病，忌见生人，要在家门外立一条板凳，以谢绝外人进入；正月初一忌大声叫骂，不能动用火钳、绳子和菜刀；禁止妇女参加重要的宗教活动；孕妇不能进新婚夫妇的新房，怕压喜；新娘出嫁时不能回头看，以避免招来霉运失财；孩子未满月前，妇女不得入灶房，否则会得罪灶神和家神。

（摘自《民族问题五种丛书》之《中国少数民族》"
布朗族	"我国布朗族总人口为119639人（2010年），主要分布在云南省西部及西南部沿边地区，其中，约有3万多人较为集中的聚居于西双版纳傣族自治州勐海县的布朗山、西定、巴达、打洛、勐满、勐岗等乡镇，约有5万多人散居于双江、保山、施甸、昌宁、云县、镇康、永德、耿马、澜沧、墨江等市县，布朗山布朗族乡是我国布朗族最大的聚居区，约占布朗族总人口的65%。此外，南涧、景东、景谷、思茅、景洪、勐腊等市县的山区亦有少量分布。主要聚居区的布朗族长期以来和哈尼、拉祜、佤族相邻，散居的布朗族与汉、傣、哈尼、拉祜等族人民亲密相处，十分友好。

布朗族有多种自称，居住在西双版纳的布朗族自称“布朗”或“巴朗”，临沧市和保山市的自称“乌”，墨江、双江、云县、耿马等地的自称“阿瓦”或“瓦”，思茅的自称“本族”，澜沧县文东乡的自称“翁拱”，镇康、景东的自称“乌”或“乌人”。过去，其他民族对布朗族的称呼也各不相同：双江傣族称之为“腊”，拉祜族称之为“卡帕”、“卡普”，西双版纳傣族称之为“闷”，哈尼族称之为“阿博”或“阿别”，当地汉族及彝族称之为“蒲满”或“濮曼”等。新中国成立后，根据本民族的意愿，统一称为“布朗族”。

布朗语属于南亚语系孟高棉语族布朗语支，可分为布朗和阿瓦两大方言区。布朗族没有自己民族的文字，除使用本民族的语言外，一部分人会讲傣语、佤族语和汉语，西双版纳布朗族人兼用傣语的较多。

中国的布朗族多居住在滇西南澜沧江和怒江中下游两侧低纬度高海拔的半山区。布朗族居住的地区一般分布在北纬25°以南的北回归线附近，处于海拔1500米至2000米的山岳地带。这里地形复杂，山高谷深，海拔高差悬殊较大。因受印度洋暖湿气流和西南季风影响，气候随地势高低呈垂直变化，温带、亚热带、热带等多种气候类型具备，而在同一地区高山河谷之间又形成独特的“立体气候”。冬天最低气温约3-4℃，夏季最高可达30℃，年平均气温在19-22℃之间，雨量充沛。西双版纳西定和布朗山的年平均降雨量，分别达1209.3毫米和1374毫米，充分体现出布朗族地区“一山分四季，十里不同天”的立体气候特点。

布朗族地区独特的自然环境，为动植物提供了良好的栖息、生长条件。在莽莽原始森林里栖息着金钱豹、云豹、绿孔雀、白鹇、原鸡、白腹锦鸡、红腹锦鸡、蜂猴（懒猴）、飞貊等诸多珍禽异兽。其中属于云南省一类保护动物的就有风猴、金钱豹、云豹、犀鸟等。这里生长着云南杉、云杉、松（云南松、华山松、思茅松）、柏、楠木、香樟树、桉树等优质木材以及紫胶寄主植物、橡胶、各种竹类、柑橘类等经济林木；盛产野三七、龙胆草、贝母、麝香、鹿茸、何首乌、灵芝、三棵针、仙鹤草、茯苓等珍贵药用植物；雷九菌、灵芝菌等食用菌和胡椒、砂仁、草果等药材香料植物也是布朗族地区的特产。充沛的雨量、温热的气候，使布朗族地区盛产热带、亚热带、温带的各种水果，如芒果、菠萝蜜、芭蕉、绣球果、香瓜、番石榴、番木瓜等，此外，还有橄榄、多依、鸡素子果等野生水果。布朗族山区的地下还蕴藏着丰富的矿产资源，如金、银、铜、铁、煤、云母、大理石等。

布朗族以种植旱稻（陆稻）、水稻、玉米、小麦为主，豆类、杂粮（荞、土豆、芋头等）次之；经济作物有茶叶、棉花、甘蔗、烟叶、麻类及各种蔬菜。自古以来，茶叶就是布朗族先民栽培的著名物产，布朗族所居之地多为云南今日盛产茶叶之地，是云南大叶种茶叶的主产区。闻名遐迩的普洱茶，早在清代就是云南珍贵的贡品，为当时国内的珍贵饮料，到清代晚期，普洱茶已为士庶人家普遍饮用。时至今日，布朗族地区仍是“普洱茶”、“勐库茶”的主要原料产地之一。

【历史沿革】

史学界一般认为布朗族源自古老的“百濮”族群。中国古籍中很早就有对百濮的记载，《尚书•牧誓》中提到参加周武王伐纣的西南诸部落中就有濮人。史学界根据《华阳国志》记载，认为“哀牢”与濮人的关系密切，永昌（治所在今保山南部）一带是古代“濮人”居住的地区；“濮人”部族众多，分布很广，很早就活动在澜沧江和怒江流域各地其中操孟高棉语的一支可能就是现今布朗族的先民。濮人在我国史籍中有过许多称呼，秦汉时称为“苞满”、“闽濮”，魏、晋、南北朝时称“闽濮”，隋、唐、五代、宋朝时期称为“朴子蛮”，或“扑子”、“朴子”、“扑”、“蒲满”、“蒲人”等，元、明、清时期称为“蒲满”或“蒲人”等。

自西汉王朝在云南设置益州郡，下辖嶲唐（保山）、不韦（保山以南）等县，濮人地区就纳入了西汉王朝郡县的范围。西晋时，永昌濮人的一部分向南迁移至镇康、凤庆、临沧一带。唐宋时期，“扑人”受南诏、大理政权统治，主要从事采集和狩猎的经济生活。此后，逐步过渡到从事农业生产。元初，滇西蒲人已使用铁锄，其首领每年以一定数量的铁锄作为贡纳，上交元朝政府。明朝典籍记载说：“蒲人……事耕锄，……知汉语，通贸易”。明朝设置顺宁府（今凤庆一带）时，即以蒲人中的贵族充任土知府。经过长期的民族迁徙和部落、部族的分化融合，原先居住在澜沧江和怒江中下游的濮人的一部分，发展为今天的布朗族。

布朗族是富有斗争传统的民族，为反抗历代的封建统治者，曾和其他民族一起举行过多次起义。其中以清咸丰十一年（1861年）墨江哈尼、布朗等族人民的起义规模最大。起义由田四浪（哈尼族，又名政）领导，起义群众达数千人之多，一度攻占了镇源、墨江的大部分地区，斗争坚持七八年之久。

民国时期，布朗族人民也不断地进行反抗斗争。1940年前后，西双版纳西定的布朗族人民奋起反抗国民党军队的残暴统治，并在拉祜、哈尼等族人民的支援下击溃国民党政府派出镇压的军队。布朗族人民还不断反抗傣族土司和本民族当权头人的统治。1943年西定曼瓦寨的布朗族人民，进行了反抗头人征粮的斗争，群众拒绝交粮，最后将大小18个头人的反动统治全部推翻。

19世纪中叶以后，布朗族人民参加了各族人民共同反对英、法帝国主义侵略我国云南边疆的爱国斗争。抗日战争时期，布朗山和西双版纳西定的布朗族人民，曾经与汉、傣、哈尼、拉祜等各族人民一道，共同抗击日本和暹罗军队对西双版纳的侵略，在捍卫祖国边疆的斗争中作出了贡献。

新中国成立前，布朗族的社会发展很不平衡，大体可以分为两类地区。一类以居住在临沧地区和思茅地区的布朗族为代表，由于长期与汉族及其发展较快的民族杂处，受其经济和文化影响较深，他们的社会经济发展较快，保甲制度已遍布这些地区。除坟园、森林尚保留有村社公有的性质外，其余土地已经完全属于私有，地主经济早已确立。地主富农通过高利贷、典当、买卖、抵押和凭借政治特权，霸占良田沃土。在这种体制下，各阶层对生产资料的占有已显示出十分的不平衡。例如双江县邦驮乡的一个布朗寨中占总户数6%地主占有了全寨水田总数的30%以上。广大贫苦农民不仅深受本民族地主、富农压榨，还遭受汉族和其他民族地主、富农的盘剥与掠夺。国民党政府与当地地主恶霸勾结在一起，横征暴敛，拉丁派款，更加深了布朗族人民的苦难。

另一类以聚居在西双版纳布朗山、西定和巴达一带的布朗族为代表。他们很早就受傣族封建领主的统治，布朗族人民每年必须向傣族领主交纳一定数量的货币或实物作贡物。傣族领主在布朗族内部册封一些世袭头人，叫做“叭”，每个“叭”管辖若干寨子，这种辖区也就是向傣族封建领主纳贡的单位。傣族土司还通过分封自己的家臣和亲属为“波朗”（职官名）直接控制各“叭”，加强对布朗族人民的统治，使布朗族的社会经济结构、政治组织以及意识形态各方面受到很大影响。但是傣族统治阶级还不能把自己民族的生产方式完全强加于布朗族，而在一定程度上让原来的生产方式维持下去，满足于征收贡纳。这种统治在布朗族社会从家族公社向阶级社会转化的过程中，留下了深刻的烙印。

新中国成立前，西双版纳布朗族社会存在的土地所有制，还不同程度地保留着家族公有、村社公有和私人占有等3种土地所有制类型。少数布朗族村寨还保留有由同出于一个祖先的若干个家庭组成的叫做“戛滚”的农村公社。每个家族包括五六户至二三十户小家庭。在家族范围内的土地、森林、牧地均属于“戛滚”即全体成员公有。每年春耕前由家族长主持按户分配一次土地。收获全部归各户所有。这类土地私人不能买卖，家庭或个人只有使用权。但是，随着社会的发展，家族公有制逐渐衰落。

在西双版纳布朗族中存在着村社公有土地所有制。每个村寨由几个至十余个不同血缘的家族（“戛滚”）所组成，一般有100户左右。生产工具、房屋、牲畜等属个体家庭私有；土地、山林、水源等属于村社公有。各家族对于村社公有地实行长期占有使用制，通过家族内每年定期分配土地实现单户生产，其收获为各户所有。村寨以上的头人“叭”则完全由傣族土司册封，他们接受傣族领主赐给的铁链、银刀、金伞后，充当傣族土司统治布朗族人民的代理人，定期为傣族领主收缴税贡，摊派劳役，征集兵员等。

当时，在家族公有和村社公有的土地内，已经出现土地私有制。个别村寨内土地私有程度较深，耕地、宅地、茶园大部分已通过频繁的买卖或变相掠夺等形式，转变为头人、富裕户所私有。很多村社成员丧失了土地，沦为富裕户的佃农，这类土地具有完全私有的性质，即可自由买卖、典当、出租给任何人。各家族民主产生的村寨头人和家族长，往往凭借自己的地位，长期占有使用数量多质量好的土地，有的还具有一定的特权。由于土地占有不平衡，私有制的产生和发展以及傣族土司和国民党的残酷掠夺，促使高利贷、雇工、租佃等剥削关系发展起来。随着各村寨内部阶级分化的产生和发展，原始公有制便日趋解体。

【风俗文化】

布朗族居住在山区，气候温和、雨量充沛，十分利于植物生长，所以，“靠山吃山”是山地民族生存的一大特点。像其他山地民族一样，得天独厚的地理环境和丰富的自然资源，尤其是广袤的森林资源，使得布朗族适应自然并从自然获得生存的方式主要就是采集、渔猎和刀耕火种。这样的生存方式就形成了稳定的生产风俗文化。直到今天，虽然现代农业正在逐步建立，但是某些地区20世纪70年代以前，刀耕火种依然较为盛行，采集和渔猎仍然是人们维持日常生活的补充手段。

过去，布朗族的刀耕火种创造出人随地走、地随山转的轮耕法，一般把村寨的土地划分为若干片，在严格的规划下，实行有序的轮垦，使地力得到休息，避免毫无节制地砍树烧山，以保证刀耕火种农业的正常进行。

布朗族的传统纺织技术十分高超，在历史上享有盛誉。布朗族的服装多是自制的土布做成的，以蓝、黑二色为主。其纺织原料是自种的棉花、苎麻和葛线麻等。用棉花和苎麻可以纺织成土布，用苎麻和葛线麻可缝麻袋或挂包。布朗族的纺织技术起源甚早。千年以前的汉文史籍中就有濮人以木棉织布的记载。《广志》说：“木棉濮，土有木棉。”“黑僰濮，出桐华布。”《华阳国志•南中志》永昌郡条说：“有梧桐木，其花柔如丝，民绩以为布，幅广五尺，洁白不受污，俗名曰桐华布。”西汉初年，这种用木棉纺织的布曾被蜀商大量运往关中一带销售，属当时的上等纺织品，倍受世人的青睐，以至于规定了它的交换价格，说明当时濮人的纺织手工业发展水平已经很高。明清时代，康熙《楚雄府志》卷一说：“蒲蛮，山居火种，妇人织火麻布为生。”乾隆《景东直隶厅志》卷三载：“蒲蛮，女织棉布。”又据道光《普洱府志》卷十八：“黑濮，宁洱有之……颇知纺织。”这些史料说明了布朗族先民的纺织历史久远，曾经拥有杰出的纺织技术。今天，在布朗族地区，仍可以见到一些妇女沿袭祖传的纺织技术，精心制作布料和手工艺品的情形。

布朗族的纺织机有腰织机和水平织机两种。腰织机是自制的，结构简单，由织篾、梭筒、腰带、木砍刀（即挡纱板）、竹筒、竹棍等组成。纺织方法也很容易掌握，前边用一根粗细适中、约1.6米的竹筒横拴在两根柱子上，将纱线叠成双层，在此筒上滑动，作为经线。靠近织布人一端也有一个较细的竹筒，把纱线绷紧拴在腰部，经线的中央夹层还安置一个小竹筒和竹棍，用来上下分纱。妇女坐在小矮凳上，双足向前方蹬紧，然后用左右手来回地将细竹棍引线穿纱，同时还要用双手操纵挡纱板不断地把纬线挡紧。一个技术娴熟的妇女，若是不停地织，每天能织出30厘米宽2.5米长的白布。织出的布可用来缝制上衣、筒裙、包头巾、背小孩的背带、裹足布等。纺织品种有斜纹布、平布和彩锦。如将棉线染成红线、黑线、蓝线，可以织成各种条纹花布，美观大方，深受群众喜爱，也是缝制筒裙的好衣料。近代，布朗族妇女从傣族那里学会了使用水平织机，纺织技术有了进一步发展。至今，在双江布朗族村寨里，家家户户都有老式的压棉机、纺线机和织布机。他们依然自己种棉花、织布和做衣服。特别是双江布朗族妇女善织“葛布”和“阿娃毯”，远近闻名。

布朗族的服饰文化别具一格。生活于群山和森林之中的布朗族，以其独特的方式装扮自己，注意突出个性。由于偏爱黑色，他们的服色往往以黑色和青色为主。从各地布朗族男子的着装来看，差别不大。男子上身着黑色或青色无领或圆领长袖对襟短衫，下着黑色宽裆裤，裤腿短而肥大，头裹黑色或白色布料包头。男子有佩带手镯的习惯。青年男子头缠黑色或青色包头巾，老年男子喜欢蓄长发，将发辫盘于头顶，用白色头巾包头。而今除了老年人穿大裆裤外，中青年男子一般都改穿汉装。

布朗族妇女的服饰则更多地保留了传统特色。西双版纳等地的布朗族妇女，上衣为左右两衽的无领窄袖短衫，或黑或白或蓝，紧腰宽摆，双襟在胸前交叉迭合，衣角两边各有一条飘带，以布带代纽系于左侧。上衣下摆、袖口等边沿饰以各色滚条和花边。上衣里面还穿有一件对襟圆领无袖贴身小背心，领口及胸襟处饰以各种彩色花边，胸襟上钉有一排小纽扣，背心多由色彩艳丽的净色布缝制而成。天热时，单独穿上这样的贴身背心，布朗族女性的曲线美得到了充分展示。下穿双层筒裙，外裙为黑色，膝部以上织有红、黄、黑等彩色横条花纹。膝部以下拼接黑色、蓝色或绿色布，用银腰带系裙。内裙为白色，比外裙稍长，裙脚边镶饰有彩布滚边和花边，可谓五色俱全。

布朗族妇女均挽髻于顶，挽髻处插有“三尾螺”簪，逢喜事盛会，发髻上还别有多角形银牌，髻下系有银链等装饰品。头缠黑色、青色包头巾。布朗族女性自幼穿耳，喜戴银质的耳塞和耳环，大耳环坠于两肩，耳环上饰以红、黄的花。年轻姑娘多用鲜艳夺目的丝线或毛线编织彩穗或彩绒球花装饰耳塞，有的下垂至肩，妩媚动人。随着头部的摆动，耳饰一同荡漾，极富动感和青春的活力，给人以轻盈飘逸的感觉。手臂箍有数圈银臂镯，手腕部戴3厘米左右宽的银手镯，胸前佩戴银项链以及各色玻璃珠。年轻姑娘喜在头上佩戴鲜花，中老年妇女则爱以护腿布缠腿。

文身是布朗族先民遗留下来的古老习俗。布朗族男子在十四五岁时就要施行纹身，在四肢、胸、腰、腹部和背部刺上各种各样的花纹图案。文身图案颇多，大致可分为鳞刺、字刺、形刺和蕨刺等4种。鳞刺形若鱼鳞又不全似鱼鳞；字刺即将傣文字母按所谓“咒语”或巫术需要排列成表格，刺在身上；形刺大多是动物图形，常见的有龙、虎、狮、象等；蕨刺其形若嫩蕨之尖叶。不论刺哪一种，都按“咒语”、巫术的需要构图。新中国成立后，随着科学文化知识的普及，文身习俗逐渐发生了变化。

布朗人以大米为主要食粮，以玉米、豆类为辅。布朗族人饮食特点是以酸、辣、香、凉、生为主，烹制方法主要有煮、炒、蒸、炸、烧、烤、腌、生食等8种，虽然烹制技术简单，但仍有自己独特的风味。

布朗族不仅喜食酸鱼、酸菜、酸笋，而且喜欢饮用一种独具民族特色与地区特色的饮料——酸茶。酸茶制法是：先将新鲜茶叶煮熟放在阴凉处，待茶叶变酸后置于竹筒中，塞紧，再用竹笋叶将竹筒包好埋进土中，三四个月后取出，即成酸茶。

制茶、饮茶也是布朗族的一大特点。布朗族善于制茶，长期的种茶实践使他们积累了丰富的制茶经验，布朗族妇女个个都是制茶能手。每年四五月，她们将采回的嫩毛尖放进锅里炒干，趁热装入带盖的竹筒，放在火塘边烘烤，待竹筒的表皮烤成焦状时，喷香可口的竹筒茶就制成了。生活在茶乡的布朗族人品茶极为讲究，他们的烤茶更是别具特色：将茶叶放入特别的茶罐中，放在火塘边烘烤，扑鼻的香气冒出时注入滚烫的开水，浓郁香醇的烤茶就制成了，这是布朗族人待客的上品。

布朗族的用茶方式可谓多种多样，除了饮用外，还保留以茶入药、以茶入食的古老食俗,茶在布朗族的生活当中起着举足轻重的作用。您若到布朗人家作客，热情好客的布朗人总会带着微笑为您端上一杯浓郁香醇的茶水。客来敬茶是布朗人的传统礼仪。

布朗族的传统住房为干栏式竹楼，为竹木结构，既可通风防潮又能避开野兽的侵扰，比较适合山区的地理环境和气候特点。布朗族人建盖房屋的时间多选择在二至四月或十月进行，一家修建竹楼，几乎全寨成年人都来相帮，二三日即可告成。一般竹楼可住20年，每隔两年就要用茅草翻盖屋顶。布朗族认为，住房主宰着全家老小的平安，因而在建房的过程中，从合土、破木、竖柱到最后迁入都要举行一系列的祭祀活动。

布朗族的传统房屋分上下两层，楼下关牲畜、堆放柴禾、农具，安装脚碓和织机等；楼上住人，室内中央设火塘，供做饭、取暖、照明之用。楼下地板用龙竹剖开压成宽竹板铺垫而成；卧室与待客之处铺以篾席，进屋必须脱鞋。屋内所有家具几乎全用竹材做成。室内四壁不开窗口，光线十分暗淡。楼室分堂屋、火塘、住室等3个部分。以竹片编织四壁，铺设楼板，空隙很大，但通风却很好。室内无隔板，堂屋、火塘、住室相通。火塘呈一方形，设于屋子中央，上面放置一个铁三脚架，以供烧水煮饭，火从不熄灭。

改革开放以来，布朗族的住房条件也得到相应改善。人们开始改用木板铺楼,并将堂屋与住室用木板分开。以瓦片覆顶，瓦顶镶嵌玻璃亮瓦，结实的木板墙、木板楼代替了昔日的竹笆墙和竹笆楼，但建筑风格基本不变。还有少数致富能手开始建盖钢混结构的楼房。

布朗族的婚姻是一夫一妻制，青年男女从恋爱到结婚都较自由，但也有受到父母干涉的现象。丧葬习俗各地大致相同。一般村寨都有公共墓地，并以家族或姓氏划分开来。通行土葬，但凶死者，有的地方行火葬。

布朗山的布朗族人一般实行母子连名制，没有姓只有名，小孩出生3天拴线命名，将母亲的名子连在孩子的名子之后。凡男子都在名字前加一“岩”字，女子都在名字前加一“伊”字。

布朗族的节日与农业生产和宗教活动有着密切的关系。西双版纳、澜沧、双江等地区的布朗族受傣族的影响，信仰小乘佛教，宗教节日尤其繁多，如“考瓦沙”（关门节）、“奥瓦沙”（开门节）、桑堪比迈（新年）、尝新节和以“赕”为中心的各种节日活动。施甸布朗族与汉、彝两个民族杂居，节庆多受汉、彝民族的影响，节日绝大多数与汉族相同，只有少数节庆还保留本民族固有的特点，主要节日有春节、清明节、端午节、火把节、中秋节等。

在众多节日中，布朗族的年节——“桑堪比迈”最为隆重和盛大。“桑堪比迈”的时间多在傣历六月中旬，公历的四月中旬。“桑堪比迈”意即六月新年。西双版纳布朗族的主要活动有浴佛、为家族长洗礼、泼水等，故又称泼水节；临沧地区的布朗族年节的活动主要是堆沙和插花，故年节又称“堆沙节”或“插花节”。过年的时间一般为3天：第一天的活动主要是打扫居家住室、村寨，清洗衣物被褥、炊具餐具，洗澡、梳妆打扮；第二天杀猪宰牛，备办酒席，做糯米粑粑和糯米黄花饭，准备过年所需的酒及其他食品，与亲朋好友共度新年；第三天，西双版纳布朗族称为“麦帕雅宛玛”，意为日子之王来临之日，是新年伊始之日。这天早晨，村民们用竹筒抬来清水供僧侣浴佛，冲洗佛像上的尘埃。每一“嘎滚”成员要向家族长“松玛”行跪拜礼，这是布朗族自古就传下来的规矩。各户要备办两份糯米粑粑，每份上面插上一对蜡条、两朵鲜花送到家族长家。一份放入家族长卧铺上方的“胎嘎滚”内，作祭祀家族神用；另一包献给家族长。各家先给家族长行跪拜礼，然后由各户的男性家长为家族长洗礼，即用少许清水为家族长象征性地洗头、洗脚。边洗边祝福家族长身体健康、长寿延年。祝福完毕，家族长带领“嘎滚”成员一同在供奉祖宗的“胎嘎滚”前祭祀祈祷，然后以“嘎滚”为单位各自到寨子里滴水、祭祀。中午以后，人们穿着崭新的服装，在赶摆场上燃放高升，敲锣打鼓、载歌载舞，即兴跳起刀舞、蜡条舞、圆圈舞等民族舞蹈，共同迎接日子之王的到来。

布朗族民间流传着许多优美动人的口头文学作品，体裁多种多样，包括了民间故事、神话、传说、歌谣、史诗、叙事诗、谚语、谜语等。其中如开天辟地神话《艾丝露勐坤》，图腾和祖先神话《削木成人》、《葫芦生人》，文化起源神话《火与石》，民族迁徙史诗《从勐茅来的人》、《来自“洪勒南三黑”》，等等，直接或间接地反映了布朗族历史情况；而流行于西双版纳长篇叙事诗的《道高朗》，讲述布朗小伙子与傣族小姐恋爱悲剧的故事，哀婉动人，极富于民族特色。这些文学作品题材广泛，优美动人，真实地表现了布朗族人民在各个历史时期的生活轨迹。

在布朗族的日常生活中，民歌是不可缺少的精神食粮。布朗族民歌，内容丰富，曲调繁多。每逢结婚、迁新居、过年节或劳动之余，年轻人都爱对歌。按其音调布朗族民歌大体可分为“索”、“胜”、“宰”、“拽”、“脱麻”等几种。这些曲调也因地区差异而各具特色。布朗族是一个能歌善舞的民族，凡节庆婚礼等皆离不开歌舞。

布朗族的音乐绚丽多彩、曲调优美。虽然各地的音乐曲调稍有差异，但各有很浓的特色，西双版纳一带的布朗族的布朗调分为索、森、缀、宰等四个基本曲调。索调在西双版纳布朗族民歌中是最主要且最具代表性的曲调，旋律委婉抒情，节奏轻快活泼，以小三弦伴奏，多用来歌唱爱情、新人新事等。森调婉转悠扬，用四弦琴伴奏，多用于演唱风俗、史诗、长篇故事传说，引经据典教育后代或叙家常。缀调古朴典雅，随和自由，可高亢，可低沉，一般在喜庆时唱，歌手贺新房、贺新婚时，多用这种调式，演唱过程中常出现近乎于吟颂的歌词。宰调欢快活泼，是一种对歌调，对唱范围极广，主要涉及爱情、生产、教育后代等。歌唱时各种曲调固定不变，歌的内容则可根据不同的场合，即兴编唱，以表达不同的思想感情。

布朗族的乐器有打击乐器和管弦乐器两种。打击乐器有鼓、铓锣、钹镲、鱼罄等，其中鼓的种类较多，有大鼓、长鼓、象脚鼓、手鼓、木鼓、蜂桶鼓等，多在宗教活动中使用。管弦乐器有唢呐、羊角号、牛角琴、竹笛、洞箫、三弦、四弦琴、葫芦笙、响篾（口弦）、叶笛等，主要在婚礼、打歌场或喜庆节日中使用。

时至今日，各布朗族聚居区和散居区的音乐文化经过长期发展，已经形成了四种音乐文化风格区域类型：以西双版纳勐海县的巴达、西定、打洛、关双和思茅地区澜沧县蛮景等布朗族聚居区为代表的原存音乐文化风格区；以勐海县布朗山为代表的傣化音乐文化风格区；以临沧地区各县布朗族散居区为代表的傣化、汉化音乐文化风格区；以保山施甸县和思茅墨江县等地的布朗族为代表的汉化音乐文化风格区。

布朗族有着丰富多姿的舞蹈艺术，歌与舞常常形影相随，密不可分。民间舞蹈分为歌舞、鼓舞、武术舞3种。西双版纳布朗山一带的布朗人喜欢跳“刀舞”，舞姿矫健有力，青年男女在一起喜欢跳“圆圈舞”；墨江布朗族逢年过节或婚娶佳期，盛行“跳歌”；施甸布朗族地区主要流行圆圈舞和二排舞。在布朗族的传统歌舞中，以鼓舞最具特色，而鼓舞又以双江布朗族的蜂桶鼓舞最为有名。蜂桶鼓舞布朗语叫做“克广”（跳鼓），因其形似蜜蜂桶而得名。它是一项群众性舞蹈，参加人数不限。舞蹈分三步舞和五步舞两种，由男女两队组成，以象脚鼓、铓、镲等作伴奏。动作大方、粗犷、潇洒，舞步刚健有力，节奏明快热烈，场面壮观动人，具有强烈的感染力和震撼力。信仰佛教的布朗族将蜂桶鼓舞纳入重大的佛教活动中，舞姿和舞步保持不变，逐渐成为插花节的专用舞蹈，并一直流传至今。此外，蜂桶鼓除在插花节、开门节、关门节时可以敲响外，平时不能随便乱敲，因为平时的鼓声是向外寨发出报丧信号。

茶在布朗族的生活中占有重要的位置，人们把茶视为圣物珍品，用于祭祀、婚丧，或作为礼品馈赠亲朋好友。由于人们对茶的需要、珍视以及感激而使得茶树最终升华为神灵。因此，布朗人在采摘春茶前，都要祭献“茶树王”，对它顶礼膜拜。茶被神圣化对茶树茶种的保存具有重要的作用，宗教禁忌避免了人为地破坏茶树茶林。

此外，传统禁忌也在一定程度上规范和约束了人们的行为，诸如：不能追逐逃进龙山森林的猎物；凡供过神的、雷击过的、断了梢的、有藤条缠身的、树上有蜂窝、树脚有蚂蚁堆的树木皆不能做建筑材料；不用鬼多的缅树和菩提树作建材；不用日蚀和月蚀照耀过的材料作建材；不用在水塘边能看到树影的树木作建材；不砍坟山的树木；不毁坏龙林里的草木；村寨周围龙山上的树木不可砍来做房屋柱梁；如果砍伐树木太多，全寨会遭殃。凡此种种，在一定程度上保护了动植物。

由于布朗族一直保持着保护龙山及坟山森林的传统，从而有效地保护了布朗族地区的热带山地雨林和生物的多样性，许多珍稀动植物和物种数也远远超过其他森林地带，为这一地区的生物多样性保护作出了贡献，同时也让布朗族在与自然和谐相处的环境中生息繁衍。"
撒拉族	"撒拉族总人口有130607人（2010年），主要聚居在青海省循化撒拉族自治县、化隆回族自治县甘都乡、甘肃省积石山保安族东乡族撒拉族自治县的大河家；在青海省西宁市、黄南、海北、海南等州县以及甘肃省夏河县、新疆维吾尔自治区的伊宁县、乌鲁木齐市等地，撒拉族也有零星分布。其中青海和甘肃两省撒拉族共有9.88万人，占总人口的94.57％。

撒拉族有自己的语言，无文字。撒拉语属于阿尔泰语系突厥语族西匈奴语支乌古斯语组，也有人认为属于撒鲁尔方言。撒拉语与维吾尔、乌孜别克、土库曼、哈萨克等族语言一样，属于粘着语类型的语言。句子的基本语序是：“主语—宾语—谓语”。撒拉语没有方言差别，只是根据语音和词汇上的某些差异，划分为“街子”和“孟达”两种土语。

撒拉族主要聚居的循化县，位于青海省东部黄河南岸，总人口12万多人（2005年），居住着撒拉、藏、回、汉、土、保安等15个民族，少数民族人口占总人口的90%以上，其中撒拉族占总人口的62.4%。循化县东接甘肃临夏回族自治州，西面和南面与黄南藏族自治州为邻，北面隔黄河与化隆县相望。循化县南部为藏族居住，在川水河谷地带撒拉族与回族、汉族相互错居。

撒拉族居住地区气候温和、空气温润、雨量充足、土壤肥沃，有着得天独厚的农业生产自然条件和丰富的天然资源。农产品种类繁多。粮食作物有小麦、青稞、荞麦、玉米、谷子、豌豆、蚕豆等。油料作物有油菜、胡麻。黄河沿岸的川水地区，盛产瓜果，有梨、杏、核桃、葡萄、桃、西瓜、甜瓜、苹果等，素有“瓜果之乡”的美称。撒拉人善于经营花椒、辣椒和各种各样的蔬菜，是从事经济作物的能手。循化花椒粒大味浓，素称“循椒”，曾陈列于广州交易会。“金帅”、“元帅”、“红富士”苹果、露仁核桃、红辣椒等农产品，驰名中外。山区产大黄、党参、麻黄、麝香等药材。

【历史沿革】

撒拉族祖先到循化定居后，与周围藏、回、汉、蒙古等族长期杂居融合、繁衍，逐步形成一个稳定的民族共同体——撒拉族。

撒拉族先民自元代由撒马尔罕迁入中国境内后，即受到元统治者的优遇，其首领尕勒莽被授予积石州的世袭“达鲁花赤”。尕勒莽之孙韩宝于明洪武三年（1370年）归附明朝，三年后被授为积石州千户所的世袭百户，职衔是“昭信校尉管军百户”，正式确立了土司制度，拨属河州卫积石千户所。韩宝成为撒拉族历史上的第一任土司，此后子孙相传。正统元年（1436年），韩贵因征战有功，被授副千户职，调赴凉州御敌。清代承续明代旧制，由地方官吏委任，称外委土司。

清朝中后期，撒拉族人民进行过多次反抗宗教压迫与封建压迫的武装斗争。如乾隆四十六年（1781年），就发生了由撒拉族苏四十三和韩二个领导的反清起义，直接原因是撒拉族内部新教与老教的斗争。但其深刻的社会背景，则是清朝封建统治者和撒拉族土司、掌教等的残酷压榨所引起的民族矛盾、阶级矛盾的普遍激化。随着封建经济的发展，土地大量集中在土司、户长（撒拉语称为“哈尔”）和伊斯兰教寺院的掌教等少数封建上层的手中。掌教控制寺院的土地和财产，子孙相承、世袭罔替，形成了掌教兼地主的封建门宦制度。不同的门宦、教派之间争权夺利，给撒拉族人民带来了无穷的灾难。广大撒拉族贫苦农民受着高租和重利的层层盘剥，生活十分艰难。新教提出的革除门宦和消灭土司等口号，反映了撒拉族广大农民反抗封建压迫的愿望。对此，清朝封建统治者采取“邦扶旧教”、“尽洗新教”的“赦一剿一”的挑拨分化政策，实质上是支持土司等旧势力，因此斗争又迅速转化为撒拉族人民包括众多的旧教信徒在内的反清武装起义。苏四十三等起义首领杀死了前来镇压的清兰州知府和副将，率领二千多人，由循化越过大力加山，攻下河州，包围兰州，给清朝以很大震动。同治年间（1862-1874年）和光绪二十一年（1895年），撒拉族人民又两次掀起反清斗争。1895年的起义，烽火遍及河湟，史称“河湟事件”。这些起义虽终告失败，但充分显示了撒拉族人民反抗封建压迫的英勇斗争精神。

在此后的诸如太平天国、西北回族人民的反清起义，以及抗日战争和解放战争中，撒拉族人民都积极响应，发挥了重要的作用。

撒拉族历史上存在的社会基层组织，即“阿格乃”和“孔木散”，长期影响着撒拉族人民的日常生活和生产活动。撒拉族先民定居循化之初，人口较少，居住地域广阔。随着每个家庭人口的增长，除幼子继承家业外，其余的儿子都要另立门户，成亲持家。由此而形成了以父系血缘为基础的近亲组织“阿格尼”。“阿格尼”发展到2—10户就组成了一个“孔木散”。这种远亲组织的“孔木散”，后来逐渐成为地缘组织，与异族同教（回、保安、东乡等民族共同信仰伊斯兰教）比邻而居。数个“孔木散”，就构成了一个村落。

“阿格乃”内严禁通婚。“阿格乃”在卖房、典当或者其它一系列事情上有优先权。如果“阿格乃”同意，主人即可卖出，卖出以后，“阿格乃”还有赎回的权力。同一“阿格乃”的人员在一些大小事务上都有互相帮忙的义务。

“孔木散”，有的写作“库木散”，在循化孟达地区也称“欧里木”,意即“宗族”，是“远房兄弟”、“一姓人”、或“一个根子”的意思。两个或多个“孔木散”构成一个“阿格勒”。过去禁止同一“孔木散”的男女结婚，但实际上一直未曾杜绝。“孔木散”有公共墓地，“阿格勒”有公共的山林和牧场。在生产和生活中，同一“孔木散”的成员有互相帮助的传统。婚嫁时，本“孔木散”的成员负责送亲，而男方的“孔木散”则负责迎亲以及安排食宿；丧葬时，同“孔木散”的人负责料理丧事，包括掘墓、送葬等。“孔木散”内有买卖、典当的优先权。每个“孔木散”都有一位“哈尔”，意为长老，过去由乡长派粮差，到各村去找“哈尔”安排，由“哈尔”通知本“孔木散”的人，汉文史籍中写作“哈尔户长”。在1896年以前，“哈尔”一职是世袭的，之后，改为轮流担任。在村落中，每个“孔木散”选一个代表作为清真寺的学董，负责本“孔木散”人在宗教生活上的一应事务。“阿格乃”和“孔木散”的组织形式，为封建统治阶级所利用，在撒拉族社会中一直存在很久。

随着经济的发展和人口的繁衍，清雍正时撒拉族形成了一种名为“工”的行政区划单位。工是“干”字的变音。“干”是突厥语，意为城镇。最早出现“工”的名称，是在清雍正八年的粮册上，以循化县城为中心分为十二“工”。“工”包括若干村落，相当于后来乡一级的行政单位。城西为上六“工”，即：街子、草滩坝、查加、别列、查汉大寺、苏只；东部为下六“工”，即：清水、达速古（今大寺古）、孟达、张尕（哈）、夕昌、崖曼（乃曼）。这里地势西高东低，黄河之水自西向东流，故西为上而东为下，合称“撒拉十二工”。清政府为加强管理，于雍正八年（1730年）在十二工的中心草滩坝筑土城一座，取名“循化”，设循化营，驻兵八百。乾隆二十七年（1762年）又改置循化厅，隶属兰州府。道光三年（1823年），循化厅改属西宁府。至光绪二十二年（1896年），撤消土司制度。

在反抗压迫的斗争中，撒拉的“工”迭经变迁。清乾隆四十六年（1781年），苏四十三、韩二个领导新教群众举行反清起义失败后，人口锐减，“十二工”被并为“八工”。上六工中，草滩坝工并于街子工，别列工并于苏只工，下六工中，达速古工并于清水工，夕厂工并于乃曼。从此循化西乡的街子、苏只、查加、查汉大寺被称作“上四工”，东乡的清水、孟达、张哈、乃曼被称作“下四工”，合称“撒拉八工”。当时上四工有46个村庄，下四工有36个村庄，共82个自然村。另一些撒拉族迁居到化隆县境内，经过一百多年繁衍生息，人口大增，逐渐形成了甘都工、卡尔岗工、上水地工（亦称群科工）、黑城子工（亦称扎巴工）、十五会工（化隆县城附近）五个工。与循化本土的“八工”相对，称之为“外五工”，共计十三工。

清代撒拉族的政治和社会制度与明朝基本相同，仍然是封建领主制。1949年以前，在自给自足的自然经济下，撒拉族完整地保存着封建经济的特征，人民生活极端困苦。

【风俗文化】

撒拉族日食三餐（农忙时根据情况适当加餐）。食物以小麦为主，辅以青稞、荞麦、马铃薯及各类蔬菜。主食通常做成花卷、馒头、烙饼、馄锅馍、面条、面片、拉面、擀面、散饭、搅团和糊糊等。肉食以牛、羊、鸡肉为主。撒拉族有一种传统特色食品叫“比利买海”，又称“油搅团”，用植物油、面粉制成。逢年过节，人来客至，炸油香、馓子和鸡蛋糕，煮手抓肉，还要蒸糖包子和菜包子、烩“碗菜”，煮大米饭、装火锅。婚嫁喜庆日要杀牛宰羊，水煮油炸，食物更为丰盛。

奶茶和麦茶是撒拉族男女老幼最喜爱的饮料。家家都备有火壶和盖碗等茶具。日常饮料除清茶、奶茶和盖碗茶以外，还常饮麦茶和果叶茶。制作麦茶时，将麦粒炒焙半焦捣碎后，加盐和其他配料，以陶罐熬成，味道酷似咖啡，香甜可口；果叶茶是用晒干后炒成半焦的果树叶子制成，别具风味。

撒拉族热情好客，讲究礼节，尊老爱幼，和睦邻里。男女见面，要保持一定距离。到撒拉族家中做客，首先须向主人问好，然后才能落座；主人沏的茶，客人要把茶碗端在手上；吃馒头和面饼时，要把馒头掰碎送进嘴里，切忌狼吞虎咽。与主人分别时，要表示谢意。撒拉族十分敬重“舅亲”，认为“铁出炉家，人出舅家”。

撒拉族男子头戴无檐白色或黑色六牙帽或小圆帽，身着“白布汗褡青夹夹”，腰系红布带或红绸带，短衣宽，长衣窄。老年人穿的长衣衫，撒拉语称为“冬”。撒拉族妇女喜欢色泽艳丽的大襟花衣服，外套黑色坎肩。多佩戴长串耳环、戒指、手镯、串珠等手饰。妇女戴“盖头”。在化隆的“外五工”卡日岗工一带，部分撒拉族的衣饰已和藏族相同。

撒拉族婚姻实行一夫一妻制，实行家族外婚。近亲家族“阿格乃”和远亲“孔木散”（撒拉语意为“一个根子”）之间禁止联姻，但对“孔木散”的限制并不十分严格。婚姻的缔结全凭父母之命。新娘在娘家人簇拥下要“挤门”强行入屋，新郎家则闭门要礼。通常还要“对委”，即表演“骆驼戏”。新娘要“哭嫁”，哭唱着走出家门。新娘到新郎家要出示针线活儿，即“摆针线”。在新娘上路之前，女方的家长要用做好的“比利买海”和上好的茶水招待迎送新娘的客人。

撒拉族的文学艺术，丰富多彩，最有特点的是“说”、“唱”。

说，包括故事、神话、传说、寓言、谚语、笑话等，十分丰富，且语言幽默含蓄。神话有《阿腾其根•麻僧保》，叙述了青年猎手麻僧保力斩妖魔，为民除害的事迹。撒拉族最主要、最通俗的传说，是与“骆驼舞”相表里的族源传说。故事有《阿姑尕拉吉》、《阿娜云红姬》、《桃花姑娘》、《采赛尔》、《鸽子姑娘》、《青蛙给农夫当狮子》、《公道县长》等等，都是以人们对自由、幸福、美满生活的向往和追求为主题。《河州事变歌》和《韩二个》，则是两首反清斗争的民间叙事诗。童话和寓言，主要通过拟人化的手法，表达撒拉族人民的善恶观、是非标准和道德规范，富有生活的哲理性和趣味性。许多童话和寓言都与动物相关联，如《狐狸和兔子》、《兔和狼》、《贪心狼》等。笑话作品如《馒头吓死人》、《聋子一家》、《愚人看镜》等，嘲笑、戏谑了贪生怕死的“财主”、自以为是的“聋子一家”和少见多怪的“愚人”，使人们从诙谐、幽默中，回味无穷。

唱，包括撒拉曲、宴席曲和花儿等民歌。“撒拉曲”是撒拉族人民用本民族语演唱的一种抒情民歌。由许多具有独立意义的短体小诗组成，大量运用民歌中的比兴手法，借物喻情咏志。撒拉曲流传较广，影响较大，为广大群众所熟悉和喜爱的作品有《阿里玛》、《巴西古溜溜》、《撒拉赛西已尕》等。宴席曲主要流行于循化孟达和临夏大河家等地，是在喜庆日子里宴客助兴时唱的。往往触景生情，即兴编词，可一人唱，也可一人唱众人和。流行的曲子有《依秀儿码秀儿》、《阿舅日》、《吾热赫苏斯》等。回族的“宴席曲”《方四娘》、《马五哥》等也在撒拉族民间广为流传。撒拉“花儿”是撒拉族民间普遍流行的一种演唱形式。它吸取了回族宴席曲、藏族民歌、汉族俚歌小曲的精华，再加上了撒拉语的衬句，形成了自己独特的风格。其特点是音调高昂嘹亮，婉转悠扬，长于抒情。撒拉“花儿”的曲调很多，较著名的有“孟达令”、“撒拉大令”、“清水令”、“三花草令”、“水红花令”等。

撒拉族最流行的舞蹈——四人“骆驼舞”，是撒拉族传统戏剧中唯一保存下来的内容比较完整的剧目。一般在婚礼上由四人进行表演，其中二人翻穿羊皮袄扮骆驼，一人扮蒙古人，一人扮撒拉族祖先尕勒莽。尕勒莽身穿长袍，头缠“达斯达尔”，手持拐杖，牵着骆驼。前半部为二人对话，一问一答，叙述撒拉族先民迁徙时长途跋涉的经过。后半部由扮尕勒莽一人用撒拉语朗诵吟唱韵文，叙述撒拉族祖先如何迁到循化的经过。表演多在夜间月光下进行，观众围坐成一圈，参与对答，气氛非常热烈。

“口细”是撒拉族人民十分喜爱的一种乐器，为撒拉族妇女所钟爱。“口细”的制作是将一火柴杆粗的细铜（或白银）制成马蹄形状，中间嵌一片极薄极细的黄铜片，尖端弯曲。含入口中靠舌尖拨动或夹在牙缝用指弹拨发音，以收敛嘴唇的大小和吹气的强弱调节音量、掌握音符。其音量非常微弱，音符起伏，悠扬缠绵，如泣如诉，动人心弦。

此外，撒拉族妇女的刺绣，十分精美，剪纸、窗花也是妇女的特长。"
毛南族	"毛南族总人口数为101192人（2010年）。主要聚居在广西环江县的上南、中南、下南山区等地，有5.7万人，约占全国毛南族总人口的55％。在贵州平塘县、独山县交界的卡蒲河、六硐河河谷地带有3.2万人，约占全国毛南族总人口的30％。其余散居在环江县内的水源、木论、川山、洛阳、思恩等乡镇，以及周围的河池、南丹、宜山、都安和贵州的惠水等县(市)。

毛南族聚居的环江县位于广西西北部，地处云贵高原南麓的余脉之间。地势西南高，东北低。境内喀斯特山地、丘陵、峰林谷地交错发育，重峦叠嶂，千峰林立。毛南人居住的地方，又分成两个不同的地段。东北段是半石山区，也叫半平原区，群山环抱中分布着大大小小的田峒。西南段是大石山区，与东北相比，这里山高谷深，地势险峻，人烟稀少，在崇山峻岭之间形成蜂窝状的大小峒场，毛南语称为“晓桐”。而贵州的毛南族聚居区是一条成南北走向的狭长盆地。

毛南族聚居区地处亚热带，气候温和，夏无酷暑，冬少霜雪，雨量充沛，年降雨量可达1500毫米左右，很适合农作物的生产。这里石山陡立，风景秀丽。在石山之间，夹有小平坝，称作“田峒”。境内有小溪伏流，可供灌溉，以种水稻为主。水源缺乏的大石山区，只能种植旱地作物。农作物除水稻外，还有玉米、小米、小麦、高粱、红薯、黄豆、棉花和烟草等。土特产有樟脑、土硝、棕皮、油桐及麝香、灵香草。矿藏有煤、铁、猛、锑、水银等。毛南族人民有饲养“菜牛”（食用牛）的丰富经验，他们用一种叫“卧鸟”的青草，配合其他一些野生植物作为饲料，可以在较短的时间内，把小牛或者老弱残牛喂肥。用这种饲料喂养的菜牛，肉鲜味美，曾远销上海、广州、香港等地。

毛南族有自己的语言。毛南语属汉藏语系壮侗语族侗水语支之一种。毛南族人民由于长期和壮族、汉族、布依族人民相互交往，许多人都能操壮语、汉语或布依语，并通用汉文，用汉字记载本民族的民歌、民间传说、历史故事等。为弥补本民族无文字的缺陷，在历史上，毛南族人民还模仿汉文形声字的结构方式，假借汉字的音、义来拼写毛南语，构成“土俗字”，用以记载本民族的史诗、民歌和宗教经书等。

【历史沿革】

广西毛南族自称“阿难”或“哀南”（单称）、“窘南”（众称），意思是“这个地方的人”。译成汉语即是“毛南人”的意思。壮族人对毛南族的称呼是“布南”、“稳毛南”等，译意也是“毛南人”。“毛南”之称源自地名，最初见于南宋淳熙年间(1174-1189年)周去非所著的《岭外代答》，该书称：“自融（州）稍西南有宜州。宜处群蛮之腹，有南丹州、安化三州一镇，荔波、赢河、五峒、茅滩、抚水诸蛮。”这些地方包括了今广西环江毛南族自治县和相邻的南丹县，以及紧邻的贵州荔波县境。“茅滩”又写作“茆滩”，当时“三南”地区被称为“茅滩”，谓此地人“茅滩蛮”。尔后的汉文古籍、碑文亦有用同音异字“冒南”、“毛难”、“毛南”之类记载该地区及其行政单位名称。如元明时代称“茆滩团”、“茆滩堡”等等。乾隆年间（1736-1795年），毛南人立有《谭家世谱》，碑文中开始出现“毛难土苗地方”、“毛难甲”，“来毛难安处”的记载，此乃毛南族名称的正式出现。据毛南族大姓谭姓家谱载，始祖谭三孝在明嘉靖（16世纪中叶）年间从湖南省常德府武陵县辗转迁来毛难土苗地方，与当地人通婚，繁衍生息而形成民族共同体。

1956年7月经过民族识别，正式确定毛南族为单一民族，称为“毛难族”。1986年6月根据本民族意见，国务院批准改为“毛南族”。而贵州的毛南族自称“哎绕”、“印吞”、“哎吞”等，也是“本地人”、“自己人”之意。其他民族则称他们为“偒僙”或“佯僙”等，1990年7月27日才正式确认为“毛南族”。

对于毛南族的族源，史料记载较少，方志碑文族谱记载亦不详。一般认为毛南族与布依族、仫佬族、仡佬族等南方民族有渊源关系，都是由岭南百越支系发展而来的。

殷商时期，百越人就活跃在长江以南的广大地区。毛南族是由秦汉以前的“骆越人”，隋唐时期的“僚人”发展而来。宋元时期，部分僚人与侗水语支诸民族被统称为“伶人”。《广西通志•诸蛮》载：宋高宗绍兴时，“安抚使吕愿中诱降诸蛮伶、侬、僚、侗之属三十一种，得州二十七，县一百二十五，寨四十，峒一百七十九”。伶、侬、僚、侗这些山地民族归顺后相互交流融合。明清时由“伶人”之一支“苦亻卖伶”同其他民族在环江三南地区融合形成毛南族，在贵州则称“佯僙”人。从这些史料中我们可以看出毛南族由骆越、僚人、伶人、“佯僙”人、苦亻卖伶到最后形成一个民族共同体的发展历程。

为了反抗封建统治阶级的压迫，毛南族人民曾不断起来斗争。宋庆历四年（1044年）以思恩县（今广西环江县）人区希范为首的反抗斗争，就曾攻破环州等地，斗争持续一年之久。清乾隆年间，贵州毛南族刘兵头、刘同老、刘啊福等，联合反抗当地杨氏土司的统治与剥削。太平天国革命时期，石达开回师广西时，不少毛南族人民参加了太平天国军。第二次国内革命战争时期，红七军北上经过毛南族地区，产生了相当大的影响。抗日战争时期，毛南族人民响应党的号召，和汉、壮等族人民一起，组织了抗日人民游击队，迎头痛击日寇，一直坚持到抗日战争的最后胜利。1949年10月，毛南族人民在党的领导下，和汉、壮等族人民一起，组织了200多人的一支武装队伍，歼灭了企图盘踞在毛南族地区的国民党伪保安第七团，俘敌100多人，缴获150多杆枪，有力地配合人民解放军解放了毛南族地区。在长期的共同斗争中，毛南族人民与汉、壮等族人民的关系日益密切。

新中国成立前，毛南族地区基本处于一种政族合一的自治行政建制中。毛南族都以同姓同族聚居，各个家庭以同宗共祖的关系聚居在—个村屯之中，一般一个姓氏为一个村峒。贵州平塘县的毛南族以刘、石姓为主。环江县毛南族以谭姓最多，约占本民族总人口的70％以上。此外还有韦、覃、袁、卢等姓。村落依山而建，多则几十户、少则十来户人家建立小村庄，最大的也不超过百户。毛南族的村落，分别称为“龙办”(村)和“晓桐”(峒)。“龙办”居住的户数较多，有20户至五、六十的，甚至多达100多户到200多户的。“晓桐”少则3～5户，多则有30到40户，有的为了开垦一座山地，单家独户住在半山腰或山顶上。

据历史记载，广西毛南族地区元代为思恩县地，属庆远路管辖。明正德元年（1506年）思恩县改属河池州。在思恩实行乡、里、甲制，全县分4乡23里39甲。清代，思恩县属庆远府。历代行政建置和隶属关系更替不迭。咸丰年间，全县分前、中、左、右、后五团，团下设甲，实行军政合一的“团甲制度”，毛南族地区属后团管辖。光绪年间，这里设“毛难甲”，属思恩府镇宁乡。“甲”之下有上、中、下三“额”，“额”设“团总”。“额”以下又分“牌”，“牌”有“牌头”，一般管辖十户。辛亥革命后，也一直沿用了清代的团甲制度。1933年以后，又推行乡、村、甲制，毛南地方分设上南、中南、下南三个乡。上南乡辖隆盛、宝楼、普理、高岭、玉环、中乐、柴门等村43屯。中南乡辖信甫、社漠、上八、仁义、上义、敢强、昌崖(含南昌、松岩)、信洞、木洞等村21屯。下南乡辖六圩街以及波川、孟仁、景阳、凤夏、建在、醒龙、希远、后肯、宿邦等村24屯。

明末清初时期，环江县毛南族地区就已经有了一种称为“隆款”的社会组织，由公众推举德高望重的男子为“村老”（贵州毛南族称之为头人或寨老），主持内部公共事务及婚丧嫁娶等活动。直到民国时期毛南族聚居的玉环、下城、堂八、波川等乡村都还保留有这种组织的残余。由“村老”主持制订出人人必须遵守的乡规民约，称为“隆款”或“议榔”和“保苗会”，以维护所辖村屯的共同利益与安全。“隆款”规定的法规条文有刻碑或写上木板立于有关村屯前的，也有口头传诵的。如贵州毛南族每年春耕前，以寨为单位召开寨户“保甲会”，制定“保苗法”，以管理当地社会秩序和生产秩序。还经常召开“寨老”联席会，由“寨老”群集协商各寨的共同事务，协调各寨关系，交流执行“榔规”的经验和得失。

除了村老，毛南族自然村中还有前面提到的牌头以及学董、武相公、文相公。“牌头”由村民推选出来或政府任命负责催粮，不管民事纠纷，但村、峒有事，“匠讲”去调解时，也请他去旁听。“学董”是毛南族各村、峒负责办学的长者。村、峒的武相公则必须精习拳术武艺，掌握一套骑马、射箭的本领，曾到县或府去应试过，考中合格才赐武相公称号。据说考中武相公的，上面派人送来“报条”，到家燃放鞭炮祝贺，把“报条”贴在大门边。这样他就被公认为村、峒的武相公了。武相公负责办拳术学堂，召集年青人学武强身健体。除义务传授武艺外，如有外敌入侵，他即组织团练抵御。有时逢年过节，武相公还带队表演武术助兴。

毛南族素有尊师崇文的优良传统。早在宋代庆历七年(1047年)，思恩县就开始有儒学训导(衙署)。明代万历三十六年(1608年)创建学宫。18世纪以后，毛南山乡普遍设立了私塾。清末民初，上南乡设有8个塾馆。辛亥革命前后，随着民主思想和文化科学知识的广泛传播，学馆、私塾改办为乡村小学，以满足更多的儿童上学的愿望。20世纪30年代初，不少毛南族人家把自己的子弟送到思恩县城、庆远(今宜山)、柳州、桂林等地就读中学或师范。但是，毛南族地区的教育总体还是非常落后。直到1950年，整个下南区只有小学24所，其中两所中心校，在校学生1229人。

长期以来，毛南族地区发展缓慢。明末，他们还使用着木制的锄头和犁耙。到了清代，才比较广泛地使用各种铁制工具，土地也开始逐渐集中，阶级分化明显。这时，出现了不少贫无尺寸的“达火”（相当于雇农），只有少量土地的“挨火”（相当于贫农），自给自足的“马无”（相当于中农），以及占有大量土地的“分乃”（相当于地主、富农）。“分乃”通过地租、高利贷和雇工，对“达火”、“挨火”进行残酷的剥削。高利贷的年利率高达100％。农民租种地主和富农的土地时，要自己出种子、肥料。一般要先负责交10～20％赋税，剩下的主佃平分，实际农民收入只有30～40％。此外，还存在有少量的奴婢，系由地主买来，或因债务沦没，终身为地主服役。当时，“田峒”中的可耕地和大片山林，已全部为私人所占有，只有少量距村较远的石山和牧场，才有村屯所共有，但是也很快被“分乃”侵夺了。

直到新中国成立前，毛南族地区交通不便，粮食不足，人畜饮水和出行都很困难。农业生产条件还很差，当时使用的铁制工具仍较简陋，农田翻土主要使用锄头和脚踏犁，收割稻谷一般使用禾剪，效率低下，产量也不高。水稻亩产量200～300斤，少数烂泥田(俗称冷水田)亩产只100斤左右，红薯亩产200～300斤，玉米亩产仅有100～200斤。加之遭受地主、富农的残酷剥削，人民生活十分困苦。

【风俗文化】

在长期的生产、生活实践中，毛南族形成了独特奇异的风俗习惯，也创造了绚丽多彩的文化艺术。

毛南族主要从事农业生产，以饲养业和副业为辅，主要种植杂粮，少数地区种植水稻。由于耕地不足，人们惜土如金，注重精耕细作，多实行轮种、间种、套种。牛不仅是毛南人耕田种地、运肥拉柴的好帮手，而且饲养菜牛也成了毛南人家庭的主要经济来源。

毛南族的食粮以大米、玉米为主，高粱、小米、红薯、南瓜为辅。他们的饮食习俗中一个最大特点就是“百味用酸”。喜爱腌制酸肉、酸螺蛳、酸菜，都是待客的传统佳肴。酸类食品很多，尤以“毛南三酸”最有名，亦即毛南人自称的“腩醒”、“索发”、“瓮煨”。“腩醒”就是把猪、牛肉切成薄片，拌用生盐腌透，放置两三天等水份干后，将适量的香糯米蒸熟成饭，尔后放在簸箕里凉冷，与切好的肉片揉搓均匀，放在坛里压紧密封。在坛里腌制时间越长味道越鲜美。用“腩醒”待客，是毛南人热情至深的标志。“索发”是一种酸味特异的螺蛳汤。其制作方法是把洗干净的钉螺用猪油干炒，待透熟发香后，趁热倒入坛里密封三个月后再揭盖吃用。“瓮煨”是一种盐水酸菜坛。用来腌制各种蔬菜，如萝卜、豆角、黄瓜、生姜、辣椒等，这种酸菜坛可以防止瓜果蔬菜放久变坏。

毛南人除了以米煮成饭、粥外，日常还喜欢用主粮或杂粮制作成各种各样的食品，如“毛南饭”、“糯米糍粑”、“甜红薯”等。饮酒是毛南人的一大嗜好，凡办喜事、丧事和客人到家，都要喝酒。几乎家家户户都自己用大米、玉米、红薯、南瓜等酿白酒，酒的度数不高，一般20度左右。毛南族成年男子大都吸烟，但都抽本地产的旱烟叶，很少用外地烟。

毛南族人的居室为干栏式样。干栏内外山墙全是以木、石为构架，面阔三开间，中间是厅房，两边是厢房。干栏一般为上下两层，上层住人，下层圈养牲畜和堆放农具、柴草以及其他杂物，门外有晒台。这样的建筑结构采光充足又可以防潮且结实稳当。毛南族居住大石山区，到处有石头，因此房基或山墙多用精制的料石砌成，用长条石制成登门的石阶，毛南话叫“突结”（意即石梯）。干栏的楼柱也是石柱，连门槛、晒台、牛栏、桌子、凳子、水缸、水盆等也都是石料垒砌或雕凿的，不少家庭在这些石制用品上都雕刻有花鸟鱼虫图案，既经久耐用，又美观悦目。20世纪80年代以后，干栏式建筑逐步淘汰，改修硬山搁檩式建筑和砖混结构的方盒式楼房，一般也是两层，也有个别经济较好的楼房修建3～5层高的。

毛南族服饰与附近的壮族、仫佬族相似，据性别、年龄、季节、用途和社会地位的不同，形成了各种类型和样式。男女都喜欢穿着蓝色和青色的大襟和对襟衫，忌穿白色衣服，只有丧事时才穿。男装称为五扣衣，不镶花边。它的特点是有五颗晶亮的铜扣，所以毛南语称“骨娥妮”，意即五颗扣的衣服。领扣一颗，右襟三颗，和领扣垂直相对，肚脐位置还有一颗，下面开襟。衣服口袋缝在右衣襟里不外露。盛装时头缠黑头巾，长约八尺。从左至右有规律地缠在头上，头巾一端有布须，露出头顶，走起路来，布须抖动，形似小羊角，故称羊角巾，毛南话叫“挂爪”。盛装时还要腰缠八尺长的黑色腰带。腰带的两头用红、绿、黄、蓝、白绒线镶成锯齿形的布须。缠腰两头有颜色的布须外露，下面穿宽筒裤子，脚穿白底黑面的布鞋。

毛南族妇女多穿青色或蓝色右襟上衣，女装最大的特点是镶有三道黑色花边的左开襟上衣和裤子。衣服大多数是青色或蓝色的布料，配上银饰和顶卡花，穿着端庄秀丽，朴素大方。姑娘们还系上一小块长方形的围腰，上边绣着美丽的花纹图案。配上银饰手镯，蓝白相衬。

毛南族妇女爱穿绣鞋，有“双桥”、“猫鼻”、“云头”等三种款式。“双桥”鞋用红、绿两种颜色，在鞋面上镶成两条花边，像两座石拱桥横跨河面，也像一对彩虹吸水，因而得名。“猫鼻”鞋用五色花带，在鞋面上构成勾头的鞋面绣有云藕图案，精致素雅。这些绣花鞋，通常放在箱子里保存，赴喜宴和走亲戚时才拿出来穿。平时在家穿黑色布鞋。

毛南族的银器饰物除了常用的银手镯、耳环、银项圈外，还有银麒麟、银环、银簪、帽饰、银颤花、银钗、银梳等。

随着社会的进步和发展，毛南人的服饰也在更新变化，昔日蓝靛染制的青、蓝色土布正为红蓝黑紫多种颜色的西服、休闲服等所代替，一些富有山乡特色的民族服饰，只有在喜庆节日才能一睹风采了。

毛南族的家庭一般是一夫一妻制。毛南族青年男女有唱歌恋爱的自由，但婚姻大事主要还是由父母作主，从相亲、定亲到举行婚礼都在父母的指导下进行。毛南人的婚礼既繁琐又别致，别有一番风趣。毛南族的婚礼分为“女婚礼”和“男婚礼”两种。“女婚礼”规模较小，送的彩礼不多，程序也比较简单，是平常农家办的婚礼。“男婚礼”规模较大，送的礼品名目繁多，迎亲队伍也比较庞大，它除了包含“女婚礼”的全部程序外，还有许多讲排场、讲阔气的场面，富裕的大户人家才办得起。有“不落夫家”的婚俗，婚礼办完后新婚媳妇要回娘家小住几天，再由夫家接回，生孩子以后才长久安居夫家。

毛南族人传统的人生礼仪也很有特点。妇女在怀孕期间，家里人就会请师公来祭祀鬼神以解脱灾难，叫“祭解”，好让孕妇能够安全度过孕期，胎儿顺利出生。“祭解”有七种方式：血盘解、血罗解、落井解、半路解、七井关、平头杀解、七令关刀。孩子出生后，还要举办一系列的仪式，如办“三早会”、“卖猫月”、“肥固几”等。“卖猫月”毛南话叫“别年猫”，是在孩子出生后的第33天举行，就是母亲产后的第一次串门。要串哪一家，先向对方预告，让对方有所准备，以便回赠一些礼品。老人说：回赠礼品，以后孩子才不咬衣角和手指。“肥固几”是仅次于婚筵的一次较大规模喜宴。多在孩子满五、六个月时举办，也有的孩子满一周岁时举办，很少超过两周岁才举办。届时，主家的亲戚朋友都送礼包祝贺，外婆家的亲戚、房族都赠送背带、被单等物。

毛南人年过六旬，如果身体虚弱多病，民间称之为“倒马”。“倒马”就要找算命先生选择吉日“扶马”，俗称“添粮补寿”，过去毛南人认为，人老体弱多病，吃了“百家米”就会早日恢复健康，延年长寿。“添粮补寿”有两种形式：一种是家庭经济较宽裕的，由子女筹办几桌酒菜，请亲戚朋友到家里来，给老人“送粮补寿”，并请一位师公来举行“添粮补寿”仪式。这种活动一般放在重阳节举行。另一种是家庭经济较困难的，办不起“添粮补寿”仪式，就由老人自己赶圩“讨粮补寿”。到了赶圩日，老人先准备好一些零碎钱，上街到米粮行沿摊讨米。老人来到米摊前，先向卖主讨话说：“我向你讨要一点米，可以吗？”卖主见老人家来讨米，知道是“添粮补寿”用的，也乐意献“粮”。老人自己抓上一把米，然后向米箩里丢下几分零碎钱，表示酬谢。讨了几十摊，约得三四斤米就可以了。讨来的这些米，回家后专门给老人吃用，直至吃完为止。这样讨米只赶一圩，吃完了如果身体还没有恢复健康，仍要办酒席举行“添粮补寿”仪式，请亲戚朋友来“送粮补寿”。这种习俗体现了毛南族尊老爱幼的优良传统，直到现在还流行。

毛南人死后实行土葬，请师公“念经送葬”。尤其是老人的葬礼一般都十分隆重庄严，要举行一系列的仪式才下葬。

毛南族和邻近的壮、汉族有共同的春节、清明节、端午节、中元节、重阳节，还有自己独特的庙节——分龙节。即使和壮、汉族过共同的节日，也有自己独特的风俗习惯，带有鲜明的民族色彩。

贵州毛南族过春节的主要活动有除夕之夜的“火把节”。广西毛南族有“放鸟飞”的习俗。春节来临前，广西毛南族人就将采集来的藤叶精心编织百鸟。编成的燕子、山鸡、鸬鹚、画眉等都是栩栩如生的精美艺术品。除夕清早，各家主妇给百鸟的空腹灌上香糯，有的还拌上饭豆或加上芝麻馅，然后上锅蒸或煮熟。煮熟后把“百鸟”提耳穿起来，吊挂在整根的甘蔗上，间隔均匀地一字摆开，架挂在堂屋香火前。孩子们嗅到百鸟的香味，等不得它们变凉，就央求着母亲给自己一只。于是，孩子们拿着烫手的百鸟糯粑，炫耀地满村子疯跑，在相互追逐嬉戏中比较谁的鸟儿更美，看谁家的鸟儿品种繁多，香味扑鼻；谁家的鸟儿精巧欲飞，引颈竞啼。

掌灯时分，主妇们把串着百鸟的甘蔗横挂在堂屋正中的香火堂前，让百鸟面向大门尾朝壁，祈祝百鸟啄食害虫，保护农作物丰收。初生小孩的年轻母亲这天专程回娘家为小孩领鸟，期望孩子们像百鸟一样伶俐可爱。这种点缀生活的独特民间美展，从除夕一直到元宵节。元宵这一天，人们砍断甜甘蔗，再煮百鸟群，晚餐用百鸟当饭，以果汁解腻，这就是韵味无穷的“放鸟飞”。

“分龙节”是广西毛南族民间最大的节日，在农历五月间进行。20世纪初叶之前，每年过节都先聚众于庙堂内外活动，故又称为“庙节”或“五月庙节”。过节的日期因村而异，以铁坳为界，上南、中南乡定在自农历夏至算起的第一个亥日，下南乡村寨则定在自夏至算起的第一个辰日。毛南族人民根据自己的气象经验和宗教观念，认为每年夏至后第一个辰日前后，降雨量有明显的不同，前时雨水均匀正常，后时则时雨时旱，容易出现旱灾，这是由于天上的“龙”布雨不均匀所造成的。要保证一年风调雨顺，六畜平安，就要祭神拜祖。过分龙节时，男女老少都要穿上节日盛装，家家户户都蒸五色糯米饭和粉蒸肉，有的还要烤香猪。折回柳枝插在中堂，把五色糯米饭捏成小团团，密密麻麻地粘在柳枝上，以表示果实累累，祈望五谷丰登。祭祀神灵与祖先都在三界公庙举行，全村男女以及外嫁的女子和远道的亲友都赶来参加，隆重而热烈。有时候还跳毛南傩舞，傩舞融歌、舞、戏、面具为一体，人们头戴木面，在打击乐伴奏下翩翩起舞。现在还进行一系列的民间文体活动，如对歌、踢踺子、爬杆、同顶、同拚等。

贵州和广西的毛南族都过端午节，但节日的内容和意义与汉族不同，民间称为“药节”。毛南人身处崇山峻岭中，树木丛生，植被茂盛，中草药丰富。他们认为端午节这天采集回来的中草药药力最强。把采回来的草药放在锅里煮，用草药水给小孩洗澡，可以防各种皮肤病。每年到了端午，毛南人男女分工明确，男的上山找草药，女的在家做糍粑。这种糯粑的原料是用当地的狗屁藤和米（大米与糯米的混合）磨成浆，滤去过多的水份后，做成团放在锅里煮熟，吃起来有一种香味，老人说吃了这种糯粑可防病疫。有钱的大户，这天还要吃蛇餐，买来扁头风和过山风等毒蛇，到屋外用鼎锅煨，加上草药。老人说这天吃了蛇肉蛇汤，就不会生疮、患风湿和其他癣病。各家各户还采来枫树枝插于大门边，以驱除各种妖风毒气。贵州毛南族还利用这个节日聚会唱歌，各寨青年男女对唱山歌。

毛南族口头流传的神话传说、民间故事、民间歌谣、谜语笑话等相当丰富，真实地反映了毛南族人民的道德观、价值观和艺术修养。到目前为止已搜集到的民歌曲调有30余种，散文类作品200多篇，韵文歌词3万多行。象《盘古的传说》、《三九的传说》、《水牛的上牙是笑落的》、《太师六官》、《顶卡花》、《七女峰》、《盘古歌》、《十二月歌》、《要吃嫩笋等四月》、《恩爱石》等都为毛南族人民世代传颂。

毛南族是一个善歌的民族。毛南民歌内容丰富，体例独特，常用的有“比”、“欢”、“排见”、“耍”四种。七字一句，八句一首，叫做“比”，因两句之后有一尾音“啰嗨”，故又叫“啰嗨”歌。在节日对唱的五字一句、四句或八句一首的祝贺歌，谓之“欢”。由一人独唱、叙述历史故事和祖先来源的叙事歌，则以七字为一句，四句为一首，由若干首合成一组，再由若干组合成篇，一篇少则十多句，多则几百句不等，叫做“排见”。“耍”则是一种轻快活泼的小调式童谣儿歌，每句五字，四句一首，属儿歌类。

“毛南戏”源于民间，形成于道教跳神节目，多是一些反映古代劳动人民的斗争生活和悲欢离合的爱情故事以及民间传说等传统剧目。毛南戏集歌舞、话剧、民歌、民谣及“师公”的舞姿于一身。表演时，对白和歌舞并用，有二胡、笛子、唢呐、铜鼓等伴奏。贵州毛南族舞蹈更是形式多样，猴鼓舞、火把舞、拦门舞等种类繁多。

毛南族的壁画、石雕、木雕、剪纸、织锦、刺绣、腊染和建筑造型等民间工艺具有独特的民族风格。其中以雕刻和编织最有名。在异彩纷呈的石雕艺术中，石墓的雕饰最有特色。如今存留在下南乡堂八村东南凤腾山上的古墓群就是毛南石雕的典型代表。这里是毛南族祖先的“陵园”,有大小古墓700多座，毛南族的始祖谭三孝就葬在这里。这些墓全用大块大理石砌成，墓碑、拱门、石柱矗立，在上面雕刻有刀笔浑圆、凝重工整的楷体书联、墓志以及精致优美、多姿多彩的故事图案。石墓柱擎着重檐石楼阁，上刻武士跃马扬鞭、姜太公江边垂钓、儒生寒窗苦读，以及雷王、水神等形象。两墓柱之间靠里是巨形墓碑，碑两侧刻有大幅挽联，联边雕刻着凤凰、画眉、仙鹤、蝙蝠、游鱼、梅花鹿、仙桃、苍松、水仙、大象等栩栩如生的图案，以象征吉祥、长寿、厚禄、清廉等祝愿和赞颂。古墓群就像一座楼阁更迭的古城，是毛南山乡的艺术宝库之一。作为毛南族发展的历史见证，毛南族古墓群已经被批准为自治区级重点文物保护单位。

毛南山乡盛产竹子，毛南人普遍擅长用竹子编织各种竹帽、凉席。他们编织的竹器，工艺精湛，经久耐用。最著名的就是用当地产的金竹和墨竹编制的花竹帽。俗称“毛南帽”，又称“顶盖花”，意思是“帽子下面的花”。这种帽子精致美观又非常实用，是毛南族独特的手工艺品。制作方法是：将竹材劈削成只有半根火柴梗那么细的竹篾，编成带有精细美丽的花纹图案。编制的竹席也很有名。毛南凉席以当地盛产的“泡竹”为主要原材料，先用刀削成薄篾，用手工编制而成，韧性特强，光滑凉爽。

毛南族人民在农闲节庆之间依天时地利举行一些体育项目。主要体育项目有同填、同顶、打陀螺、打棉球、地牯牛、抛沙袋、走三棋等。其中“同填”、“同顶”还曾参加过广西壮族自治区和全国少数民族传统体育运动会并获奖。

“同填”，就是两人对抗的意思。进行这种比赛时，在地上画出一个直径3米左右的圆圈。圆圈大小，可根据场地大小随意而定。圆圈中间画一条笔直的中线。比赛时，运动员前臂屈在胸前，双手握左右上臂下端肘关节，双脚叉开50公分左右，身体下蹲，运动员用全身力量冲拱对方。被拱出圈外者为输。“同顶”和“同填”比赛规则差不多，它是用一根二米长、直径约八公分的木杠，木杠中间系一条红布（绳子也可以）。比赛每队3人或4人（也有一对一的），运动员腰扎一条腰带，没有腰带的可用几层布垫腹部，比赛开始，甲乙运动员面对面各站中线一米，木杠中间系的红布（或绳子）对准中线，裁判员提起木杠，运动员各双手握紧木杠的一端，置于自己的腰带或堑布上，打开左脚或前弓后箭。哨声一响，双方用力对顶，谁被顶倒或被顶出线外，就算输了。如果是多人，在上面的一人则踏在下面的人交叉手掌的掌心上，成骑马状，手和肩顶住木杆，全队人同心合力，把木杆的中心悬垂线顶过对方规定线的一方，便是胜方。

“地牯牛”是贵州平塘县卡蒲乡毛南族喜爱的一项体育活动。与“同填”相似却又有所不同。比赛在平地上举行，先在划出中线和边线，而后两人在中线用头顶着头，或肩抵着肩，形成“斗牛”。《广西通志》称：“以首触撞若羊”说的就是这项活动。比赛宣布开始，两人用力顶抵，谁被抵到边线外，谁就输了。"
仡佬族	"仡佬族总人口为550746人（2010年），大部分集中聚居在贵州省北部的务川和道真两个仡佬族苗族自治县和石阡县，其余分别散居在安顺、平坝、普定、关岭、清镇、正安、凤岗、松桃、黔西、六枝、织金、大方等二十多个县市。

仡佬族原来分为许多不同的支系，每个支系的名称各不相同。新中国成立后，经各地仡佬族代表协商，报经国务院同意，1956年公布统一称为仡佬族。1983年，随着民族识别、民族成分恢复工作的进行，根据国家的民族政策，经县以上政府批准，又有25万多人恢复了仡佬族民族成分。

仡佬族有自己的语言。仡佬语属汉藏语系。在语音系统上接近苗语，在语音、语法上有个别现象又近壮、侗语。它与苗瑶语族语言和壮侗语族语言都有少量的同源词。学界的一种观点认为，把仡佬语族看成汉藏语系中一个独立的语族较合适，其名称可以叫僚语族或仡佬语族。仡佬语分四个方言,习惯上称为“稿方言”、“哈给方言”、“多罗方言”和“阿欧方言”。仡佬语的各方言之间差异较大，并呈现犬牙交错的方言土语分布。一个县往往有几种仡佬语方言并存。在语言使用方面,目前只有贵州省的平坝县大狗场、安顺市西秀区的湾子寨、黑寨、普定县的新寨、关岭县的麻凹、六枝的居都、大方县普底乡红丰村、云南省麻栗坡县月亮湾和广西隆林各族自治县三冲仡佬族语言较为完整。据调查，当前完全或部分地以仡佬语作为母语的仡佬族最多不超过6000人，大约只占仡佬族总人口的1.1％。绝大多数的仡佬族使用汉语作为主要的交际工具。也有少数成员会讲当地的苗语、布依语等。仡佬族没有本民族的文字，普遍使用汉文。

【历史沿革】

学界一致认为仡佬族的族源和古代“僚”（读音为老）人有关。在住房、服饰、饮食、丧葬和穿耳等风俗习惯上，也保留有大量与古代僚人相似的特征。比如贵州普定县窝子乡和高阳乡的仡佬族，到十九世纪末仍然还保留有“打牙”习俗。

古代僚人很早就在我国西南地区生存。在汉代建立牂牁郡以前，这里已有若干个部落集团，而以夜郎最为强大。公元3至5世纪时，由牂牁迁入四川的僚人，编入了封建国家的户籍，并且向封建王朝缴纳赋税。公元5世纪时，他们已能制造金属的矛和盾、刺鱼工具和铜爨等等，并用麻类纤维织成细布。7世纪以后，四川僚人的商品交换日益频繁，僚布的质量很好，成为必须上缴给封建王朝的贡品。直到宋治平年间（11世纪中叶），有的僚人领主还霸占大量土地，拥有数千户依附农民，成为割据一方的封建势力。

宋代，仡佬族各地区之间的经济发展是不平衡的。居住在湖南辰、沅、靖州一带山区的仡佬族还沿用刀耕火种的生计方式，生产粟米、豆类等，粮食不足则以猎获物补充。而居住在平坝地区的仡佬族多种水稻，单位面积产量高，手工业生产也有了相当程度的发展，掌握了开采朱砂的技术，生产出了各种特色产品，较有名的有精致的银质酒器“银鹁鸠”，用桑树皮织成的“圈布”以及编织有花纹的“不阑带”，缝制“阑斑厚重”的仡佬裙等。这些，都说明当时的社会生产力水平已有了一定的发展。

元、明时期，中央王朝对仡佬族地区大都通过土司进行治理，有的地区还同时保留了仡佬族独有的社会政治制度——马头制。郎岱厅（今贵州省六枝特区）仡佬族称本族土官为马头，马头有马头田为俸禄，出巡时乘轿，有仪仗队吹长号在前开路，显示威风。马头的后裔在仡佬族内仍然享有较高的社会地位，至今在六枝地区有“马头仡佬”之称。中央王朝还在仡佬族地区陆续建立了卫、所、屯、堡等军事机构。明末开始的“改土归流”，到清代雍正年间就在仡佬族地区基本完成。

为了反抗历代封建王朝的残酷统治，古代包括仡佬族先民在内的僚人，曾经多次起来进行武装斗争。公元7世纪中叶，川西雅州、邛州、眉州一带的僚人，就因反对繁重的劳役而爆发了规模很大的起义。9世纪中叶，四川戎州（今宜宾）、泸州（今泸州市）一带的葛僚（仡佬）也因封建官吏的巧取豪夺，愤而进行反抗，一直打到四川三台一带。到16世纪中叶，在抵抗倭寇入侵我东南海的斗争中，居住在湘西的仡佬族也曾经和土家族、苗族一起，应召赴江浙一带作战，在保卫祖国的战斗中作出了贡献。19世纪中叶，贵州苗、汉各族人民掀起了反抗清王朝的“咸同起义”，起义军于同治四年（1865年）春经过平坝县仡佬族居住的大狗场时，仡佬族人民积极为起义军送粮、挑水和做饭，支持这一正义斗争。安顺黑寨一带的仡佬族农民，还直接参加起义队伍，沉重地打击了清王朝的统治。

1949年以前，仡佬族地区土地兼并很严重，大部分土地掌握在外族地主手中。如遵义县平正乡，占人口9%的外族地主、富农，占有的土地就超过了一半。剥削形式主要是实物地租，分为定租、活租两种，租额一般占收获量的一半以上。租地时还要缴纳“押金”，相当于租额的50%到200%不等。在黔西地区，佃种山地除了每年要交玉米、鸦片、黄豆、烟米（罂粟籽）、辣椒等物外，有的还要每年到地主土地上无偿劳动50到80天。大定县长石乡农民，每年几乎用1/4的生产时间为地主喂牲口、修房子、背粮、运煤、抬滑竿等等。遇到地主家有婚丧、做寿等事时，佃户还要去帮工、送礼。有的地主还实行所谓的“人租”，即地主可以剥夺农民的人身自由，扣留农民子女为奴婢，当作地租的金额。各种名目繁多的沉重剥削，压得仡佬族人民喘不过气来。遵义县田坝村32户农民，有30户经常只能采石蒜（当地的一种野生植物）充饥。大定县长石乡常年有人外出逃荒。1945年，仡佬寨的52户仡佬族中就有11户被迫逃荒。

国民党政府还加强保甲制度，采用一家犯法，全保联坐的“联保联坐”以加强统治。苛捐杂税，十分繁重，有军粮、日月捐、鞋袜劳军、区乡经费、自卫捐等等。据安顺县仡佬族农民统计，竟达50余种之多。为了进行反人民的内战，更是大肆拉丁抓夫，名义上规定“三丁一抽”、“五丁二抽”，实际上连独子也不能幸免。为了便于统治，国民党政府还故意挑拨离间，制造民族纠纷，推行强迫同化。仡佬族人民陷于苦难的深渊。

1935年中国共产党领导的工农红军长征经过贵州黔西、大定、遵义、仁怀等地，给那里的仡佬族人民留下了革命的火种。在“地主五谷满仓，穷人无米煮汤”的苦难岁月里，仡佬族人民深深认识到只有“拥护红军打胜仗，工农才能得解放”的道理。1943年10月贞丰县布依族、仡佬族人民曾一起反抗国民党统治，并一度攻占了县城。1948年遵义县李村、田坝村的汉族、仡佬族农民一起，曾打进地主家里，分走了粮食7、8万斤。遵义县平正村等地的仡佬族青壮年，还武装起来反抗征兵，迫使国民党的爪牙、乡保长不敢进寨强行抓壮丁。

【风俗文化】

仡佬族人民长期与各兄弟民族人民杂居在一起，在经济、文化等方面相互学习，形成了自己的风俗习惯，创造了富有民族特点的文化艺术。

仡佬族的居住依地形的不同而有所差异。大多同宗聚族居住，一个宗族的各个家户毗邻建房形成村寨。住房构造形式及建筑材料，则视其经济条件、人口多少，地理环境而有所不同。居住在丘陵河谷、平坝地区的仡佬族，多依山傍水建房，房屋一般较高；居住在高山的仡佬族群众，通常选取向阳避风处建造，房屋大多比较低矮。往往注重房屋地址的选择，有“山管人丁水管财”之说。

建筑房屋时，房屋的高度喜欢选取尾数为八的尺寸，以中柱为例，取一丈六顶（尺）八，其余依次类推，其实是选取谐音，表达对家庭的美好愿望。房屋的式样有独间、二间、长三间、长五间、两重堂、三重堂、三合院和四合院等。除独间、二间外，其余的房屋都是以位于正中间的一间作中堂，设家龛，专门用于祭祀、会客，一般不铺设楼板。两侧的房屋称为“小二间”，通常分隔为前后两间，前面一间作厨房，后面一间作卧室，多有天、地楼板，地楼约高一米，搭梯而上。地楼底下可贮放杂物或者作鸡鸭舍。中间堂屋比两边卧房和厨房要凹进，形成一个厅口。有依山建“吊脚楼”房者，设栏杆走廊，楼上住人，楼下作畜厩。过去多为土木竹结构的草房，新中国成立后，经过土地改革，社会经济逐渐发展，农村住房日益改善。20世纪70年代石木结构的房屋盛行一时。20世纪80年代以后，由于人们生活水平的提高，大都修建砖石结构的瓦房和楼房，在交通方便的地方，钢筋混凝土的多层楼房逐渐兴起。

仡佬族的服装文化因时损益，独具特色。清代及其以前，服装多为家织麻布染青蓝二色制成，男着无领长衫，抄襟，长至膝下，袖大而短，常束腰带，劳动时撩衣前后一角扎于腰间。女衣短装，抄襟，缀花边。据史书记载，大约在十九世纪中叶，仡佬族妇女上衣短仅及腰，袖背上绣鳞状花纹，下穿无褶长桶裙，整个裙子分为三段，中段用羊毛织成，染成红色，上下两段多用麻织，一般有青白色条纹，外罩青色无袖长袍，长袍前短后长，均绣有花纹，穿时从头上套下，脚穿钩尖鞋。民国以后，各民族文化交流，互相学习，取长补短，审美观随社会发展而逐渐改变，无论男女老少，服饰逐渐与当地的汉族一致。今天，人们的日常服饰日益多样化，个性化，各种式样纷繁。质地从单纯的棉布、涤卡发展为毛料、麻纱、涤丝等，农村的仡佬族群众也是一季多衣，只有在各种节日庆典中才会特意穿戴本民族服饰。

在饮食上，主食以玉米（山区）、稻米（平坝地区）为主，其次是各种豆类、麦子、荞子及薯类，喜吃酸辣食物和糯米粑粑等。仡佬族副食中，以糯米糍粑为珍贵食品，年节打粑“祭祖”，喜庆待客，端阳送亲家，重阳献新送亲友，这一习俗一直保存至今。

咂酒也是仡佬族的特色饮食。制作时以玉米、小麦、小米、高梁为原料，经过煮熟以后，发酵装缸。装缸时，先用两根手指大、约一米长的水竹竿（其中一根用火燎抈弯），除顶端留一竹节外，其余竹节打空，插入缸中后再密封。密封的时间越长，酒味越醇浓。饮用时，将顶端的竹节打空，直竿进空气，弯竿作吸具。无论筵席或平时待客，都按照老幼尊卑依次吸吮。民国《正安县志》稿有“万颗明珠一瓮收，王侯到此也低头。五龙抱住擎天柱，吸尽黄河水倒流”的诗句记载。

油茶的制作也很特别,先用猪油于锅内爆炒青茶,然后掺水熬煮,待水微干,用木瓢搡茶成糊状,曰“茶羹”。饮时,视饮量及浓淡,将茶羹用猪油煎炒少许,掺水煮沸,再放猪油、油渣、食盐、花椒、熟芝麻、黄豆、花生粉,即可饮用。其味浓烈喷香,别具风味。今天道真的油茶已形成系列,主要有油茶鸡蛋、油茶汤圆、油茶稀饭、油茶面条等。

凡婚丧喜庆，都要设宴酬宾。一般二三十桌，多则百余桌。因为事先往往没有准备，所以丧事席一般不大讲究，吊客也不在意，有“不迎不送丧家礼，自去自来自送情”之俗。过去经济窘迫，办席不易，有“丧事场中现说起，招男嫁女讲不起，生朝满期鬼怂起”之说。

从20世纪80年代开始，道真自治县三桥一带出现招待贵客的特殊礼仪“三幺台”。“幺台”是方言,意为结束,“三幺台”就是请贵客吃饭,一顿饭要吃三台(次)才算完结。第一台为“接风洗尘”。食品为九盘果品糕点。一般为:乳白酥食、天星米麻饼、百花脆皮、红帽子粑、美人痣泡粑、核桃、花生、葵花、干柿饼九种,每人配一碗茶,主客在边饮茶边品小吃的闲暇中畅谈。茶点后的第二台为“八仙醉酒”。食品一般为九盘供下酒的卤菜和凉菜,酒则是自酿的包谷小锅酒,酒菜上桌后,先点香化纸敬祖之后,客主才就位入席。第一杯为敬客酒,第二杯为祝福酒,第三杯为孝敬酒,三杯过后,酒歌助兴,依量畅饮,气氛热烈。第三台正席,名为“四方团圆”,九个大碗内装以肉为主的大菜,直到客人酒足饭饱,主家才让客人离席。仡佬族的“三幺台”筵席极其丰富的菜肴内容和颇为讲究的用餐礼仪,充分反映了仡佬族饮食的独特风味和文化内涵，体现着仡佬人的热情与淳朴。

新中国成立前，仡佬族各支系之间互不通婚，实行支系内婚制，但同宗不得开亲，习惯姑表或姨表联姻。青年男女一般在十四五岁时定婚，甚至有“背带亲”、“指腹婚”者。仡佬族婚礼仪程中，形式多种多样，大部分地区保持有“男不亲迎”和新娘步行，以及婚礼期间新婚夫妇不同房等传统习俗。新中国成立后，随着仡佬族与汉族、布依族、彝族、苗族等各民族长期错杂而居，缔结族际婚姻、经由自由恋爱而到政府相关机构登记结婚的年轻人日益增多。

仡佬族一直实行的是一夫一妻制的小家庭，男女在家庭中的地位也比较平等，以前曾经实行过的对于妇女的一些歧视性的禁忌，比如不能上楼，不能跨大门等都已经废除了。如父母去世而弟兄又较多者，尊大哥为家长，有“长兄当父，长嫂当母”之说。如果父母健在而弟兄分居，父母一般随小儿子居住，财产由各弟兄平均分配；假如小儿子未婚，可适当多分，以补偿结婚所需。

仡佬族葬式独特、繁多，各地不一，岩穴墓、石棺、石板、竖埋、倒埋是仡佬族的传统葬式，“击鼓而歌，男女围尸跳跃”是仡佬族的传统丧仪。比如贵州遵义、仁怀等地仡佬族的踩堂舞，最初是在坟前进行，后来逐渐改在灵堂。跳踩堂舞时，舞者三人一组，分别吹芦笙，打钱杆，舞丝刀，边跳边唱在前引导，众人手拉手在后面鱼贯而行。舞时身体微曲，来回跳跃，舞步右脚落地稍重，成蹉步。舞蹈过程主要靠舞蹈者队形的变化来完成。队形名称有“四瓣花”、“柳穿雨”、“梅花阵”等。众人围棺边唱边以足顿地，不时发出“呵夥”的喊叫声，表示踩踏驱赶咬啄始祖尸体的蚂蚁和乌鸦。大多数地区在安葬死者的前夕，要在灵前唱孝歌。亲戚来祭奠，丧家须敬酒致谢。出丧时不丢买路钱。安葬时，除个别地区要请鬼师选日择地，念经做“道场”和“交牲”（向死者交纳牲口的仪式）外，一般不择日选地。目前仡佬族的丧俗还不同程度地保留了传统丧葬的特点。

仡佬族的民间文学有传说故事、诗歌和谚语等。民间故事多是讲述天地诞生，仡佬族源流以及英雄人物和劳动人民的聪明、善良和勤劳勇敢的，比如《制造天地》、《阿仰兄妹造人烟》、《竹王》、《勇敢的姑娘》、《聋兄瞎弟偷羊》等。

仡佬族人在生产劳动中，男女青年社交场合里，节日喜庆亲朋宴请时，常以歌声抒发情怀，有“打闹歌”、“号子”、“山歌”、“盘歌”、“古歌”、“情歌”、“牧歌”、“闺怨歌”、“长工歌”、“哭嫁歌”、“戒烟（鸦片）歌”、“戒赌歌”等。诗歌体裁三言、五言、七言不拘，但多为七言，兼具赋比兴、押韵，类似七言绝句诗体，也有用仡佬语歌唱的长短句形式。寓哲理于歌词，显情趣于歌声，有浓厚的生活气息，比如“盘歌”，一问一答，多是即兴而发、将生活中的事物用歌的形式表达，歌词生动诙谐、灵活多样，不仅富有趣味性和知识性，而且音韵优美，自成一格。

铜鼓、牛角、笛子、葫芦笙是仡佬族历史上常用乐器，泡木筒是仡佬族的独特乐器，用长两尺余的泡木捅去芯，做成筒，凿两孔，上端插竹唢筒，吹奏时发出“呜哇呜哇”的声音，仡佬族因此称呼它为“呜哇”。“呜哇”只能在秋收毕至正月十五期间吹奏，其余时间收藏不用。

仡佬族的舞蹈有“顶翁罗”、“打亲敬酒舞”、“酒舞”、“淘盆打褂子舞”、“踩堂舞”、“祭山神舞”、“祭田娘舞”等。“顶翁罗”是表达仡佬族青年男女在农历正月社交期间，相互表达爱情，选择终生伴侣的传统习俗的舞蹈。“酒舞和打亲敬酒舞”是大方县箐山拉鲁村仡佬族的舞蹈，是从婚礼中的有关礼仪衍化而来。“酒舞”是表现宾客们参加婚礼时饮咂酒的欢乐跳跃状。“打亲敬酒舞”是表现新娘出嫁时用袖遮面的羞涩情态。“淘盆打褂子舞”流行于务川自治县，是仡佬族别具一格的艺术形式。“踩堂舞”是丧葬仪式中所跳的一种舞蹈。“祭山神舞”是六枝仡佬族每年三月三祭山神时跳的舞蹈。“祭田娘舞”是水城、六枝等地每年“吃新节”期间由家人带领妇女儿童在客家田地里摘新时跳的舞蹈。仡佬族的戏剧有傩戏和地戏两种。傩戏是一种驱鬼的仪式，从中原传入，因其具有一定的戏剧情节而被称为“傩戏”。当傩戏于中原消失之后，傩的活动却尚保存于贵州民间。仡佬族的傩戏主要流行于黔北、黔东北。伴奏乐器有锣、鼓、牛角等，表演者须戴面具。地戏是由明代卫所屯军中流行的“军傩”演化而来。流行于黔中地区仡佬族民间，多取材于历朝战争故事，表现尚武精神以自娱。表演场所不搭台，不在室内而在室外平地，故称为“地戏”。

仡佬族的文体活动主要集中在春节期间开展，内容有打篾鸡蛋、磨磨秋、抱龙蛋、打鸡等。打“篾鸡蛋”是仡佬族一项古老而独具特色的群众性体育运动，目前已被民族部门列入少数民族传统体育竞赛项目。高台舞狮是道真自治县仡佬族民间喜闻乐见的一种文娱活动1956年道真仡佬族苗族自治县组队参加贵州省民间文艺调演获二等奖。2003年，在宁夏银州市举办的第七届全国少数民族传统体育运动会上，获表演项目银奖。

仡佬族人一年中最重要的节日有“春节”、“清明节”、“祭山节”、“端午节”、“吃新节”、“中秋节”、“重阳节”、“牛王节”、“敬雀节”、“捉虫节”等，其中最隆重的莫过于过春节。春节期间，仡佬族同汉族一样，也要祭祖，全家守岁，同时又有自身的特色。各地的仡佬族除夕须打糯米粑祭祖，各地所供粑的大小数量不一，有的用一个大的，有的在大的上再加三个或四个小的，有的是三叠，各有3、5、7个粑粑。以粑供祖的时间不同，有的供到初一，有的供到初二，有的供到十四。“敬雀节”也称“爱鸟节”，石阡县每年五、六月间都要举办。

除关岭、晴隆等少数地区外，仡佬族普遍过三月三祭山神，祭山神都是男子参加，大都为全寨活动，只是形式、礼仪上有差异。安顺、普定、镇宁一带的仡佬族，还过“六月初六”，杀鸡备酒敬奉“秧苗土地”。

吃新节，各地仡佬族均过，时间不一，内容大同小异，是仡佬族比较重视的节日。采摘新粮,以新粮祭献祖先，举行将动物放归大自然的“放生”活动是这一节日的中心内容,而且必须要在过节之后,人们才能开始食用新粮。吃新节到来时,家家户户都要到田间地头摘取新庄稼,摘取新谷穗煮新米饭,备酒敬祖,以感谢祖先拓荒种地、泽惠后人的恩德,然后大家吃新,欢庆一年的丰收。

各地仡佬族还在十月初一过“牛王节”，又称“敬牛王菩萨”、“祭牛王”。每到这一天,仡佬族除了杀鸡备酒敬供牛王外,同时要让牛休息,用最好的饲料喂牛,还要用上等糯米打两个糍粑挂在牛的角上,再把牛牵到水边,如果附近没有水塘、水井,水田,那也要打盆水放在家门口,让牛“照镜子”,之后取下糍粑喂牛,给牛“做寿”。有的地方还要给牛披红挂彩,燃放鞭炮,表示祝贺。

仡佬族崇拜祖先，奉祀竹王、蛮王老祖、山神。有本民族专司祭祀、祈福求寿、退鬼、超度亡灵的巫师。仡佬族人创业、生活在崇山峻岭之中,衣食住行与山林息息相关,产生了万物有灵的观念。有些人家对古树巨石顶礼膜拜,正月十四和三月初三皆献酒、肉、糍粑祭奠,祈保子孙安康。每逢旱、涝、病、虫灾,便挂善募捐,请道士设坛打醮作法事,祈祷诸神禳灾保平安。住处附近山林中最大最粗的那棵古树常会被作为神树来祭祀和崇拜。一旦选定后,则要对该地区实行封山,禁止任何不当的行为,包括禁止砍树和放牧,这在客观上保护了当地的植被资源,维持了生态环境。

各地的仡佬族禁忌不一，尤以正月忌讳最多。如过年时大年初一忌扫地、挑水、下生（煮生的食物）、骑马、犁田、把污水倒在门外等等。有的还有在“牛日”、“马日”逢打雷则忌动土、插秧。出嫁的女儿回家，忌上楼、忌扫地。随着时代的发展变化，这些禁忌已经不被人们所严格遵循了。

1949年以前，仡佬族主要从事农业。作物以玉米为主，但亩产量较低，每亩产量才八、九十斤。此外还生产水稻、小麦、红薯等。没有水利工程，依靠雨水灌溉，水、旱、雹、虫、兽等灾害严重。采集桐子，编织竹器、草鞋等副业生产在仡佬族经济生活中占有重要的地位。由于洋纱的倾销，仡佬族原来纺织“铁笛布”的家庭手工业也逐渐衰落了。

早在清代，仡佬族中就出现了一批专业的铁匠，如记载中说，黄平州与黎平府仡佬族“多佣（做）铁工”，平远州和大定府部分仡佬族以“铸犁为业”，湘西仡佬族匠人制作的鸟枪，射程可达二十多丈远。因此史书中把有些地方的仡佬族称为“打铁仡佬”。这种打铁技艺在部分仡佬族中还保留了下来，如贵州郎岱县（今六枝地区）陇嘠寨二十六户仡佬族中，打铁的就有十多户。仡佬族生产的铁制品受到当地各族群众的喜爱。但是，随着市场上大量质优价廉的铁制用品的出现，目前以打铁为业者已经很稀少。仡佬族的石雕匠人，技艺精湛，所刻石雕大多用于石廓雕饰。

仡佬族的冶炼业历来就较为兴盛。仡佬族聚居的务川盛产朱砂,务川境内现保存具有二千多年开采历史的“大箐洞”,洞内留存有古代开采丹砂的摇船。史载,隋大业十年(公元614年),黔中太守田宗显于务川岩风脚等处开采水银、朱砂,向朝廷纳课水银190．5斤。《通典•食货典》记唐制:“天厂诸郡每年常贡,黔中郡贡朱砂十斤。”仡佬族聚居的务川,还是神州大地最早炼汞的区域之一。仡佬族的朱砂开采历史悠久，自商周至今从未衰竭。仡佬族信奉的“宝王菩萨”,便是在其间形成的文化现象。1980年代以来，务川仡佬族人于矿山搭棚、采矿、炼汞者达2000余户，一共采炼朱砂水银685吨。"
锡伯族	"锡伯族是我国少数民族中历史悠久的古老民族。据2010年全国第六次人口普查，锡伯族总人口为190481人，主要分布在沈阳、大连、铁岭、朝阳、锦州、丹东、瓦房店、凤城等地；新疆维吾尔自治区34566人，主要聚居于察布查尔锡伯自治县以及霍城、巩留、伊宁、乌鲁木齐等县市；黑龙江省8886人，主要分布在哈尔滨和双城市；吉林省3168人，主要分布在长春市；内蒙古自治区3023人，主要分布在呼伦贝尔盟；其余分布在陕西、北京、上海等省、区、市。呈现东（北）西（北）分居、大分散小聚居的分布局面。20世纪80年代后，全国（主要是东北三省）锡伯族人口出现了猛增的趋势，其主要原因是过去报为满族和汉族的原锡伯族家庭都陆续更正为锡伯族。

新疆维吾尔自治区察布查尔锡伯自治县位于自治区西部，伊犁河谷盆地伊犁河南岸和中天山西端。东至塔尔德沟，西与哈萨克斯坦国相接，南达乌孙山分水岭，北临伊犁河。属温带亚干旱气候区，年均气温7.9摄氏度，年均降水206毫米。

自治县资源丰富，县内森林密布。以云杉为主，还有松柏、桦树、杨树、柳树、榆树等。矿产主要有煤、铁、铜、铀、石灰石、芒销、冰洲石、石英砂等，石油资源也在进一步勘探中。

锡伯族有自己的语言。由于历史的原因，东北和西北的锡伯族在发展中逐渐形成了各自的特点。现在，东北锡伯族的语言和当地汉族、满族基本相同。新疆的锡伯族，由于居住较为集中，在语言文字上保持了较多的特点。锡伯语属于阿尔泰语系满一通古斯语族满语支。相传锡伯族曾有过自己的文字，但早已失传。清代以后，锡伯族人民通晓满语文、汉语文的日渐增多，后者在生活中使用得更加广泛。新疆的锡伯族有不少人兼通维吾尔语、哈萨克语。1947年，锡伯族的知识分子改革了原来使用的满文，废去一些音节，增加了锡伯族语的新字母，创制了经由满文发展而来的锡伯文字，自治机关至今行使职权时还使用这种锡伯文。

【历史沿革】

锡伯族发源于东胡系拓跋鲜卑部，原活动于大兴安岭地区。自汉代前后由大兴安岭地区往南迁徙，到明末清初，已分布于嫩江中游各支流适宜农耕地区，从事农业生产。清初被编入八旗，并调遣东北地区各城镇、要隘驻防。1764年（乾隆二十九年）4000余名军民被调遣新疆伊犁，万里长征屯垦戍边，形成了锡伯族目前的分布局面。

锡伯族是本民族的自称。在历史上，汉文史籍对锡伯在不同时期有不同的写法，如须卜、犀毗、犀比、悉比、失比、失必尔、师比、西卑、室韦、失韦、斜婆、西伯、史伯、洗白、西北、席白、席北、锡北、锡窝等，都是xiwe的同音异写，到明末清初定为锡伯。其含义有不同的解释,一说是鲜卑带钩的名称,即所谓“黄金犀毗”；一说是瑞兽之名；一说则由地名演变而来；另一说系鲜卑的音转。据多年来学界研究认为，锡伯族发源于汉代以前的东胡系，由东胡——鲜卑（拓跋部）——室韦（失韦）——锡伯演变而来。

东胡是一个活动范围极广的北方游牧民族部族联盟。到了秦汉，匈奴征伐东胡，占领其大部分领地，东胡部族联盟遂告瓦解，分裂为鲜卑和乌桓两大部，东胡之称自此淡出于史籍。

鲜卑也是一个庞杂的部族群体，主要由拓跋、慕容、宇文等不同部分组成。其中的拓跋鲜卑是比较强盛的部分之一，锡伯族就发源于该部。汉代前后，拓跋鲜卑作为东胡部族联盟的重要部分，活动于史称“大鲜卑山”的地区。汉代以后至北魏以前，拓跋鲜卑前后融入乌桓、匈奴及东部鲜卑余部，兼并蒙古高原的没鹿回部等，军队发展到20万人。及至公元4世纪，拓跋鲜卑大部在其头人率领下进入中原，建立了北魏王朝。而留居大兴安岭山脉一带、嫩江流域等地的拓跋鲜卑余众开始以室韦（失韦）、契丹、乌洛候、库莫奚等自称，鲜卑之称自此绝迹于史籍。

室韦部落众多，分布广泛。南北朝时期，一部分仍留居大兴安岭地区，而史称南室韦的一部分则已经迁徙到洮儿河和绰尔河流域聚落而居，成为今天锡伯族的直系祖先。辽亡金兴，洮儿河和绰尔河流域的锡伯族先祖处在了女真统治之下。女真在当时是游猎、游牧部族，金朝政府为了解决军需，在锡伯族先祖聚居的泰州等地设立屯垦区，令其继续屯垦，提供军粮，使锡伯族先祖的农业有了更进一步发展。女真统治者将锡伯部族的青壮年编入军队，因其作战勇敢，史称“硬军”，成为金朝的主要军事力量。

12世纪下半叶，蒙古在统一东北过程中，锡伯同女真一起抵抗蒙古军，不少人逃入人烟稀少的森林，成为后来史称“林中百姓”的一部分。战争中，洮儿河、绰尔河流域锡伯部族的农业生产遭到很大破坏，不少农业用地被辟为草原牧地。蒙古统治者将锡伯、契丹、汉族等列为第三等人，一方面为蒙古贵族及统治者服无偿劳役，另一方面在政治、军事上受到控制。元代，泰州等地的锡伯回到绰尔河、洮儿河流域，农业生产得以恢复，属辽阳省管辖。

明末，兀良哈三卫蒙古大部南迁，科尔沁部扩张到兀良哈三卫地区，洮儿河、绰尔河等地区为其控制，自此，锡伯部又处在了科尔沁蒙古统治之下。

明末，女真建州部崛起。明万历二十一年（1593年），蒙古科尔沁部联合锡伯、叶赫、哈达、乌喇、辉发、卦尔察、朱舍里、讷殷8部，以抗击努尔哈赤，结果九部联军败绩，史称“九部之战”。此后，努尔哈赤用安抚手段，对主动归服者赐予“佛满洲”（佛，满语意旧）之称，与满洲一视同仁。不少锡伯贵族投奔努尔哈赤，即历史上的“锡伯满洲”，其中有的被授以官职，被称为“锡伯世管佐领”。九部之战后，努尔哈赤根据盟旗制度将科尔沁蒙古分为十旗，锡伯部被编入科尔沁蒙古十旗。康熙三十一年（1692年），科尔沁蒙古将锡伯、卦尔察、达斡尔等14458丁口“进献”给清政府。自此，锡伯等部被称为“伊彻满洲”（伊彻，满语意新）。

锡伯部重新整编为65个牛录，分别调往齐齐哈尔、乌拉吉林（今吉林市）、伯都纳（今吉林省扶余地区）等地驻防。这是锡伯族在清代史上的第一次南迁。此后，又移防到盛京所属的开原、辽阳、义州、金州、兴京、牛庄、抚顺等地，其中有部分被派往顺天府，部分留驻京师，分配到满蒙八旗当差。

乾隆二十九年（1764年），平息准噶尔之乱后，清政府为了加强伊犁地区防务，从盛京将军所属的盛京、凤凰、辽阳、开原、牛庄、广宁、熊岳、复州、岫岩、金州、盖州、锦州、义州、兴京和抚顺15处抽调锡伯官兵1020名，连同眷属4000余名（内有路途上降生350余人，跟随而来405人），分成两个队，分别于同年4月上旬和中旬自沈阳出发，沿北方蒙古高原驿路，战风沙，抗洪水，忍饥挨饿，艰苦跋涉一年多时间，于1765年8月分别抵达伊犁惠远境内。伊犁将军随即将原编10个扎兰（队）缩编为6个旗（牛录）。1766年春，迁移到察布查尔地区，将六个旗扩编为八旗，组建锡伯营，成为“伊犁四营”（索伦营、锡伯营、察哈尔营和额鲁特营）之一。锡伯营是集军事、行政、生产三项功能于一体的组织，在其经历的145年历史进程中，为建设边疆、抵御外侵，作了巨大的贡献。

锡伯族军民迁驻伊犁河南岸后，自耕自食,开始在察布查尔各地修渠引水、开荒种地.其中有3个牛录的军民在伊犁河支流——绰霍尔河两岸安营扎寨，引该河水开垦土地1万亩,解决了锡伯营自身的口粮问题。同时，以清政府借予的马、牛为基础，创办了营办“马厂”和“牛厂”。

18世纪末19世纪初，锡伯人口逐年增多。时任锡伯营总管的图伯特根据军民的意愿，决定在绰霍尔河南开凿一条引伊犁河水的新渠，以扩大耕地面积。经过6年时间的艰苦劳动，终于在1808年初竣工放水。该渠东西长100余公里，渠深1丈，宽1丈2尺，时称“锡伯渠”或“锡伯新渠”，后称为“察布查尔布哈”（察布查尔渠，锡伯语，意为粮仓渠）。该渠一经凿通，自最东面之镶蓝旗至最西面的镶黄旗各牛录，增加新垦耕地78700多亩，自此，锡伯营军民的生活有了巨大的转机，察布查尔地区荒凉面貌开始改变，锡伯营成为伊犁八旗中最富庶的地区。

索伦营为伊犁四营之一，由达斡尔和鄂温克族组成。嘉庆三年（1798年）和道光十四年（1834年），清政府自锡伯营抽调260青壮年户1279人主要补充到索伦营西四旗。清末，索伦营锡伯族已占多数。在驻守台站、防守卡伦、开发边陲、平内攘外等活动中，锡伯族军民与达斡尔、鄂温克族军民同甘共苦，共同作出了贡献。

1883年清政府在恢复伊犁惠远城满营（时称旧满营）的同时，又设立了新满营，锡伯营当即为新满营输送了3200名壮丁，维护惠远城的社会安定。光绪末叶，八旗军民口粮供应紧张，伊犁将军采纳锡伯营总管色普希贤选派锡伯官兵去巩留（当时称特古斯塔柳）屯田的建议，于1896年在屯垦的基础上开始大规模兴修水利、开垦荒地、兴建村舍和兵营，当时称为“兵屯”。巩留人口逐年增多。辛亥革命后，锡伯族官兵解甲归田，安家落户，现巩留县的锡伯族居民就是其后裔。

1884年，新疆建省，锡伯营八旗建制正式恢复，驻守台站、卡伦、巡边查界，并恢复生产。杨增新取得新疆统治权后，仍然保留清代锡伯营八旗制，直至1938年才最终废除锡伯营旧制。

1944年，锡伯族积极投入三区革命，组成“锡伯骑兵连”。塔城和霍城锡伯族也相继组成武装队伍，参加各次战役。1949年新疆锡伯族与东北锡伯族同胞一道同步迈入社会主义社会。

锡伯族被清政府编入八旗至新中国成立前夕，在屯垦种田、自耕自食的同时，还担负着守卫边疆、平定内乱、抵御外侮等重任。

换防塔尔巴哈台。1766年西迁军民刚在伊犁河南岸落户，伊犁将军便令锡伯营抽调精兵100名，由1名佐领和1名骁骑校率领，同满、索伦等营官兵一起前往塔尔巴哈台换防台站和要隘，官兵每两年轮换一次，一年换一半。后来随着形势的变化，锡伯营所派官兵数有所增加，多数时间为150名，最多时达200余名。这种换防直至1864年农民起义爆发时才停止。

换防喀什噶尔。1759年清军平定南疆大小和卓叛乱后，数百名戡乱官兵驻防喀什噶尔。1769年伊犁将军奏请照塔尔巴哈台换防之例，将喀什噶尔驻防军改为换防军，经谕准，自1771年开始派遣满、锡伯、索伦、察哈尔营官兵共600名，由协领、佐领、骁骑校等官员率领前往喀什噶尔地区换防，其中锡伯族官兵30余名。至嘉庆初年锡伯族官兵增加到150余名，之后人数又有所减少。换防官兵也是每两年轮班更换，一年换一半。官兵马匹、鞍具、草料均为自备。

防守卡伦，驻守台站。清朝统一新疆后，为了加强对天山南北的管辖，在新疆南北各处设立了众多的卡伦和台站，1777年伊犁将军奏令各领队大臣分管这些卡伦和台站，其中锡伯营管辖18座卡伦，它们有的为常设卡伦，有的为移设卡伦，还有的为添撤卡伦。每座卡伦驻十几至数十名不等弁兵，其职责为监督游牧、缉查逃犯、传递公文、保卫厂矿、巡查游人等。锡伯族官兵驻守卡伦的制度一直持续到清末。

巡查边界。在清代，伊犁以西自北往南一直有哈萨克和柯尔克孜族（清代称布鲁特）牧民游牧，他们每年与清朝进行贸易，交往极其频繁。因此，清政府为了维护和安定边界游牧民的正常生产和生活秩序，自乾隆四十年代起，每年夏、秋定期差派塔尔巴哈台领队大臣一员，携协领等官员，抽调锡伯、满等营官兵300名前去巡查哈萨克和布鲁特边界游牧界，并收马租。

反击缅兵侵略，保卫祖国西南边境。乾隆三十年（1765年），缅甸孟艮土司召散等侵犯我国云南普洱府境，攻占东里等地，对边境居民进行烧杀抢掠，无恶不作。次年又纵兵围攻腾越、永昌各边地。1767年清政府以明瑞为云贵总督率军进剿，但为缅兵所败。缅军向我纵深进攻。1769年清政府谕令盛京将军恒禄等选派所属锡伯官兵作为增援兵赴滇作战。盛京将军遵旨拣选所属“新满洲锡伯兵”1000名于7月中旬经京师抵达云南前线。他们在云南前线据守渡口，驻守要塞，设置驿站，投阵作战。经数月交战，缅军慑于大军威力，在缅境与清军议和。次年锡伯官兵等撤回盛京。在此次战争中，1000名官兵中有105名为保卫祖国边境献出了生命。

抵御沙俄侵略，反抗其殖民统治。同治六年（1867年）沙俄完成对中亚三汗国的统治后，开始觊觎伊犁地区。早在同治二年（1863年），沙俄军队就向我驻守的博罗胡吉尔卡伦进犯，向驻守该卡伦的锡伯、索伦官兵开枪炮击，遭到他们的强烈反击。之后，伊犁将军派锡伯营总管德格都率锡伯等官兵数百人前去“防堵”，打退了敌人。1871年5月，沙俄军队在向伊犁推进过程中，也遭到索伦营之锡伯、达斡尔族官兵抵抗，使其侵略计划多次受挫。尤其是在同年6月28日沙俄挺进阿克肯特前哨时，锡伯营派出的500名官兵与维吾尔、哈萨克、回、蒙古、汉、达斡尔等官兵一起，几乎以白刃战的形式英勇抗击敌人，谱写了抗俄史上的壮烈篇章，锡伯族有数十名官兵英勇献出生命。

参加驱逐阿古柏侵略者的战役。1865年初，中亚浩罕汗国军官阿古柏趁全疆农民起义之机率军侵入南疆，至1867年占领喀什噶尔、英吉沙尔、叶尔羌、和田、阿克苏等七城，建立起所谓的“七城汗国”。之后又侵占乌鲁木齐、玛纳斯等地，对各地人民进行残暴的殖民统治。1876年清军收复新疆的战役打响后，散落各地的锡伯族军民自愿加入进疆清军队伍，在收复玛纳斯、乌鲁木齐等战役中作出了贡献。同时，不少富有屯垦经验的锡伯人还在乌苏等地屯种粮食，供给进疆清军，得到清政府升换顶戴、提升官职等奖赏。

【风俗文化】

锡伯族是我国北部少数民族中较早从事农业生产的民族。清初，锡伯族便开始种植水稻，清代文献中称为“锡伯米”。从1765年西迁至察布查尔地区，至19世纪初察布查尔渠修通，锡伯营八个牛录扩垦耕地78 700余亩。东北的锡伯族至清朝中后期也以农业为主，农作物主要有小麦、玉米、高梁、大麦、胡麻、油菜籽、谷子、葵花、烟草等。

在锡伯族生产活动中，牧副业也占一定的比例。农民大多蓄养马、牛、羊等牲畜，不仅供自食自用，而且其蓄养规模也越来越大，出现了不少专业户。锡伯族的副业主要有园艺、渔业，还有少量狩猎业。园艺有蔬菜和果树种植，也有榆木、杨树等木材树木种植。渔业是重要的副业生产之一。察布查尔地区的锡伯族，有在伊犁河捕鱼的良好条件。

锡伯族的交通运输独具特点。因东北和新疆的自然气候条件相近，自古及20世纪50年代，牛、马、骆驼、毛驴、滑雪板、雪橇、牛车、毛驴车、马车等成为其重要交通工具。50年代之后逐步有了胶轮车、自行车、人力车、手扶拖拉机、轮式拖拉机、卡车、摩托车、小汽车等。但是，直至目前，雪橇仍然作为特殊的运输和娱乐工具被人们珍爱和传承。

早在清代，黑龙江、吉林、辽宁、新疆等地的锡伯族就形成了村镇。西迁的锡伯族在察布查尔渠凿通后，便基本形成了现八个牛录的聚落形式。牛录既是经济单位，也是作战单位。最初每个牛录均围以高大的围墙，开东西南北四大门，有两三百户不等。每户庭院大小不

等，少者两三亩，多者四五亩。庭院多呈南北长方形，四周植有各种树木。庭院都用矮墙围成，分南北两院，南院多种果蔬，北院修棚圈、种树木及谷物等。住房多为人字形土坯斜顶房或木架结构斜顶房，多南北向。卧室均起火炕，多是南西北“三环炕”。西屋多由长辈住，

东屋为起居，中间多为隔成过道的厨房。锡伯族历来崇尚多世同堂，分家须由父母操办盖房，另立门户。

“哈拉莫昆”是锡伯族以血缘为纽带的人们共同体。“哈拉”为姓，有瓜尔佳、郭尔佳、何叶尔、哈斯胡里、图克色里、吴扎拉、富察拉、伊拉里、胡斯哈里、孔古尔、觉罗等50多个。新疆锡伯族中也有30余个姓。辛亥革命后逐渐译成单姓使用，如“何叶尔”译成“贺”或“何”，“图木尔齐”译成“佟”或＂涂”，“吴扎拉”译成“吴”，胡斯哈里译成“胡＂等。“莫昆”为自哈拉分出的分支，有的哈拉有一个莫昆，有的有两个或三个。每个哈拉和莫昆均有一位由成员民主选出的“哈拉达”（长）和“莫昆达＂，一般多为辈分最高的德高望重者。每一哈拉莫昆均有成文的家规和茔地。哈拉达和莫昆达负责处理的事务有斗讼、祭祖、财产、婚丧等。锡伯族家谱分哈拉谱和莫昆谱两种。谱序多书写创立家谱的意义及该哈拉莫昆延续的情况；谱单记各代、各支延续的情况，还有记事栏定期记录族内发生的大、要事等。

东北的锡伯族多食稻米、高粱和小米等。新疆的锡伯族则食小麦，其中发面饼几乎是新疆锡伯族一日三餐的必备食品，称“发拉哈额分”。

在历史上主要从事游牧生产的锡伯族为便于骑马射箭，男子多穿左右开衩的滚边长袍，束粗腰带，戴圆顶帽，穿长筒靴。辛亥革命后，锡伯族服饰变化受汉、维吾尔等族影响较大。年轻妇女喜欢穿色彩鲜艳的连衣裙、短裙、衬衫和高领短大衣、靴子等。男青年喜穿西服、运动服、夹克衫、皮鞋等，只有八九十岁的男女老人偶尔穿戴长袍马褂、礼帽、坤秋帽、绣花鞋等。

锡伯族基本保持着一夫一妻、妇随夫居的典型的父权制婚姻形态。个别无子嗣者招婿入赘。同姓不婚，但偶有姨表、舅表、姑表兄妹婚配情况。新中国成立后，新婚姻法在锡伯族社会得到全面贯彻，纳妾、童养媳、指腹为婚等陋习逐步被杜绝。锡伯族与汉族等民族的族际婚姻日益增多。

锡伯族实行土葬。每一个哈拉和莫昆有各自的墓地。老人死后行洗礼，报丧时行跪礼。出殡选单日，忌申日和午后。吊丧期多为三日，多者五至七日不等。墓堆上插两杆幡（一为纸幡，一为红布幡或红绸幡）。丧期内忌串门。祭奠期为四十九日，届时远亲脱孝，直系亲属则需百日脱孝。萨满、其他巫职人员和非正常死亡者火葬，未婚男女棺材不做底，而用芦苇代之。幼儿死尸弃于野外任凭飞禽走兽噬食。

锡伯族有讲究礼仪、尊老爱幼、热情好客、崇尚整洁的传统美德。在日常生活中，不孝儿女、不赡养老人者，要受到社会的谴责。教师在社会上受到特别尊重，本民族谚语说:“不尊重教师就是不尊重父母。”保持整洁、保护水源、在公众场所保持良好的外表形象是锡伯族自古延续的社会公德和个体德行，礼仪礼节则被视为做人的根本。在日常生活中，对长辈应答和气，久别重逢须行“打千”礼，逢重大节日、婚丧必行跪礼及磕头礼。该传统一直传承至今。

锡伯族民间节日有农历三月间的以鱼为祭供品的“鱼清明”、农历七月间以瓜果为祭供品的“瓜清明”、五月的“孙扎拜义车孙扎”（端午节）和八月的中秋节。欢度这些节日的方式，均以本民族的习俗方式进行祭奠、饮食和娱乐。民族节日有“四一八西迁节”和正月十六“抹黑节”。

锡伯族的文学艺术内涵丰富多彩，富有本民族特色。民间文学为民族文学的重要组成部分，有民歌、民间故事、谚语、谜语、格言等。民歌又分叙事歌、苦歌、萨满歌、颂歌、劝导歌、习俗歌、田野歌、打猎歌、情歌、婚礼歌、新民歌等。民间故事有传说、童话、动物、寓言、神话、谜语故事等，谚语多为教人谦虚谨慎、诚实讲信、团结友爱、勤劳节俭的内容。谜语主要为提高儿童智力、启迪其心智，是老年人和妇女教育儿童的工具。创作文学多表现为近现代内容。最早的有19世纪上半叶换防卡伦侍卫何叶尔·文克津的散文体书信《辉番卡伦来信》。清末民初之后才开始涌现文学新人。到目前为止，已有锡伯、汉文字的长篇小说、叙事长诗、散文、诗歌、纪实作品、人物传记等多部作品，在新疆民族文学领域占有一席之地。本民族的音乐分戏剧音乐和说唱音乐两类。戏剧音乐称“秧嘎尔牧丹”，分平调和越调；说唱音乐具有浓厚的民族特点。民间体育有射箭、赛马、摔跤、角力、滑冰以及娱乐化的狩猎活动。其中射箭和赛马具有悠久的历史，系本民族“善骑善射”历史传统的延续。"
阿昌族	"阿昌族是云南特有的、人口较少的7个少数民族之一，总人口为39555人（2010），主要分布于云南省德宏傣族景颇族自治州陇川县户撒阿昌族乡、梁河县囊宋阿昌族乡、九保阿昌族乡，其余分布于潞西、盈江、腾冲、龙陵、云龙等县。此外，在邻国缅甸也有部分阿昌族分布。

阿昌族聚居地区，气候温和，土地肥沃，自然条件十分优越。气势磅礴的高黎贡山余脉自腾冲逶迤延伸而南。主要河流有大盈江、龙川江等，支流遍布境内，富含水利资源和灌溉之利。在高山河流之间形成户撒、腊撒等平坝。山上覆盖着茂密的森林，森林中栖息着马、鹿、麂子、獐子、熊、猴、孔雀等珍禽异兽，出产鹿茸、麝香、熊掌等名贵药材和山珍。也盛产甘蔗、油菜、桐油果、香果等经济作物。地下矿藏极富，主要有煤、铜、铁、铅、云母、石墨、硅等。

阿昌族在古代汉文献中，曾被称为“峨昌”、“莪昌”、“娥昌”或“萼昌”，现在通称“阿昌”。阿昌族还有不同的自称，户撒地区阿昌族自称为“蒙撒”、“傣撒”、“蒙撒掸”、“衬撒”；梁河地区阿昌族则自称为“汉撒”、“阿昌”、“峨昌”。1953年，人民政府根据阿昌族人民的意愿，决定统一称为“阿昌”。

阿昌族有语言无文字。阿昌语属于汉藏语系藏缅语族，语支待定，有梁河方言和户撒方言2种方言。由于长期与汉、傣等民族交错杂居，阿昌族一般兼通汉语、傣语等其他民族的语言或方言，使用汉字。

【历史沿革】

阿昌族源于古代的氐羌族群，而与南诏、大理国时期的“寻传蛮”有直接的渊源。唐代文献中称为“寻传蛮”的，即是阿昌族和景颇族的前身。今日所用族称“阿昌”，则最早见于元代文献《招捕总录》、《元史•地理志》等。

阿昌族在发展形成过程中，曾与诸多民族融合。宋元时期，内地商人已进入云龙一带阿昌人中。明代在云南实行军民屯田，汉族人口大量移入，一部分阿昌人融入到汉族及其他民族中，也有部分汉族融入到阿昌人中，如明军屯守军的后代多在当地转化为阿昌族及其他民族。明清以来阿昌族长期与汉、白、傣等民族交往密切，也多有融合。

阿昌族民间对自身来源有不同的看法。以陇川县户撒乡为例，当地就有“东来说”、“南来说”、“内地来说”等不同的说法。而且部分群众家还保留着证明他们来自内地的家谱。根据部分学者的意见，“北来说”和“东来说”是比较可靠的说法，并说明他们与景颇族在历史上有渊源关系。这些情况说明，阿昌族虽然人口不多，但他的来源也较复杂，也是一个多元一体的民族。

阿昌族的先民很早就居住在滇西北的金沙江、澜沧江和怒江流域一带，后来一部分迁至怒江西岸，即古代称作“寻传”的地区，再逐渐南移，约于13世纪定居于现在的陇川县户撒坝子，另一部分则沿云龙、保山、腾冲迁徙，最后定居于梁河地区。

从历史传说中得知，阿昌族最初以采集、狩猎为生。后来逐渐种植芋类，开始了初期的农业生产。传说当时的婚姻关系是一群男子与一群女子互为夫妇，妇女在家庭和社会中居于领导地位，这是母系社会的反映。关于早期阿昌族社会的群婚和母权制残余，在现行的亲属称谓和新中国成立前的婚姻习俗中，也保留了某些遗迹，如伯母、姑母、舅母、姨母同称为“巴”；伯父、姑父、舅父、姨父同称为“龙怕”；胞兄、堂兄、姑表兄、舅表兄、姨表兄同称为“喳唉”（兄）；胞姊、堂姊、姑表姊、舅表姊、姨表姊同称为“衣”（姊）；儿子、侄子、外甥、表侄、表甥同称为“早”（儿子）；女儿、表侄女、表甥女同称为“鸟早”（女儿）等等，可见婚姻集团是按照辈数来区分的。另外，新中国成立前阿昌族社会还存在夫兄弟婚的转房、妇女婚后“坐家”（即“不落夫家”）等习俗。这些传说及遗迹，都说明阿昌族经历了漫长的原始社会发展阶段。

唐宋时期，阿昌族地区属云南的南诏、大理政权管辖。南诏的奴隶主依靠武力对“寻传”等地的阿昌人进行了残酷的剥削和奴役。大理统治者段氏也曾对云龙地区的阿昌族规定了岁贡。宋末元初，史籍上正式出现“蛾昌”、“阿昌”等族称。元代，阿昌族地区在云南行省所辖金齿宣抚司的镇西路（今盈江一带）、平缅路（今陇川一带）、柔远路（今怒江地）和南赕（今盈江西北）等地的管辖之内。

在唐、宋、元时期，“寻传蛮”内部发展也不平衡。狩猎经济和采集经济仍然占有重要地位，但靠近南诏、大理腹地的澜沧江以东一带（今云龙、兰坪、丽江、永顺地区）的“寻传蛮”，较快地接受了先进民族的进步因素。同时永昌（今保山）、越赕（今腾冲至德宏一带）的部分寻传蛮也因长期与金齿、蒲蛮杂处，改进了生产技术，从事种植稻谷，发展农业生产。此外，畜牧业也有一定的发展。

明清两代，中央政府在德宏地区实行土司制度。14世纪末叶（明洪武年间），沐英率兵征麓川（今德宏傣族景颇族自治州），占领户撒后，将这个地区划为自己的私庄，并设甲管辖。15世纪中叶（明正统年间），明将王骥三征麓川后，撤消麓川平缅宣慰司，在德宏地区分设土司，阿昌族地区处在干崖（今盈江）、南甸（今梁河）、猛卯（先驻陇川、后驻瑞丽）、潞江等诸土司的统治之下。王骥又分封其属官赖罗义、况本为“把总”，把户撒坝子分成户撒、腊撒两段，分别由赖、况二人掌管，成为这里的世袭领主。沐英征麓川时，留下部分军队驻守屯垦，户腊撒地区的阿昌族人民便向这批汉族士兵学习耕种水田、打制刀具及农具的技术。数百年以来，阿昌族打制的铁器极负盛名，对阿昌族和德宏各民族的经济发展起到了积极作用。

清初承袭了明代的土司制度，随后清朝政府逐步实行“改土归流”的政策，但阿昌族地区土司制度仍保留至民国末年。清初，吴三桂到云南后，把户腊撒地区改为自己的“勋庄”。康熙三十一年（1692年），清政府废“勋庄”，仍归原赖、况两家承袭。雍正二年（1724年），户腊撒地区归腾越州（今腾冲）管辖。乾隆年间，南甸土司辖区内的阿昌族，除了向傣族封建领主交纳贡赋外，80%以上的农民沦为汉、傣地主的佃户。同时受封建领主、地主的双重剥削。

明代的阿昌人“孳畜佃种，又善商贾”，已从早期的采集狩猎经济转向“刀耕火种”的锄耕农业。明代云龙州（今云龙）产盐，也有一部分阿昌族从事盐业贩运。明代，大量汉族迁入，带来了先进的生产工具和技术，改变了阿昌族粗放的耕作方式。阿昌族开始使用铁制农具，种类有犁、耙、锄、镰刀、铲、长刀、砍刀等。居于坝区的阿昌族开垦了水田；居于山区的阿昌族逐步改变了“砍倒烧光”的方式，旱谷等产量有所提高。他们的农业生产仍以水稻耕种为主，玉米、旱稻、薯类及蔬菜等为辅。聚居于九保、囊宋等半山区的阿昌族，精心培育出了“毫公安”等水稻优良品种，受到当地各族人民的喜爱，也获得了“水稻王”主人之称。除农业生产外，阿昌族人民还普遍饲养家畜，如水牛、黄牛、骡马、猪等，养家禽鸡、鸭、鹅等。户撒阿昌族利用有利的自然条件，掌握了种植草烟的技术，生产的草烟质量较好，除一部分自用外还销往附近地区。他们还擅长稻田养鱼，秋收时，稻谷和鱼一起收获。梁河一带的阿昌族手工业门类有酿酒、榨油，妇女纺织土布并染色，男子编箩筐等竹制生产、生活用品。但大多数为自给自足，很少拿到市场去交易。户撒的阿昌族，还有一些人数百年以来专门从事银首饰加工，他们生产的手镯、银链、银扣、银耳环等造型美观，深受人们的喜爱，有的远销缅甸。

近代以来，由于德宏地区以汉族为主的商品经济的发展及一定程度上受英国在缅甸的殖民地资本主义商品经济的影响，阿昌族与外族之间的商品交换关系也迅速发展起来。因为他们的一部分生产、生活用品要依靠其他地区和民族的市场提供，阿昌族加工铁制品的原料等须到其他民族中去购买，产品如农具、刀具、银饰品等一部分又要卖给周边其他民族，所以促进了商品交换关系的发展。但阿昌族的手工业者、小商贩一般均是季节性的，大多数未脱离农业生产。

民国时期，云南地方政府在阿昌族地区设立设治局，推行保甲制度，与当地土司狼狈为奸，加深了对阿昌族人民的压迫与剥削。农民除了每年固定交纳“官租”、“地基银”、“大烟款”三大项外，还有各种额外的摊派、派款勒索。许多阿昌族村寨负担有固定的劳役，所以有“抬轿寨”、“伙夫寨”、“马夫寨”、“送柴寨”、“洗菜庄”、“吹号寨”等名称。设治局的苛捐杂派，更是层出不穷，门户捐、烟捐、地捐、骡马税等多达数十种，阿昌族群众要负担双重的纳税、杂派、官租、劳役等，不堪重负。同时，土司与设治局明争暗斗，百姓民怨沸腾。封建统治者还利用宗教迷信，陈规陋俗来欺骗和压迫阿昌族人民。

为了反抗反动统治阶级的压榨，阿昌族人民曾数次团结起来进行了长期的不屈不挠的斗争。

清顺治十七年(1660年），陇川户撒一带爆发了以杨五为首的各族人民大起义。清乾隆三十四年（1769年），户撒长官司赖氏土司横征暴敛，阿昌等各族人民起来反抗，迫使清政府撤换该土司。清乾隆五十八年（1793年），阿昌族人民发动武装起义，包围户腊撒的土司衙门，击毙土司，斗争坚持了3个多月。面对阿昌族人民的反抗，清政府不得不于次年在宋项、蛮东两寨勒石立碑约束土司，规定土司除“日用柴肉、霜降、赏练、并婚丧用费，一切例外之派永行革除”。清咸丰年间(1851－1861年)，由于户撒土司的阿昌族成年男子被干崖土司强征去参加对陇川土司的械斗，绝大部分惨遭伤亡，受难者家属群情激愤，结队到土司衙门，向干崖土司讨还血债。经过数年斗争，干崖土司不得不给予赔偿。清咸丰元年（1851年），梁河县芒丙等“五撮”阿昌族人民与其他民族人民一起，反抗南甸土司（傣族）的欺压。起义队伍烧毁了土司署，土司怆惶出逃，向干崖土司求援，镇压起义。清咸丰六年(1856年)，云南大理等地爆发回民抗清起义，阿昌族人民与当地各族人民一起，也投入到这次斗争中。清光绪十八年（1892年），腊撒的阿昌族人民联合附近景颇等各族人民，在多们腊领导下，利用地方宗教势力组织起来反抗土司。他们提出了“杀富济贫”的口号，围攻土司衙门，还占领了10余个寨子。后来，起义被南甸、干崖土司联合腾越州（今腾冲）派来的清军一起镇压了。清宣统元年（1909年），阿昌族人民参加了德宏各族反对清政府的“干崖起义”。

民国时期，阿昌族人民的反抗斗争仍此起彼伏。1943年，户腊撒地区的阿昌族人民与各族人民一道，又一次掀起了武装起义。起义群众包围了土司衙门，土司潜逃到陇川，向陇川土司及“设治局”求援。他们出动大批军队前来镇压，阿昌族人民及陇川各族人民坚持战斗5昼夜后，因寡不敌众，起义失败。1949年，腊撒人民再次举起义旗。继位不久新土司被起义群众乱枪打死，老土司准备残酷镇压。此时，中国人民解放军南下部队到达保山，土司们十分惊慌，连忙在陇川召开了“十土司会议”商讨对策。在解放大军压境的情况下，阿昌族人民的起义获得了胜利，他们选派3位代表冲破封锁辗转到腾冲见到亲人解放军。1950年下半年，解放军进驻德宏地区，阿昌族和各族人民一道，获得了解放。

此外，无论是在19世纪80年代英帝国主义侵入德宏地区陇川边境时，还是在抗日战争时期，阿昌族人民都进行了反抗外来侵略的英勇斗争，纷纷参加各族人民组织的武装队伍，奋勇杀敌，捍卫了祖国的边疆。在建设边疆、保卫边疆的战斗中作出了自己的贡献。

清同治十三年（1874年），英帝国主义派军官柏郎率领武装探测队从缅甸深入云南，同时派遣翻译官马嘉理进入云南西部搜集情报、测绘地图，遭到滇西各族人民强烈抗议。清光绪元年（1875年），马嘉理又返回云南，柏郎紧随其后，进入盈江县蛮允、雪列寨时，被当地景颇、傣、汉、阿昌等各族人民200余人包围，勒令其退出国境。马嘉理竟开枪打死打伤我国边民。于是，群情激愤，一举将马嘉理及其武装随从消灭。同时，各族群众2000余人又将柏郎所率英军包围，迫使他们狼狈逃回缅甸。这是滇西各族人民反击英国殖民分子入侵我国边疆领土的一段光辉史事。史称“马嘉理事件”或“滇案”。

清光绪二十六年（1900年），英国侵略者又一次侵入我国滇西腾冲县境内，烧毁村寨，枪杀群众，激起各族人民义愤。阿昌族土守备左孝臣带领各族人民，共同抗击英国侵略军。由于双方装备及力量悬殊，左孝臣及爱国军民80余人壮烈牺牲，以身殉国。

1942年，日本侵略军入侵我国云南西部边区。侵略军沿滇缅公路长驱直入，占领了瑞丽、陇川、芒市、龙陵、盈江、梁河、腾冲等地后，又企图将魔爪指向保山、大理。阿昌族居住的绝大部分地区被日军侵占。梁河县囊宋关阿昌族人民集中18岁以上50以下的青壮年阻击日寇。他们还参加游击队，在丛林中伏击日寇，给予侵略者痛击。

在阿昌族发展史上，阿昌族内部先后出现了不同形式的社会组织和政治组织。这些政治社会组织随着时代的发展和阿昌族居住地区的政治经济文化的变迁而发生了不同形式的变革。

阿昌族社会的基层单位是一夫一妻制的个体家庭。这种以个体经济为基础的一夫一妻制家庭，是父权制家庭，一般包括父、子两代或父、子、孙三代。

阿昌族家族观念比较浓厚，家族对个体家庭仍有一定的约束力。村寨一般是以血缘为基础的地域性组织。同一家族的各个小家庭常成片地居住在同一地域或毗连地区，家族内提倡在婚姻、盖房、丧葬、扶贫济困方面的家族义务。

梁河阿昌族地区过去有类似封建宗法的组织——家会。家会一般是由一个或几个村寨同一姓氏的人组成，是跨村寨的，有的还跨民族。其组织有两类，一类较严密，设有正副族长、总务、管事、纠察、财务、文化、监察、文书等，并有成文（汉字）的会章；另一类家会组织不很严密，只设管事两人，也无正式的会章。个别家会在村寨性小家会的基础上，还联络成地域性的大家会。但无论是哪一类家会，均有较严格的家规，如有违犯，会受到处罚。有的家法就明确规定：“族内子弟忤逆不孝，至以小犯上者，其家中来报家会家时，由家会罚四时大板”（芒展村家会会章），极力维护封建统治。家会定期开会，解决内部纠纷等问题。随着社会的发展，家会的活动被赋予了新的意义。

根据调查，户腊撒地区阿昌族曾经历过一段的原始公社时期。土地完全归村社公有，个人只有使用的权利。村社由几个氏族组成，每个氏族推举一个“乌蒙作”（意为寨老）共同商议村社的事务。村社首领称为“作借”（意为“好儿子”）。“乌蒙作”和“作借”组成了村社的议事集团，为农村公社的氏族人员服务。“作借”还领导群众生产和主祭寨神“色曼”，寨神是村社权力的象征，直到现在每年春耕和秋收时还须祭献寨神。

明清时期，中央王朝开始在阿昌族聚居地区建立起土司制度。到近代，德宏地区有10个土司，但统治阿昌族人数最多、最直接的主要是南甸（梁河）、户撒、腊撒（陇川）3个土司。这里的土司统治不同于其它地区的土司制度。各土司没有统一的最高领袖（宣慰），而是各自独立，互不统属；各土司要么势不两立，要么互相利用，要么世代联姻，结成牢固的封建统治集团。到新中国成立前，南甸（梁河）、干崖、芒市诸土司已成为德宏地区强有力的势力，其中南甸土司被尊称为“十司之长”。

阿昌族地区的土司制度，均有一套严密的组织和管理制度。如在南甸土司地区，土司为本境最高领袖，下设护印和族官。护印一人，协助土司处理公务；族官分孟、准、印三个等级，职权为管理村寨，或任土司署内高级职务，在土司署内轮班当值。土司署内还设置一套职官差役。在土司管辖的各个地方、民族中，又有一套地方官职，以村寨为行政单位，进行统治；地方的官员为各村寨头人，由土司委任。户撒、腊撒土司地区，土司行政机构由衙门、、作借三级组织组成。衙门内设土司、团总、师爷、保准、队长等官员。

在土司统治下，阿昌族社会内部残存的农村公社及村社议事会的组织形式，早已成为土司统治阿昌族人民的基层政权组织。土司的行政机构即衙门之下有“”（音gàng）、“撮”二级行政组织。户撒地区设“”，下辖四、五各至十余个寨。梁河地区的阿昌族处于傣族土司的统治下。土司之下设“管爷”，再下设“撮”，“撮”以下有“档”，每“挡”由一个较大的或几个较小的村寨组成。“”有头，“撮”有“岳尊”，其任务是下达土司的命令，为土司催收官租、杂派、处理“”、“撮”的日常事务。在户撒地区的由村社成员公举的“乌蒙作”、“作借”原来是为村寨民众服务的，但在封建土司制度下，“作借”及“乌蒙作”经委派为“”或“撮”的大小头人，成为土司的助手，成为具有双重身份的村寨领导集团。

民国时期，德宏地区建立了几个准县一级的设治局。设治局也利用土司制度的基层组织机构，逐步推行保甲制度。如在户撒、腊撒地区，把土司下属行政机构“”、作基改为保、甲，委任保甲长；在南甸，设乡以代替“撮”，改岳尊为乡长，设保长以代替“档”，改头人为保长，各档所属自然村寨分社甲长。但境内的南甸、干崖、户撒、腊萨诸土司依然存在，不仅保留土司名位，还保留政治实权，只是名义上隶属县政府或设治局统辖，并世袭至新中国成立时。

新中国建立前，阿昌族地区主要是封建领主经济，地主经济有了一定程度的发展。领主是傣族土司，地主多是汉族，本民族的地主为数较少。

在土司辖区内，全部土地的所有权属于土司。土司除了收“官租”外，逢年过节，婚丧嫁娶时，还凭借政治特权强迫农民送礼。此外，土司还占有一部分土地作为“私庄”，租给农民耕种进行地租剥削。社会上普遍发生土地（主要是水田）的典当、买卖关系，高利贷和雇工剥削，也相当严重。除了封建领主外，阿昌族还受着汉族和本民族地主的剥削。户撒地区占4.2%的地主富农，占有水田总面积的11.1%，而占有49的贫雇农只占有水田总面积的29.9%。地租率高达50%到70%。广大贫下中农过着“田里谷子黄，家中没米粮”的痛苦生活。只有旱地属村寨公有，还在一定程度上保留着农村公社的残余。

【风俗文化】

在历史的长河中，阿昌族不仅创造了光荣的历史，而且创造了独特的生产生活方式和灿烂的文化。

阿昌族以农业生产为主，主产水稻、旱稻，传统的耕作方式是“刀耕火种”、“轮歇烧荒”，随着社会的发展，这种粗放的生产方式已经逐步得到改变。阿昌族在栽秧、秋收等农忙时多与亲戚、邻居换工互助。稻谷收进家时，要“尝新”。这一天人们吃饭时要先喂狗，以感谢狗将谷种带给他们（民间传说是这样认为的）。阿昌族人民喜欢在田间地头、山上一边劳动一边唱山歌，自娱自乐。如果遇上过路人，对方接唱时，有时甚至可以唱几个小时，乐此不疲。阿昌族有个传统习俗就是人们上山打猎、下河筑坝捕鱼所获，只要是参加者，不论大人、小孩，每人均可分得一份。

阿昌族饮食以大米为主食，辅以面食，嗜食酸笋、酸菜等食物，也喜食火烧猪肉。户腊撒的“过手米线”、梁河的黄花粑粑及生片石姜等是较有特色的民族风味食品。阿昌族喜欢饮酒，多数人家自酿米酒。已婚妇女大多喜欢嚼槟榔，闲暇时，大家互传槟榔，以牙齿染成黑色为美。

阿昌族服饰别具风格，各地稍有差别。传统上，阿昌族男子一般穿蓝色、白色或黑色的对襟上衣，黑色长裤。腊撒地区的成年男子也有穿左襟上衣的。户撒阿昌族男性青壮年喜欢包白色包头，梁河的男性青壮年则喜欢包黑色包头。妇女的服饰因地而异。户撒阿昌族女性的服饰，已婚和未婚的没有区别，均与附近傣族的很相似。腊撒、梁河两地妇女上衣均为长袖圆摆对襟衣，下着筒裙，也配戴银项圈、银手镯等饰物。两地已婚妇女包头制作款式略有差别，梁河妇女的包头约有33公分高，而腊撒妇女是带圆盘黑包头。少女的传统服饰是浅色对襟上衣，下着深色裤子。腰系绣花围裙，发辫挽于头顶，发辫上插花。改革开放以来，一些阿昌族妇女买来布和花边来缝制围腰，取代耗工费时的机织围腰。其着装正走向简化，裤子代替了筒裙，还改良了包头布。许多年轻人均改穿汉装和傣装，只有头部装饰还保留一些民族特色，但在节日和接待客人时，仍要穿上民族盛装。

阿昌族多居住在坝区和半山区。村寨一般选择在有阳光、水源充足的地方。新中国成立前，阿昌族人民的生活较苦，大多数人住茅草房，即以竹、木为屋架，篱笆糊泥为墙，茅草盖顶。1949年以后，茅草房逐步减少，改革开放以来，基本绝迹。

典型的阿昌族住房是正房加两纵厢房、一堵照壁的“四合院”。一般为土木结构瓦房或砖木结构瓦房，有的还建砖混结构的平顶房。正房讲究座向，住宅大门保持“迎山开门”的古风遗俗。正房一般有三间，正房中间为堂屋，设有神龛、火塘，是饮食、取暖、会客祭祀的场所。堂屋内的火塘长年不熄。堂屋左右两边是老人和未婚子女卧室、厢房楼上或做客房或堆放杂物，楼下为多圈养牲畜、饲养家禽或作制铁器的工作间。建新房时，人们也有放爆竹、挂红等习俗。

阿昌族素以好客而闻名。好客的特征又体现在“以酒待客”上。如果亲戚、好朋友来家里，一定要请他们喝米酒、吃饭，倾其所有，方能表示自己对客人的尊重和诚心。有贵宾自远方来，还要在村口请他喝“进寨酒”。阿昌族无论是亲戚、邻居、朋友大家经常往来，谁家办红白喜事、建房盖屋，大家都主动前去帮忙。在阿昌族寨子里，在岁末农闲时，年轻人结婚办喜事的较多，发婚宴喜帖之风气较盛。人们礼尚往来，守望相助，平时往来互赠的礼物是糖果、饼干、饮料等。在参加婚礼时，可送钱，也可送日常生活用品。频繁的交往加强了大家的联系。

阿昌族的家庭一般是一夫一妻制的父系家庭，实行幼子继承制，也有三代同堂的家庭。过去，男女青年婚前恋爱自由，每至傍晚，青年小伙子到喜爱的姑娘家附近或竹丛里，用葫芦笙吹奏悦耳动听的曲调，逗引姑娘，有些地区则青年男女成群结队，在火堆旁，互相对唱情歌，往往通宵达旦，称为“串姑娘”。但婚姻缔结却要由父母包办，由此造成了“领婚”（青年男女私定终身，遭女方父母反对，姑娘跟心上人私奔）、“抢婚”现象及青年男女在婚姻方面的苦恼。现在阿昌族青年大多恋爱自由、婚姻自主。“串姑娘”、对歌在一些阿昌族村寨，也被到歌舞厅、娱乐场所交际而取代。阿昌族传统的婚姻制度主要是实行同姓不婚，但长期以来与汉、傣等族的通婚却较普遍，反映了阿昌族与兄弟民族之间很久以来的亲密关系。近十年来，随着人口流动的不断增加，族际通婚和跨国婚姻有增多的趋势。过去，在阿昌族社会中存在夫兄弟婚的转房制婚姻形态，以及姑男娶舅女、姨表互婚等风俗，新中国成立以来，这种婚姻习俗已逐步被人们认识到弊端而不再提倡。

阿昌族一般行土葬。在信仰佛教的地区，人死后，先请佛爷念经，然后择吉日出殡。也有接气、报丧、停灵祭奠等习俗。出殡时，由佛爷用一条长约三、四丈的布系于棺木之上，手牵布幅走在前面，以示由老佛爷领路，让死者平安到达“天国”。棺木抬出门时，死者妻室儿女跪在两旁，棺木要从他们头上抬过，表示“搭桥”给死者过河。每个村寨均有公共墓地。梁河阿昌族老人去世时，过去要用火枪对天鸣放，现在改为放鞭炮，向大家报丧。还要请“活袍”（经师）主持祭奠。葬礼中最悲切的场面是唱孝歌，催人泪下，以情感人。非正常死亡者实行“火葬”。

阿昌族各地节日众多。从阿昌族的民族节日里可看到受汉、傣等民族文化及佛教文化的影响。户撒阿昌族的节日比较多，有赶摆、泼水节、进洼、出洼、烧白柴、火把节、换黄单、过新年、浇水花等。其中，“做摆”活动近年来规模越来越大，也是各村寨及阿昌族与傣族民间交往的重要方式。

阿昌族最隆重的民族节日是“阿露窝罗节”。“阿露窝罗节”于每年公历3月20日—21日举行，节日标志为青龙、白象。从1994年3月20日开始，每届节期，各地阿昌族欢庆节日，各村寨、各支系互派代表，共祝佳节。节日内容丰富多彩，阿昌族不仅向前来参加活动的宾朋展示他们的人才、歌舞、服饰，还举行各种联谊比赛活动，早已突破了宗教的局限，朝着传承民族文化，加强经济交流，促进民族团结、进步的方向发展。

阿昌族的歌谣、故事、传说等民间口传文学十分丰富。它们题材较广泛，有的反映宇宙与万物的起源；有的反映本民族的来源及历史；有的歌颂人民反抗封建统治和压迫的斗争精神；有的赞扬劳动人民的勤劳和智慧等。其文学作品的种类有史诗、故事、歌谣、戏剧、神话传说等。最著名的是神话史诗《遮帕麻与遮米麻》，它是研究阿昌族古代哲学、文学及社会思想的重要资料。故事《选头人》、《兄弟打铁》等，从不同侧面反映了阿昌族人民的社会生活。还有一些童话、寓言故事，把动物人格化，赋予人的思想特征。阿昌族的戏曲受到汉、傣、白等民族文化影响，祈求五谷丰登，以农业祭祀为主题思想，演出时用本民族方言，深受大家喜爱。“对歌”是青年男女在劳动之余十分喜欢的活动。歌谣有习俗歌、情歌、苦歌、山歌等，押韵上口，感情真挚。乐器有葫芦箫、洞箫、三弦、二胡、象脚鼓、锣、钹、唢呐等。舞蹈以象脚鼓舞、耍狮子、玩春灯等最具民族特色。梁河阿昌族的传统体育有射箭、武术、打拳、舞棍及青龙大刀等。工艺美术有刺绣、髹漆、染织、雕刻、银器制作等，图案美观，制作精细。特别是雕刻达到了较高的水平，在家具、建筑物、佛龛上棉，都可看见雕刻着各种动、植物，形象生动。此外建筑和绘画也都有一定的民族特色。阿昌族的绘画艺术，大多与宗教有关。人们在佛龛及一些祭祀器物上彩绘了太阳、月亮、树、花等图案，绘在建筑物上的山水、花鸟、人物画也较有特色。

在阿昌族村寨中存在一些涉及人们社会生活各个领域的习惯法和村规民约，如宗教信仰、家庭婚姻及财产继承、土地使用、劳动互助、禁赌防盗、村风村纪、公益事业等。它们有的是口传，有的是以文字的形式存在，它对传承民族文化、指导人们行为规范及协调民族内部社会秩序起到一定的作用。"
普米族	"普米族现有人口42861人（2010年）。除云南外，还在全国30个省、自治区、直辖市有分布。普米族主要分布在云南省西北部高原的兰坪白族普米族自治县和宁蒗彝族自治县，少数分布于丽江市玉龙纳西族自治县、永胜县、迪庆藏族自治州的维西傈僳族自治县、香格里拉县，临沧地区的云县以及四川凉山彝族自治州的盐源县、木里藏族自治县，甘孜藏族自治州的九龙县等地，与当地其他民族杂居。其中，云南普米族人口占全国普米族总人口的97.99%。

普米族生活在横断山脉纵谷区中部。地势呈西北高、东南低，金沙江和澜沧江由北向南贯穿全镜，形成高山峡谷、小块盆地交叉相间的地形。著名大山有老君山、玉龙雪山、雪邦山、玉坪山、牦牛山、大药山等，冲江河、巨甸河、白角河、通甸河、永春河、基独河等河流分别注入金沙江和澜沧江。最高山峰海拔5596米，最低河谷海拔1200米。此外，还有著名的泸沽湖、程海、玉海等高原湖泊。这些地区气候主要属温带季风气候，山区属中温带湿润气候。由于地形高差突出，具有显著的立体气候特征。该地区年平均气温12℃左右，年降水量约900－1000毫米。土壤有红壤、棕壤、沼泽土、冲积土、水稻土等，适于种植玉米、大麦、青稞、马铃薯、荞子、燕麦、稗子等耐寒作物，部分温湿地区也能种植水稻、棉花、甘蔗等作物。

普米族地区资源极为丰富。1950年代，整个普米族地区的森林覆盖面积达50—70%。就是到了今天，境内的老君山一带，森林覆盖率依然达到70%以上。盛产云南松、冷杉、铁杉、香樟、漆树、花椒等优质木材和经济林木，为云南重要林区。矿产有煤、铁、金、银、铅、锌、水银、石棉、铜等，动物有虎、豹、熊、野牛、豪猪、麂子、白猴、马鹿等。

普米语属汉藏语系的藏缅语族羌语支。普米语有南、北方言之分。四川省木里、盐源等地区的普米语属北部方言，云南省宁蒗、兰坪及丽江、维西等地区的普米语属南部方言。方言之间差别较大，通话困难。一个方言区内，在词汇和语音上也有区别。普米语的使用分三种类型：一种是单纯使用普米语区，包括兰坪县河西乡箐花、玉狮、三界、大羊四个行政村和宁蒗县永宁区温泉乡和翠依乡，这里的普米族都熟练使用本民族语言。一种是以汉语或其他民族语言为主，本民族语言为辅。还有一种是藏族使用普米语，主要是四川木里、盐源县的部分地区，普米语曾是这里主要的交流语言。普米族生活在一个多民族的环境之中，男子大多兼通彝族、白族、纳西族、汉族等几个民族的语言。如今，年轻一代多用汉语作为日常交流语言。

普米族没有本民族的文字。历史上，木里和宁蒗一带的普米族，曾经使用一种简单的图画文字。另外，这里的普米族还使用一种用藏文字母拼写的文字，用来拼写普米族读音的原始宗教经典，用以记载本民族的历史传说、诗歌故事等，但主要是巫师（“韩规”）用于宗教活动，有学者称之为“韩规文”经典。近代以来，普米族地区已普遍使用汉文。

普米一词是普米语音译，本意为“白人”，是民族自称。各地普米族还有不同的自称，如兰坪、丽江、永胜的普米族自称“普英米”；宁蒗的普米族自称“普日米”或“培米”，“米”在普米语中的意思是人，“培”、“普英”、“普日”等是一音之转，都是“白”的意思，所以，普米的意思就是“白人”。普米族自称“白人”，与其自古崇尚白色、以白色象征吉利有关。

其他民族对普米族则有不同的称呼，如藏族和纳西族称其为“巴”或“博”，彝族称其为“窝珠”，傈僳族称其为“流流帕”。汉文历史文献上称其为“巴苴”或“西番”。在普米族的他称中，“西番”一词在晋代已经出现。晋初张华《博物志》卷3《异兽》中载：“蜀中南高山上，有猕猴，长七尺，能人行健走，……西番部落辄畏之。”可知在蜀郡附近当时已有西番部落族群在活动。唐代以来，西番一名亦用于称吐蕃，或说是吐蕃系西番的别称。宋代《文献通考》中，“西番”与“吐蕃”则分别记载。文献记载中的西番，包括了几个族源、语言均相近的自称族群，普米族仅是其中人数较多的一支。其所包括的成分除普米族之外，还包括藏族的一部分。

1960年10月，国务院根据本民族人民的意愿，正式定名为普米族。

【历史沿革】

从汉文史籍和本民族传说及民族学资料来看，普米族源于我国古代游牧民族氐羌族群。

根据历史文献记载，普米族旧称“西番”，源出古代氐羌族群。普米族先民原居于甘肃省南部和青海省东部，后来进入青藏高原的东部地区，并逐渐沿着金沙江、雅砻江南下。约在公元7世纪以前，他们已分布在今四川越西、冕宁、汉源、九龙及石棉等地，是当时西昌地区的主要民族之一。“白狼”羌是南迁诸羌中的一支，“白狼”是自称，即“布朗”，汉文古籍中称“笮”，宋明以后固定称西番。以“白狼”部落为首的部落联盟，是普米族形成的基础。本民族传说可以从另一个层面对普米族的族源作出印证。据普米族的传说，他们的祖先原来聚居在青藏高原，最早生活在昆仑山脉白雪皑皑的“崩崩木里瓦”的地方，是青海和甘肃、四川边沿一带的游牧民族，后来从高原地带沿横断山脉逐渐向温暖和水草丰茂的地区迁徙，南迁到四川邛崃山以西的大渡河畔。现在谙熟历史的普米老人，每逢节庆，总爱唱《贡嘎岭歌》，以表达对祖先的崇敬和对祖先生活故地的怀念。在送葬时所念的“开路经”里，普米人常把四川巴塘、理塘和贡嘎山作为祖先的居地和魂魄的归宿处。宁蒗县永宁拖支西番的送魂路线是沿西北方向通过四川境内，一直送到北方祖先发源地。而宁蒗新营盘的送魂路线则从南到北，绕泸沽湖，经四川到达青海境内。

唐宋时期，史籍中有关“西番”的记载很多。《宋史》记载，时人“如西番求良马以中市”，说明宋代时期，普米族和汉族以及其他民族有了密切往来。元朝是普米族形成的重要时期，元军征调大批“西番”随军征战云南。元灭之后，留居在滇西北地区的“西番”各部，就是今普米族的主要组成部分。13世纪以来，普米族陆续迁入宁蒗、丽江、维西、兰坪一带定居下来。普米族迁入云南后，结束了迁徙的游牧生活，主要从事农耕，兼及畜牧、狩猎和手工业生产。明朝时期，曾有普米族人被委任为土司之职，以后，逐渐被纳西族土司取而代之，普米族转变为纳西族土司的隶属百姓。

普米族源于古代氐羌，还可以从民族学和语言学角度得到证明。古羌人有尚白习俗，行火葬，普米族亦如此。东汉时期，白狼等部落曾向汉王朝进献《白狼歌》，是传世最古的羌族语言记录。近年来学者实地调查发现，《白狼歌》中出现的34个词，与普米语完全相同或仅略变异。语言学的研究证明，普米族是白狼古国的后裔。

普米族主要从事农业，百分之九十以上的耕地是山地，水田很少，基本上处于自给自足的自然经济状态。其生产技术大致与邻近汉族、纳西族、傈僳族相仿，已普遍进入犁耕阶段，只极少数地区还遗留着刀耕火种的耕作方式。生产中普遍使用犁、铧、斧、刀、钉耙、镰等铁质工具，主要由汉族地区运入。农作物主要有玉米、小麦、蚕豆、大麦、燕麦、青稞、荞麦等，由于农作物的生长在很大程度上依靠自然，所以产量很低。“春撒一片坡，秋收一箩筐”，就是这种落后状况的写照。对土地的利用和管理方式主要分轮作和间种两种，轮作是在同一块地里不断更换作物品种，以充分利用并调节地力；间种又叫套种，是在同一块地里每年多种一季和几季作物，以提高土地利用率。注重使用肥料，常用的肥料有绿肥、厩肥、草灰肥等。普米族的农业劳动以个体家庭为单位，男女老少有性别年龄的自然分工。农忙季节，群众中有原始换工的习俗，互助互利，不计报酬。

在土地制度方面，新中国成立前，兰坪、丽江等地的普米族已处于地主经济发展阶段，宁蒗等地的普米族处于封建领主制经济阶段。各地普米族的经济发展不平衡，绝大部分土地被土司和地主占有。在兰坪等地，地主和富农占有耕地达四分之三左右。如兰坪县第三区的羊山村，34户人家中，地主3户，平均每户占地150亩，共占全村近半数的土地。而18户贫雇农只占有很少的一部分土地或根本没有土地。在宁蒗一带，明朝设置永宁土知府，是纳西族土司统治的地区，有比较浓厚的领主经济的残余。普米族人民除了本民族地主的剥削压迫外，还要向纳西族的世袭地主和总管承担各种劳役，缴纳名目繁多的苛捐杂税。由于阶级分化，耕地典当和买卖的情况很普遍，特别是河谷地带的普米族地主向外族农民购买水田的情况较为明显。

普米族原来就是游牧民族，擅长饲养和放牧，因此，畜牧业在普米族的生产生活中占有重要的地位。畜牧业主要饲养牛、马、骡、羊、猪、鸡、狗等。牛有黄牛和水牛两种，黄牛既供役使也兼食用和祭祀用，水牛仅供耕地。马、骡等供骑用和驼运货物。牛、羊除食用外，还用于祭祀牺牲。

采集和狩猎也是普米族社会经济生活的组成部分。采集火草，是一项古老的传统活动，是为人们制作衣料采集原料，每年纺麻时节，各家各户都要派人上山采集一至数月。狩猎则组织三五人集体活动，多在农闲时进行。新中国成立前，在土司头人的管制下，出猎要缴纳山税。各村寨有严格的山界，不能任意逾越，猎获物中的兽头、前腿或豹皮、麝香等上品必须奉献土司头人，其余由狩猎者平分。

普米族的手工业主要是对农副产品的加工，有纺织、皮革、铁器制造、酿酒、榨油、竹器编织等。宁蒗地区的木漆碗，制作精美，远近闻名。新中国成立前，没有本民族的铁工，只有木工制作简单的生产工具。纺织是用麻或绵羊毛、牦牛毛在木织机上自编自织。“苏理玛”酒是普米族特有的传统名酒。

普米族多住山区，交通不发达，没有形成定期的集市，很少有商品交换活动，一般是外地商人带着生活日常用品进入山区，走村串寨，挨家挨户的开展交换。这些商人们带来的是铁工具和棉布、盐、茶，换回普米族猪膘或粮食。后来，普米族中也逐渐产生了季节性的赶马经商活动，北至四川木里、西康甘孜等地，南达丽江、大理。商品交换最早是以物易物，后来也采用货币做媒介，并产生不等价剥削现象。

【风俗文化】

普米族的村落一般分布于山区的半山缓坡地带，平均居住海拔2500米。大多聚族而居，往往是同氏族一个村落。少数地区也有与纳西族、白族、彝族等杂居一村的。村落之间一般相去约半公里，炊烟相望，鸡犬相闻。

普米族人的住房，除了少数汉式瓦盖楼房外，多数都是板屋土墙结构的楼房或木楞子楼房。“木楞房”是纯木结构，木版盖顶，四墙用木料重叠垛成，当地又称“木垒子”。各户住宅围一院落，院门正对的称正房，呈长方形或正方形，四角立柱，中央竖一方形大柱，称为“擎天柱”，认为是神灵所在之处。厢房和门楼都是两层，上层住人，下层关牲畜或堆放杂物。正房内设火塘（锅庄），火塘左右设卧铺，平时家人在正房火塘边食宿、议事、待客，是全家活动的中心。锅庄原是指火塘中架铁锅的三块石头，后大多改用铁三角架。三脚架可以世代相传，是家里的贵重器物，越大越显得家庭富裕。近代所说的锅庄，是指下火塘前一块带有宗教色彩的石头，人们需要时常向它上供，祈求人畜平安，五谷丰登。室内无窗，日间从屋顶挑开两块滑板采光和通风。大门外悬挂牛羊及野生动物的头骨，以示辟邪和祝愿牲畜兴旺。房内挂猪下骸骨象征财富，挂猪尿泡认为有防火之效。尚未分居的已婚子女住侧房，房内不设火塘，有小孩后另建居所。

普米族饮食以玉米为主食，兼食大米、小麦、青稞等。蔬菜种类较少，有青菜、萝卜、茄子、瓜类等。传统的饮食方式有石头烤粑粑、羊胃煮肉、木桶煮食。糌粑面是普米族的传统食品，做法是将粮食炒熟，放在手碓或脚碓中舂成糌粑面，用冷水或开水冲食之。喝茶时可作点心，外出劳动、打猎、旅行时可随身携带。面食类有烤制和煮制两种。各种粮食都可加工成粉，常见食品有烤粑粑、烤稀面饼、煮面片等。

普米族喜食肉，主要是猪、羊、牛、鸡肉，以猪肉数量为多。猪肉有新鲜肉、猪膘肉和腊肉，喜煮成坨肉而食。请客时，如果是盛宴，要当着客人的面宰杀牛羊或猪鸡，以示诚心待客。客人离开时，主人要送一块猪膘肉，称为“散份子”。

猪膘肉是普米人及摩梭人加工整猪的一种特殊方式，即将猪宰杀后，去骨及内脏，用盐和花椒作成腌肉，然后把猪皮缝起来，即成猪膘。因形似琵琶，故又名“琵琶肉”。食用时要一圈圈地切下来。猪膘的多少，往往能反映一个家庭的富裕程度，一般的家庭每年都制作一、二十个猪膘。可放置数年，富裕人家有的储存到二、三十个猪膘。猪膘是普米人送礼的上等礼品。普米人也自制腊肉和香肠，制法和汉族大体相同。

自明清以来，随着汉族饮食文化的不断传入，普米族的饮食习俗有了很大的变迁。如兰坪、维西、丽江地区的普米族家家户户都会自酿白酒，烹调技术也有了很大的提高。富裕人家在红、白喜事上请客，都会做四碟八碗的菜肴，桌凳请白族工匠制造，厨具主要通过购买。新中国成立后，普米族的饮食文化习俗，已和邻近的白族、纳西族、傈僳族等民族的饮食文化基本一样，以汉族的饮食烹制习俗和汉菜为主了。

普米人有喝茶的嗜好。一日至少三茶：早茶、中午茶和晚饭茶。有的人在临睡前还要喝一次茶，叫晚茶。一般是用一个小巧的茶罐，放入茶叶，用水煮成浓茶饮用，其味浓苦。普米人还喜欢喝酥油茶，制作的方法是先在茶桶内放一块酥油或者猪油，加入少量盐和瓜子仁，将开水倒入桶中，用打茶棍在桶内搅拌，直到油水融为一体，倒出后即可饮用。

酒也是普米人喜爱的一种饮料，有烧酒和水酒。水酒类似啤酒，男女老少都爱喝，也是待客的必备之物，当地有“无酒不成话”之说。在婚丧和集会时，使用牛角杯盛水酒，称为牛角酒，主人以将客人灌醉为体面事。

据明清史料的记载，普米族历史上的服饰男子编辫子，头戴藏式帽，佩刀披毡子，戴耳环，左手穿袖子，赤足。妇女肩披细缕发辫，多首饰，穿裙子，赤足；普米族的服饰以宁蒗地区保持传统较多，一般在13岁以前不分性别，都穿有一件右襟麻布长衫，男不着裤，女不穿裙。女孩发饰前留一辫，上栓红绿料珠。男孩则在头部的前边和左右各留一辫，不佩珠；成年男子的服装各地大致相同，主要是上穿麻布短衣。下穿宽大长裤。外罩长衫，束羊毛制的绣花腰带。富裕人家穿氆氇长衫。膝以下用布或毡裹腿，腰间佩刀，赤足，或夏穿草鞋，冬穿粗工牛皮鞋；老年男子蓄长发，用丝线把头发包缠于顶。或剃光头，于头顶留一撮发，缠盘于顶。头包帕或戴毡帽，晚近流行盆沿礼帽，有的还镶饰金边。妇女服饰最为丰富多彩，宁蒗、永胜的普米妇女留长发，以辫子粗大为美，外包黑布大包头。上衣窄袖高领，穿大襟短衣，着百褶长裙。春秋穿夹衣，用灯芯绒缝制，领和衣边镶嵌金银边，称为“金边衣服”，是妇女最华贵的衣装。喜用羊毛彩带束腰，背披羊皮，胸前佩带银链，戴手镯、戒指、项链、耳环、玉坠和串珠头饰等。兰坪普米妇女服饰受当地白族影响较深，普遍穿麻布或毛线裙子，未婚女子头饰正面压贴多层绣花边方巾，发辫中掺入丝线，自左向右绾住布帕，上戴黑色瓜皮帽。有的头扎两股发辫，婚前用双层刺花的天蓝色布包头，外栓有根红头绳。婚后改用黑色布包头。少数讲究装饰的妇女，将发辫编成12股，缀以红、白料珠12双，耳缀银环，项挂珊瑚、玛瑙串珠，胸前佩带“三须”或“五须”银链，节日和婚礼穿花鞋或自制猪皮鞋。

新中国建立后，普米族也和其他各民族一道，在服饰上受汉族的服饰文化影响较多，服饰趋向简单。女子头饰普遍只用花帕，穿领口、襟边、袖口镶边的大襟长衣，外套红、黑、绿色领褂，腰系彩色镶边的黑色或白色方型围腰，戴一些简单的饰品。各地男子除仪式、节庆外，大部分都着汉族服装。随着改革开放的不断深入，普米族的年轻一辈更多的接受了一些西方的服饰文化，西装或牛仔裤都成为人们日常的穿着服饰。

普米族的家庭和婚姻经历了由母系制到父权制、由群婚到一夫一妻制的发展过程。新中国成立前，普米族的大部分地区都建立了父权制家庭，实行一夫一妻的婚姻。在宁蒗和永胜地区盛行大家庭，其中多数是父系大家庭，其他地区多系小家庭。只有居住在泸沽湖附近宁蒗县永宁地区四、五个村的普米族，在当地纳西族的影响下，实行走婚和母系制。

父系大家庭的家长并不独断专行，男性家长除主持日常事务外，重大问题由全家聚会商讨决定。家长由父亲和长兄担任，受到全家成员的敬重。

现在普米族的父系制地区多是小家庭。平均每户人口4—5人。家庭由男子传宗接代，女子是外姓之人。年长男子为家长，在家长领导下，家庭成员按性别和年龄实行分工。家庭财产实行男性直系亲属继承制，家产诸子均分，幼子得主房，父母留一份养老产业与幼子共同生活。

普米族家庭中的舅权很突出。舅权与父母等同，每年外甥要去舅父家拜年，甥儿女13岁行穿裤子、穿裙子礼后也要去拜见舅父，舅父要赠给衣服、饰物以至大牲畜。舅父对甥儿女的婚姻有权干预，特别是甥女，舅家有迎娶的优先权。出嫁的妇女死后要先向舅家报丧，舅父披着白毡来吊，婿方要屈意奉承。普米族的母系家庭只存在于实行走婚的几个村寨，是由同一始祖的后裔组成的。亲兄弟姐妹属于同一个家庭，如果没有分开居住，姐妹的子女仍然是属于同一个家庭。由于是走婚，母系家庭中不包括本户男女成员的配偶，他（她）们的配偶都住在各自的母亲家。姐妹所生的子女是这个家庭的继承人，而兄弟与其阿注所生的子女不属于这个家庭的成员。每个人都有自己的母亲和家庭，而生身父亲却是“局外人”。母系家庭的家长一般是由母亲或长姐担任。她是家庭的核心，受到全家的敬重。在母系制下，阿注婚所生的子女，只属于母亲。按传统习俗，男子无抚养儿女的义务，但有抚养甥儿女的责任。在母系制下，儿童并不属于母亲个人，而是属于母亲的整个家庭，他（她）们都是家庭的继承人，将来也要赡养所有的长者。舅舅则把甥儿女都看成是自己的亲骨肉。

普米族亲属称谓中的直系亲属部分，与汉族、白族的称谓完全相同。不同的是旁系亲属和姑表亲的称谓区分不太够明显。如旁系亲属中伯祖父与叔祖父、伯祖母与叔祖母、姊与嫂同称，姑姨表亲中姑父与伯父、姨夫与叔父、姨姑表兄弟姐妹同称等。这些称谓在某种程度上反映了普米族历史上，曾经盛行过氏族内婚和姨姑表优先婚的婚姻制度。

普米族的婚姻以一夫一妻制为主。新中国成立前，普米族实行氏族外婚。选择配偶由父母作主，盛行姑舅表婚优先婚配。结婚年龄较早，女子15岁、男子18岁多已完婚，或者在男女13岁举行成丁礼后结婚。普米族通婚的双方，有三代续娶的风俗，称为“亲三代”。指腹为婚、幼年定婚较普遍。各地普米族的非姑舅表婚一般要经过求亲、敬锅庄、择日、行婚礼等几个步骤。选定对象后，男方向女方家说明意图，如征得女方家族同意，男方家长便请媒人携带礼物去女方家说亲。女方召集家族长辈与男方见面，由女方打开男方带来的定亲酒祭锅庄，敬长辈，畅饮后确定亲事。订婚后，经议聘、过小礼、逢年过节双方互赠礼品，双方家庭来往密切。男方到预定完婚的年份到女方家求婚，对方同意后，多在冬闲的双月择良辰吉日举行婚礼。

兰坪、维西一带的普米族，婚礼之日盛行“对歌”。当男方迎亲队伍抵达时，女方仍紧闭大门，于是媒人唱起喜歌，叙说双方结亲符合天意人意。女方听到中意处，才开门迎入，并接受迎亲者送来的礼品和礼钱——“开门钱”。迎亲人见到女方老少，都要磕头致意，感谢他们将新娘许配新郎。第二天破晓，将新娘打扮一新，由新娘的弟弟背出扶上马背，饮“出村酒”。到了新郎家，迎候的家人唱起“开门调”，新娘由两个中年妇女扶入洞房。随后，一对新人拜堂，男方设酒席宴客，对唱古歌，跳锅庄舞，通宵达旦。

在盛大的婚礼后，新娘要开始“不落夫家”的生活。兰坪地区新娘不落夫家的时间一般是数年，宁蒗地区则从若干年至一二十年不等，往往要到新娘怀孕后才真正到男方家生活。可见，普米族女子虽然订婚、结婚较早，但真正到夫家坐家往往都很晚，普遍是25岁以后，少数到30、40岁才坐家。在此期间，男方要迎娶新娘四次，举办四次婚礼仪式。按照旧的习惯，姑娘婚后起码要三回三转，设法逃回娘家。若在一迎二迎后就坐夫家，会被认为是一件不光彩的事。

宁蒗地区的普米族还保留着古老的“抢婚”习俗。到议定的婚期时，女方会把新娘藏匿他家，女方亲友则准备对男方迎亲人进行掳掠。待迎亲人抵达，女方蜂拥而上，将其所携带的礼品一抢而光，男方不得反抗，事后用茶叶将礼品赎回。到出嫁之日，女方父母不事先通知新娘，仍让她外出劳动，男方派人将其强掳回家。新娘到达男方家，要先由“韩规”为她举行除秽仪式，目的是把尾随新娘的女方亡灵撵走，使她从此归属于新的家庭。这天，男方要大宴宾客，以示庆祝。普米族婚后不能离异，若丈夫亡故，女子一般由夫家作主转房给夫弟。如无转房对象，则在族内转嫁，族内无对象，则由婆家决断，招婿或留下其子女后再嫁外人，再嫁彩礼由婆家收纳。

新中国成立后，普米族的旧婚姻制度有了改变。青年男女们走上了婚姻自由的道路，父母包办婚姻的现象少了，门当户对的婚姻观念被打破了，“不落夫家”的现象没有了。青年人的通婚范围，也从本民族扩大到其他汉、白、藏、纳西、傈僳等民族，传统的婚姻习俗有了很大的变化。

普米族非常重视对儿童的教育。对幼儿的教育包括劳动教育、习惯法教育和品德教育等。重视儿童教育是每个普米家庭和整个村社的优良传统。而为少年举行成年礼仪是一次重要的社会教育。儿童年满13岁举行成年仪式，时间在除夕之夜，届时将入社的儿童按性别团聚在一起，通宵欢乐。待雄鸡报晓，立即返家，参加传统的成年仪式。如是男孩，由舅父带他到火塘左前方，双脚踩在粮袋和猪膘上，右手握尖刀，左手拿银元，象征勇敢和财富。巫师祭祀毕，舅父为其换上短衣长裤，系腰带。如是女孩，则由母亲带到火塘的右前方，脚踩猪膘和粮食，左右手分别握麻线、耳环等饰物，母亲为其换上麻布上衣和白褶裙。换装后要向灶神、长辈叩头，亲友赠与牛、羊、饰物，表示祝福。成年礼结束后的少男、少女成为家庭正式成员，有权参与社交，有的开始参加主要的生产劳动。

普米族的葬礼很隆重，传统葬俗是火葬，有的也行土葬。宁蒗地区全部实行火葬，兰坪靠近白族的地区以土葬为主，维西县则两种葬俗都有。按照传统习俗，在人病危时要通知近亲探视。人死，要鸣枪放炮，通知村内各家，村内人闻丧后，携带饭团、猪膘等物品，前去吊唁。人死以后，要洗尸，并将尸体捆成屈肢坐式。捆尸缘由，是将死者恢复成原来出生的状态，便于再生成人。火葬的时间由巫师决定，每个村寨都有一个火葬场。

出殡前夜，将尸体移入一彩绘的方形棺木内，停放于正房火塘边，举行“给羊子”念经送魂仪式。“给羊子”是普米族葬仪中最隆重的仪式，普米语称“史布融比”或“冗肯”，意为“送亡灵到祖源地方”。相传人死之后，亡灵需用白绵羊引路才能返回祖源地，故有此举。“给羊子”仪式由巫师主持，祭祀时向羊耳内撒酒和炒面，如羊摇头，则意味死者欢喜，全家吉利。随即由孝男孝女跪地轮流请羊喝酒，亲属向羊磕头辞行。接着由专人杀羊取心，供上羊心后，巫师唱颂《指路经》，给亡灵指引归宗路线，让亡灵沿祖宗迁徙路线返回祖先的发祥地。参加“给羊子”仪式的人员可达数百，人们集体便宴，称为吃排酒。其间，老人们要唱开天辟地以来的一切古歌，其中一首叫《柞树的故事》，内容讲羊子的起因。还要唱《做人规矩歌》，对青少年进行教育。

出殡时，由四人将棺木抬至火葬场，用斧头劈开棺木，尸体落入架好的柴垛上，送葬的亲友即可返回，家属跪地痛哭，与死者诀别。巫师念火葬经，以慰亡灵升天。次日由死者子女到火葬场捡13块骨头，存入小口凸肚的骨灰罐中，不盖口，底部留一小空，意为死者灵魂出入的通道。同一氏族的骨灰罐集中在一个坟山，俗称罐罐山。骨灰罐是按辈分次序排列的，长辈在上，晚辈在下，男左女右。

普米族有自己的节日。主要是大过年、大十五节、绕岩洞、转山会、尝新节等，有些地方也过清明节、端午节等节日。大过年是普米族最隆重的节日，一般过三天至半月。在宁蒗，以腊月初七为岁首，而兰坪和维西则在正月过春节。兰坪一带有杀年猪宴亲的习俗，不论来客多少，总要馈赠每人一份火烤肘肉和一碗骨头汤，以示“亲如骨肉”、“情同手足”之意。腊月三十晚上，由男家长主祭“门神”，敬“锅庄”，然后全家老小围拢火塘吃团圆年饭。大年初一清晨，各家以供品祭锅庄，祭龙潭。所念祷词，提及同氏族内各家族祖先亡灵和自家三代列祖以及各路名山大川的名字，表示迎新年祈丰收。宁蒗普米族在除夕之夜，先要放火炮三响、吹海螺，在锅庄上供猪头。次日，上屋顶祭房头，取新水。家中如有年满13岁的男女儿童，则要举行隆重的“穿裤子”和“穿裙子”仪式。春节期间，普米族同一氏族的人邀约集体上山放牧，共同聚餐，各家带去丰盛的菜肴。青年男女要举行赛马、打靶、赛跑、摔跤等多种娱乐活动。

大十五节是宁蒗普米人过的一个节日。时间在腊月十四日，届时，人们穿着鲜艳的新装，上山露营，举行篝火晚会。次日绕“嘛呢堆”祈祷求福，青年男女尽情的唱歌、跳舞，谈情说爱。

宁蒗永宁地区的普米族，端午节要举行“绕岩洞”活动，并到洞中烧香驱邪，祈求多子多孙。中元节时去参加“转狮子山会”，去祭祀“干木”女神。这种节日既是宗教性的节日，也是青年男女进行社交和娱乐的节日。在大小春节收获的时节，要过“尝新节”，家家户户都酿酒做新米饭，有时还把第一餐新米饭中的饭团先给狗吃，以示对狗的尊敬。

氏族组织是普米族传统的社会组织方式。主要表现在两个方面，一是以氏族为单位组织宗教活动；二是在丧葬活动中，把现存的氏族组织与祖先发源地紧密联系起来，将死者的亡灵送回本氏族祖先的发源地。每个村寨都由几个氏族组成，各氏族有共同的山神、树神和龙潭神，要举行共同的祭祀活动。氏族内有共同的墓地、山林、荒地以及牧场，供本氏族成员使用。在氏族观念支配下，社会中的重大活动均要全体成员集体参与。新中国成立后，经过和平协商民主改革，氏族的公共财产已划归集体所有，氏族所有制随之消失，但仍保留了氏族公共墓地。

普米族是能歌善舞的民族。凡遇婚、丧、节日，都举行“对歌”比赛，歌词包括劳动生产、婚、丧、宗教等方面的题材，如《祭山神歌》、《挽歌》、《迎客歌》、《四季歌》、《迎亲歌》、《赶马歌》、《放羊歌》、《纺线歌》等等。形式多为叙事歌，另有短调，以男女青年爱情生活为主，通过对唱，表达双方爱慕的心意。平时也喜爱唱纳西族、白族和汉族的山歌。歌曲演唱有广泛的群众基础，演唱时都有特定的环境、形式和内容，伴奏的乐器有笛子、葫芦笙、四弦琴、口琴、口弦、唢呐等。

民间舞蹈种类繁多，内容十分丰富。既有自娱性与交际性的舞蹈，如《搓磋》、《葫芦笙舞》；又有模拟性和礼仪性的舞蹈，如《仆瓦磋》；还有崇拜英雄、自然、祖先神灵的祭祀舞和丧葬舞，如《醒鹰磋》、《寨细磋》等。舞蹈以反映耕作、狩猎、纺织等生产劳动的生活为多，用葫芦笙、笛子等伴奏。舞步刚健明快，并配以优美生动的曲调。跳锅庄是普米族传统的舞蹈形式，一般是傍晚时在院内或场坝上举行。跳舞时，总要在中间燃起一堆火，与室内的锅庄相似，所以叫跳锅庄。此外，常见的舞蹈还有“初歹”（即“打跳”）、“初及”、“帕手拉”、“洗麻舞”等，多为集体舞蹈。跳舞时无论男女老少都加入舞蹈行列，欢聚一堂，往往跳至深夜不知疲倦。

普米族创造了许多想象丰富、优美绚丽的民间文学作品，其中神话传说数量较多，时代也较古老。如《洪水朝天》、《开天辟地》、《捉马鹿的故事》、《戛达米》等，是关于开天辟地、人类起源、民族迁徙的神话传说。其神话传说的特点是，洪水洗劫后，人类不是靠兄妹成婚来繁衍绵延，就是以人仙匹配的形式来实现。《给羊子的来历》、《狗救主人的故事》、《打猎的来历》等，是解释普米族某些重要习俗起源的故事。如《给羊子的来历》对普米族丧葬文化中最隆重的“给羊子”仪式的来历进行了解说：传说兄弟（又说是甥舅或父子）二人去远地取经，入夜行至荒山野岭，幼者躲入日展夜合的柞树叶中过夜，长者自持有宝剑护身，结果被斑鸠大的蚊虱蚕食。幼者为使长者安息，想尽各种办法，最后以羊献祭才达到目的。

普米族的民间诗歌以体裁广阔、曲调多样、富有浓郁的生活气息和广泛的群众基础而远近闻名，是名副其实的诗与歌的统一。其诗歌可以分为习俗歌、山歌、苦情歌和欢乐歌几类。其中，习俗歌是在举行有关习俗活动时演唱的诗歌，大多保留了普米族音乐的传统风格，演唱时都有特定的环境、形式和内容，包括史歌、婚歌、丧歌、祭社歌和生活歌等。史歌有《创世歌》、《族源歌》等，曲调带叙述性，多由老人独唱；山歌是在山野放牧、劳动、行路等情景下唱的抒情性歌曲，有独唱和男女对唱等形式。歌词多即兴创作，内容多反映爱情生活、自然风光和劳动生产等。其中情歌的数量最大，如《放牧牛歌》、《马帮歌》等都属此类；苦情歌以独唱为主，或唱劳动的艰辛，或唱父母养育子女的不易，或唱外嫁女子的孤寂，或唱恋人生离的痛苦。词曲感情结合紧凑，唱至动情之处常常催人泪下；欢乐歌是表现欢乐情绪的短小歌曲，内容大多是赞美家乡风光和向往美好生活，如《贡戛岭歌》就是一首对故乡的颂歌。"
塔吉克族	"塔吉克族总人口为51069人（2010年），百分之六十聚居在新疆塔什库尔干塔吉克自治县，其余分布在南疆的泽普、莎车、阿克陶、叶城和皮山等地，这些县都有塔吉克民族乡。在塔什库尔干，除塔吉克族外，还有维吾尔、柯尔克孜、锡伯和汉等民族，其中塔吉克族26133人，约占全县总人口的81.6%。“塔什库尔干”是塔吉克语“石头城堡”之意，是古老的塔吉克族世代居住的地方。

塔什库尔干位于帕米尔高原的东部，南端耸峙着巍峨雄壮的世界第二高峰乔戈里峰（海拔8611米），北方矗立着号称“冰山之父”的慕士塔格峰（7546米）。在全县2.5万平方公里的辖区内，还有几十座海拔五、六千米终年积雪的高山。远望塔什库尔干，冰川高悬，银嶂连绵，险峻奇拔，仪态万千。融化的冰雪汇流成河，奔泻于千山万壑之间。发源于喀喇昆仑山的叶尔羌河（我国最大的内陆河——塔里木河的三大源流之一）流经自治县的东部；由明铁盖河（卡拉奇可尔河）和塔格郭巴什河汇合而成的塔什库尔干河流经自治县的东部和北部。在白云萦绕的冰封雪岭之下。深邃幽静的峡谷里，稼穑茂密；绿草如茵的牧场上，牛羊成群。从平川地带进到帕米尔高原的人，无不被它的奇异风光所惊诧，想不到层峰叠嶂之中，竟有花果飘香、宜农宜牧的好地方。塔吉克牧民就分布在这些山谷里。塔什库尔干为高原山区温寒干旱气候，四季不分明，只有冷季和温季，冬长夏短，无霜期短，日温差大，光照充沛，降水稀少，不适宜种植业发展。

帕米尔高原地势高，树木较少，塔什库尔干县森林面积1625公顷，由山地天然林、河谷天然林和人工林组成。数量多、分布广的树种主要有银毛柳、密穗柳、沙棘、圆柏、桦树等，东部山区有较多的落叶松、梧桐等树木。全县有可利用草场41.67公顷。县内温泉资源丰富，较大的温泉有羊布拉克泉、塔合曼泉、马尔羊泉、达布达尔泉等。珍稀野生动物有帕米尔盘羊、棕熊、旱獭、雪豹等。野生药材有雪莲、锁阳、党参、当归、麻黄、紫草等。

塔什库尔干一带蕴藏着许多矿产资源，主要有铁、宝石、玉石、硫磺、水晶、硅、津、石棉、云母、煤、铜、镍、锡、石灰石等。其中铁的蕴藏量最为丰富。

莎车、皮山、泽普等地的塔吉克居民，大都分布在离城市较远的农村。这一带地处塔里木盆地西南部，地势平坦，气候温暖干燥，适宜于发展农业生产。

塔吉克语属印欧语系伊朗语族帕米尔语支，它包括色勒库尔语和瓦罕语两大方言。色勒库尔语是塔什库尔干塔吉克居民日常生活中进行交际的主要口语，使用色勒库尔语的塔吉克人数约3万，使用瓦罕语的人数约1万。由于民间交往频繁，许多塔吉克人兼通维吾尔语和柯尔克孜语，普遍使用维吾尔语言文字。

塔吉克族属欧罗巴人种印度地中海类型。“塔吉克”是本民族的自称。关于“塔吉克”一词的意思，有古代阿拉伯部落“塔伊”、“大食”及11世纪中亚突厥人对操波斯语的“塔特”民族的称呼等说法。但一般认为“塔吉克”出自“塔吉”一词，塔吉克语为“王冠”之意。

【历史沿革】

塔吉克族的族源可上溯到公元前若干世纪分布在帕米尔高原东部操伊朗语的诸部族。这些部族在很早的时候就分布在我国天山以南的许多地方。11世纪时，突厥游牧部落将中亚地区操伊朗语、信奉伊斯兰教的人民统称为“塔吉克”。以后，“塔吉克”逐渐成为这一地区人民的民族自称。在历史上，自古就繁衍生息在新疆广大地区的塔吉克人，和不同时期从帕米尔西部东迁并定居塔什库尔干一带的塔吉克人，是我国塔吉克族的先民。

两千多年以前，张骞通西域，西汉王朝在西域设置“西域都护”。帕米尔东部的各伊朗语部落与中央王朝确立了行政上的从属关系。在张骞通西域之后，前往大月氏、安息等国的使节和商人不断经过帕米尔地区，帕米尔成为古代“丝绸之路”上东西交通的必经之路，使得塔吉克族和汉族等兄弟民族之间在经济、文化等方面的交流也越来越频繁，促进了塔吉克族古代社会的发展。

公元2、3世纪，生活在帕米尔高原的塔吉克族先民们建立了朅盘陀国。“朅盘陀”一词在东部伊朗语中意为“山路”或“山间平地”。朅盘陀地处丝绸之路的孔道关隘，对东西方的经济和文化交流起着桥梁作用。

朅盘陀国在我国塔吉克族历史上留下了深远的影响。据《大唐西域记》及其它史料的记述，朅盘陀国在当时塔什库尔干及其周围地区开挖渠道，兴修水利，大力发展灌溉农业；修建驿站及免费提供过往行旅住宿的房舍，以保证丝绸之路的畅通；修建城堡、城市，社会文化也得到相当大的发展。在南北朝时期国力最为强盛，都城周围约十余里，还环绕着12座城堡。当时，朅盘陀国建筑了10多座寺院，僧侣达500人之众，国王还恃武力，从邻邦“请”来当时号称“四日照世”之一的名僧童受，并为他修建了“台阁高广，佛象威严”的寺院，使朅盘陀成为这一地区小乘佛教中心。朅盘陀国继承并发展了汉代葱岭各部与中原地区的密切关系，即使在中原分裂后形成南北朝期间，也屡次派遣使者，远行万里，同北魏和梁朝进行联系，并贡献土产。唐初，朅盘陀受辖于播密州，属安息都护府节制，同中央的关系更加密切。

朅盘陀国大约存在500多年，唐朝开元年间（713-741年），吐蕃势力达到帕米尔一带，朅盘陀国国王裴星归降吐蕃。此后，唐朝为加强西部边防，在开元年间设立了属安西都护府管辖的“葱岭守捉”，扼守帕米尔高原，实行有效的管辖。宋、元之际，塔什库尔干称为色勒库尔，朅盘陀的后代也随之成为色勒库尔人。

蒙古人征服中亚之后，色勒库尔连同中亚大片土地一起便归属于察合台汗国。由于几经战乱，又常遭附近割据势力的掳掠，色勒库尔的塔吉克族人口锐减，而且大部分散居在深山幽谷之中，在那些外人罕到的地方放牧少量牲畜和耕种小块土地，经济发展停滞。在宗教信仰方面，则和附近居民相似，普遍皈依伊斯兰教，并最迟在11世纪，加入了伊斯兰教的伊斯玛仪教派。明朝时期，统领南疆广大地区的叶尔羌汗国一直向色勒库尔派驻阿奇木伯克，色勒库尔地区成为叶尔羌汗国的一部分。叶尔羌汗汗国解体之后，由于战乱仍频，塔什库尔干地区和塔吉克人的社会生活受到严重损害，很多人背井离乡，流离失所，生产凋敝，民不聊生。

17世纪初，色勒库尔为察合台汗后代建立的东察合台汗国所属。由于社会环境比较安定，人口逐渐发展，在色勒库尔的中心地带建有许多小村落。18世纪初，伊斯兰教的伊斯玛仪教派的“伊禅”色以提利在察合台后裔的支持下成为色勒库尔塔吉克的统治者。

1759年，清朝政府平定了大小和卓之乱，在新疆实行军府制度，设置了统辖新疆的伊犁将军，喀什噶尔以西及帕米尔地区都属喀什噶尔参赞大臣直接统辖。色勒库尔沿明旧称，划为色勒库尔回庄。它与南疆其它地区一样，实行伯克制，由叶尔羌办事大臣委派五品至七品伯克，管理地方行政事宜。1884年新疆建省，取消了南疆的伯克制，色勒库尔由莎车府分设“蒲犁分防通判厅”。辛亥革命以后改为蒲犁县。蒲犁庭下辖27个庄，每庄由分防通判（后来由县长）委派当地上层分子一人担任“乡约”管理全庄。

塔吉克族人民富有保卫祖国的光荣传统。18世纪时，帕米尔附近的浩罕汗国等部多次骚扰和掠夺色勒库尔地区。1836年冬，浩罕侵略军进犯色勒库尔，阿奇木伯克库尔察克率众浴血奋战，被浩罕入侵者杀害，为保卫祖国的领土，献出了宝贵的生命。歌颂这位民族英雄的长诗《太洪》至今仍在塔吉克人之中传唱。

1865年，浩罕军官阿古柏入侵新疆，建立了侵略政权哲德沙尔汗国。阿古柏派爪牙阿山夏“镇抚”色勒库尔，对塔吉克人民进行严密防范和残酷镇压。很多塔吉克人被迫远走他乡，逃往瓦罕、布哈拉等地避难。很多居民竟被阿古柏当作罪犯，流放到喀什城北的帕齐牙尔和莎车境内。

1877年，清朝政府派左宗棠出兵收复新疆。原色勒库尔回庄阿奇木伯克艾里布利用清军胜利的声势和塔吉克人民驱逐侵略者的要求，杀死阿山夏，收复色勒库尔。清朝政府赏给艾里布蓝翎五品顶戴，管辖原色勒库尔回庄辖地，并兼管色勒尔西北9处柯尔克孜族游牧地。

1891-1894年，沙俄勾结英国，悍然瓜分了帕米尔，并企图进占塔什库尔干。塔吉克族人民为防御俄英帝国主义的继续入侵，应募组成“色勒库尔绥远回队”，由驻防当地的马队旗官兼任管带阿奇木伯克兼任总哨，负责保卫地方。许多塔吉克牧民自愿迁到塔什库尔干南部的热斯坎姆附近边卡和明铁盖等处，长期在那里垦牧戍边，担任边防重任。

1938年，中国共产党在新疆的代表向当时的新疆省政府建议，为巩固抗日战争的大后方，必须制止帝国主义在新疆土地上的非法活动。于是，1938年至1940年间许亮、胡鉴两位中共党员来到塔吉克牧区工作，分别担任蒲犁县县长和边防大队队长，领导塔吉克族人民开展反帝斗争，发展经济文化，改善人民生活。1942年，盛世才彻底投靠国民党，共产党人被迫离开，塔吉克人民又陷入苦难之中。1945年8月22日，塔吉克和柯尔克孜两族人民掀起了蒲犁革命，反对国民党的统治，先后攻克蒲犁、叶城和泽普三县。蒲犁革命有力的配合了三区革命，沉重打击了国民党在新疆南部的统治，在塔吉克、柯尔克孜等族人民的历史上写下了光辉的一页。1946年6月，三区革命政府履行与国民党政府签订的和谈条款，解散了蒲犁革命军。国民党的军队和官员重新进入蒲犁，大肆捕杀革命者和无辜人民，被捕、被杀达4000多人，生产、生活遭到严重破坏。

清代以前，塔吉克族社会经济的发展是比较缓慢的。虽然早在朅盘陀国时已经有了“决水以种”的灌溉农业和纺毛织毡毼等手工业，但由于历史的原因，塔吉克族的畜牧业、农业生产都比较粗放，生产水平长时期地停滞在比较低下的状态。由于缺乏铁器，一直使用帕米尔特有的、体型高大的野羊犄角来犁地。清初，色勒库尔回庄与喀什、叶尔羌等地的贸易交换逐渐开展，每年都有一定数量的粮食、棉布、铁器等生产和生活必需品输入塔吉克族地区。尤其是在汉族、维吾尔族、柯尔克孜族人民的帮助之下，塔吉克族在改进耕作方法、兴修水利、畜产品加工、繁殖牦牛、大尾羊等技术方面，都有了较快的提高。

17世纪末，统治色勒库尔的贵族、头人强迫塔吉克族人民缴纳赋税、服无偿劳役，进行封建剥削。不久，伊斯兰教伊斯玛仪勒教派的宗教势力和封建势力合为一体，宗教上层受到清政府的加封，并被任命为伯克。他们掌管司法、税收、民政等事务，逐渐形成了以伯克为主体的世袭封建统治集团。具有明显封建领主性质的各级伯克，除由朝廷按季发给“养廉费”外，还按照等级，封赐几户至几十户数量不等的佃役户“诺坎尔”（塔吉克语，奴仆）。“诺坎尔”全家终身供伯克役使，为伯克耕种土地、放牧牲畜和从事家务劳动。此外，有的伯克还蓄养奴隶“邓干力克”（塔吉克语，像牲畜一样买来的人）。清代的伯克制赋予塔吉克族封建贵族以政治上的种种特权，同时，清政府又通过各级伯克统治塔吉克各族人民。因此，伯克们无不仗势欺压百姓、横行地方。世代充当色勒库尔阿奇木伯克（相当于县级地方行政官吏）的克里木，为了扩大庄园，凭借政治上的权势，作威作福，竟用一纸公文就把小同庄四十多户牧民变成没有人身自由、没有户籍、类似农奴的“阳切克”。在封建统治和压迫之下，塔吉克族人民生产得不到发展，生活极端贫困，没有任何政治上的权利。

新中国成立前，聚居在蒲犁的塔吉克族，主要经营畜牧业，并有小量农业，过着半游牧半定居生活，春播以后上山放牧，秋季回村收获过冬。畜牧业、农业的生产水平都很低，自给自足的自然经济只能提供数量极少的牲畜和畜产品，用以交换粮食、茶、布等生活必需品。沉重的封建压榨形成的贫富分化，从生产资料占有的状况就可以得到充分的说明。广大贫苦塔吉克族牧民只有少量不足以维持最低生活水平的牲畜，有的甚至一无所有；少量富有的牧主则不仅有着数不清的牦牛、骆驼和马、羊，还霸占着大片牧草场和良田。以塔什库尔干为例，1925年，当地834户塔吉克牧民，共有羊43171只，平均每户应有50多只，然而，其中最富有的一户就有900只之多，最穷的一户只有8只，相差100多倍。

在塔吉克族地区，牧主和富裕牧民用以进行剥削的手段主要是雇工。牧工每放100只羊，一般半年工资只有一只绵羊和一只羊羔。有的牧主将牲畜交给贫苦牧民代牧，而代牧200只羊，一年也只能得到20只母羊的奶和毛的报酬。占有大量牲畜的牧主不仅占有了全村共有的牧场，还利用“氏族互助”的传统，榨取贫苦牧民的劳动。在亲戚、乡亲的掩盖下，穷牧民不得不依附着牧主、富牧，终年为牧主从事放牧、挤奶、制作奶制品等生产劳动及家务劳动，为的是换取一些糊口的奶食。新疆建省以后，各地都废除了县级以上的伯克，唯独色勒库尔的正副阿奇木伯克依然存在，直到辛亥革命后十多年，才予以撤销。因此，直到1925年，“阳切克”才得以免除无偿劳役，恢复自由，取得户籍。

分布在莎车、泽普、叶城等地的塔吉克族居民定居务农，其中绝大多数都是无地、少地的贫苦农民。土地集中在少数地主手中，如泽普县一户塔吉克族地主占地多达4500亩。大多数塔吉克族贫民和当地的维吾尔、回、汉等族人民一样，遭受占有大量土地、垄断水源的地主阶级地租、水租的沉重盘剥。在这些地区，“伙种”是主要剥削形式，即地主将土地拨给“邻居农民”耕种，收获时先由地主扣除种子和耕牛等费用，然后双方对分。田赋归农民负担，同时农民还必须以60％左右的劳动日到地主直接经营的土地上服劳役，他们的家属也要为地主无偿从事各种家务劳动。可以说佃农与农奴无甚差别，仅仅是稍有人身自由而已。

不论牧区还是农村，各种苛捐杂税徭役多不胜数。尤其是1947－1949年，塔什库尔干的塔吉克牧民每年被迫向国民党政府缴纳羊三千多只，柴草上百万斤。国民党军队为了制作马掌，将塔吉克族地区的铁器也搜刮殆尽，许多地方全村只剩下一把砍土镘，以致塔吉克族人民不得不用野羊角、木犁耕地，使农业生产人为地倒退了几个世纪。在苛政暴敛之下，解放前夕的塔什库尔干，畜牧业生产急剧下降，牲畜总数比1942年减少了一半，约有50％的牧户牲畜不足二十头，有20％的牧户只有一、二只山羊或者完全没有牲畜。广大塔吉克族人民饥寒交迫，无以为生，疾病蔓延，人口锐减，新中国成立前，塔什库尔干的塔吉克族只剩下7000多人。苦难深重的塔吉克族人民，日夜盼望着解放。

【风俗文化】

长期居住在高山地区的塔吉克族，衣、食、起居都有适应生活环境的特色。他们根据帕米尔高原有山、有谷、有水的地理特点，利用帕米尔牧草丰茂，水源充沛的自然条件，在高山牧场上放牧牲畜，在低谷农田中种植庄稼，形成了农牧结合，以畜牧业生产为主，兼营农业的格局。在海拔3000米左右的大、小山谷里，分布着塔吉克族的村庄和田园。牧业生产和广种薄收的农业经济形成了村落零散的状态，户与户之间距离也较远。塔吉克人每年春天播种青稞、豌豆、春小麦等耐寒作物，初夏赶着畜群到高山草原放牧，秋后回村收获、过冬，周而复始，过着半游牧半定居的生活。

塔吉克族的服装以棉衣和夹衣为主，没有明显的四季更替服装。成年男子一般戴黑绒圆高统“吐马克”帽，帽上绣有数道细花纹和一道花边，帽里用优质黑羔皮缝制，帽的下沿卷起，露出皮毛，青少年则带同样的白色帽。“吐马克”帽非常适宜高原山区使用，天气暖和时可以折起帽圈，天气寒冷时放下帽圈护住双耳和面颊。夏季塔吉克男子则戴白布缝制刺绣的谢伊达小圆帽。男子多穿套头的衬衣，外罩黑色袷袢（对襟长外套），系绣花腰带，冬季加穿大衣和不带布面的皮大衣。

妇女平时穿连衣裙，并穿长裤，夏季在裙外加一背心，冬天外罩棉袷袢。老年妇女一般穿兰、绿花色的连衣裙，年轻妇女和姑娘穿红、黄花色的连衣裙，为了美观和保护裙子，已婚妇女常在腰间身后系彩色的围裙。“库勒塔”帽是塔吉克妇女区别其他民族妇女的重要特征和标志。在塔吉克族妇女中，几乎人人都有一顶或几顶这种带耳围而又厚实的圆顶帽，帽子顶部和四周以白布做底，上面绣满了塔吉克族妇女喜爱的图案，色彩艳丽而夺目，帽的后部垂有一块厚帘，遮住后脑和两耳，出门时，帽外加方形大头巾，一般为白色，新嫁娘则用红色，小姑娘也有用黄色的。男女都着毡袜、毛线袜、长筒羊皮软靴，用牦牛皮作靴底，轻柔坚实，适于攀缘山路。塔吉克人的手工艺品引人注目，在房屋，天窗、柱子以及炕帷、墙帷、被褥、枕头、盛装食品和衣物的布袋上都绘、雕、刺、绣有各种各样的花卉和极具民族特色的图案。妇女大都喜爱装饰，盛装时帽沿上加一排小银链（“斯拉斯拉”），戴大耳环和颈绕数道珠项链，胸前佩戴名为“阿勒卡”的圆形大银饰。

塔吉克牧民的饮食以奶类、肉类和面食为主；农民则以面食为主。牧民善于制奶品，如酥油、酸奶、奶疙瘩、奶皮子等。食物以煮食为多，以“抓肉”（清炖羊肉）、“显尔该仑起”（牛奶煮米饭）、“显尔台力提”（牛奶煮烤饼）等为上好食品。爱饮红茶。茶煮开后，常加牛奶，做成奶茶。

在塔吉克的村庄里，大都是正方平顶、木石结构的房屋。墙壁多用石块、草皮砌成，厚而结实。顶部架树枝，抹上拌有麦草秸的泥土。门向东开，一般靠近墙角。顶部中央开天窗，通风透光。在院墙以内最大的住屋称为“赛然依”，另有牲畜棚圈和厨房，有的还有客房和库房。由于高原多风雪，室内虽比较宽敞，但较低矮，四周筑土炕，长辈、客人和晚辈分侧而居，土炕上铺毛毡以供坐卧。炉灶在大门对侧，灶后另有小间储藏室，存放油、肉、干果和粮食。牧民夏季上山放牧，多住毡房，或在牧场筑土屋。

马、牦牛、骆驼、驴等驮畜是塔吉克人的重要交通工具。牦牛有“高原之舟”的美称，它在高原的交通运输中起着非常重要的作用。牧民放牧或长途跋涉，一般都骑马，马具基本上是自制的，塔吉克人的很多竞技活动都与马有关，如叼羊、赛马、骑马射击和狩猎等。

塔吉克传统的家庭形式是家长制的大家庭。男性长者为一家之主，家庭成员的生产活动和生活都由家长作主安排。尊敬家长是塔吉克族传统的道德观念和社会风尚。父母在世时儿子分家另过，会受到社会舆论的责备。至今仍有不少家庭三世同堂，有的甚至四世同堂。家长以传统的方式转相承袭的，一般为父死母继，母死长子继。大家庭中特别提倡尊长爱幼，孝敬父母，夫妻间互相忠诚，兄弟友爱等。在家庭中妇女可以对家务事提出主见，可以参与商量经济事务和子女的婚事。

塔吉克族实行一夫一妻制。本民族内通婚。婚姻大致经过择偶、提亲、定亲、结婚等诸多过程和仪式。提亲称为“库达格力”，一般由男方邀请邻里或亲朋中的长者携带礼物（衣服、首饰和一只羊）前往女方家提亲。若女方同意求婚后，即以亲吻对方之手表示。随后，双方商定婚期。从男方来的年长妇女单独会见未来的新娘，给她戴上戒指，围上红头巾，表示姑娘已有对象。婚礼的仪式十分隆重，一般选择在8、9月秋高草美、牛羊肥壮的季节，男女双方都要广宴宾客。婚后，新娘在发辫上缀以一串串白扣子，以与姑娘相区别。大多数塔吉克人夫妇都能白头偕老。

在塔吉克家庭里，婴儿出生是件大喜事。凡是生了男孩，要鸣枪三响或大喊三声，祝愿其长大后英武有为；生了女孩则在其头下放一把扫帚，祝愿其长大后善理家务。亲友闻讯，都要前来祝贺，在婴儿身上撒些面粉，以示吉利。男孩在6-7岁时要举行割礼；女孩在1-2岁时举行剪发仪式。

塔吉克族有尊重妇女的优良传统。如果一起到某人家去做客，或者参加婚礼、葬礼、拜节等，主人将来客中年龄最大的妇女视为最尊贵的宾客，进门要请她先进，其他人则按先女后男、先大后小的秩序进入。在塔吉克人室内炕上，右边为上席，左边为下席。客人进屋上炕后，女宾坐右边，男宾坐左边，女宾中年龄最长者坐右边首席。如果为客人们宰了羊，要把装有鲜美的羊头和羊尾的盘子，先放在年龄最长的女宾面前，以示尊重。

塔吉克族注重团结友爱，相互帮助。在农村，生产、生活上的互相协作不仅仅局限于大家庭或亲戚之间，而是一家有难众人相助，主要表现在邻里互助、轮流代牧、合伙耕作及事先不规定条件的“换工”等方面。

塔吉克族是个多礼好客的民族。对客人不论亲疏、老幼和民族，凡是来客和投宿的过路人、生人都热情款待。

塔吉克民间文学丰富多彩，有传说、故事、诗歌、舞蹈等。诗歌是口头文学中最重要的形式，人们在各种场合往往触景生情，即兴演唱，较著名的有《雄鹰》、《白鹰》、《聪明的宝石》、《利克斯尔》、《各式各样的》等“玛卡姆”（大曲）。这些诗歌有的表达对统治者的不满，有的表达对未来生活的向往。故事、传说大都以爱情为题材，寄托着人们对美好事物的情感和希望，充满着浓郁的浪漫主义色彩。

塔吉克族特有的乐器有“纳依”（用鹰翅骨做的短笛）、巴郎孜阔木（弹拨的七弦琴）、热朴甫（弹拨的六弦琴），其中，纳依和热朴甫是塔吉克族最喜爱的两种乐器。

塔吉克族舞蹈形式多样，有鹰舞、习俗舞、模拟舞、傀儡舞和歌舞戏等，其中以鹰舞最为著名。鹰在塔吉克民间传说中是英雄的象征，鹰舞多为双人舞。舞蹈时，舞者屈膝、耸肩，模拟雄鹰展翅飞翔、回转盘旋等动作，其动作刚健、强劲，并用鹰笛、手鼓等乐器伴奏。"
怒族	"我国的怒族共有37523人(2010年)，主要分布在云南省怒江傈僳族自治州的泸水（原碧江县）、福贡、贡山独龙族怒族自治县、兰坪白族普米族自治县，以及迪庆藏族自治州的维西县和西藏自治区的察隅县等地，与傈僳族、独龙族、藏族、白族、汉族、纳西族等民族交错杂居。怒族也是一个跨国而居的民族，在邻国缅甸的克钦邦北部高黎贡山区及恩梅开江上游地区也有怒族居住，估计人数约有3万多。

怒族自称“怒苏”（泸水），“阿怒”(福贡)、“阿龙”(贡山)和“若柔”（兰坪），自认为是怒江和澜沧江两岸的古老居民。他们可能有两个来源：泸水县（原碧江县）一带怒族自称“怒苏”，与今日大小凉山的彝族自称“诺苏”音义均相同，元代文献把他们和今西昌、昭通一带的彝族就统称为“庐鹿蛮”，而福贡、贡山县的怒族则可能来自怒江北部贡山一带自称为“阿龙”或“龙”的古老居民。这部分怒族和独龙族在古代有着密切的亲属关系，至今贡山怒语和独龙语还可以通话。由于长期交往，这两部分人在怒江区域逐渐接近，相互影响和相互融合，逐渐发展和形成今日的“怒族”，但他们各自还保留着自己的某些特点。

怒族地区江河汇聚，万山重叠，澜沧江、怒江、独龙河自北而南纵贯境内。怒江东岸为碧罗雪山，西岸为高黎贡山，峭壁千仞，雪峰连绵。怒江河谷低陷，海拔仅800米左右，河谷与山巅相差达3000多米，形成我国著名的怒江大峡谷。

这里的各种资源非常丰富。山间密布着蔽日的原始森林，流域森林面积150万公顷，仅高黎贡山和碧罗雪山两大原始森林的木材储量即达1亿3千万立方米，主要林木有云南松、云杉、铁杉、冷杉等。林中栖息着虎、豹、熊、马鹿及菁鸡、巨鹰等珍禽异兽。地下蕴藏着铜、铁、铝、水晶石、云母等矿藏。经济林木有漆、油桐、核桃等。还有名贵的药材如黄连、贝母、青木香、天麻、鹿茸、茯苓、熊胆等。现在，这里已被列为三江并流国家森林公园的一部分来加以重点保护。

这里气候温和，雨量充沛，适宜于各种农作物生长。由于地势陡斜，怒江水量、流速与落差都很大，水利资源发展前途广阔，水能蕴藏量1226万千瓦，年发电量可达741亿度，是工农业生产现代化的巨大能源。

怒族使用怒语。怒语属汉藏语系藏缅语族。方言间差别很大，贡山怒语与福贡怒语、泸水怒语三者之间不能互相通话；但贡山怒语与独龙语却比较接近，基本可以通话。由于和傈僳族长期共处，怒族人民普遍会说傈僳语。怒族没有本民族文字。过去土司、设治局传递公事，派伕派款，村寨械斗，缔结盟约，买卖土地、奴隶等，均以木刻为凭。现在大都使用汉文。

【历史沿革】

从怒族地区搜集到的许多新石器遗物和有关传说来看，怒族在16世纪以前可能还处于新石器的晚期阶段，当时除使用石锄外，还使用木锄和竹锄。16、17世纪除用石锄为工具的农业生产外，采集和狩猎还占很大比重。清胡蔚本《南诏野史》载：“怒人，居永昌（今保山）怒江内外，……，射猎或采集黄连为生。”当时他们还处于父系家族公社阶段，土地主要属于家族公社公有，由成员共同耕种。

怒族地区从8世纪起，先后受云南的南诏、大理政权管辖。元、明以后属丽江纳西族木氏土司统治。17世纪开始，怒江怒族除受丽江木氏土知府所属的维西康普土千总和叶枝土千总统治外，还受察瓦龙藏族土千总和喇嘛寺及兰坪菟峨白族罗姓土司的管辖。此外，迁入怒江地区的傈僳族头人也开始强占怒族土地，甚至掠夺人口作奴隶。这样，怒族人民不仅要向纳西、藏、白各族土司和喇嘛寺缴纳贡物，而且还要受傈僳族统治者的压迫剥削。与此同时，怒族社会内部也不断分化，族内也出现了家庭蓄奴。有的蓄奴户从独龙族地区通过放债换取奴隶，然后再转卖到其他地区。这种蓄奴现象，一直延续到清末民国初期。

18世纪中叶以后，社会生产力较前有所发展。清余庆远《维西见闻记》记载：怒族“覆竹为屋，编竹为垣，谷产黍、麦，蔬产薯蓣及芋，猎禽兽以佐食。”“人精为竹器，织红文麻布。”农业有各类作物，手工业也有了相当发展。

辛亥革命后，民国政府于1912年在怒江地区先后成立菖蒲桶(贡山)、上帕(福贡)、知子罗(碧江)等三个“殖边公署”，后改为行政委员公署。1928年至1933年，民国政府又将三个公署改为设治局，步步加强对怒江地区的统治，对人民横加各种苛捐杂税，使怒族和其他各族人民进一步陷入了苦难的深渊。

有压迫就有反抗。历史上，怒族人民曾不断掀起反对压迫的斗争，其中较大的有：1746年参加傈僳族弄更帕领导的反对清朝官吏和泸水土司的斗争；1801年参加以傈僳族恒乍绷为首的反清及反康普土司的斗争；1935年福贡的傈僳、怒等各族人民又举行联合武装起义，杀死了设治局长等人，烧毁了所有档案、税契、债簿，并占领设治局近一个月，迫使设治局不得不下令减少赋税。

怒族人民积极参加抵抗外来侵略的斗争，为维护祖国统一与边疆安全作出了重要贡献。19世纪中叶以后，英国殖民者以缅甸为据点，不断向云南怒江地区侵略扩张，美、德、法等帝国主义者也接踵而至。他们披着“传教士”、“科学家”、“探险家”的外衣，从事各种间谍活动，严重地影响到我国边疆安全，激起了怒江各族人民的愤恨。怒族人民连续不断地掀起了反帝斗争。1907年，贡山爆发了傈僳、藏、怒、独龙等族人民参加的反对白哈罗天主教堂法帝国主义者横行霸道的斗争。1937年福贡木古甲一带的怒、傈僳族人民又联合起来焚毁该村的教堂，拒绝向帝国主义分子售粮和带路，不准他们再从事破坏活动。

1942年到1944年，日本侵略军进犯泸水县，烧杀抢掠，无恶不作。许多怒族群众参加了“福碧泸练游击自卫队”（即福贡、碧江、泸水及当时保山属的练地），开赴前线，浴血奋战，有力地支援了滇西北战场的全面胜利。

怒江地区各族人民在长期的反帝反封建斗争中，始终团结一致，互相帮助，对保卫祖国边疆，促进怒族人民的生产与生活，都起了积极的作用。

新中国成立前，怒族社会经济的发展是不平衡的。分布在兰坪菟峨公社和少数散居在维西县的怒族，生产和生活水平与汉、白、纳西等族相似，早已进入封建社会。泸水、福贡、贡山的怒族，社会发展则比较迟缓。私有制虽已确立，并开始有了阶级分化，但土地占有不集中，还保留着原始公社制的残余。

怒江地区的怒族主要从事农业生产，社会生产力水平还很低。新中国成立时期，怒族主要的生产工具有砍刀、小铁锄(即怒锄，在木锄尖端包上小铁皮)、小铁犁等。量少质差，多数仰给于兰坪、云龙、维西等县的汉族和白族商人。竹、木工具仍大量使用。目前，在怒江流域，怒族群众所使用的生产工具已有了很大的改进，种类已有所增加，尤其是铁犁得到普及，不过，受到耕地类型的制约，传统农具依然广泛使用。农作物有玉米、荞子、大麦、青稞、土豆、红薯及豆类。耕地分“火山地”、锄挖地、牛犁地和水田四种。火山地用刀耕火种，锄挖地用怒锄挖种，都是不固定的耕地；牛犁地和水田是固定的耕地，是20世纪二、三十年代以来，汉、白族进入怒江后才开垦的。怒江两岸的怒族平均火山地和锄挖地共占耕地总面积的50％以上，说明不固定的耕地占多数。农业技术比较粗放，一般很少中耕除草，不施肥，播种后即等收获，所以产量低，玉米亩产约150斤，每人每年平均口粮不到200斤。缺粮时不得不把狩猎、采集作为生产的补充部门。怒族自制弩弓，几乎每个青壮年男子都人手一张，箭头涂有毒药，是狩猎和战斗的主要武器。

怒江怒族社会分工不明显，手工业和商业还没有从农业中分离出来。家庭手工业有织麻布、编竹器、制木器、打铁、酿酒等。织麻布是妇女的工作，主要供自用，有剩余才拿到市场上去以物易物。编制竹篾器是男子的主要手工劳动，家用的木碗、木勺，也由男子制作。泸水少数怒族会修补和打制简单的铁刀、铁锄等工具，在农闲季节进行。怒族人民家家会酿酒，且多能豪饮。原来在买卖土地和奴隶以及债务中，大都以黄牛、铁锅作为货币的等价物，进行计算。1929年以后，泸水的知子罗、福贡的上帕等地辟为定期集市，半开银元、铜币、纸币才开始流通。怒族中也出现了一些季节性的小贩。

怒江怒族的土地所有制，新中国成立前既有原始公社公有制，也有个体的家庭私有制，以及伙有共耕制的过渡形态。泸水、福贡在怒江西岸较古老的怒族聚居的村寨，保有较多的原始公社制残余，在这里还存在着以血缘为纽带的父系家族公社的残余现象。如碧江原第九行政村有10个家族公社，分住10个自然村，每个公社都有公共的土地，主要是高寒山区和未开垦的荒地，本公社成员可自由开垦使用，但不能买卖。至于已开垦的土地，私有地已占总耕地面积的四分之三，公有地只占四分之一。土地私有制已居主导地位，但伙有共耕还很盛行。历史上由于民族间的矛盾而引起的迁徙，对怒族由家族公社过渡到农村公社，起过一定的作用。古老的家族公社迁入了别的成员，破坏了家族公社的血缘关系，使之逐渐发展成为地缘的村社。

贡山一区和福贡、泸水的怒江东岸地区，由于民族间的交错杂居，一般村寨不仅包括不同家族的成员，也包括不同民族的成分。在这里形成了以地缘为纽带的农村公社。这些村寨还存在着土地所有制的二重性，既有私有制，也还保有村寨公有的山林和未开垦的土地，虽然这种公有地只占很不重要的地位。根据1953年在泸水县知子罗、普乐、老母登，福贡县鹿马登、阁利亚及贡山县丙中洛、候芒等七个乡、村的调查，共有怒族469户、2069人，总耕地面积7568亩。这里不仅土地私有制已经确立，而且随着地主经济因素的发展，土地的买卖、典当、租佃等关系日益增多，在土地占有上也已出现逐步集中的现象。与此相适应，社会阶级也有了分化，469户中，分化出富裕户16户，占总农户的3.4％，中等户占37％，贫苦户占59.6％。占总农户3.4%的富裕户，占有土地总面积的13%，占有土地为贫苦户的5倍，表明土地已开始向富裕户集中。

有的地区，富裕农民还通过原始互助形式“瓦刷”(傈僳语，意为“将工收集在一起”)，进行变相的雇工剥削，也有直接雇佣长工或短工以及通过高利贷进行剥削的。个别地区还有“养子”形式的蓄奴制残余。

怒族在很久以前即已形成以父家长为主的一夫一妻制个体家庭，但同时，原始的氏族、家族以及村落公社仍然不同程度的保存着。有些地区如碧江原第九行政村、普乐乡、老母登乡则还比较显著地保存着氏族组织和图腾崇拜，氏族血缘纽带还起着维系整个氏族共同利益的作用；福贡木古甲、固泉等村的怒族则还明显地保存父系大家族组织，一个村落基本上是由一个父系家族组成的；有些村落如知子罗、老母登、普乐、果课等则是由几个不同的氏族及家族组成的，这样便形成了许多村落公社。

怒江怒族村寨不论以血缘为纽带的家族公社，或以地缘为纽带的农村公社，个体家庭已构成了社会的经济单位。如碧江九村的10个家族公社，每个公社都包括10至20户的个体家庭。公社有家族长，称“阿沙”，后来的村社长也沿用这一名称。阿沙不是正式选举产生的，一般都以辈分较高、有威信、受尊敬的长者担任，职责为处理公社内外公共事务，调解成员间的纠纷。阿沙通常兼作公社中的巫师，主持宗教祭祀。

家族之上的氏族，在怒族社会里只是名义上的存在，并只有一些残余现象。碧江怒语称氏族为“起”，福贡怒语称氏族为“休戚”，贡山怒语称氏族为“勒”，即同一个始祖所传的后裔都可称为一个氏族。氏族保有一些图腾名称，各个氏族对于他们的氏族图腾都有各种不同的传说。碧江原第九行政村四个家族分属两个氏族，一个蜂氏族叫“斗霍”，另一个虎氏族叫“达霍""。这两个氏族在历史上有密切关系，还残留有共同的祭祀崇拜仪式。氏族中实行父子连名制，其形式与今日大小凉山彝族及元阳县哈尼族的父子连名制相同。斗霍氏族能追溯到四十一代祖先的名字，约一千年的历史。但贡山、福贡两县的怒族没有氏族图腾与父子连名制，在社会组织、生活习俗上与碧江怒族都有一些差异。

各个家族公社或村社，基本上是一个独立单位，互不统属，各自为政。家族公社碧江怒语称之为“谷”，福贡怒语称之为“体康”，即为同一父系祖先所传的后裔所形成的一个共同体。如碧江第九行政村“斗霍”、“达霍”两个氏族之下又分为“俄皮谷”、“俄哈谷”、“俄则谷”、“俄衣谷”等四个父系大家族；福贡木古甲乡努族的“仆纳庆”氏族之下又分为“次邦”、“谷乃比”、“夏鄂”、“拉腾”、“西子里”等五个“体康”。村落公社碧江怒语称之为“坑”，贡山怒语称之为“克恩”。村落公社作为一个社会和经济的组织，它具有下列特征：各个村社都根据山岭、溪谷等作为疆界，每一个村社一般包括两个以上的不同氏族和不同家族的成员组成，其他成员迁入村社内居住必须征得村社头人的同意，村社成员通过共同占有耕地，互相协作，共同承担这种经济上和政治上的义务而密切联结在一起；村社成员享有自由开垦共有荒地、捕猎野兽和采集野菜的权利，有共同的节日和习惯法准则，祭祀共同的山灵和树神，政治上是由各氏族和家族长组成临时性的“村社会议”，共同推选一个首领担任村社头人。

历史上曾有过氏族或村寨联盟，如在遇到人身伤害或重大敌对行为时，受害的一方可以“血族复仇”的方式向对方发出木刻，通知举行械斗，具有血缘亲族关系的同一氏族、同一家族甚至同一村落的成员都有义务参加械斗。此时如遇有整个氏族、家族的行动，则往往以血族友好的几个氏族或家族结成暂时性的军事联盟，来共同抵御敌方。如1880年至1900年间，福贡木古甲、固泉、木楞三村曾联合起来，与傈僳族发生过四次较大的械斗事件，但事后这种联盟也就解体了，表明家族、村社之上还没有产生过永久性的组织。

1912年前，怒族内部除了氏族及村社头人“阿沙”之外，还有维西康普、叶枝土司（纳西族）委派的伙头，这些伙头大都是原来的氏族、村社的头人。1908年，清官员夏瑚为了消除土司的影响，重新委派一批怒、傈僳族头人充当“怒管”或伙头，但各“怒管”、伙头仍然互不相属，照旧是一些以村社为单位的独立小集团。1912年云南地方政府的殖边队进驻怒江后，建立了行政委员公署，并从1914年起逐步实行保甲制度，把原来的怒管、伙头委任为乡、保、甲长，原来较为分散的“怒管”及伙头制度逐渐被统一在保甲制度下。

基督教传入后，某些信仰基督教的氏族、村社头人又成为教会的“马扒”（传教士）或“密枝扒”，这样又形成了政治和宗教两位一体的头人制度。

【风俗文化】

怒族的服饰文化别具一格。怒族服饰有明显的地域差异，大致可以分为三种类型：即福贡县境域内的“努苏”和“阿怒”类型，贡山县境域内的“阿龙”类型，兰坪县境域内的“若柔”类型。福贡县境内怒族成年男性喜欢佩砍刀于右腰，左肩常挎一把弩弓和兽皮箭袋，上衣为麻布长衫，着长裤，劳作多打绑腿，还曾以竹编成脚笼作为护腿，四季多跣足。妇女服饰有已婚和未婚的区别。未婚女性上衣基本为白色右衽麻布长衣，长可及膝，一部分人还在长衣外罩上一件紧身夹袄，颜色大多是黑色、深红色或深蓝色。下身穿下摆极宽的长裙，一般为深黑色。已婚妇女喜戴发箍，发箍缀以珊瑚、贝壳、钱币、小铜铃等为饰；耳坠大锏环；上衣和长裙的边沿绣有镶边，胸前还常常佩挂一枚大贝壳以及用珊瑚、料珠串成的许多珠串，四季跣足。贡山怒族服饰的特色集中体现在妇女服饰上：普遍以头巾包裹头部，头巾下沿坠红、绿、黑等各色穗线：两耳耳垂部各穿一孔，各以一截精致的小竹管插入孔中为饰；上衣为贴身麻布长衫，天冷时在长衣外套一件坎肩；胸前也喜佩挂串珠；下身穿长裤，再以怒毯围护。兰坪兔峨怒族女性一般都打包头，装饰物少；上衣前襟及腰，后摆及于腿弓处；或跣足或穿自织的草鞋。男子成年后多打包头，穿对襟上衣，下身穿长裤，或穿草鞋或长年跣足。

各地怒族饮食结构不尽相同，大多以玉米、荞类、籼米为主粮。贡山一带受藏族影响，青稞种植较多，以玉米、青棵为主；兰坪一带则多种水稻，以玉米、稻米为主。过去还曾经采集野姜、野蒜、野百合、竹叶菜、董棕及野生块根类食物为食，以度春荒。自产的蔬菜有芋头、洋丝瓜、竹笋、蔓菁、豆类等，此外还有不少采自溪谷和林间的野菜和菌类。畜养猪、羊、牛、鸡等为肉食，还捕食飞鼠、麂子、野山羊及树蛆、马蜂等。传统的饮食器具多为竹木制品。怒族比较典型的烹饪技术有煮、烧、烙、蒸炒、炸诸法，尤以煮制最为常用。一般一日两餐。怒族有善饮之誉，酒是家家户户常备的饮品。过去曾有普遍吸旱烟的习俗。烟锅烟袋是成年男女日常随身之物，见面的仪礼之一就是互相敬烟。民族风味食品有琵琶肉、呷辣、树花菜、漆油茶、石板烤粑粑等。

怒族民居也颇具特色。怒族居住在半山向阳的坡台上，其修建房屋讲究坐落方向，一般面向沟，认为这样方能兴旺发达，安康幸福。怒族的居住建筑大体可以分为茅草房、千脚落地房、木楞房、土墙房、石片顶房5种主要类型。

千脚落地房是怒族地区迄今仍比较普遍建造的干栏式民居，它的建造和构造非常有特色。营建时，在挖平的地基上凿洞后竖上数十根柱子，中间系用3棵“撑天柱”，在木桩上铺设木板或竹篾笆，柱子四周均用篾笆围成，然后用篾片把柱子和篾笆捆勒和加固。一楼底层用木料围严，主要用于关养家畜。二楼铺篾笆或长料板以住人，在横梁顶部铺上篾笆或木板，用于存放谷物和其他用具，房顶均用茅草或以木板覆盖。这种房舍一般不设窗口。整个房屋为长方形，分堂屋和卧室。堂屋中间置一大火塘，火塘上设有铁三脚架或石三脚，主要用于烧火煮饭、取暖和接待客人。堂屋两边设两间卧室，一间用于老人卧室和储粮食，另一间为子女卧室。门口设在向阳地方，并在门口前留出小块空地，铺上长料木板供来往人行路，同时在向阳地方竖上几根柱子搭以木板，供翻晒食物。房屋前后还盖一小茅屋以堆放东西。这种房舍结构简单，极易建筑，也便于迁徙时拆散，其特点是通风、凉爽、视野宽阔，但人畜共居，卫生较差。

木楞房可以分为干栏式和接地式，这种建筑方式在木材相对较多的贡山、兰坪一带比较普遍。干栏式木楞房是在挖平的地基上建造木楞人居畜厩。以圆木横架垒墙，在长畜厩上铺一层长料板或竹篾笆，在长料板上又建造木楞人居房。房顶一般以木板或茅草覆盖。此种房屋耗费木材较多。近年来逐步由圆木垒墙改建为泥土筑墙，由木板盖顶改为瓦片或石棉瓦盖顶。接地式木楞房是在挖平的地基上直接营造人居木楞房，并在房屋前后再营建小畜厩木楞房或茅草房。这种房屋结构牢、冬季温暖，但光线暗淡。

泸水、六库、上江、鲁掌等平缓地带的怒族多居住土墙房，也有住石片顶房的。土墙房是在较平缓的地方打好石脚后，四周春上土墙，以墙为梁，然后盖上草项或木板。石片顶房屋则是用当地出产的一种风化岩石破成石片作盖顶。

建盖新房是怒族人民的一件大事。一户盖新房，全村人都来帮忙。主人家在盖房前首先备好材料和茅草，到盖房时，全村男女都集中起来帮助突击盖房。新房落成后，主人家以酒肉酬谢来帮忙盖房的人。

近年来，随着群众经济生活水平的提高，怒族的住宅都有了很大变化，有些地方出现了石棉瓦盖屋顶，并逐步改变了过去人畜共居的习惯。

新中国成立前，怒族婚姻为一夫一妻制，少数头人和富裕户也有多妻的。各地较普遍流行“转房制”，即兄死后寡嫂可以转归夫之弟，弟死则弟媳可转为兄之妻，这是社会公认的习俗，除非男的不愿，女的才可另嫁。男子婚后，便在父母住房附近另建新屋，与父母分居，并分到少量财产。但小家庭在生产生活上仍然与父母及整个家族保持着共同耕作以及相互协助的义务。幼子与父母同住，父母死后，所遗土地、牲畜、房屋主要归幼子继承。世系按父系计算。泸水怒族实行的父子连名制，是计算世系和财产继承的重要标志。

新中国成立前，怒族妇女地位低下。妻子除了家务劳动外，还要参加田间生产，在经济上没有任何权利，也不能参与对氏族神灵、龙树、山神的祭典，不能参与讨论家庭及村社内部的公共事务，如讨论时有妇女突然进入，则被认为是不吉利的事情。按习惯，怒族男子死后，要根据他生前社会地位的高低，由村社成员吹一个至六七个竹号筒为死者送别，但妇女死后，不论她是什么人，都没有吹竹号筒的资格。女儿也无权继承财产。新中国成立后，妇女地位明显提高，过去男尊女卑的现象逐渐消失，在政治、经济文化和社会生活中，广大怒族妇女同男子一样享有同等的权利。

新中国成立前数十年，怒族多实行火葬，后改行土葬。男性伸肢仰卧，妇女屈肢侧葬。如夫妻合葬，则妇女须向男子屈肢侧葬，反映了父权统治下，妇女屈从丈夫的情况。凡成年人死，全氏族或全村社得停止劳动三天，以示哀悼。各氏族及家族一般有公共墓地，除葬后第一年垒坟和上坟外，此后不再扫墓。

怒族的命名规则也各不相同。阿龙支系的命名较为简单，按男女分别排行。男女均从老大排到老八。如生了第九个孩子则按父母喜欢的东西来为孩子命名，如“弩弓”等。

若柔人是按照孩子的生辰时令、居住环境、排行、相貌、体质特征等来命名的，同时还将含比喻、仿生的词用于孩子的名字。如果孩子多病或不乖就要认干爹。

阿怒、怒苏多实行父子连名制。他们一生一般有三次命名。孩子一出生后便要立即取名。第一个名字要取得丑、恶、怪，否则鬼会将孩子的魂勾走。当孩子们长到十三四岁可交朋友后，要自己取“青年名”，此名仅限于同辈人及情人间使用。结婚后，初婚男子由其父按父子连名的方式为其取名。方法是在后代的名字前冠父名的最末一个字或最末两个字。目前，匹河怒苏的蜂氏族的父子连名制已排列到66代。

怒族主要节日有仙女节、怒族年、春节、祭谷神节、祭山林节、求雨节、新米节和贺新房等。信仰基督教的群众还过圣诞节等宗教节日。其中，仙女节已逐渐成为当地多民族共同欢庆的节日。

仙女节，又称“鲜花节”、“山母节”，是居住在贡山一带的怒族的传统节日，节期为每年农历三月十五日至十七日。三月十五日这一天，当地怒族群众以自然村为单位，选择1～3个石灰岩溶洞为仙女洞（或称经洞），各家各户都去那里祭祀。去祭祀的人们扎好一束束杜鹃花，带上祭品、酒器，每户还用3～5包玉米立于洞口，并把各种洗干净的粮食堆成圆堆，摆上祭品，烧起松烟，由主祭人念祝词，击鼓念经，大家磕头献供。回到家后各家都设宴饮酒，歌舞娱乐，年轻人还身着盛装，到宽阔的场地上比赛射箭。从20世纪80年代开始，当地政府有关部门还拨出专款，派员前往帮助和组织怒族人民过好节日，同时举办物资交流大会，组织电影晚会和文艺演出，并进行划船和射箭比赛等体育活动。其他民族的干部和群众也都踊跃前往参加和祝贺。怒族人民今天的仙女节已成为各民族团结友好、互相交流和学习的盛会。

怒族的民间文学形式多样，内容丰富，题材广泛，语言朴素。以自然为题材的神话与传说有《天地的由来）、《高山平地的由来、《打雷的由来》、《阴晴的由来》等；人类起源神话有《腊普与亚妞》《雨水变人》、《人猴成亲》等；人类改造自然和征服自然的神话有《依尼栓太阳》、《拳打五虎的孩子》等：童话故事有《獐子智斗老虎》等；智慧故事有《智斗富人》、《巧娶土司女》等；伦理故事有《兄弟和好》、《婆媳情》等；英雄故事有《大力士阿烘〉、《从膝盖出生的汉子》等；爱情故事有《谷玛楚与吴地布》（《金花和银花》）、《望夫崖》等。

怒族诗歌大部分即兴编唱，有浓厚的生活气息和民族特点。曲调有一定的格律，形式完整，内容广泛，以“达比亚”（琵琶）、口弦、笛子、葫芦笙等伴奏。曲调有反映狩猎生活的猎人调，反映农业生产的收包谷（玉米）调，反映男女爱情的求婚调，表示悼念死者的哀叹调等。

怒族民间舞蹈比较普及。舞蹈内容也很丰富，大部分为模拟动物的活动形象，也有表现生活场景和反映生产活动的，动作粗犷豪放，节奏鲜明。器乐与舞蹈的紧密结合是怒族舞蹈的一个重要特点。无论喜庆和哀怨，怒族人民都用歌舞来表达真挚的思想感情。

怒族社会中还保留着完整的传统美德，民风极为古朴。老人是怒族文化的传承者、社会财富及主心骨。在与老人或比自己年长者交往时要很谦恭；与老人同行，年轻人要让老人走在前头并主动为老人减轻负担；与老人、小孩同去打水则要让其先打；上山砍柴则要将易砍的好柴让给他们砍。

怒族人民热情好客。到了怒族人家，女主人让客人落座，递烟敬酒，还将最好的玉米做成爆玉米花来招待客人。男主人会用心爱的达比亚为客人弹上几曲迎宾小调。如需小住，主人家还会盛情为客人备上迎客宴，把他们拥有的最好的东西拿来敬客。情至欢处，主人会轮流与客人互饮“同心酒”。意思是说，大家喝了同心酒后就是朋友了。当酒至酣时，他们便唱歌跳舞，娱客也自娱。如客人能参与，则歌可通宵，舞可达旦。

怒族原来崇拜自然，信万物有灵，凡日、月、星、山、川、树、石都是崇拜的对象。它们不仅体现在宗教生活的各个方面，还深深地渗透到各种民俗事象当中，对怒族的生产生活产生了深刻影响。巫师不脱离农业生产，但有的本身就是氏族或村社头人，他们是怒族社会的知识阶层，除从事占卜、跳鬼、治病外，还传播本民族的历史和知识。

怒族崇尚禁忌，而且禁忌颇多。这些禁忌，有的是生活经验的总结，有的则有很浓的迷信色彩。其主要禁忌有：

生活禁忌。妇女怀孕后不能爬山，不能过江河，不能进仙人洞：不能看形态丑陋的东西；不能到老人的位置前去；不能去神秘的地方。妇女不能跨越弓箭、长刀及背板，不能参与杀猪、杀鸡，不能参与家族的重大祭祀活动。不能砍伐神树，也不能在神树及祭神的岩石下大小便。不能随便出入家族的坟地。不能蹬踩、跨越三角铁架，也不能任意搬弄三角铁架。

生产禁忌。不祭山神，不能开荒；不祭地神，不能下种；不祭猎神，不能狩猎；不祭水神，不能捕捞；不祭谷神，不能收割；不祭树神，不能砍伐；狩猎途中如遇路人，不能继续狩猎，须改日再去；男人上山打猎，女人不得在场。"
乌孜别克族	"乌孜别克族总人口为10569人（2010年），散居在新疆维吾尔自治区许多县、市，其中大部分居住在城镇，少数在农村。主要分布在伊犁、喀什、乌鲁木齐、塔城等地。城市人口主要分布在南疆莎车县与北疆的伊宁市。

木垒哈萨克自治县大南沟乌兹别克民族乡是全国唯一的乌兹别克民族乡。该乡位于东段天山北支——博格达山脚下，这里水源充足，牧草茂盛，发展畜牧业的条件得天独厚。全乡总面积1393平方公里，可使用草场面积104万亩，占总面积的49.76%,人均占有草场337.33亩,有耕地15000亩,人均占有5.1亩。植树造林面积达5060亩，其中经济林1360亩，退耕还林1200亩，生态林2500亩。

乌孜别克语与维吾尔、哈萨克、塔塔尔等语言同属阿尔泰语系突厥语族葛逻禄语支。乌孜别克语跟维吾尔语很接近，乌孜别克人很早就使用阿拉伯字母为基础的拼音文字。1929-1940年，采用拉丁字母，1940年以后，创制了以希立尔字母为基础的乌孜别克文使用。迁入新疆的乌孜别克人一直到1949年还在使用以阿拉伯字母为基础的拼音文字。1949年以后，由于散居各地，与多民族杂居，语言文字的使用逐渐发生变化。南疆的乌孜别克人与维吾尔族杂居，基本使用维吾尔语和维吾尔文字。生活在牧区的乌孜别克人，因长期与哈萨克族杂居，基本使用哈萨克语和哈萨克文。

【历史沿革】

乌孜别克族的名称，最早来源于14世纪时蒙古帝国的组成部分、四大汗国之一的金帐（钦察）汗国的乌孜别克汗，在元史上称为“月即别”、“月祖伯”等。15世纪时，金帐汗国瓦解。部分居民迁到楚河流域，留在这一地区的各种来源不同的牧民被泛称为乌孜别克人，组成了乌孜别克联盟。15世纪末16世纪初，这部分乌孜别克游牧部落南下，进入了中亚农耕区，占领了布哈拉、撒马尔罕、希瓦、乌尔根奇和塔什干等城市，和当地操突厥语、从事农业的居民相互融合。但是，乌孜别克部落联盟中的许多部落仍保留了原有的地域名称。因此，历史上，我国对中亚乌孜别克人的称呼也大都冠以地名，如撒马尔罕人、浩罕人、布哈拉人、安集延人等，就是明、清两代对中亚各地乌孜别克人的通称，其中以安集延人之名使用最为广泛。

乌孜别克族的先民很早就从中亚迁入我国新疆。中亚河中地区与我国新疆毗邻，两地地理环境相似，由于经济生活的需要，两地居民有经常性的交往活动。乌兹别克古代长诗《亚迪卡尔》，详尽地叙述了约在14、15世纪钦察克普恰克乌兹别克人有组织地迁居新疆的艰辛过程。元代，金帐汗国的乌孜别克人沿着古代“丝绸之路”经新疆到我国内地经商。从16世纪至17世纪，乌孜别克人商队以新疆叶尔羌为中转地，经营丝绸、茶叶、瓷器、皮张、大黄和各种土特产。有的还道经阿克苏、吐鲁番至肃州（今甘肃酒泉），将货物转销内地。自此来自中亚的乌孜别克人开始居留于新疆一些城市，而且人数逐年增多。

18世纪50年代，清政府平定了准噶尔贵族集团的叛乱，与浩罕建立了外交关系。此后，除喀什噶尔、叶尔羌、阿克苏之外，南疆其他城市甚至在北疆也都有了定居的乌孜别克人。在历史上，乌孜别克族的商业活动对促进我国新疆和中亚地区的经济文化交流起了一定的作用。在这以后的不同时期，直到20世纪初，仍不断有安集延人迁入并定居新疆，这些人中除商人外，还有农民、手工业者和知识分子。

在19世纪中叶以前，乌孜别克人绝大部分从事商业。有的组成商队，赶着数以百计的骆驼、骡、马往来于中亚各地和新疆之间；有的就在南疆和北疆之间贩运牲畜和农畜产品。

鸦片战争以后，随着我国沦为半殖民地半封建社会，新疆也成为帝国主义垂涎之地。英，俄两国对新疆丰富的资源和广阔的市场展开了激烈的争夺。通过一系列不平等条约，沙俄不仅割占了我国新疆大片领土，又进一步攫取到政治、经济方面的特权，使沙俄得以垄断了北疆的对外贸易，控制着新疆的经济命脉。大批俄商为了掠夺廉价的原料、占领市场，蜂涌而至。在19世纪80年代至20世纪初，新疆的主要城市都有俄商的行迹，劣质俄货也充斥各地市场。英帝国主义鉴于沙俄势力的不断扩张，对南疆地区的掠夺也更加急不可待。这些情况直接影响了久已经营商业，承担着新疆各地区之间和国内外贸易的乌孜别克族，并使乌孜别克族的社会经济发生急剧的变化。

19世纪末叶以后，随着新疆地区商业经济的发展，从事商业活动的乌孜别克族开始出现了坐商、行商和小商贩的分化。以经营进出口贸易为主的乌孜别克族大小商人，在不同程度上都仰仗和依附于外国资本。乌孜别克族大商人和外国侵略势力相勾结，依靠国外市场和经济势力，开始以洋行的形式出现。那时，乌孜别克商人开设在乌鲁木齐贸易圈里的洋行就有德盛洋行、德和洋行、吉利洋行、仁忠信洋行和茂外洋行。在乌鲁木齐较大的8家洋行中，乌孜别克人的就占5家。洋行资金雄厚、经营规模大，直接和英、俄、印度、阿富汗等国资本家联系。他们从新疆低价收购农畜产品和手工业产品，远销国外，又从国外输进洋布、毛织品、铁器、皮革、白糖、火柴等商品，倾销新疆各地，牟取暴利。但是，大多数乌孜别克中小商人由于资金短缺，无力与洋行竞争，逐渐转而成为洋行收购、推销货物的代理人或推销人员。他们在大商业资本的压力下，除了破产、倒闭、被迫停业没有别的出路。许多乌孜别克族小商人在丧失资金以后，有的沦为洋行及其附设加工厂的职工，有的从城市流落到农村，他们绝大部分没有土地，牲畜和其他生产资料。

乌孜别克族手工业比较集中和发展的地区是莎车，其中绝大部分是丝织业。清末民初，仅莎车一地就有乌孜别克族的丝织手工作坊200余家，较大的作坊雇佣工人约150人，成为具有资本主义萌芽性质的手工业作坊。由于丝织手工业的原料收购和产品推销直接受到外国垄断资本的控制，同时又遭受到地方封建制度的摧残，因此一度兴盛的乌孜别克手工业未能得到充分的发展就很快衰落下去了。在国外经济势力冲击下，得以保存下来的仅仅是一些特种工艺品——乌孜别克妇女的手工刺绣，如小花帽、花边、床单、枕套等，大多属于家庭副业生产性质。即使是这种数量极少的工艺产品，也因为原料和销路都掌握在洋行手中，其生产也受到很大的限制。

以畜牧业为主或兼营牧业的乌孜别克族为数较少，主要分布在新疆北部的木垒、奇台、新源、昭苏、巩留、特克斯、尼勒克、伊宁和塔城等地，为牧主放牧。这些地区的乌孜别克族牧民大都与哈萨克牧民杂居在一起，在使用牧场和草场时，经常受到当地哈萨克族牧民的支援和帮助。

从事农业的乌孜别克族大多分布于南疆的喀什、莎车、巴楚、阿克苏和北疆的伊宁等大城市附近。在城市和农村，乌孜别克族人民与新疆各族人民交往频繁，和维吾尔、哈萨克族人民的关系尤为密切和融洽。各民族之间生活和文化的相互影响已经逐渐形成了许多彼此相似甚至完全相同的特点。这些都是促进民族之间友好关系、便于相互学习和交往的有利条件。

【风俗文化】

乌孜别克族的服装以男女都带各式各样的小帽为特点。早在公元6世纪至7世纪之前，中亚农业居民已开始穿着用丝绸、毛织品缝制的各类服饰，不仅刺绣精美，色彩艳丽，而且图案多变，颇具匠心。公元8世纪中叶，受伊斯兰教的影响，中亚操突厥语的农业居民服饰中又增加了来自中东的缠头，长袍，软皮靴等，这大大丰富了乌兹别克族人的服饰种类。现代乌孜别克族男子一般都穿带有花纹的长衫“托尼”，无纽扣，右衽斜领(右衽有的带有花边)，长及膝盖。腰间束以各种绸缎、花布及棉料绣织而成的三角形绣花腰带。青年人的腰带色彩艳丽，老年人的较为淡雅。托尼多选质地较厚的绸料——伯克赛木绸或金丝绒，也有用毛料做的。青年男子衣着花色较多样，老年男子则多穿黑色托尼。男子衬衣的领边，前襟开口处和袖口常绣有红、绿、蓝相间的彩色图案花边。女子穿手工做的高筒绣花皮靴，称为“艾特克”。妇女的连衣裙称“魁纳克”，宽大多褶，不束腰带，也有穿各式各种短装的，颜色十分艳丽。老年妇女扎头巾，服装多用黑色、深绿色或咖啡色等。妇女不论老幼，都留有发辫，爱戴耳环、耳坠、戒指、手镯、项链、发卡等装饰物品。佩戴首饰是乌孜别克族妇女礼仪文化的一部分。男子喜欢腰际携挂工艺精美的小刀。

乌孜别克族人不论男女，都爱戴小花帽——朵帕（doppa）。花帽多为硬壳，无檐，圆形或四棱形，四棱角的可以折叠。男帽布料采用墨绿，黑色，浅蓝色，女子则喜用白色、枣红色的金丝绒和灯心绒。帽子顶端和四边绣有各种几何与花卉图案，做工精巧。较为有名的花帽有巴旦木花帽，绣有白色巴旦木图案，白花黑底，古朴大方。塔什干花帽源出于塔什干，和田花帽绣工精细最为著名。还有胡那拜小帽、安集延小帽等。青年男子一般喜戴红底色小帽，老年男子则多戴深绿底色小帽，也有戴用灯心绒做的不绣花的小帽。过去，按宗教习惯，妇女出门必须穿斗篷，头上蒙面纱。现代除戴小帽外，还围方头巾，或在小帽外再罩上挑花绣边披巾。

乌孜别克族一日三餐。用餐时，长者居上座，幼者居下座。许多食物可用手抓食。现代乌孜别克族人吃饭大都改用筷子和匙子，但有些妇女和孩子，尤其在牧区，仍以手抓食。馕是乌孜别克族的主食，用面粉略加盐水稍稍发酵后烤制而成。或在面内加入牛奶、清油、羊油或酥油，称作油馕。还有用羊肉丁、孜然粉、胡椒粉、洋葱末等佐料拌馅烤制的肉馕。此外，还有窝窝馕、片馕等。奶茶也是乌孜别克族人的日常生活中不可缺少的饮料。“纳仁”是乌孜别克族用以款待宾客的佳肴，最富民族风味。将煮熟的肉剔下切碎，加上洋葱、胡椒和酸奶子，搅拌混合，浇肉汤，用手抓食。抓饭是乌孜别克族用来招待宾客的风味食品之一。逢年过节，婚丧嫁娶的日子，都必备抓饭待客。抓饭用大米、新鲜羊肉、清油、胡萝卜、洋葱做成。或用葡萄干，杏干等干果来做，俗称甜抓饭或素抓饭，营养极为丰富。

乌孜别克族常吃的食品还有“库尔达克”(土豆炖肉)，“尼沙拉”(是用蛋清和白糖做成的食品)以及抓肉、烤肉、烤包子、拉面、大米绿豆汤等。喜食水果，常食用的水果有桑葚、杏、桃、梨、葡萄、无花果、石榴、甜瓜等，水果成熟季节常以果代菜，佐馕而食。

乌孜别克族人民喜爱的传统小吃还有米肠子、面肺子。米肠子是将肺肠洗至白净，将调好的米、肝、心等馅灌入肠内。洗面筋，把面浆灌挤入肺叶，加入调料。然后把米肠子、面肺子、羊肚子及面筋一起放入锅内煮。熟后取出切成片块，食时蘸以酱油、醋、辣椒等风味独特，是乌孜别克风味之上品。

南疆气候干燥温和，降水量小，乌孜别克族居住的房子一般为平顶而稍有倾斜的长方形的土房，自成庭院。这种土木结构的房屋墙很厚，冬暖夏凉。许多房子用土围墙搭成，这种围墙被称为安集延墙，乌孜别克人则称之为滑稽泥墙。这是一种用栅栏将土坯连接固定成一个整体的建筑物，稳定性强，适合在沙漠或沼泽地中建造。房顶可堆放什物或晒制干果，夏季则可纳凉。房前多搭有棚架，葡萄藤枝蔓延其上。室内墙壁上有壁龛，壁龛周围用雕花石膏镶砌起各种各样的图案，内可存放各种用具和摆设，以显示主人的兴趣爱好。室内木柱上还刻有各种图案。乌孜别克族有置火塘取暖的习惯。这种火塘与其他民族的火塘不同，可把褥子放在火塘上，把脚腿伸到褥子里取暖。也有在室内挖一小坑，将火炉置于坑内。坑上放置木板，铺上毯子可供坐卧。顶楼呈圆形的称为“阿瓦”，玻璃窗，木门多成拱形，考究的还设有拱廊。

北疆伊犁地区的乌孜别克族房屋都是土木结构。北疆地区冬季寒冷，房屋墙壁厚实，一般比较高大宽敞，屋顶取平面略有坡度，覆草泥顶。房屋的基脚用砖堆砌或用泥包裹。屋檐用红砖或青砖装饰，堆砌各种花纹图案。主体房屋延伸出廊檐。庭院以土筑墙围成，院内栽种花草，果木。葡萄架搭至廊檐口与整个屋宇连接起来，架下形成林荫甬道。讲究的人家还引渠水流经院内，显出静穆幽远的意境。

北疆牧区乌孜别克族牧民春夏秋季住毡房。毡房高约3米左右，占地二三十平方米。用柳木杆纵横交错连接成栅栏，围成圆形。上部呈穹形，以撑杆搭成骨架。撑杆下端略弯与栅栏相接；上端插入天窗盖的圆圈内。外部全用毛毡覆盖，用皮绳加固。通风透亮依靠天窗，上用一块活动毛毡覆盖，可随时启闭。冬季则多住固定的土屋或木屋。20世纪80年代以来，政府实行牧民定居工程，乌孜别克族牧民的居住方式发生了很大变化。木垒县大南沟乌孜别克族乡人除了在放牧点的还居住毡房外，目前都已定居。定居新村住房由政府统一规划修建，房子均为砖木结构，正房4间，一间大客厅，一间大卧室，一间小卧室，一间厨房，面积90平方米左右。定居后，牧民实现了“四通”，“四有”，“四配套”。四通指通水、通电、通路、通邮；四有指有声、有地、有暖圈、有微贮池；四配套即学校配套、粮店配套、卫生所配套、兽医所配套。

乌孜别克族实行一夫一妻制婚姻，主要是在本民族内部进行，姑表、姨表和堂兄妹之间可以通婚。过去，乌孜别克族婚姻大多由父母包办。一般都实行早婚，男子十七八岁即可娶妻，女子十四五岁就必须出嫁。子女没有恋爱自由。父母在为女儿择婿时，比较注重男方的经济状况、社会地位、道德品质、年龄及外貌长相等。有时候，当父母准备为子女确定婚姻关系时，事先告知子女。这实际上是向子女打招呼，要他们做好结婚的思想准备。青年人一般来说都会同意父母的安排。新中国成立以来，青年男女恋爱自由和婚姻自主日渐普遍，但选择对象也须主动征得父母的同意。在当代，父母虽然过问青年的婚恋情况，一般都尊重儿女选择，不会执意阻拦。

乌孜别克族的订婚仪式，大致有下面几个步骤：第一步是亲朋提亲。男子的对象选择有了眉目后，父母拜托亲朋好友到姑娘家去提亲。第二步是确定婚姻关系。分两个阶段，前一阶段是初议，只由妇女参加。后一阶段是定亲及初送礼。第三步是送彩礼。订婚后，男方的母亲在十几位女性亲友的陪同下前往女方家，每人手里掌着一个满盛食物的托盘走在前面，后边有人牵着一只犄角上系着红绸的绵羊。当这一行人到达女家门前时，女方母亲率领亲友在屋外迎候。两位亲家母热烈拥抱，为这门亲事祝福。第四步是回礼。在定亲几天后，女方家去男方家作礼节性回访，姑娘的父母在亲友的陪伴下，带些礼物去男方家里，男方家以盛情周到的接待表示诚意。第五步是选择婚期。即男方家去女方家商定婚礼的良辰吉日以及婚礼中各自分担的任务等。所有这些环节中，新郎和新娘都是不准与对方家人见面的。

结婚用品一般是男方准备彩礼和婚礼宴席的所需物品，女方要准备新房用品、铺盖、窗帘、房间布置等。婚礼费用基本由男方承担。婚礼前几天就要把婚礼费用——大米、肉、油、胡萝卜、馕、糖果、水果、方块糖、茶叶等物品送到女方家，协商确定邀请客人名单，分发请柬。之后，婚礼在女方家中举行。

乌孜别克族婚礼连续进行四天。第一天举行婚礼及证婚仪式。这一天，接到请柬的男女双方宾客都到女方家中来庆贺，双方父母联手招待。一般早晨接待男宾客，下午招待女宾客。下午新郎的姐妹也来新娘家。新娘家在她们进门时要铺一块白色的长布让她们从上面走过，以示吉祥与欢迎。第二天是探望仪式。早晨，新娘家要派人送一顿叫“伊斯格勒克”的早餐来看望新人；新郎要去岳父家向二老问安。第三天是称做“恰利拉尔”的仪式，即由新娘父母举行的、由朋友、亲人参加的答谢会，宴请新郎及其父母亲友等人。席上按长幼分派坐次，新娘父母向新郎和来宾分别赠送礼物。第四天是新郎父母同样举办“恰利拉尔”表示对亲家的答谢。这一仪式上，新郎父母将为儿媳妇准备的东西交给新婚夫妇，新娘父母也送上为女儿准备的嫁妆，大家过目后整个婚礼才告结束。

近年来，乌孜别克族婚礼仪式主要程序虽然得以保持，但内容已经进一步简化，融进了一些新的风尚。

乌孜别克族人注重父慈母爱，子女孝顺。人们认为，父母给子女合适的名字并抚养他们长大成人，子女孝敬父母并为他们养老送终，这是天经地义的事情。家庭和社会普遍尊重老人，愈是年长的人，愈是受到敬仰。反之，不孝敬老人的言行会招致人们唾弃。一个家庭中出现不慈或不孝的事件，会受到公众舆论的谴责。

乌孜别克族家庭中，父母具有绝对权力。儿子结婚时可从家庭财产中分得一部分，女儿出嫁也可获得必须的陪嫁物，但给儿子分配财产的多少，完全由父母决定。女子出嫁前，在娘家有财产继承权，但所继承财产一般要比男子少。出嫁后，须把原继承的财产带给丈夫保管。在相当长的时间内，乌孜别克族妇女在家庭中的地位很低，男子尤其是丈夫在家庭中处于中心地位，女子则“在家从父，出嫁从夫，夫死从子”。过去，一些家庭中丈夫任意虐待、打骂以至遗弃妻子，只要丈夫说声“塔拉克”(遗弃)，妻子就被抛弃了。因此，家庭内部妻子无明显财产支配权，如何安排财产，如何置办家什，全由丈夫独断。如果丈夫去世，家产只给妻子极少一部分。这时，假如子女没有能力继承家产，妻子可暂行财产支配权，待儿子长大后，无条件交于儿子。一个家庭中如果没有财产继承人，那么，全部家产由清真寺收管。

乌孜别克族十分讲究礼节、注重礼貌。人们之间，相助为乐，舍施为荣，友善为快。年长者被称为“阿喀”(哥哥)，“阿恰”(姐姐)，年轻者被称为“吾康”(弟弟)，“森额尔”(妹妹)。这些称呼充满着浓烈的人情味。平常人们见面，都要热情问候。按传统习惯，男子见面时，把右手放在左边胸前，点头鞠躬，并致问候；平辈女子相见时，双手抚胸鞠躬问候，有时还拥抱。长辈一般吻幼者脸颊而互致问候。现在握手礼已经越来越流行了，有的场合两种礼节并行。

乌孜别克族人尊重老人，崇尚学识。老人享有很高的威望和社会地位。众人相聚时，要让老人先说话，出门时要让老人先走；骑马时，如果两人共乘一骑，一般都请长者骑在前面，晚辈坐在后面；吃饭时，老人坐在上座，小孩坐在下席；晚辈不在长辈面前饮酒吸烟；路上相遇，年少者为年长者让路。有学识的人被认为聪明、灵异，同样受到尊敬。

乌孜别克族人热情好客，尤其对远道而来的客人更是热情款待。

乌孜别克族是新疆能歌善舞的民族之一。民间音乐曲调婉转悠扬，一般速度比较急促，演出的形式主要是独唱，有的歌手自奏自唱，表达情感十分自如。民歌歌词内容极其广泛，具有浓郁的生活气息。乌孜别克族的器乐种类很多，大都为弹拨乐器和打击乐器，其中以三角形的“斜格乃”琴，音色优美，最为动人。还有“独他尔”、“热瓦甫”、“坦布尔”和手鼓等。乌孜别克族的舞蹈以优美、轻快、多变著称，快速旋转时双臂动作均在腰部以上，舞姿舒展、爽朗，以单人独舞的形式较多。传统的手鼓舞具有十分别致的风格，引人入胜。

乌孜别克族保存大量乌孜别克文字的文学作品，流传较多的是叙事长诗、寓言、谚语、格言、传说、故事、民歌等。《阿勒帕米什》是流传广、影响大，有口皆碑的英雄史诗。《坟墓中出生的孩子》是一首广大乌孜别克族人喜闻乐见的叙事长诗。《母驼和羔羊》，《猴子和木匠》，《乌龟和蝎子》是乌孜别克族最为著名的寓言诗。这些诗都善用比喻，引用谚语明辨是非，在轻松愉快中阐明哲理。作家文学的产生，把乌孜别克文学乃至整个中亚文学推向了新高峰，对形成和巩固乌孜别克文学语言产生了巨大影响。文学作品的艺术形式，如格律诗注重轻重音、声调、韵脚、复韵等，使诗句琅琅上口，流传至今。20世纪乌孜别克族文学中蜚声文坛的诗人和文学家有福尔开提，纳苏茹拉•卡热，许库尔•牙里坤，比拉里•艾孜则，萨帕洪•扑拉提等。"
俄罗斯族	"我国的俄罗斯族共有15393人（2010年），其中城镇12700人，乡村2909人，散居在新疆、内蒙古、黑龙江、北京等地。其中新疆维吾尔自治区最多，有8935人，占全国俄罗斯族人口的57.24%，分布在塔城、乌鲁木齐、伊犁、昌吉、克拉玛依市等地。在内蒙古自治区有5020人，占全国俄罗斯族人口的32.16%，分布在全区12个盟市，其中，呼伦贝尔市最多，有4741人。呼伦贝尔市所辖额尔古纳市的恩和俄罗斯族民族乡，是我国唯一的俄罗斯族民族乡，有俄罗斯族1075人。

俄罗斯族主要居住的新疆的塔城地区、乌鲁木齐市、伊犁地区以及内蒙古的呼伦贝尔市，矿产资源丰富，耕地较多，草原辽阔。塔城地区位于新疆西北部，地貌大体分为天山山区、准噶尔界山区、准噶尔盆地区。其中山区面积40%以上，平原46.8%，沙丘、戈壁13.2%左右。塔城地区属温带干旱型气候，年均气温在5℃左右，年均降水量为200—400毫米，无霜期150—200天。平原地区夏季炎热，冬季寒冷。呼伦贝尔市恩和俄罗斯族民族乡地处多山丘陵区，盆地较狭窄，地理形态为南北狭长，南北最长处为185公里，东西最宽达55公里，属寒温带湿润气候，年平均气温在-4—5℃之间。该乡自然资源丰富，有野生浆果、越桔、笃斯越桔、水葡萄、草莓等10多种。金矿储量大、成色好、开采历史长。恩和乡境内旅游资源丰富，开发潜力大，现已开发的俄罗斯族家庭游、口岸游、风光游及自然风光，是吸引人们夏季旅游的好去处。

“俄罗斯人”（Russian、Русские）一词源自于欧洲古代斯拉夫人的部落名称——罗斯。公元1世纪时被罗马史家称为“维勒底人”。元朝文宗皇帝时，曾征调金帐汗国境内的1万名罗斯军人入大都充扈卫亲军，并赐给土地，史书中称为色目人。清朝文书中称为“罗刹”，这是俄罗斯族祖先罗斯部族的音译。18世纪后期至19世纪末和俄国十月革命前后，由于不堪忍受沙皇俄国的残酷统治，大批俄罗斯人从西伯利亚等地涌入我国新疆北部地区。盛世才于1934年召开新疆第一次民众代表大会，已加入中国国籍的俄罗斯人以“归化族”的名义出席了会议。1935年，新疆召开了第二次民众代表大会。会议对新疆各少数民族的划分和称谓做了具体规定，并通过了相应的决议案。其中，加入了中国国籍的俄罗斯人和其他欧洲人被冠以“归化族”的名称。1949年新中国成立后，改称俄罗斯族。

俄罗斯族的语言属印欧语系斯拉夫语族东斯拉夫语支。中国俄罗斯族使用俄文，他们一般兼通俄、汉、维吾尔、哈萨克等多种语言，在社会上，他们讲汉语，使用汉文，在家庭内，在与本民族交往时讲俄语，使用俄文。

【历史沿革】

中国的俄罗斯族主要是从俄罗斯移居而来。早在清朝顺治元年(1644年),侵入我国黑龙江地区的部分沙皇俄国士兵被俘归降后，被清政府送往北京，编入八旗。在后来的顺治七年（1650年）、康熙七年（1668年）、康熙二十二至二十四年（1683—1685年）间，又有百余俄罗斯士兵，随军队自黑龙江北雅克萨边城迁居北京。今北京的罗、何、姚、田、贺五姓俄罗斯族人约200余人，即他们的后裔。

18世纪前后，有部分俄罗斯逃亡士兵、谋生的农民和传教士等迁入我国新疆北疆。鸦片战争以后，随着沙俄对中国的侵略，在新疆北部和黑龙江北部建立居民点，又有大批俄罗斯农民迁入中国境内。沙俄利用各种不平等的条约，在新疆的伊犁、塔城、乌鲁木齐等地设立领事馆和贸易圈，不少俄罗斯商人和手工业者迁入。十月革命后，这些俄罗斯农民、商人和手工业者大部分加入了中国的国籍。十月革命期间，流入新疆的沙俄士兵，被安置在伊犁、塔城、阿勒泰和乌鲁木齐。1932-1938年，在苏联远东地区定居的许多华侨被强行谴送回国，这些华侨大多携带所娶俄罗斯族妻子进入新疆。据统计，当时进入伊犁、塔城的有19000余人。今天，新疆的俄罗斯族多数是这些人的后裔。1955—1957年，大批保留有俄国国籍的俄罗斯人迁返苏联，新疆俄罗斯族的人口因而剧减。

另外，在内蒙古自治区额尔古纳左旗、额尔古纳右旗与俄罗斯接壤的地带，也有少量俄罗斯人。这一代居民早先多是闯关东的山东人，他们或淘金，或伐木，或种地，后来逐渐与额尔古纳河对岸的俄罗斯人通婚。今天，额尔古纳河流域一带的俄罗斯族大多是他们的后裔1。

新中国成立前，俄罗斯族在消除新疆战乱，保持新疆社会稳定方面屡立战功。1931年被新疆省政府招募组成俄罗斯“归化军”，人数最多时曾有3个团，在击垮甘肃军阀马仲英部队的战斗中起了重要作用。1933年，归化军与新疆各民族一道，促成了在乌鲁木齐发生的“四一二”政变，推翻了金树仁军阀政府在新疆的反动统治。

1944-1949年，俄罗斯族人在新疆三区革命军事斗争中起了重要作用。富有军事知识和战斗经验的俄罗斯族军官进入各级指挥员岗位，不少俄罗斯族人被任命为营、连、排级指挥员，还有的人在三区政府的军事厅和内务厅担任重要领导职务，甚至为革命斗争献出了宝贵的生命。

十月革命前，俄罗斯商人带来了资本主义的因素，刺激了新疆民族资本主义经济的产生和发展，丰富活跃了新疆的商品市场。十月革命后，统治新疆的盛世才实行亲苏政策，俄罗斯商人对于促进苏联中亚与中国新疆的经济交流、发展，起到了很大的作用。20世纪30年代，新疆有82.5%的贸易是与苏联进行的。

俄罗斯族人对新疆近代汽车运输事业的发展有积极贡献。1926年格米里肯被委任为新疆公路局的总办。在他的指导下，从我国东北、天津、伊犁等地聘请俄罗斯族的汽车驾驶员和修理技师，培养了新疆第一代少数民族驾驶员和修理技工。

俄罗斯族人带来了比较先进的生产和技术工艺，对北疆的农业、畜牧业、园艺业的发展，起到了重要的作用。俄罗斯人还引进了食品加工、靴鞋制造、衣裙缝纫、钟表、缝纫机、手摇唱机、自行车等修理技术。

俄罗斯族十分重视教育。在新疆，俄罗斯族办学较早，辛亥革命以后现代教育就出现于俄罗斯族聚居区。20世纪三四十年代俄罗斯族各类教育就形成一定规模，并有了一定程度的发展，各类教育的普及率远远高于其他民族。

在不同时期迁居我国新疆的俄罗斯族中有一部分医疗卫生人员，他们在新疆医疗卫生管理、培养培训医务人员、防病治病、妇幼保健以及医疗卫生知识的传播等方面做了不少工作，为发展新疆的医疗卫生事业作出了一定的贡献。

新中国成立以前，新疆农牧区的俄罗斯族人大多以数户或数十户的形式聚居形成自然村，他们聚居的村落被称为“归化村”。那里水土肥美，草木繁茂，自然条件优越。他们在那里垦荒种地，居住在靠近牧区地方的，也从事畜牧业。移居东北、内蒙的俄罗斯族人中，有不少人在呼伦贝尔市三河流域安家落户，建起俄罗斯族移民村或中俄杂居村屯40—50个。这里的俄罗斯族人被称为“俄罗斯族和华俄后裔”。

俄罗斯家庭为一夫一妻制小家庭。父亲掌管家中经济。子女长大结婚后，即另立门户，独立生活。与汉族通婚所生子女，一般都有汉族和俄罗斯族姓名。俄罗斯人名字由本名、父名和姓三部分组成，妇女结婚后随男姓，也有少数为男随女姓者，平常称呼很少叫全名，一般以小名或本名相称，平辈和朋友间可以直呼其名。

俄罗斯族的家庭关系，夫妻地位比较平等，尊重妇女，尊老爱幼，家庭和睦，在家庭中老人具有无上的权威，子女与父母的关系融洽。婚姻比较稳固，离婚者少。注重对孩子伦理道德的教育。俄罗斯族性格开朗，邻里关系也处理较好。子女成家立业后，要同父母亲分家单独生活，有的则仍同住在一个院子里。

分家在俄罗斯族看来是子女们经济和生活独立的标志。分家时，如果父母在世，家庭财产由父母主持分配，一般来说，父母要给自己留一份家产养老，然后将剩余的家产分给已出嫁的女儿、成家的儿子和没有成家的儿子。如果父母去世，另立门户的儿女无权继承遗产，其遗产由同父母一起生活的兄弟继承，或按遗嘱处理。

历史上，新疆俄罗斯族成立过自己的经济、文化教育组织，开展各种经济、文化活动，传播科技知识，促进了当地经济、社会事业的发展。20世纪30年代初，由居住在迪化（今乌鲁木齐市）的俄罗斯族商人成立了俄罗斯经济协会，集资经办各项贸易和实业，修建俱乐部，放映电影和举办歌舞晚会等，还购买发电机器，建立小型电厂，为促进新疆的工业、手工业、商业和文化事业作过贡献。1935年，新疆归化族文化教育促进会成立，它是新疆俄罗斯族发展本民族文化事业的爱国群众文化组织。会址设在迪化（今乌鲁木齐市）南梁俄罗斯族人的聚居区。伊犁、塔城、阿勒泰等地也先后成立了它的分会。俄罗斯文化教育促进会办有自己的会刊《人民之声报》，促进会内设电影院、图书馆、阅览室、剧场等。俄罗斯文化教育促进会的活动，在新疆各族人民中产生了积极、深远的影响，在促进新疆政治进步、文化事业的发展，特别是俄罗斯族教育事业的发展起过重要的作用。

【风俗文化】

我国的俄罗斯族一直保持着带有浓郁欧洲风情的民族生活传统，同时，由于长期和汉族等其他民族生活在一起，又吸收融入了其他兄弟民族的一些习俗。

俄罗斯族传统住宅多为砖木结构、高大宽敞的平房，也有单一木材结构的房屋。铁皮屋顶大多涂上彩色油漆，向四周延伸形成廊檐。屋顶上开有天窗，可调节室内温度和空气流通。屋内分为客厅、居室、厨房等，多砌有取暖的火墙。室内铺有地毯，陈设有沙发、桌椅、书架、衣橱等。农村的俄罗斯族民居，房屋四周砌有院墙，庭院内栽植有各种花木，环境优美宜人，后院建有畜圈、地窖和库房。有的村居自然环境非常优美，如俄罗斯族居住较多的塔城市二工镇喀浪古尔村，弯弯的小河从村中流过，一幢幢房屋和庭院被树林掩蔽着，显出一派宜人的田园风光。在额尔古纳河流域林区一带的俄罗斯族，有的还居住传统的俄罗斯“木刻楞”房屋，既保留了俄式的建筑风格，又加上新的设计，色彩鲜艳，十分漂亮。

俄罗斯族主食是小麦面包，多为烘烤时中间裂开的长形大面包，称为“列巴”，进食时将其切成片状，上涂果酱或奶油。副食有各种蔬菜、鱼、肉、奶制品等。节日食品有馅饼、大圆面包、密糖饭和红甜菜汤、酸牛奶及各种做法的鱼。俄罗斯族男子喜欢喝伏特加（白酒）和自制的啤瓦（啤酒），还有自制的各种类似啤酒的“格瓦斯”饮料。由于与其他民族的长期交往，抓饭、牛奶米饭、牛奶面条、馕、包子、饺子等也成了俄罗斯族的家常饭。许多俄罗斯族习惯用碗筷。家庭主妇多善于烤制各种香甜可口的面包和饼干。

俄罗斯族传统服饰，男子多穿斜领麻布衬衫和呢子上衣，系腰带，下穿细腿长裤、长筒皮靴。妇女多穿领口带褶的粗麻布衬衫，外罩无袖长袍“萨拉凡”，或穿一种家织的毛织裙。夏季多穿连衣裙。农村居民多在皮靴上套穿橡胶浅帮套鞋，冬季则穿毡靴和用自纺毛线织成的袜子。现在，平日里人们多着西装革履。

俄罗斯族的节日主要有圣诞节和复活节。圣诞节在公历1月7日，届时，家家都装饰圣诞树，享用丰美的食品，由扮演的圣诞老人分发礼物，唱歌跳舞，欢度圣诞夜。复活节在每年4月间，节前49天为斋戒期，过节第一天即复活节。俄罗斯族的复活节为节中之节。届时家家准备丰盛的食物，男女老少皆着节日盛装，相互登门庆贺，尽情歌舞。过节前一天，各家要煮很多彩蛋，看上去犹如五彩缤纷的花坛。客人进门祝贺时，主人分给每人一个彩蛋，以象征生命的昌盛。在欢聚进食时，主人和客人还玩碰鸡蛋的游戏，有输有赢，非常有趣。此外，还有“报喜节”（节期在每年3月上旬）、“成年节”（节期在每年６－７月间）等，也过元旦、春节、国庆等全国性的节日。

俄罗斯族能歌善舞，主要乐器有手风琴及曼陀林、小提琴、钢琴、三角琴、班吉拉等。其中弹拨乐器三角琴（琴身主体呈三角形而得名）和班吉拉很有特色。俄罗斯族歌曲婉转悠扬，其中如《山楂树》、《红莓花开》、《莫斯科郊外的晚上》等也深受其他民族喜爱。俄罗斯族舞蹈形式多样，有独舞、双人舞和集体舞等，传统舞蹈踢踏舞、头巾舞极有特色。新疆的俄罗斯族几乎每家都备有手风琴，手风琴既用来独奏、合奏，又用来伴奏，成为人民娱乐的必需品。

俄罗斯民间文学历史悠久，体裁多样，有民歌、民间故事、谚语、谜语、小品等。民歌有舞蹈歌、短歌（亦称对歌）、爱情歌、仪式歌、浪漫小调等。民间故事包括历史故事、传奇、笑话、短小故事以及婚礼上傧相所讲的故事。民间谚语、谜语、诙谐幽默的讽刺小品，内容也十分丰富。俄罗斯族对本民族固有的传统文化，特别是民间文学，在继承中不断发展和完善，已成为人民生活中不可缺少的组成部分。目前，在我国各地仍然保留了不少具有代表性的优秀作品。

俄罗斯族民族工艺品风格独特。如黄铜茶坎（撒马瓦尔），因做工精致、造型别致而素享盛名。雕刻工艺发达，从实用型的床栏、椅背雕刻、建筑物雕刻，到包括金属、玉石、木材等工艺品雕刻，都具有浓郁的民族风格。迁居新疆的俄罗斯族人，创办了制革的手工工厂和作坊，使用化学药品和先进工具，加工各种皮子。他们鞣制的各种羊皮、牛皮、马皮轻巧美观，经久耐磨，所生产的油皮鞋，不怕入泥下水，所制造的哥萨克式马鞍、马车套具，轻巧，坚固，新疆各族人民都乐于使用。俄罗斯妇女都擅长刺绣、编织，技艺娴熟，特别善绣十字花绣，除了衣领、袖口、毛衣等衣饰的纹样，室内的门帘、窗帘、台布、被罩、枕套、床围等物品，都绣织不同色彩的几何纹、花草叶纹，浓淡相宜、雅致大方，不但是生活的必需品，而且也是精美的工艺品。

俄罗斯族忌讳星期五和13这两个数字，请客不请13人，结婚也要避开每月13日，认为是不祥之日。忌讳送黄颜色礼品，认为黄色表示不忠诚。忌讳问妇女的年龄。到俄罗斯人家做客或办事，进门必先敲门，否则被视为不礼貌的行为。不能将客人引到厨房，认为是最不礼貌的接待。忌讳生人坐床上。

俄罗斯族是一个非常注重文明礼仪的民族，体现在日常交往的各个方面。熟人见面时要说“您好”或“你好”；分别时要说“再见”；向陌生人问事时，要先问好，询问过后要表示感谢；看见别人吃饭时，一般说“祝你胃口好”；遇到病人时要问候“祝你健康”；送人出远门时祝福“一路平安”，当大家相互告别后，即将分手的人们必须重新坐下，静默片刻，然后站起来，簇拥着外出的人踏上行程；晚上临睡前要互道“晚安”等；节日前夕见面时要说“预祝节日快乐！”如遇重大节日，有的还有互相写信或互致贺电的习惯。接吻、鞠躬、握手等礼节也很普遍，亲人或好友久别重逢时要拥抱在一起，双方互吻面颊，两边各一下。异性之间一般只握手。遇有长辈或妇女时，不宜先伸手，等对方主动伸手时再与之握手。对初次见面的妇女，只行鞠躬礼，不握手。握手时要先脱去手套，轻轻摇动。遇到有人打喷嚏，周围的人要祝其健康，打喷嚏的人要表示感谢。两人谈话时，别人不宜随意插话。在俄罗斯族家庭中，婴儿满月时主人要设酒宴招待亲友，给孩子命名；婴儿40天之后到3个月内，要到教堂为孩子举行洗礼，并认教父、教母。

俄罗斯族热情好客，非常重视亲情和友谊。亲戚、朋友之间往来密切，并经常举办家庭聚会。到俄罗斯家中做客或办事，进屋前须先敲门，得到主人的允许后，要先把鞋擦干净，然后入内。进门要脱帽，坐在主人让给的座位上。客人若要吸烟，要事先征得主人的同意，室内不能乱扔纸屑、磕烟灰、扔烟头。最隆重的传统礼节是用面包和盐迎接客人，象征着善意和友谊。来客须切下一块面包蘸少许盐吃下后才可进屋，这种礼节过去只用于迎接贵宾和新娘，现在也用于一般社交场合。女主人在客人面前必须戴头巾，以示尊重。聚餐时，使用过的刀、叉都要搭放在盘沿上，若放在桌布上，就会被视为不讲卫生的失礼行为。

俄罗斯族恋爱与婚姻自由，但结婚必须经父母同意。婚礼在教堂举行。由神父询问新郎新娘结婚是否自愿，当得到肯定答复之后，神父为他俩祈祷祝福，双方交换结婚戒指。新郎新娘将两杯酒各喝每杯中的一半，以示同甘共苦。客人们则在举杯饮酒前高呼：“苦啊！”新郎新娘接着互相亲吻，以示相爱。结婚3天回娘家，新娘父母亲要先端出面包和盐水，女儿、女婿稍食之，再拿出酒，各喝一杯，以示甜蜜幸福。

俄罗斯族实行土葬，葬礼在墓地举行，由死者的男性亲友将棺材抬至墓地，将棺盖揭开，亲友们向死者作最后告别。神父诵读有关的圣经，为死者进行祈祷。葬仪完，盖棺，钉棺钉，用白布带将棺木放入墓穴，亲友投以花束，由长子或最亲近的男性亲人填第一铲土，其他男性亲友随后即铲土将墓穴填平，墓上竖十字架或石碑。父母亡故后，从前子女要穿葬服，现在一般佩带黑纱，40天内不得看电影、唱歌、跳舞、理发等。每逢死者忌日要进行悼念活动。

新中国成立前，俄罗斯族的交通工具为马、马车、爬犁等。六根棍马车是由苏联传入新疆的，是城乡俄罗斯族人的主要交通工具。这种车的车驾由比铁把略粗一些的“六根棍”组成，人们称之为“六根棍”。这种马车以一匹马为动力，也有用两匹马拉的，共有四个轮子，前轮小，后轮大，车身低，重量轻，时速快，十分灵活，受到人们的欢迎。"
鄂温克族	"鄂温克族共有30875人（2010年），主要分布在内蒙古自治区的鄂温克族自治旗、陈巴尔虎旗、莫力达瓦达斡尔族自治旗、根河市、鄂伦春自治旗、阿荣旗、扎兰屯市和黑龙江省的讷河县等地。

鄂温克语属阿尔泰语系满—通古斯语族通古斯语支，有海拉尔、陈巴尔虎和敖鲁古雅三种方言，没有本民族文字。由于长期与蒙古、达斡尔、鄂伦春、汉等民族交错杂居，因此，鄂温克族的双语或多语现象比较突出。牧区的鄂温克族通用蒙古语文，农业区和靠山区的鄂温克族通用汉语文。

作为鄂温克族的主要聚居区，鄂温克族自治旗位于内蒙古自治区的东北部，总面积19111平方公里。拥有可利用草场11803.3平方公里，占全旗土地面积的62%；有林地6462平方公里，占全旗土地面积的33%。

自治旗境内河流纵横，湖泊密布。有伊敏河、辉河、锡尼河等263条河流和600多个湖泊滋润着这块辽阔的土地。境内野生植物种类繁多，共有72科284属621种。在大兴安岭的原始森林中，有松、桦、樟等树木。此外，境内还分布着国家二级保护植物兴安柳。自治旗是天然芦苇的著名产地，每年为造纸工业提供大量的优质原料。草原白蘑、花脸蘑、紫蘑、灵芝是该旗珍贵的土特产。

自治旗的野生动物资源极为丰富。盛产狍子、熊、野猪、鹿、驼鹿、黄羊等4个目14科49种野兽，受国家保护的珍稀动物有12种。鸟类资源有沙半鸡、天鹅、飞龙和乌鸡等。

该旗的地下资源有煤、铁、锌、铝、铍、石灰岩等，其中以煤的储藏量最为丰富，已探明储量为103.12亿吨。

【历史沿革】

历史上，鄂温克族曾被称作“索伦”、“通古斯”和“雅库特”。“索伦”一词出自满语，有“先锋”、“射手”和“请来”之意。明末清初，“索伦”也包括鄂伦春族和达斡尔族。后来，其他民族逐渐从“索伦”中分离出来，“索伦”成为内蒙古自治区鄂温克族自治旗、莫力达瓦达斡尔族自治旗、阿荣旗、扎兰屯市以及黑龙江省讷河县鄂温克族的称谓。“通古斯”主要是指陈巴尔虎旗、鄂温克旗锡尼河流域的鄂温克人，这部分鄂温克人主要从事畜牧业生产。饲养训鹿并以游猎为生的鄂温克人在南迁以前生活在西伯利亚产宝石之地，所以采挖宝石的突厥人称其为“雅库特”，意思是“生活在产宝石之地的人”。后来，俄罗斯人也沿用“雅库特”一词，作为这部分鄂温克人的称呼。在本民族内部，自称“鄂温克”。

关于“鄂温克”一词的含义，主要有三种说法：“住在大山林中的人们”、“住在山南坡的人们”和“（从山顶）下来的人们”。无论哪种说法，都说明鄂温克族最初居住于山林之中，是一个森林狩猎民族。1957年，根据本民族的意愿，通称为鄂温克。

鄂温克族是一个古老的民族。早在公元前2000年，鄂温克族的祖先就分布在贝加尔湖沿岸地区，从事渔猎生产。

北魏时期的室韦，特别是其中的北室韦、钵室韦以及唐朝的鞠部，与鄂温克族的族源有着密切的关系，同时也与中原王朝保持着往来关系。据史书记载，北室韦、钵室韦以“射猎为务，食肉衣皮，凿冰没水中而网鱼鳖”，用桦树皮盖屋，使用滑雪板，实行风葬等习俗，正是鄂温克族早期生活的写照。唐朝在后贝加尔地区设立幽陵都督府管辖拨野古、鞠部。辽朝建立以后，其疆域北至外兴安岭，西北至贝加尔湖地区，曾设立室韦大王府和节度使节制这一广大区域内的民众，从而将鄂温克族先民纳入自己的统治之下。金朝的上京道蒲与路，辖境北达外兴安岭“火鲁火疃”（沟城之意）谋克，其统治范围已延伸到鄂温克族祖先的世居之地。

元代史籍把居住在贝加尔湖以东、广大黑龙江流域的鄂温克、鄂伦春、蒙古等族都称作“林木中百姓”。他们以射猎为业，衣兽皮，住桦皮屋，饲养驯鹿，使用名叫“察纳”的滑雪板往来于山林之中，处于原始的渔猎经济时代。1207年，成吉思汗派长子术赤征伐林木中的百姓。1235年，窝阔台汗在黑龙江上游地区设开元路、河宁路，以统辖林木中的百姓。

1480年，明军占领元朝的岭北行省所在地和林，并在外贝加尔湖以及黑龙江流域先后设置卜鲁丹河卫、乞塔河卫等卫所，管辖当地民众。在明代的文献中，鄂温克人被称为“北山野人”或“野人女真”。

明末清初的鄂温克族共分为三大部分：其一是居住于由石勒喀河至精奇里江一带的索伦部，这是鄂温克人当中人数最多的一部分。有杜拉尔、敖拉、墨尔迪勒、卜喇穆、涂克冬、纳哈他等几个大氏族。他们与达斡尔人杂居，在黑龙江中游北岸建立了不少木城和村屯，其酋长是博木博果尔。其二是索伦别部，是贝加尔湖以东赤塔河一带的“使马部”，又称“喀木尼堪”（布里亚特蒙古人的称呼，意思是内部非常团结的人）或“纳米雅尔”或“那妹他”，共有旧纳米雅尔、新纳米雅尔、托空窝儿等15个氏族，其氏族首领有根特木尔等。其三是“使鹿部”，分布于贝加尔湖以西，勒拿河支流威吕河和维提姆河一带。共有12个大氏族，酋长是叶雷、舍尔特库等。

1633-1634年间，满族统治者取代明朝对“索伦部”的统治。1635年又征服了贝加尔湖地区的“喀穆尼堪”；1639-1640年最后统一了贝加尔湖以东的索伦部地区。

清朝将鄂温克族以氏族为单位编成“佐”，选拔了佐领等官职，每年向清朝纳贡貂皮。17世纪中叶以后，由于沙俄的侵略，清朝将鄂温克族迁到了大兴安岭地区嫩江流域居住。1732年，清朝从布特哈地区抽调1600多名鄂温克族兵丁，携带家属迁至呼伦贝尔草原地区，驻守边防。这部分人便是今天鄂温克族自治旗的鄂温克族。

鄂温克族是一个有着光荣斗争传统的民族，长期以来，他们同各族人民一道，进行了不屈不挠的反侵略反压迫斗争。在维护国家统一、保卫祖国边疆的斗争中，做出了重要贡献。

17世纪中叶，沙俄侵入我国黑龙江流域，烧杀掳掠，无恶不作，激起了鄂温克等各族人民的无比愤怒和坚决抵抗。1651年，沙俄匪徒侵占黑龙江上游鄂温克族聚居区，鄂温克族人民奋起英勇反抗，他们用弓箭向火器犀利的沙俄侵略者展开了坚决的斗争。1664年，鄂温克族与当地蒙古族居民围攻了盘踞在尼布楚的沙皇匪徒，沉重地打击了沙俄侵略者。

在沙俄猖狂入侵的严重形势下，清朝政府从17世纪80年代初开始进行自卫反击。八旗军队中的鄂温克族官兵英勇地参加了自卫反击和收复失地雅克萨城的战斗。鄂温克族人民大力支援清军作战，为清军“安设驿站”，备养马匹，供应饲料，出“夫役”，侦察敌情等，积极配合清军打击沙俄侵略者。如1683年索伦总管博克等人，曾多次带兵打败侵略者，活捉了31个沙俄匪徒，并将其中5人解送北京。

清代鄂温克族的八旗官兵，曾被清朝调往全国各地征战。据《黑龙江志稿》记载，包括达斡尔族、鄂伦春族在内的八旗索伦官兵“转战几达二十二省”，还曾驻防在东北、西北边疆的瑷珲、墨尔根、齐齐哈尔、呼伦贝尔、呼兰、北京、伊犁、塔尔巴哈台、乌鲁木齐等地。他们曾参加过平定厄鲁特蒙古准噶尔部噶尔丹的叛乱。清代文献多有“索伦劲旅，从前效力最多”、“索伦效力勤劳”等记载。

近代以来，俄、日等帝国主义加紧侵略我国东北、蒙古和西北地区，掀起瓜分中国的狂潮。19世纪末，爆发了震撼中外的义和团反帝爱国运动。鄂温克族人民积极参加了东北地区义和团的反帝爱国武装斗争。

辛亥革命后，在沙俄的支持下，蒙古族反动上层胜福等打着所谓呼伦贝尔“自治”的招牌，进行分裂祖国的罪恶活动；在日本特务的指使下，蒙古族反动王公巴布扎布等阴谋复辟。鄂温克族人民和蒙古等各族人民一道英勇斗争，粉碎了他们的阴谋活动，打击了俄、日侵略者和民族内部的反动派。鄂温克族人民还曾对军阀展开过武装斗争。

“九•一八”事变后，讷河及靠山区的鄂温克族人民和汉、达斡尔等族人民，曾向日本侵略者展开武装斗争，后来由于上层人物的叛卖而遭到失败。在中国共产党领导的东北抗日联军成立后，不少鄂温克族儿女踊跃参加，坚持武装斗争。鄂温克族人民积极给抗日联军送信、运粮食、掩护伤员、配合抗联进行各种形式的斗争。1942年，日本警察和特务到西辉河抓人，早有准备的鄂温克族牧民采取突然袭击，用皮鞭、木棒严惩日警，打得敌人狼狈逃窜。1944年，根河市的鄂温克族苦工愤怒地打死了数名日伪监工，打击了侵略者的猖狂气焰。抗战胜利前夕，鄂温克族猎民曾自动组织起来，将顽抗在大兴安岭深山密林里的30多名日军全部消灭。

鄂温克人的氏族组织，叫“哈拉”。同一哈拉的人，都有血缘关系，具有共同的祖先和姓氏。鄂温克人一般以河名、山名、人名或居住地名称命名自己的氏族，因此，每一个哈拉都有固定的名称，其氏族名称又都具有一定的含义。例如，“杜拉尔”（在河旁居住的人）、“涂克冬”（在秃山底下居住的人）、“纳哈他”（在山南坡居住的人）。同一氏族的人，有共同的祖先神，称作“舍窝刻”或“敖教尔”。氏族内部成员，严格禁止互相通婚。民国时期，由于受户籍制度及汉文化影响，靠山区和农业区的许多氏族简化了姓氏。如，“杜拉尔”氏族简称为杜，“涂克冬”氏族简称为涂或戴，“纳哈他”氏族简称为那等。

每一个氏族都有自己的首领，称作“哈拉达”。哈拉达通过氏族成员民主选举的方式而产生，其任职时间没有统一规定。如果哈拉达办事不公正，可以由氏族成员大会罢免。哈拉达有权召集氏族成员在指定地点开会，商讨和处理氏族内部的重要事务。同时，哈拉达也有权处理氏族内部的纠纷，有权处罚违反氏族习惯法的人。

在鄂温克族的氏族组织之上，还存在着部落。因此，清代的鄂温克人又可以分为若干个部落。由同一部落的各氏族长组成部落长老议事会，选举部落酋长。鄂温克人的部落同样以地名、河名、山名而命名。例如，阿伦部落就是住在阿伦河流域的鄂温克人，由“杜拉尔”、“涂克冬”、“纳哈他”三个氏族组成；“根千”即是居住在格尼河的鄂温克人，有“涂克冬”、“纳哈他”、“卡尔他基尔”三大氏族。

由于迁徙和人口繁衍等因素的影响，鄂温克人的氏族又分化出若干个大家族，鄂温克语称其为“毛哄”。“毛哄”是建立在公有制基础之上的父系家族公社，通常由同一父系祖先十代以内的子孙组成。

“毛哄”的规模不大，多则十一二户，少则七八户，因此属于同一“毛哄”的人都住在同一个村落、牧场或相邻的地方。“毛哄”不仅是一种血缘组织，而且也是一种社会基层组织和生产组织。

“毛哄”有“毛哄达”管理家族内部事务，有由各户老人组成的“毛哄会议”解决家族内部的重大问题。“毛哄达”作为家族的首领，通常由年富力强、聪明能干、办事公正的人担任，由家族成员选举产生。“毛哄达”的职责是召集和主持家族会议，维护家族习惯法，处理家族成员之间的纠纷，处罚犯错误的家族成员，保管族谱，代表本家族与官方或其他家族交涉等。“毛哄达”履行职责完全是为家族尽义务，没有报酬，也没有固定的任期。如果“毛哄达”逝世或者因年老体衰无法履行职责时，人们才选举新的“毛哄达”。“毛哄达”犯错误或不履行其职责，也会被家族成员罢免。

“毛哄”共同占有土地、森林、河流、猎场和牧场。同一“毛哄”的人，在生产上有互相合作、互相帮助的义务。在猎区，“毛哄”是进行集体狩猎生产的单位，一个或几个“毛哄”的猎手们联合起来进行围猎活动，猎获物平均分配。在农业区，各小家庭联合起来共同进行农业生产，农产品由各户平均分配。在牧区，同一“毛哄”的人将牲畜和群放牧在家族的公共牧场上，而牲畜则归各家各户所有。

鄂温克人的“毛哄”组织延续了相当长的时间。伪满洲国时期，实行保甲制度，牧区和农业区鄂温克人的“毛哄”组织被取代。在游猎的鄂温克人当中，直到新中国成立前，社会发展尚处在原始社会末期的阶段，人们过着以“毛哄”为经济单位、共同参加狩猎生产、按户平均分配猎获物的生活。不过，这种家族公社已开始发生变化，狩猎用的枪支、驯鹿，已为小家庭私有，个别猎品如灰鼠皮，也已为猎获者个人所有。但是，狩猎工具和部分狩猎产品的私有制，还没有使个体家庭形成完全独立的经济单位，家庭公社在猎区鄂温克人的生产和生活中仍起着主导作用。

新中国成立前，在牧区的鄂温克人当中，还存在着“尼莫尔”这种生产组织。虽然个体小家庭已成为牧区鄂温克人社会经济的基本单位，但是一家一户的生产又常常受到生产力和生产资料方面的局限，于是一些有血缘关系的家庭出于互助合作的需要而组合起来，在放牧或耕种少量土地时，大家共同劳动，共同享用收获物，在生活上也是互相帮助，互相照顾，这就是“尼莫尔”。由此可见，“尼莫尔”作为鄂温克人以血缘关系为纽带而组成的游牧生产单位，实际上是原始社会氏族公社时期生产组织形式的残留。

为在黑龙江中上游以北的广大地区建立起巩固的统治，皇太极于崇德四年至五年（1639—1640）发动了征服索伦部的战争，最终统一了索伦诸部，派军队在黑龙江北岸的索伦村屯驻守，将鄂温克部落以氏族为单位编成佐，任命氏族酋长为章京（佐领），并规定了索伦部众按时向盛京纳贡的义务。每个鄂温克男丁，都要交纳貂皮一张作为贡赋。通过这一系列的措施，清朝在黑龙江以北索伦部的广大地区建立起有效的统治。

顺治年间，鄂温克人南迁到嫩江流域，理藩院任命达如汉布勒、扎木苏等人为首领，授予副都统印信，直接管辖鄂温克等族事宜。雍正十年（1732），清政府将布特哈（满语，意为打牲）的5个阿巴（围场）和3个扎兰（满语，连或队之意）的达斡尔、鄂温克、鄂伦春壮丁规定了旗色，编成了布特哈八旗。

八旗是军政合一、兵民合一的组织，旗设旗长（协领，正三品），下设佐领（又叫牛录达或章京，正四品）、骁骑校（哈朋，正六品）和领催等官职。编入八旗的鄂温克族壮丁对清朝承担着贡纳貂皮、巡边和服兵役的义务。在平时，他们散归田野，自谋生计，于春秋两季集合在一起进行“春秋会操”即军事训练。每年还要到边境地区巡查。在战时，则要披甲当差，从军入伍，为清政府南征北战。有清一代，包括鄂温克、达斡尔、鄂伦春在内的八旗索伦官兵素以骁勇善战、精骑善射而著称，很多鄂温克族将领因战功显赫而屡被擢升，如，授参赞大臣、内大臣、侍卫内大臣、都统等世职的海兰察，曾任正黄旗都统的博尔本察，曾任福州将军、钦差大臣的穆图善以及杭州将军明兴等。

【风俗文化】

新中国成立前，由于居住地区的分散和各地区自然条件的不同，鄂温克族的社会经济发展存在着很大的不平衡性。聚居在鄂温克族自治旗和陈巴尔虎旗的鄂温克族占本族人口的一半以上，主要从事畜牧业。居住在扎兰屯市、阿荣旗、莫力达瓦达斡尔族自治旗等地的鄂温克族，从事半农半猎；黑龙江省讷河的鄂温克族从事农业生产；根河市的少数鄂温克族从事狩猎。因为他们狩猎时使用驯鹿，常被称作“使用驯鹿的鄂温克人”。

鄂温克族自治旗和陈巴尔虎旗的鄂温克人，住蒙古包，过游牧生活。他们熟悉各种牲畜的习性和牧草的性质。当牧人选择牧场时，只要闻到草味或尝一下，就能判断牧草的营养价值如何。在高山上脱下帽子，可以测量出风的强度。优秀的牧人都知道几十种草的名称和营养价值，以及适合哪种牲畜的胃口。

牧民不论男女，一般从六七岁开始帮助父母看管牛犊，女孩从10岁开始跟母亲学挤牛奶。如果女孩子过了10岁还不会挤奶，就会受人讥笑。男孩7岁开始学骑马，最初和父兄骑一匹马，或者备小鞍骑老实马。男孩学会骑马后就可以参加赛马，再大一些就要学习套马、驯马的技术。

活跃在根河市敖鲁古雅原始密林中的另一部分鄂温克人，从事游猎和饲养驯鹿。一个优秀的猎人，具有精细的观察力，在大森林中，他们熟悉山林像了解自己的手心一样。他们从世代的狩猎生产中积累了丰富的经验，对野兽的习性十分熟悉。猎人的视力和听力也很灵敏，能够准确掌握风向。在夏冬季节里，他们能辨别出野兽的踪迹是新的还是旧的，是惊走的，还是自由走的，甚至是公还是母。孩子们在七八岁时，老猎人所讲的英雄故事就成了他们围在篝火旁受到的第一课教育。孩子们成群比赛射击、打靶，再大一些，就开始锻炼身体，互相比赛跳高、跳远、撑杆跳等运动。特别是每逢二月间，人们打完灰鼠时，青年和孩子们都穿上滑雪板，由部落头人主持庄严隆重的滑雪比赛，滑雪好的得到奖励。勇敢的鄂温克猎人就是在这样顽强的锻炼中成长起来的。由于从小就进行狩猎技能训练，鄂温克人的狩猎技术是非常高的。在鄂温克人中流传着这样一句话：“当猎手的枪响了的时候，你们就准备锅吧，他一定会带回肉来！”好猎手出门并不多带子弹，只带几颗，意味着只要有野兽，他就准会打回几个来。

在周边农业民族的影响下，分布于嫩江流域的鄂温克人，早在19世纪中叶就开始从事农业生产。他们用火烧掉荒地上的野草和灌木，然后清除掉杂物，用马或牛拉着犁杖开垦出农田，种植稷子、荞麦、燕麦、小麦、糜子、大豆等农作物。

由于生产方式的不同和居住地的分散，各地鄂温克族的传统服饰习俗各有特点。猎区鄂温克族的传统服饰，基本上以兽皮衣服为主；从事畜牧业的鄂温克族，通常用羊皮做衣服。

猎区鄂温克族的皮装，具有很强的季节性，他们根据气候和季节的变化更换不同种类的服装鞋帽。在漫长寒冷的冬季，人们多采用冬季猎取的兽皮作服装鞋帽。例如，男人们冬季常穿的袍皮袄（南得苏恩），就是用冬季的狍皮制作的。此时的兽皮，皮板厚重，绒毛较密，抗寒性能好且不易掉毛。在春秋两季，人们用短毛薄皮作衣服。夏季穿的狍皮衣服（哈拉米），通常用光板没毛的兽皮制作。下身穿狍皮裤子（南德额克）或犴皮裤子（耶什塔姆）。

牧区鄂温克人的传统服饰，通常用羊皮制作，如羊皮大衣（苏温）、短皮衣（胡儒木）、羊皮裤（苏威）、羊皮袜子（道克陶恩）等。其中，最为贵重的当属羊羔皮袄（胡布其苏温），这是人们逢年过节、访亲会友时穿的礼服。一件成人穿的羊羔皮袄，通常要用30多张羊羔皮，外面用布或绸缎做面，而且缝制起来费时费力。

鄂温克人穿的靴子，种类很多。有用狍腿皮做的靴子（其哈米）、犴腿皮做的靴子（合木楚热）以及用牛皮、羊皮和马皮做的皮靴（温特）。由于受周边农业民族的影响，鄂温克人也开始用布做鞋或靴子。

鄂温克族的帽子，以狍头皮帽（灭塔阿温）最富民族特色。特别是在狩猎时戴上用完整的狍头皮作的帽子，远远地看上去像狍子一样，容易给野兽造成错觉，便于狩猎。

新中国成立后，随着经济的发展和对外交流的加强，各种时尚服装传入鄂温克族居住区，改变了鄂温克族服饰习俗的面貌。在一些偏远的牧区或猎区，人们仍然可以看到鄂温克人穿着民族服装辛勤劳作的身影。在访亲会友、举办婚礼、逢年过节和举行重大活动时，鄂温克人仍然喜欢穿民族服饰。进入21世纪以来，鄂温克人多喜欢穿中山装、便装、休闲装以及现代衣裙等时尚服装。只有在民族节日、重大活动以及边远的牧区或林区，才有个别鄂温克族妇女穿着民族服饰。

敖鲁古雅鄂温克人在新中国成立前尚保持着传统的渔猎生产，因此其饮食文化具有浓郁的渔猎文化气息。他们以狍子、鹿、犴、野猪等狩猎产品为主要的肉食来源，喜欢喝用驯鹿奶做的奶茶，喜欢吃“列巴”（面包）。牧区的鄂温克人也吃米面食品和各种山珍野味，但是所占比重较小。其主要的食品是牛羊肉和奶油、奶皮子、奶干、奶豆腐等奶制品。用茶叶、稷子米或炒米作的奶茶，是家家必备的饮品。农区的鄂温克人以米面为主食，以豆角、白菜、土豆、萝卜等蔬菜和各种各样的野菜为副食。

各地鄂温克人的传统住房具有很大的差异，农区的鄂温克人住草房或砖房，牧区的鄂温克人住蒙古包，猎区的鄂温克人住“撮罗子”。其中，最为古老的当属“撮罗子”。

敖鲁古雅的鄂温克人终年追随着野兽的足迹，赶着驯鹿群，游荡在原始森林中，过着飘泊不定的生活。他们没有固定的住处，住着一种非常简单的帐篷——“撮罗子”，鄂温克语叫“仙人柱”。它高约三四米，直径四五米左右，用25至30根落叶松杆搭起伞形支架，夏天以桦树皮做盖，冬天用麋鹿皮围起来。他们在夏天和秋天时，一处最多住10天；冬天猎灰鼠时，二三天就搬一次家。搬家先是男人到新地点把“仙人柱”架子搭好，随后妇女用驯鹿把用具驮运到新地点。

“靠劳宝”是猎区鄂温克人搭在树干上的仓房，通常建于深山密林之中，主要用于存放食物、皮张等日常生活用品。“靠劳宝”这种建筑形式同赫哲族的“塔克吐”、鄂伦春族的“奥伦”、达斡尔族的“塔日特格日”一样，均是远古时期人类巢居的遗存。

鄂温克族传统的交通工具，有驯鹿、滑雪板、桦皮船、爬犁、马和大轮车等。鄂温克人饲养驯鹿具有悠久的历史，他们把驯鹿叫“鄂伦”。驯鹿头上生长着大茸角，分枝很多，体壮的可载90斤。驯鹿适合生活在寒冷地带，善于在沼泽或深雪中行走，素有“林海之舟”的美誉。冬季每天可行20多公里，夏季日行15公里。苔藓类植物是驯鹿的主要饲料。驯鹿除帮助主人搬家外，还经常替主人驮运猎获物以及从市场上替主人把购买的日用品驮回。

在遮天蔽日的大兴安岭里，鄂温克猎民背着枪、带着猎犬和野兽周旋。特别是冬天，在大雪山上，每个鄂温克猎人都穿上滑雪板，像小燕一样飞奔在山上，追击着各种野兽。

鄂温克人的滑雪板是用轻巧坚实的松木板制成的，其宽约20厘米，厚约3厘米，长约1.5米，前端略呈尖翘。为了使滑雪板不受磨损、提高滑行速度以及减轻上坡时的倒退力，通常要用鬃尖朝后的犴皮贴包滑雪板的底面。滑雪板是人们穿越林海雪原传递信息、运送货物的交通工具，也是独具民族特色的体育比赛用具。每年冬季降雪以后，鄂温克人都要利用滑雪板举行滑雪比赛。由此可见，滑雪板在古代鄂温克族历史和文化中曾发挥过重要作用。

鄂温克族居住的地区，河流众多，湖沼密布，因此其水上交通工具种类较多，有桦皮船、独木舟和木船等。桦皮船是东北少数民族普遍使用的一种水上交通工具。这种船取材方便，制作简易，船身较轻，不用时一人即可负载而去。桦皮船既可以用来乘人或载物，也可以用作临江捕鱼；既是一种水上交通工具，也是鄂温克人打猎捕鱼时的生产工具。

鄂温克族是一个好客的民族，热情、诚恳地招待客人是鄂温克人的习惯。他们认为客人来到家里是大喜事。在牧区，对客人敬烟、敬奶茶和吃手扒肉是普通的礼节。在猎区，猎民则以驯鹿奶和鹿、犴的胸口肉、脊骨肉、肥肠、犴鼻肉等招待客人为最上品。猎民在森林仓库中放着食品、衣服、用具等，从不上锁，其他猎人如果途中断了粮，可以到任何一个仓库里去取，不一定取得主人的同意，事后在市场上遇见主人如数归还即可。

鄂温克族的婚姻是一夫一妻制。新中国成立前尚保留着严格的族外婚的特点，婚姻的缔结只能在不同氏族之间进行，同一氏族内禁止通婚，违反这一原则的要受到习惯法的制裁。在鄂温克族的传统婚姻习俗中，存在着早婚的现象。当孩子们在很小时就由父母做主订婚，甚至指腹为婚。男孩七八岁便娶十七八岁的妻子，甚至有的妻子抱着丈夫串门，这种“小女婿”婚给青年男女带来极大的痛苦。

在陈巴尔虎旗的鄂温克人中，还存在着“逃婚”形式的自由婚。青年男女恋爱的双方说妥之后，初步决定结婚日期，男的回家告诉父母；男方的父母首先背着女方建立一个新“蒙古包”，另在包旁再盖一个“撮罗子”，找一老年妇女在里面等着。青年男女在前一天约好地点，夜间当狗一叫时，姑娘就偷偷走出蒙古包和男人骑马逃跑。俩人来到男方搭盖的撮罗子里，由老太太把姑娘的八根小辫改梳成两根发辫就算合法了。天亮前，二人到父母包里祭拜火和祖先神。同时，男方要派两个人到女方家，在女方的祖神前献上“哈达”，并叩头。女方一看女儿不在了，又来了两个人，便知道一定出事了，他们生气地坐在那里，并说气话。男方的来人给女方父母斟酒，他们不理不看，这时男方来人要设法说服女方父母。在第二次斟酒时，女方父母就喝了，表示同意。这时，男方所有的族人、邻居都来祝贺，在新蒙古包里，有个专门祝福的老头，坐在西边，头上或肩上放一“哈达”，先是新郎新娘给氏族祖先叩头，再给火神叩头，再给父母叩头。然后，宰羊宴会，唱歌跳舞。

鄂温克族传统的丧葬方式，最初是天葬（又称为树葬或风葬）。人死以后，用桦树皮、芦苇或草席将尸体包裹起来，放到深山密林之中的大树上。对于因难产或得传染病而死的，通常采用火葬。后来，由于受邻近其他民族和宗教的影响，鄂温克人开始实行土葬，其丧葬仪式也变得日益复杂，包括穿寿衣、烧香上供、点长明灯、焚烧纸箔、停尸守灵、择吉出殡、装棺入殓等。按照传统观念，鄂温克人认为人是有灵魂的，因此对死者的祭奠十分重视。逢年过节，人们都要来到死者的坟前烧纸、供奉食品，以表怀念和祭祀之意。

鄂温克族有不少本民族的传统节日。敖包会是鄂温克族的盛大节日，它起源于鄂温克人对“敖包”的祭祀活动。在过去，每个“哈拉”都有自己的领地和“敖包”，同一“哈拉”的人在每年五月汇集在一起，共同祭祀本氏族的“敖包”。在祭祀敖包时，要宰杀牛羊等作为祭品，目的是祈求风调雨顺、四季平安的好年成。每次敖包会上都要举行赛马、摔跤等娱乐活动。

“米阔勒”是莫勒格尔河流域鄂温克人的节日。广大牧民按传统习惯，在每年五月欢度“米阔勒”节以庆祝牧业丰收。这是鄂温克人计算一年之中牲畜又增加了多少的日子。

每年五月下旬，草原上绿草遍野，花香四溢。人们都穿上美丽而鲜艳的服装，远近的亲戚都汇集在一起，给牲畜去势、烙印。姑娘们穿着羔皮的筒裙，双手忙碌着抓羊羔。小伙子们矫健地骑上最好的“杆马”，挥舞着套马杆，追套烈马。老牧人为了锻炼青年人，常常让青年人套马，每当套住烈马的时候，强壮的骑手们一拥而上，有的跳上马背，有的拉住马尾，有的捏紧马耳，瞬间把马摔倒在地，于是就剪鬃，剪马尾，如果这匹马刚好4岁，那就在臀部打上烙印，以作标志。如果不是被选为种公马的话，兽医还给它去势。这是一种非常紧张而有趣的劳动，也是牧民互相比武，大显骑技的好机会。然后，每家都在蒙古包里准备食品和美酒、手扒肉，请所有参加生产活动的人赴宴。客人们在这一家吃完再到另一家吃，非常热闹。

在周边民族的影响下，鄂温克族也开始过“阿涅”（春节）、“罕西”（清明节）和端午节等节日，这使得鄂温克族的岁时风俗文化更加丰富多彩。

鄂温克族是一个能歌善舞的民族，有很多民族特点浓郁的传统舞蹈。“努日给勒”舞是鄂温克族的一种传统民间舞蹈形式，每当逢年过节、举办婚礼、宴请宾客或喜庆丰收之时，人们常常跳起欢乐的“努日给勒”舞，以表达其喜悦之情。

“努日给勒”舞一般由妇女跳，没有乐器伴奏，只是跳舞的人嘴里发出“阿罕拜”、“哲呼哲”、“扎海、扎海”等声音。跳舞每组二至四人，一面唱“阿罕拜”，一面两手左右上下摆动，起初动作很轻，继而面对面，双手前后摆动，并作曲膝状。这种舞蹈表现了农、牧区生活的特征，动作优美，节奏性强，脚的动作构成了它的特点。

“爱达哈喜楞”舞（野猪搏斗舞）是表现猎人模仿野猪交配时，相互打架怒吼的舞蹈，由两个人跳，跳舞者都穿着毛朝外的狍皮衣服，化装成两个野猪的形象，脸上抹上白粉，二人略向前倾斜，两手放在背后，用肩互相撞，嘴里不断发出“吼！吼！”的声音。

鄂温克族的舞会多在晚间举行，人们在宽阔平坦的空地上燃起一堆篝火，跳舞者沿着火堆围成圆圈，手拉着手自左向右转动，载歌载舞。舞蹈唱歌时，由一人领唱，众人合唱。

鄂温克族的民间舞蹈豪放、朴实，充分表现了鄂温克族人民爽朗、勇敢的性格和乐观向上的气质。特别是脚步的动作极为独特，刚健有力，节奏性很强。

鄂温克族民歌富于生活气息。有讴歌生产劳动的，如《猎歌》、《牧歌》；有关于爱情婚姻的，如《为什么把她嫁给我》；有歌颂家乡的，如《内库楞》、《美丽的辉河，我的家乡》。此外，还有大量描述民族历史、反映日常生活的民歌。鄂温克族民歌不仅题材广泛，内容丰富，而且其曲调明朗欢快，悠扬动听，富有草原和森林气息，独具风格。

鄂温克族虽然没有本民族的文字，却有着极为丰富的民间文学作品，包括神话、传说、故事、歌谣、谚语、谜语等。这些民间文学作品语言质朴，流传很广。

造型艺术有刺绣、雕刻、绘画和岩画等。鄂温克族喜欢在各种用具器皿上或雕、或绣、或绘上各种图案花纹，并善于用桦树皮等作原料，刻、剪成各种禽兽作儿童玩具。另外，在黑龙江上游右支流额穆尔河上源克伯河的源头之一——交劳格道河畔的山岩间和额尔古纳河右支流阿娘尼小河的悬崖上，发现了两处鄂温克人的岩画。这两处岩画以人物和动物为主，艺术地再现了鄂温克人的狩猎生活。"
德昂族	"德昂族是我国人口较少的民族之一，德昂族共有20556人（2010年），比较集中的分布在保山地区的保山市，德宏傣族景颇族自治州的潞西市、瑞丽市、盈江县、陇川县、梁河县，临沧地区的永德县、镇康县、耿马傣族佤族自治县。其中潞西市的三台山德昂族乡和临沧市镇康县的军弄乡是德昂族居住比较集中的地区。

德昂族是一个典型的大分散小聚居的民族，分布范围非常广,虽然德昂族只有1万多人,却分布在云南省3个地州9个县市。除潞西市的三台山和镇康县的军赛两地外，其他德昂族与景颇、汉、傈僳、佤等民族分寨而居，其中有少数村寨间杂在坝区傣族村落之间。德昂族是一个跨境民族，缅甸有一定数量的德昂族。

德昂族由于居住分散，自称他称很多。居住在德宏地区的德昂族自称“德昂”，镇康、耿马的德昂族则自称“尼昂”或“纳昂”，此外，还有“崩龙”、“昂”、“冷”、“梁”、“布雷”、“纳安诺买”等称呼。根据德昂族妇女的裙子上所织线条的不同色调特征，当地汉族人民分别称他们为“红崩龙”、“花崩龙”、“黑崩龙”等。新中国成立后进行民族识别，沿用了“崩龙”这个名称。后根据本民族的意愿，1985年9月经国务院批准，“崩龙族”正式改名为“德昂族”。

云南西部的高黎贡山和怒山山脉的广大山区，是德昂族人民世代居住的地区。气候属亚热带，雨量充沛，土壤肥沃，矿藏丰富，森林茂密，自然条件优厚。这里所产的龙竹，干粗梢长，直径一般在四、五寸以上，尤以镇康地区所产龙竹最负盛名，大者如柱，直径盈尺，二千年来即为著名特产，史书称之为“濮竹”。它既是建筑材料，又是家庭用具和生产工具的制作原料，肥嫩的竹笋还可食用。

德昂族很早就在自己的土地上开田垦地，栽种水稻、旱稻、玉米、荞子、薯类以及核桃、黄麻等作物。新中国成立后还种植橡胶、紫胶、桐果、棉花、咖啡等。德昂族人民尤善种茶。住宅周围，是菜地也是果园，除各种蔬菜外，还有香蕉、黄果、芒果、菠萝蜜、番木瓜、梨及石榴等；四季都有新鲜的蔬菜和水果。

德昂族的语言属于南亚语系孟高棉语族佤德昂语支，分为“布雷”、“汝买”、“若进”三种方言。德昂族没有本民族的文字，因长期与傣、汉、景颇等民族相处，许多人通傣语、汉语和景颇语。

【历史沿革】

德昂族源于古代的濮人，与“哀牢”有密切的关系。清代以前，有关记载把云南境内南亚语系的德昂、布朗、佤等民族统称为“濮人”、“蒲”或“蒲蛮”。“濮人”早在公元前2世纪就居住在怒江两岸，早于阿昌、景颇等族进入这一地区，是开发保山、德宏一带较早的民族。隋唐时称为“茫蛮”、“扑子蛮”、“望苴子蛮”，他们先后臣服于汉、晋王朝及南诏、大理国，德昂族先民还在宋朝后期建立起自己的区域统治，即“金齿国”。元以后成为傣族土司的属民。“濮人”汉代属永昌郡（今云南保山市），唐宋至元明时期，德昂族先民“茫施蛮”活动于澜沧江两岸。元代在今潞西地区设“茫施路军民总管府”，封阿利（传说是德昂族的头人）为土官。元代中期，“白夷”（傣族先民）迅速强盛起来，德昂族被迫逐渐向山区迁移。明代，中央政府封傣族刀姓为茫施（今芒市）长官司长官，傣族土司又封德昂族头人为“老”，以代表土司管辖德昂族人民，于是德昂族先民成了傣族土司的属民。

从14世纪中期开始，新兴的茫施傣族土司逐渐控制了今德宏州潞西、盈江一带的德昂族地区。到了清嘉庆年间，傣族土司采取极端蛮横的手段强占了德昂人的许多田地。清嘉庆十九年（1814年），塔岗瓦振臂一呼，德昂人应者云集，组成了一支声势浩大的起义武装。他们提出了“官家不公平，杀死官家解不平”的口号，声称“不把土司杀得七零八落决不收兵”。不久，塔岗瓦就指挥起义军攻破了茫施土司衙门。土司放过法狼狈不堪地逃往永昌府向清军求援。起义军乘胜追击，一举击溃了负隅顽抗的土司武装。紧接着，他们又挫败了梁河傣族土司和西山景颇山官武装的多次进攻，从而牢牢控制住了茫施坝区。但塔岗瓦和德昂族人民一直对清朝地方政权抱有幻想，他们希望清朝官吏能出面主持公道，严惩傣族土司。这种心理为傣族土司的反扑提供了机会。时间不长，各地傣族土司武装、景颇山官武装和汉族地主武装就联手向起义军发动了猛烈的围攻。塔岗瓦带领起义军将士进行了顽强的抵抗。由于力量悬殊太大，起义军蒙受了巨大的损失，半年多后，这一场正义的民族起义烈火最终被扑灭。这次斗争虽然失败了，但是这次斗争极大地削弱了茫施土司的统治，在反抗封建统治者的历史上写下了光辉的一页。

近代以来，德昂族与景颇族等各族人民，曾共同抗击英帝国主义对我云南西部地区领土的侵略。抗日战争时期，日本侵略军从缅甸侵入我国德宏地区，当时沦陷区的德昂族人民参加了汉、傣等各族人民组织的一支二千余人的游击队，用铜炮枪、长刀及弩弓，同日本侵略军进行了多次斗争。抗战胜利后，德昂族人民为反抗国民党军队的镇压，各村组织了自卫队，经常伏击敌人，迫使他们不敢任意进村。新中国成立前夕，德昂族人民积极协助中国人民解放军，围歼向云南西部逃窜的国民党军队，迎来了德昂族地区的解放。

【风俗文化】

德昂族在长达两千多年的发展变迁中，形成了具有鲜明特色的文化。

德昂族的服饰，具有浓厚的民族色彩，表现了本民族特有的审美观及其对美的追求。德昂族男子多穿蓝、黑色大襟上衣和宽而短的裤子，裹黑、白布头巾，巾的两端饰以彩色绒球。德昂族妇女多穿藏青色或黑色的对襟短上衣和长裙，用黑布包头，上衣襟边镶两道红布条，用四五对大方块银牌为钮扣，长裙上织有彩色的横条纹。青年人不论男女均喜欢佩戴银项圈、耳筒、耳坠等首饰。

在德昂族的服饰中，最引人注目的是妇女身上的腰箍。按德昂人的习惯，姑娘成年后，都要在腰部佩戴上数个、甚至数十个腰箍。腰箍大多用藤蔑编成，也有的前半部分是藤蔑，后半部分是螺旋形的银丝。藤圈宽窄粗细不一，多漆成红、黑、绿等色。有的上面还刻有各种花纹图案或包上银皮、铝皮。这一独特的习俗是唐代德昂族先民——茫人部落以“藤篾缠腰”为饰习俗的延续。其来历有一个美丽的传说，传说德昂族的祖先是从葫芦里出来的，刚出来的时候，男人们都长得一模一样，女人到处乱飞。后来天神将男子的容貌区分开来，男人们为了拴住女人，就用藤蔑编成圈将她们套住，女人们再也飞不动了，只好同男人生活在一起。现在的腰箍，就是由那时的篾圈发展而来的。从这个神话可以看出，腰箍的起源有一定的功利目的，但随着历史的发展，这种象征意义失去了，腰箍变成了一种装饰品，成了一种美的标志。德昂族认为，姑娘身上佩戴的“腰箍”越多，做得越精致，越说明她聪明能干、心灵手巧。因此，成年妇女都佩带腰箍并以多为荣。青年男女在恋爱期间，小伙子为了博得姑娘的爱，也往往费尽心机，精心制作刻有动植物图案花纹的藤蔑腰箍，送给自己心爱的姑娘，于是腰箍又成了她们爱情的信物。

此外，在德昂族的饰品中，五彩斑斓的绒球也颇具特点。男子包头巾的两端、胸前，妇女衣服的下摆、项圈上，男女青年的耳坠上和筒帕的四周都装饰有彩色的绒球。

德昂族妇女与许多南方少数民族妇女一样喜着筒裙，但不同的是她们的筒裙为彩条水波横纹长裙，它上遮乳房，下及踝骨，显得新颖大方，鲜艳夺目。不同支系的妇女筒裙的纹饰有明显的差异。自称“梁”支系的妇女筒裙上，横织红、绿、黄、黑等颜色的宽线条纹饰；自称“别列”支系的妇女的筒裙上，横织大红线条纹饰；自称“汝买”支系的妇女筒裙，则以黑线做底色，夹杂有红、白色细线条纹饰。因此，当地人们根据德昂族妇女筒裙上的线条纹饰颜色特征，分别称之为“花德昂”、“红德昂”和“黑德昂”。

德昂族节日主要有泼水节、关门节、开门节、做摆、烧白柴等。

泼水节（当地人称“浇花水”）是德昂族一年一度的传统佳节，时间在每年清明节后的第七天。节日一共有三天。仪式开始这天，德昂群众都穿上节日的盛装，背上从井里打来的清水，带上自己准备好的各种食物，手捧一束束鲜花，汇集到本寨的佛寺（奘房）去过节。仪式由寨中德高望重的长老主持，并致祝词。致罢祝词，男青年们敲响了象脚鼓，跳起了象脚鼓舞。女青年合着鼓声，跳起了“堆沙舞”。其他人手捧竹水筒，举过顶，依次往雕龙画经的水槽里倒水，为象征佛祖化身的佛像冲浴，意即缅怀先辈的恩德，预祝来年风调雨顺。其间，人们还提着空竹筒，争先恐后地去接从佛像上淌下来的水，或喝进肚，或洗脸洗手，以示避开病魔，来年吉祥。泼水首仪过后，人们开始将所带食物置于供盘上，供于佛像前，齐声朗诵祭词，然后让参加泼水节的人们品尝。以上仪式过后，人们便以象脚鼓队为前导，排成长队，翻山越岭，来到井边、泉边、河边取水，以取水来欢度自己的节日。其间，每取一次水，都要举行取水仪式和供物仪式。还要举行传烟和对歌的仪式。取水的程序有一定的规矩。第一天只能分别在寨边的井里取水，第二天到山箐里的泉水边取，第三天再到河边取水，先近后远。意即要靠自己的双手开发水源，不要等待大自然的恩赐。泼水有着严格的规定，第一天只能先向佛像浇水，再为佛爷、和尚洗手，不能浇到身上。群众之间更不能相互泼水。第二天一早，男女青年或小孩，提着竹水筒，分别到长老们的家中，为他们洗手、洗脸，意即感谢他们所作的奉献，预祝他们健康长寿。从第三天开始才以花束着水洒在对方身上的方式，相互浇水，而浇水的主要对象又是新婚夫妇，意即祝贺他们和睦相处，永远幸福。浇水时，新婚夫妇不得随意拒绝或反抗，否则，将会被人们视为不懂规矩的人。

关门节，德昂语称“进洼”。每年傣历九月十五日（农历六月中旬）始，为期3个月。关门节是农业生产最忙的时候，它要求青年男女们自我约束，集中精力，从事农业生产劳动。即关起爱情、婚姻之门，节日期间不准谈情说爱，不准男娶女嫁，也不准僧侣们到村寨中留宿，他们要净居佛寺，专心念经，提高德性。关门节中的前3天，众人到佛寺赕佛，不下地劳动，青年男女们则集中在一起唱“别杆柴”（德昂族民歌），跳舞。3天过后，每7天众人都要用花、香、烛等小供一次佛，第八天要到佛寺去祭佛，听佛爷诵经，祈祷佛保佑人畜平安，五谷丰登。

开门节，德昂语称“出洼”，是在每年傣历十二月十五日（农历九月）举行，为关门节最后一天，节期3天。开门节即启开爱情婚姻之门。这时，农忙已经结束。头天，德昂村寨举行宗教仪式，庆祝粮食丰收。次日未婚少女都要到佛寺烧香敬佛，感谢佛爷开禁爱情婚姻之门。最后一日早晨，青年男女们要听佛爷讲经布道，而后当地群众进行赶摆（集市）和赕佛。

做摆，也就是做大贡，又称“赶摆”，一般在农历二、三月份农闲时间里择日举行。做摆是以村寨为单位。在做摆前，村寨里要事先准备好粮食、经费和黄牛、肉等用品，以便为远近其他寨子赶来参加者提供食宿。头一天为迎佛，次日拜佛后，众人听佛爷讲经。最后一日，客人离开，寨子里的人聚集在一起，唱歌跳舞。据说做摆可以使本村寨群众清洁平安，免遭灾祸，并能驱鬼邪。

烧白柴，德昂语称“孔通”，在每年农历十二月十四日晚举行。所谓白柴就是一种无皮、表层为白色的树木。节日之前，德昂村寨派人上山砍白柴，按“井”字形状架在村寨附近。节日当天晚上，吃完晚饭，众人到佛寺将佛像“请”到白柴堆旁，点燃白柴堆，村寨中的人们都围坐在火堆旁烤火，寺院中的僧侣当夜也要参加烧白柴，为大家诵经祈祷，愿佛保佑德昂人吉祥如意；众人待到柴堆烧尽，才将佛像抬回寺院，各自散去。次日，由佛寺里的佛爷将炭灰置于土罐中，供于神坛，以示给佛祖取暖。

茶是德昂族最重要的饮料。尤其是成年男子和中老年妇女几乎一日不可无茶，而且好饮浓茶。他们喝茶时，常常将一大把茶叶放入一个小茶罐里加水少许煎煮，待茶呈深咖啡色时，再将茶水倒在小茶盅里饮用。由于这种茶非常浓厚，所以一般人喝了极易兴奋，夜晚会彻夜难眠。而德昂人因经常饮用，却喝上了瘾，只要一日不喝，便会手脚酸软，四肢无力。相反，如果在劳累之时煮一罐浓茶，喝上几口，便立刻心高气爽，精神倍增。

茶不仅是德昂人日常生活中的重要饮品，在他们的社会生活中也有着非常重要的地位。他们几乎时时、事事都离不开茶。德昂人讲究“茶到意到”，宾客临门，必先煨茶相待；走亲访友和托媒求婚时，必以茶为见面礼；若有喜事需邀请亲朋光临，一小包扎有红十字线的茶叶便成了“请柬”；如两人产生矛盾时，有过失的一方只要送一包茶，就可求得对方的谅解。可见，茶的作用是其他钱物无法替代的。

由于茶叶的这种特殊地位和作用，致使茶叶的消费量很大，因此德昂族人民家家户户都习惯在房前屋后、村头寨边栽上一些茶树。德昂人好饮浓茶，善于种茶，因而被周围的民族称为“古老的茶农”。

在住室方面，德昂族以竹楼著称。长期以来，竹楼是各地德昂族共同的住宅形式。在镇康地区是由若干小家庭同住一幢房子，房屋中间有宽敞的走道，两边为各家庭的住室，间壁而居，各有火塘。这样的竹楼较大，有的占地400多平方米，现在，这种大竹楼已为各家各户的小竹楼所代替。

德昂族的竹楼多依山而建，坐西向东。主要有正方形和长方形两种形式，具有对称、和谐、严谨、庄严的美学特征。比较典型而普遍的是以德宏地区为代表的一户一院式的正方形竹楼。这种竹楼分主楼和附房两部分。主楼呈正方形，楼上住人，楼下圈养牲畜。附房多建在主楼的一侧，用作堆放柴草及安置舂米的脚碓。这种竹楼外形别致，美观大方，据说很像古代中原地区儒生的巾帽。关于它的来源，德昂族民间还流传着这样一个动人故事：诸葛亮当年率兵南征，来到德昂山寨，有一天突遭袭击，受伤遇险，幸得勇敢善良的德昂姑娘阿诺相救，才得以化险为夷，转危为安。在短暂的接触中，二人产生了感情。当重任在肩的诸葛亮不得不辞别心上人的时候，便将自己的帽子留给阿诺作为信物。痴情的阿诺苦盼18年，等来的却是心上人的死讯。从此心碎肠断的阿诺不吃不睡，每天呆立村头，望着心上人东去的路。到第33天，突然雷电交加，大雨倾盆。雨过天晴之后，阿诺不见了。而她站立的地方却出现了同诸葛亮的帽子一模一样的房子，这就是德昂人后来居住的竹楼。

德昂族的婚姻是一夫一妻制，同姓不婚，很少和外族通婚。男女青年恋爱自由，女子在选择对象上有一定自主权。本民族内部没有严格的等级婚，只要对方愿意，贫富人家可以联姻。男青年到十四五岁时开始串姑娘，晚上他们到女青年家门外吹芦笙，引出姑娘来谈恋爱。双方建立感情后，互赠手镯、腰箍、项圈、篾箩、织锦接包等生活用品，然后再请寨中老人往女家说媒。

德昂族盛行的“毫味尼别”(串姑娘)制度，大体有两种方式：一种是男青年头头“叟包脑”带领一群小伙子去串一群小姑娘，集体对歌，一般多在婚礼晚上或节日活动中进行；另一种是小伙子单独“串姑娘”，一般是当夜幕降临时，小伙子携带芦笙或萧到所选定的姑娘家的竹楼后门，轻吹芦笙，以作试探。若姑娘有意，就把小伙子请进家，此时，女方的父母兄弟皆要回避，之后男女即对唱情歌小调，互相倾吐衷情。经过一段时期的恋爱后，若双方情投意合，愿意结为终身伴侣，小伙子就赠给姑娘一包茶叶或其他礼物。姑娘将茶叶挂于床头，父母也就知道女儿有了对象。如果同意女儿婚事，即将茶叶取下，否则，便叫女儿将茶叶退回。同时，小伙子也把找到对象之事告诉父母，父母即在本村内物色两位有声望的老人去说媒。只要女方同意了，家长一般是不反对的，他们认为姑娘爱着人了，不同意是不好的，至于女婿是不是称心如意，那是女儿命定的，父母无能为力。倘若女方父母反对，姑娘可自行到男家同居。

结婚时，男方要给女方聘礼，德昂族称为“奶水钱”，习惯上不给是不行的。数量根据男家经济情况决定。娶亲时还要给女家一二百斤肉，一定数量的茶叶、砂基、芦子、草烟、盐巴和鸡蛋。若姑娘属外寨，还要给寨里送些谷子。新媳妇接到家，要宴客三天，请全寨人来进餐，客人送些烟草、蔬菜和木柴作为礼物。

德昂族一般行土葬，凶死者则行火葬。对正常死亡者，先停尸于房内，并将房中间的篱墙拆掉。尸体头朝东停于火塘右方，横放，用艾叶浸水浴尸，剃光头发，穿上新装。然后将尸体放于棺内，用白线或红线栓在死者的两个拇指、膝盖上。其目的是使死者的灵魂不得返回家中。还要在死者嘴里放碎银，作为死者的摆渡费。女尸放入棺内，取脸朝天式；男尸则脸朝地。装棺后，鸣枪通知诸亲友。这时，解除所栓的线，将手平伸。通常停棺3日，并请和尚念经超度。出殡时，棺木从东方抬出，棺尾部朝前，沿途撒草烟以示请诸鬼开路。由老人念咒经，大意是指给死者道路，不要再回家里、寨里作乱。葬法是在选定地点挖一长方形穴，以系在棺木两端的四根绳索把棺木轻放入穴内，放正后，砍断绳子和抬棺用的竹担，丢入穴中，然后掩土，不垒坟。埋葬时要取头东脚西位，不得面向本寨。葬后7天，要超度此魂。此后，不再认坟，也不上坟。各村均有一块公共坟地，德昂语称为“纳温”，不分等级、姓氏或家族，凡本村成员皆可葬入。德昂族还认为，灵魂有善恶，灵魂作祟导致凶死，所以对非正常死亡者行火葬，而且不得葬入公共墓地。

德昂族在长期的生产、生活实践中，创造了许多具有本民族特色、丰富多彩的民族文学与艺术。

德昂族文学以口头的民间文学为主，传统的民歌、神话、传说、故事占很大比重。民歌中情歌比较发达。青年男女交往、恋爱，大都离不开以歌传情。这些情歌多属短篇即兴之作，但也有长篇悲歌，如《芦笙哀歌》。叙事长歌有叙述民族迁徙的《历史调》、描写帮工生活的《下缅甸调》等。德昂族神话以《葫芦育人》、《天王地母》神话较有代表性。前者说人是从葫芦里出来的；后者说人是由天上刮下的一百零二片树叶变成。而另一篇《龙女人祖》神话则说：上古时有一个仙女住在山洞里，隔三年出来一次，她被另一仙人的后代看见，二人结合，生出子女，就是德昂族的祖先。德昂族的民间故事比较丰富。影响较大的如幻想故事《青蛙和绣花姑娘》，通过怪孩子青蛙与绣花姑娘异类婚配故事，歌颂劳动者善良、忠厚的品格。生活故事《三次奇怪》深含哲理。德昂族与傣族、景颇族交错杂居，其文学作品，在风格上兼具傣族细腻与景颇族豪放的特色。此外，傣族的《娥姘与桑格》、汉族的《梁山伯与祝英台》和《三国演义》中的一些故事，都广泛流传在德昂族人民中间。

德昂族的艺术，主要有音乐和舞蹈。德昂族喜好的乐器一般是象脚鼓、铓、钹、磬、葫芦笙、萧、小三弦、口弦等，多在唱歌和“串姑娘”时使用。德昂族有在重大节日中跳舞的风俗，较有代表性的是象脚鼓舞，由敲鼓，打着铓、钹的男子带头，其他男女老少跟在后面，按一定步法，手势绕圈而舞。也有男女分成两圈，男子组成外圈，女子组成内圈。由一戴草帽的男子带头击鼓，其他男子跟随，提起大裤脚，露出腿上所剌花纹，绕场欢舞。妇女组成的内圈，排头的女青年击铓锣，与击鼓男青年配合，跟随的妇女亦与男子并排而舞。

水鼓舞是德昂族独有的民族舞蹈，德昂语叫“嗄格楞当”，多系喜庆时举行。舞蹈时，将鼓挎在脖子上，鼓在身前，边敲边跳，大硭、大钹伴奏。鼓声深沉、庄重。可以单独跳水鼓舞，也可大家跟随水鼓节奏起舞。

图案雕刻是德昂族民间艺术的另一表现形式，在腰箍、耳坠、银手镯等装饰品及银烟盒、衣服等生活用品上雕刻绘制的图案多是对称的双鸟、双虎、花草之类，具有较高的艺术价值。在佛寺里，挂枋、板壁上常见有浮雕，图案多为“二龙戏珠”、“双风朝阳”之类，雕刻技术达到相当高的水平。

德昂族人们酷爱体育运动，射弩、打铜炮枪和泥弹弓是长期生活在崇山峻岭中的德昂族人们生活、生产中不可缺少的自卫武器，也是一种狩猎工具，因此有广泛的群众基础。德昂族的泥弹弓是猎鸟工具，形状略似弓，制作也较为简单，用一竹片绷上麻线或牛筋作弦，弦的中部用篾编一小方框，用来安放泥土搓成的圆形泥弹丸。

武术在德昂族人们中间较为流行。德昂族武术除拳术外有棍、刀、剑、叉、勾镰。拳术有梅花拳、四门拳、白昼拳、簸箕拳、左拳、狗拳等；棍有德昂棍、十二步棍；刀有单刀、十二动双刀、十七步刀。拳术和器械具有防守严密、出击利索，坚韧勇猛的特点。梅花拳始于明朝末年，因在半米高、大碗口粗的梅花桩上练习拳脚，故称梅花拳，此拳一直沿袭至今。左拳是德昂族的看家拳之一，拳路灵活多变，迎战对手时，最后都以左手出击的绝招取胜，故德昂族有左手定乾坤之说。"
保安族	"保安族是我国人口较少民族之一，总人口20074人（2010年）。聚居在甘肃省临夏回族自治州积石山保安族东乡族撒拉族自治县的保安族有14116人，占总人口的88.5%，主要分布在大河家乡的大墩、甘河滩、梅坡三个村（习惯上称之为“保安三庄”）和刘集乡的高赵李家村、柳沟乡的斜套村。其余散居在临夏回族自治州其它各县和兰州市以及青海、新疆等地。

保安族聚居的大河家地方，位于临夏的西部，西靠巍峨的积石山，北临滔滔黄河，气候温和，有茂密的森林，丰美的水草，是个宜农宜牧的好地方。

保安族的语言属于阿尔泰语系蒙古语族，和土族、东乡族的语言比较接近。由于和周围汉族、回族长时期的交往，保安语中汉语借词较多。保安族通用汉文，以汉文作为社会交往的工具。

保安族的族称来源于原居住地——青海省同仁县隆务河边的保安城。据记载，保安族大约自明朝初年起，居住在保安城、下庄、尕撒尔（当时俗称“保安三庄”）一带，自称“保安人”，周围的土族、藏族称其为“回回”。清同治元年迁徙到甘肃省积石山地区。历史上，历代统治者不承认保安族是一个单一民族，一直称其为“保安回”、“番回”。新中国成立后，根据本民族意愿，中华人民共和国政务院于1952年3月25日正式批准“保安族”为单一民族。

【历史沿革】

关于保安族的族源和形成，由于史料缺乏，尚未形成统一的定论。主要有蒙古人为主说、回族为主说和色目人为主说等。

蒙古人为主说。根据保安族的传说、语言特点和类似蒙古族的某些生活习俗方面来看，保安族可能是元明时期一批蒙古人，在青海同仁一带驻军垦牧，同周围的回、汉、藏、土各族长期交往，逐步形成的一个民族。

回族为主说。持此观点者多是从保安族与回族有关的传说来追溯其源流的。有认为保安族是从四川保宁府（今阆中市）或南京等地迁至青海同仁一带的“回民”，与当地其他民族结亲落户融合发展而形成的；有认为从陕西、甘肃临夏等地派往保安地方屯垦守边的回、汉“营伍人”（即戍边部队），落户定居发展而成保安族；还有认为是临夏大河家地方的“回回”，因长期在同仁等地经商，后落户定居发展形成了保安族。

色目人为主说。认为保安族原先居住过的青海同仁地区，早在汉、唐之际，曾先后为西羌、吐谷浑、吐蕃的属地。1032年，李元昊建立西夏政权后，其势力也涉及同仁地区。辽、金时期，女真人控制了黄河流域的广大地区，其影响直达包括同仁在内的积石州境域。13世纪初，成吉思汗在统一大漠南北蒙古诸部以后，进行大规模的西征。在西征过程中，将中亚诸国大批被俘的青壮年编入“探马赤军”，协助蒙古军队作战。这些人包括回回、哈剌鲁、康里、阿儿浑、撒尔塔、汪古等多种人，当时被通称为“色目人”（意为“各色各目”）。1225年，成吉思汗由中亚回师蒙古，这批色目人又随蒙古军队进入并留牧西北等地。1227年，蒙古军队灭掉西夏，并渡河攻打积石州，占领了包括同仁在内的河州地区。1247年，西藏萨班会见蒙古太子阔端后，蒙古军队与西藏的往来随之频繁。从此，同仁一带成为兵家过往的交通要道，同时成为沟通内地与西域贸易的据点，驻扎着包括中亚诸国人在内的蒙古军队。1259年，元世祖忽必烈统一全国后，随着战争的减少，遂将“探马赤军”编入民籍，就地驻扎屯垦，允许他们娶妻生子，成家立业，成为“民户”。从此，在同仁一带戍边屯垦的军士，就成为保安族的“先民”。

明朝时，统治者为了“守边防番”，在各地增修城堡，并派兵驻守。洪武时期，在今青海同仁地区设置保安站、保安堡；万历年间，在同仁隆务地区设置“保安营”，并扩建为保安城，隶属河州卫，置都指挥，管辖同仁十二族（亦称“保安十二族”，意为同仁地方的十二个以藏族、土族居民为主的大部落）。这时在包括同仁在内的河州一带落户的蒙古人、色目人仍然居多。原信仰伊斯兰教的居民主要聚居在隆务河边的保安城、下庄和尕撒尔等地。后来明朝政府不断从各地调来大批回、汉族军士屯田戍边。“保安营”得到发展和扩大，保安地方的民族成分也发生了变化，以色目人后裔为基础，回族、蒙古族、藏族、汉族、土族等民族相邻共处，联姻结亲，在长期的共同生活中，形成了共同语言，具有了共同心理素质，大致在明朝中叶，自然融合成为一个新的民族共同体——保安族。

清咸丰、同治年间，由于受当地喇嘛教隆务寺封建农奴主的欺压，保安族被迫迁徙，在循化住了几年，又转入甘肃，在积石山边临夏大河家、刘集一带定居下来，在新的定居地，保安族仍按同仁居住时的习惯，尕撒尔的保安人聚居在大墩村，下庄的保安人聚居在甘河滩村，保安城的保安人聚居在梅坡村，形成今天的“保安三庄”。从清末至民国时期，保安族一直处在地方军阀马安良、马步芳等统治下。1930年起，国民党政府推行保甲制，将该地划为“两保”。

历史上，保安族人民曾以不同形式参加了临夏地区回、汉各族人民的反封建斗争。清同治初年，保安族在由青海同仁向临夏迁徙的过程中，参加了当地回族反清起义。1900年八国联军侵犯北京时，驻守京城的“甘军”中有十几名保安族战士同兄弟民族士兵一道，英勇地打击外国侵略者，一些保安族战士献出了自己的生命。在国民党政府统治期间，保安族人民不断地同封建统治阶级和国民党政府的派捐、派差、抓丁、强占水利资源和山林等暴行展开斗争。他们常常男女老少一起出动，拿起斧头、刀子同反动乡政府以及地主爪牙们展开英勇的斗争。这充分表现了保安族人口虽少，但不畏强暴、英勇不屈的团结战斗精神。

关于保安族的早期生活，文献记载比较缺乏。据民间传说，约在清同治时从青海迁到甘肃以前，社会生活中已经呈现出很多封建社会的特征。保安族的早期社会，大体沿袭历史旧制，除以部落组织的形式，受地方土司管辖外，各村都设有头人主持事务，称作“坊头”。很多“坊头”倚仗权势，霸占土地，进行残酷的封建剥削。

保安族迁到甘肃临夏大河家地区以后，原来的封建头人便与当地官僚、地主、教主们勾结，霸占了大片农田、林地、果园，垄断了保安三庄的三条峡水。在保安三庄，占总户数6.7％的地主、富农却占有全部耕地的33％以上，并和当地回族官僚、地主共同霸占着大河家地区的大片林地和果园，几乎垄断了当地所有的水利资源。贫苦农民只能耕种沿山根的干旱地或河滩地，他们多数沦为地主的佃户，受到沉重的地租和高利贷剥削。在这里，实物地租是地主对佃农进行剥削的普遍形式，租率一般在50％以上。高利贷剥削名目繁多，其中被称为“驴打滚”的月利一般为一分，致使农民负债累累。佃农们每年起码要为地主无偿劳役三个月，替地主家修房子、打堡子、整果园等等，甚至农忙时节也要随叫随到。正如地主叫嚣的：“你们的油缸倒了，也得先扶我的水缸。”保安族居住的梅坡、麻池、岔口三个自然村，新中国成立前就有180户人家给地主扛长工和短工。不仅如此，地主阶级还通过雇佣长工、买卖丫环等形式进行剥削和压榨。这些都显示了新中国成立前的保安族社会封建性较强的特点。在野蛮的封建压榨下，保安族地区的农业生产十分落后，贫苦农民过着糠菜半年粮的悲惨生活。

保安族以经营农业生产为主，部分人兼营手工业和副业。他们的农业生产在东迁以前已见诸记载，至清雍正初年，保安、撒拉地区，凡有成熟之地，久为恒产。东迁后学习汉、回等族生产技术，耕作采用豆、麦倒茬轮歇制，使用先进的生产工具等，开始大量种植小麦。保安族的粮食作物主要有小麦、大麦、玉米、青稞、胡麦、豆类、洋芋等，经济作物有胡麻、油菜、大麻、花椒。蔬菜品种主要有白菜、茄子、西红柿、辣椒等。果树品种亦繁多,有桃树、梨树、核桃树、苹果树等。保安族最具民族特色的手工业是打刀，被称为“保安刀”，已经有100多年的历史。保安刀的生产以一家一户为生产单位，制作技艺高超，锋利耐用，精致美观。著名的“双刀”和“双垒刀”的刀把，多用黄铜或红铜、牛骨垒叠而成，图案清雅美丽，享有“十样景”的赞词，誉满甘肃、青海、西藏等省区。

【风俗文化】

保安族起先与蒙古族相邻而居，服饰与蒙古族相似。在青海同仁居住的后期（元朝后期），受藏、土族的影响，服饰有所变化：男女在春、夏、秋三季穿长衫、戴礼帽，有的男子还穿高领的白色短褂，外套黑色的坎肩。女子脚穿绣花鞋，服饰色彩比较鲜艳。清朝咸丰、同治年间，保安族迁徙到今甘肃积石山县大河家地区后，与回族、东乡族、汉族密切往来，及生产生活的需要，保安族服饰又有了明显的变化。平时男女喜欢戴白色或青色的无沿帽，穿白布衫，套青布坎肩。逢节庆时，男子一般头戴礼帽，身着黑色条绒长袍，这种长袍比藏族穿的长袍稍短，饰有不同宽度和色彩的“加边”，外束腰带，系腰刀，足穿高筒靴。女子则穿过膝的长袍，外套深色的坎肩，饰有花边。

如今，保安族男子平时戴白色号帽（用白布或黑布做的一种圆顶布帽），身穿白色衬衣，黑色坎肩，蓝或灰色裤子；走亲访友或外出时，多穿中山服、军便服或夹克。女子喜穿色彩艳丽的右衽上衣、长裤，外套坎肩，并嵌有花边；一般戴盖头，通常少女戴绿色的，婚后戴黑色的，老年戴白色的。

保安族日常饮食多以小麦、青稞、玉米、豆子等加工制成的面食为主。喜欢炖食，如手抓羊肉、碗菜（熟牛羊肉切块，加胡萝卜、土豆、粉条，用牛羊肉汤烩成）等，以全羊席最为知名。以前蔬菜较少，现在也品种齐全，花样繁多。保安族喜欢饮茶，新中国成立前多喝茯茶和盖碗茶，新中国成立后一般多喝云南的春尖茶，来客人用“三香茶”（在盖碗茶内放有茶叶、冰糖、桂圆、红枣、葡萄干、杏仁干等）招待。保安族忌饮酒、吸烟。

保安族早期与藏族、土族的居住形式相同，以土木结构的土房为主。迁徙定居甘肃大河家后，保安族家庭居住形式也有所变化。早先，户与户之间屋顶相连，平顶、高墙，墙体厚实，并且房连房、墙连墙，一旦有事，不出院门，而是上屋顶，全村就可迅速联络到。这是保安族战乱时期互助、团结的历史见证。如今，仍可看到少量这类房屋，不过更多的则是独家独院，一般为瓦房。

院落布局有上房、偏房之分。上房也称堂屋，一般坐北朝南或坐东向西，房内正中多悬挂阿拉伯文字的对联或经文挂图等。西房，或者庭院中的上房，通常为老人居住。堂屋中间置八仙桌子，两边出檐的地方建两个土炕。建造堂屋上大梁时，要用红布包麻钱裹在梁中间，以示家事兴旺。偏房是家中年轻夫妇或未婚子女居住的地方。

保安族十分注重礼节，讲究礼貌。相见时先说“赛俩目”（意为问候祝安）。保安族非常尊重长者，忌子女不孝，长幼无序。保安族人民热情好客。客人到家，立即请到炕上，用最好的茶饭招待。先是倒茶，接着端上干鲜果品、手抓羊肉、鸡肉等食品，并再三揖让，客人吃得越多，主人越感到高兴。

保安族的婚姻习俗，为男娶女嫁及一夫一妻制。结婚之前的仪式，主要包括说亲、下聘礼和送大礼等。送大礼时，保安族中还有女方的亲房户族分别请男方送礼人吃席的习俗，名曰“叫客”。叫客越多，越能显示女方亲房户族多和彼此团结。女方接受大礼后，便商定举行婚礼的日期。婚礼一般包括娶亲、送亲、闹宴席场等程序。整个婚礼过程呈现喜庆的色彩，男女老少同乐，有“三天无大小”之说。按保安族的习俗，新娘三天不吃男方家的饭，以示父母对女儿的关怀和女儿不忘父母养育之恩。

保安族文学可分为口头文学和书面文学。保安族人民在生产生活的历史长河中，创作了不少反映本民族的精神世界和社会风貌的传说故事。比较有名的有《积石山的来历》、《妥勒尕尕上天取雨》、《神马》、《保安腰刀的传说》等。保安族神话故事的一个显著特点，就是主人公大都以平民百姓为主。通过这些平常人物，来反映保安族人民的宗教信仰、社会生活、思想美德，以及当时当地的自然风物。

宴席曲是保安族举行婚礼时，在宴席场地演唱的一种民间传统乐曲，曲调优美，欢快明朗，节奏性强，有时还伴有简单的舞蹈动作。保安族的宴席曲，大致可分为散曲、叙事曲、说唱曲。

“花儿”是一种产生和流传在甘、青、宁、新部分地区、以爱情为主要内容的山歌。“花儿”在保安族民间文学中占相当大的比重,是保安族人人都能触景生情、即兴而唱的山歌。保安族“花儿”在“回汉花儿”的基础上，吸收了蒙古族、藏族民歌的艺术特点，曲调高亢激扬，并带有颤音，独具特色。“花儿”内容十分丰富，有反抗旧社会统治阶级压迫剥削的，有表现保安族日常社会生活的，有表达保安族青年男女真挚和坚贞不渝爱情的，有表达对新生活的追求的，等等。其中，爱情花儿内容丰富、数量众多、艺术性强，在保安族花儿中占有重要的地位。

保安族的舞蹈刚健有力，节奏明快，热情豪放，既带有蒙古族舞蹈的传统特征，又巧妙地吸收和融合了汉、回、土等民族歌舞的长处，形成了自己独特的风格。舞蹈《保安腰刀》曾获1980年全国少数民族文艺会演优秀节目奖。

保安族的传统体育是在长期的实践和适应本民族特点中发展起来的，一般在冬闲时举行竞赛活动。保安族现在保留下来的民间传统体育项目，主要有顶牛、打石头、夺腰刀、响铃操、打五枪等，其中“夺腰刀”、“打石头”被列为全国少数民族传统体育运动会表演项目。"
裕固族	"在甘肃河西走廊的中部，雄伟的祁连山北簏，居住着历史悠久的裕固族。人口共有14378人（2010年），主要聚居在甘肃省肃南裕固族自治县和酒泉黄泥堡地区。

裕固族居住区大部分处于祁连山地，平均海拔约3200米左右。海拔4700米以上的高山终年白雪皑皑，有冰川分布，是河西走廊的众河之源。山地牧草繁茂，是优良的天然牧场。黄泥堡和明花乡则属于戈壁绿洲地貌，东海子和西海子宛如戈壁滩上的两颗明珠，是草原上的天然水源。

裕固族自称“尧乎尔”、“西喇玉固尔”。历史上曾被称为“黄番”、“黄头回鹘”、“撒里畏吾”、“撒里畏兀儿”等。1953年，经群众协商同意，取与“尧乎尔”音相近的“裕固”（兼取汉语富裕巩固之意）作为自己民族的名称。

由于历史的原因，裕固族使用三种语言：住在肃南自治县西部的使用阿尔泰语系突厥语族的裕固语(一称尧乎尔语)；住在肃南自治县东部的使用阿尔泰语系蒙古语族的裕固语(一称恩格尔语，)；黄泥堡裕固族长期以来使用国家通用语言。现在，各地裕固族普遍会讲国家通用语言。大河乡有少数人兼通尧呼尔语和恩格尔语。

裕固族是以畜牧业为主的民族。畜种以羊（绵羊、山羊）、牛（牦牛、犏牛、黄牛）和马为主，还有少量的驴、骡，明花乡过去养有大量的骆驼。肃南民间流传着“水关的驴，杨哥的马，皇城的羊毛赛棉花；白银的山羊，大岔的牛，明花的骆驼力量大”的俗语。黄泥堡的裕固族主要从事农业，农作物有小麦、糜、谷、洋芋、青稞、豆类和胡麻等。

【历史沿革】

裕固族，源出唐代游牧在鄂尔浑河流域的回鹘。9世纪中叶，回鹘汗国因内受大雪天灾和统治阶级内部的争扰，外受黠戛斯族袭击而崩溃，部众分途西迁。其中一支迁至河西走廊的沙州（今敦煌）、甘州（今张掖）、凉州（今武威）一带，受吐蕃政权统治，史称河西回鹘。851年，沙州汉人张议潮乘吐蕃内乱之机，领导沙州各族人民起义，驱逐河西吐蕃守将，据有瓜、沙、伊、肃、甘等11州之地，归附唐朝。河西回鹘遂依附张议潮。872年，张议潮死。后来，河西回鹘攻占了甘州城，立了可汗，所以河西回鹘又被称为甘州回鹘。875年，回鹘从合罗川（今额济纳河，在张掖西北）遣使入贡，唐赠绢10000匹。当时，唐朝本身已很穷困，还能应贡使要求馈赠绢匹，充分表现了双方的友好关系。

到了10世纪，吐蕃势力衰弱，甘州回鹘逐渐强盛，进一步控制了兰州、河州，扼制着唐和西域的交通孔道。后来又击败瓜、沙等州的汉族统治者，使瓜、沙二州实际上成为它的附庸。

甘州回鹘建立政权后，统领河西各回鹘部落。最高统治者为可汗，同时还采用汉族官制，设有宰相、枢密使等职务。可汗统领下的部落中设有首领，“分领族帐”。按照《宋史》记载，当时有瓜、沙二州回鹘、凉州回鹘、贺兰山回鹘、秦州回鹘、合罗川回鹘、肃州回鹘等。

河西回鹘同中原王朝一直保持着密切联系，以甥舅相称。到北宋时，甘州回鹘可汗时常派遣使者来贡土产，宋朝呼为“甘州沙州回鹘可汗外甥”，回赠内地特产。宋太宗太平兴国五年（980年）和宋真宗大中祥符三年（1010年），甘州回鹘可汗曾数遣重要官吏到宋朝京城朝贡，献橐驼、名马、珊瑚、琥珀。

11世纪中叶，西夏与河西回鹘发生战争，攻破甘州，甘州回鹘政权崩溃，从此河西回鹘成为西夏附庸，各部落迁到嘉峪关外放牧，但仍与宋朝有联系。宋神宗熙宁元年（1068年），回鹘使者又来朝贡，求买金字《大般若经》。1073年，使者称回鹘人口有30余万、丁壮20万。这一支人口逐渐繁衍，成为河西一带的重要土著。1227年，蒙古军攻灭西夏后，河西回鹘也就被蒙古人直接统治了。

从11世纪中叶到16世纪，是裕固族逐步形成的重要时期。在长期历史过程中，河西回鹘的一部分同周围蒙古、藏、维吾尔、汉等民族长期相处，互相融合，逐步发展形成为一个共同体。《宋会要辑稿》称之为黄头回鹘，《元史》称之为撒里畏吾，《明史》称之为撒里畏兀儿，就是今天的裕固族。今天的甘、青、新交界地区是他们活动居住的共同地域。在这段时期，河西回鹘中也有许多人融合到其他民族共同体之内去了。

元末明初，嘉峪关外一带的吐鲁番、哈密、瓦剌等地方封建集团互相争权夺地，不断发生战争。明朝乃先后在关外设立了安定、阿端、曲先、沙州、罕东、赤金、哈密等几个带有军事性质的“卫”，统治各族人民，裕固族也被置于“卫”的统治之下。但不久，各卫由于统治者之间的相互攻伐，外受吐鲁番政权及蒙古右翼封建主的侵袭，相继崩溃。明朝为了便于统治，将关外诸卫迁入关内安置。裕固族这时也东迁入关，在肃州附近及甘州南山地区定居下来。

东迁入关是裕固族历史上的一件大事。至今，裕固族民间中还流传着关于东迁的传说。据说，在几百年以前，裕固族的故乡遭受很大的风灾，狂风卷走牲畜，沙山吞没帐房，连黄金筑成的经堂也被淹没在沙山底下了。又说他们遇到了别的宗教的压迫，在故乡不能立足，开始东迁。“走过了千佛洞，穿过了万佛峡，酒泉城下扎营帐。沿着山梁走上那高高的祁连山，望见了八字墩辽阔的牧场。草绿花香的八字墩草原，变成了裕固族可爱的家乡”。这首历史民歌大致反映了裕固族东迁的路线和经过。

裕固族原以畜牧业生产为主。史载五代各朝和北宋政府所需战马，主要从回鹘购买。甘州、西州回鹘每年都不止一次以进贡名义送马匹到开封，五代或北宋政府都“估值回赐”，付以价款。宋太宗乾德三年（965年）年初，甘州回鹘一次就贡入北宋政府“名马”1000匹，另有橐驼500只。东迁后，裕固族在经济生产方式上逐渐发生变化。黄泥堡地区的裕固族在同汉族相互往来和影响下，学会了农业生产技术，并逐步代替畜牧业。肃南地区仍从事畜牧和狩猎业。由于汉族地区铁制工具和武器的输入，裕固族农业、畜牧业和狩猎业的技术有了提高，生产力得到发展。

明崇祯元年（1628年），在今张掖西南设立梨园堡，派兵驻守，作为统治裕固族人民的据点，并曾发给裕固族大头目管辖草原的执照。

清初厄鲁特蒙古准噶尔部占据南疆并威慑甘青西部，迫使祁连山地区的裕固族（清代称‘西喇古尔黄番’）向其纳税称臣。准噶尔部在裕固族地区派驻有专门的收税官员。1696年（康熙三十五年），清朝消灭准噶尔蒙古主力，裕固族归附清朝。

为了加强对裕固族地区的统治，清朝将裕固族划为“七族”，分封部落头目，赐给世袭职衔。大头目被封为“七族黄番总管”，赐给黄马褂和红顶蓝翎帽。将居住在甘州南山的裕固族部落，划归梨园营都司管辖，凡有大事，均由甘肃提督呈报理藩院。高台附近的裕固族部落，划归红崖营守备管辖，受肃州镇总兵节制。在黄泥堡裕固族地区，则设乡约、农官进行管理。

清政府规定“以茶易马”的制度，裕固族各部落每年必须上交“茶马”113匹。起初，清朝还给部落一些茶叶，后来，就变成了只见交马不见给茶，“茶马”成为一项沉重负担。此外，还要给地方衙门送鹿茸、麝香和皮毛等贡物。黄泥堡的裕固族每年要向朝廷交纳粮银。

民国初期，裕固族地区分别由甘州镇守使和肃州镇守使管辖。1931年以后，马步芳的青海军队控制了河西走廊中部和西部。从此，裕固族处于马家军阀的统治下，前后长达十年之久。1942年以后，国民党河西各县政府开始在裕固族地方编查户口，设立保甲，旨在将裕固族置于各县的直接管辖之下。在国民党“分而治之”的政策下，裕固族聚居区被分割得四分五裂，分属于张掖、酒泉和高台等县管辖。裕固族地区由此陷入长时间的纷争之中。

新中国成立前，裕固族地区长期实行封建部落制度。清初，裕固族有7个部落，到民国时期分化为10个部落（又称“家”），即大头目家、东八个家、杨哥家、罗尔家、四个马家、五个家、曼台部落、西八个家、亚拉格家和贺郎格家。前七个部落居住在东部，说恩格尔语；后两个部落居住在西部，说尧呼尔语。各部落有自己的放牧范围。在今康乐乡境内的是大头目家、东八个家、杨哥家、罗尔家和四个马家；在今大河乡境内的是亚拉格家、贺郎格家、八个家和五个家。明花乡东西海子地方也属于亚拉格家和贺郎格家的牧地。曼台部落的牧地在黑河和八宝河的夹角地带。新中国成立后在这里建立过友爱乡，习称友爱地区（现属青海祁连县）。

据清朝康熙年间颁给“七族黄番总管”的执照，黑河上游的整个八字墩草原都是裕固族的牧地。1959年，甘肃、青海两省对祁连山地区省界进行大调整，八字墩和友爱由甘肃划归青海省祁连县，这里的裕固族“千里大搬家”，迁居青海划归甘肃的皇城滩（今皇城镇）。“千里大搬家”是清代以来裕固族分布格局的一次重大变化，各部落传统的居住区域被打乱。现在皇城镇的裕固族包括了原来曼台部落、杨哥家、东八个家、八个家等好几个部落的人口。

裕固族传统社会设有一个世袭大头目统辖各部落。大头目既是“七族”首领，又是“大头目家”的部落首领，身兼双重职务。其权力和管辖地域，经明、清王朝封授确定，颁给执照。大头目过去权势很大，掌管所有部落。民国后期势力缩小，只能管辖讲恩格尔语的几个部落。讲尧乎尔语的部落则由亚拉格家头目掌握实权。

每个部落设有正头目、副头目、总圈头（或辅帮）和小圈头。部落头目也是世袭的，各部落头目都姓安，所以有“天下头目都姓安”的说法。部落正、副头目多数为共同管理一个地方，少数为分地而治。亚拉格家、贺郎格家的正头目驻今大河乡，副头目驻今明花东、西海子，实际上等于有了自己单独的一块辖地。曼台部落的正头目则由大头目部落的副头目出任。

总圈头、辅帮是帮助头目处理日常行政事务的总管，几乎概由大户担任。一般任期是一年或三年，可以连任。头目、总圈头掌握本部落大权，审讯部落内发生的盗窃、打架、草场纠纷等案件，并有处罚和施刑的权力。审理时，原告、被告都得向头目、总圈头送礼、请客和出官司钱，并负担所有审理人员的茶饭和牲畜饲料。处理后的罚款也常常落入头目们的腰包。因而诉讼只能给贫苦牧民带来新的灾难，小圈头是为头目跑腿办事的差役。由部落头目指派，有的部落则由交不起茶马的贫苦牧民轮流担任，任期一般也是一年至三年，但常常也有被头目指派连任六七年的。

部落每年举行几次会议，主要是为了摊派杂款和处理民刑纠纷。部落会议由头目召集，一般每户都要派人参加。名义上是民主议事，实际上一切问题都由头目和总圈头决定。在封建部落统治下，广大贫苦牧民没有社会地位可言。遇见头目必须俯首下跪，呼头目为“老爷”，若骑马相遇必得下马伫立问候。牧民去见头目时，不能穿短衣，不能抽烟和大声说话，否则就要受惩罚。头目家遇婚丧等事，牧民必须送财物。总圈头和辅帮也积有威势。东八个家的妇女哄孩子时，一说“总圈头来了”，孩子就不敢哭了。

民国时期，裕固族地区还设有千户二人和“老者”若干人。千户一个是东八个家的大户艾罗，一个是亚拉格家正头目安进朝（人称‘安千户’）。分别是由青海广惠寺夏洛瓦呼图克图和青海佑宁寺土观呼图克图加封，均得到河西马家军师长韩起功的加委，权势很大。艾罗一度代行大头目的职权，在大头目家、东八个家、杨哥家、四个马家等地搜刮“官羊”、“官马”。亚拉格家、贺郎格家、五个家的重要事务，如总圈头的更换，都要同“安千户”商量。“老者”相当于部落下各户族的族长。在明花和大河由头目指定，负责征集部落的各种款项和协助头目处理纠纷；在康乐由退任的总圈头和辅帮充任，不担负具体任务，供头目咨询。

裕固族草场和牲畜的绝大部分在新中国成立前都掌握在部落头目、寺院上层和牧主手中。他们拥有45%以上的牲畜，占有全部草场的42%以上。这些草场大都是冬春场。部落公有草场占30%左右，主要是夏秋场。公有草场名义上部落成员都可放牧，实际上贫苦牧民由于牲畜少，没有驮畜，往往搬入公场时，肥美的草头已被牧主的牲畜吃光了。一般牧民只占有全部草场的18%左右。

裕固族具有光荣的革命传统。1937年，红军长征进入祁连山裕固族地区，得到裕固

人民的有力支援，共同展开了抗击国民党军队的斗争。裕固族牧民不畏艰险，为红军送粮、送柴、救护伤病员。裕固族青年柯阿代给红军带路，不幸被俘，宁死不屈，惨遭杀害。裕固族老大娘焦斯巴楞，在红石窝战斗中，收留了十多个失散、负伤的红军战士，后来又送他们重返队伍，并将一名红军战士招为女婿留下来，被誉为裕固族“红老人”。

【风俗文化】

新中国成立前，为适应游牧生活，裕固族以帐篷为主要居住方式。裕固族帐篷是用牛毛或羊毛褐子缝制而成的。扎立帐篷，要选择避风向阳的地方搭盖，多数坐北向南。坐向选定后，先用一根横梁及两根柱子将帐篷撑起来，再用四根木杆和绳子拉成四方形。富户人家帐篷宽大一些，用六根或九根木杆拉成圆形。帐篷正中为炉灶，是做饭和取暖的地方。过去是三块石头顶一口锅（裕固语叫‘加格斯’），后来改为石块和泥巴砌成的炉灶。1958年以后逐渐改用有烟囱的铁皮炉，可烧粪烧煤，火旺又干净。帐篷顶端为天窗，白天掀开，晚上或雨雪天盖住。

从1958年开始，肃南县牧区基本上实现定居，牧民在冬春场上都住进了平房。老人在这里安度晚年，孩子可就近上学。现在，定居点上的土木房又被砖瓦房所取代。屋内陈设更加时髦和现代化。过去是土炕上铺芨芨席子、毛毡等，现在不少家庭已用上席梦思床。在夏秋场上，旧式毛帐篷基本被淘汰，改用藏族式方形大帐篷。如今许多牧民在夏秋场上也盖起了砖房，居住条件比过去大为改善。

裕固族牧民的饮食以酥油茶、糌粑（裕固语叫‘塔勒坎’）和奶皮子、曲拉（一种块粒状奶制品）等乳制品为主。每日通常是三茶一饭，即早晨、中午、下午各喝一次酥油奶茶，晚上全家人在一起吃一顿羊肉面片或米饭，有时也吃烤馍馍和烤花卷（习称‘烧壳子’）等。

手抓羊肉、肉肠、“支果干”是裕固族人最喜爱吃的风味食品。手抓肉讲究吃开锅肉，即肉刚熟便出锅食用，鲜嫩可口。宰羊后，将脖子肉和里脊肉剁碎，拌上炒面和调味品装进肥肠内，叫“肉肠”。把羊肝、肺等内脏切碎，加入炒面及葱蒜等调料，用肚油卷成卷，叫“支果干”。肉肠和“支果干”煮熟后切成薄片，浇上蒜汁和醋，肥而不腻，冷热食用均可。

新中国成立前，裕固族除富户人家可吃上白面、大米外，贫苦牧民买不起粮食，常吃“谢节草”籽磨成的面，喝的是一种野生茶。至于清油、酱、醋等调味品，一般牧民就更难得吃上了。随着生活水平的提高，裕固族牧民现在的饮食品种大为丰富，饮食结构趋于多样化。但饮奶茶等习惯仍长久地保留着。国家每年专门从湖南益阳调来砖茶，以供牧民之需。

裕固族的服饰有自己的特点。男子戴毡帽，穿高领的左大襟长袍，束红蓝色腰带，穿高统靴。已婚妇女戴喇叭形白毡帽子（裕固语叫‘拉扎帽’），前缘镶有黑边两道，帽顶缀有大红彩络。过去妇女还戴有长带形头面，上面镶有各种饰品，构成图案式样。但头面很重，垂在发上对劳动和健康都有妨害，现在已经去掉。随着时代的变化，今天裕固族男女平时大都以内地流行的服装为主，只有在重大节日或喜庆活动中才穿戴传统服饰。

裕固族传统的婚姻习惯有正式婚姻与非正式婚姻两种形态。正式婚姻，即男娶女嫁婚，婚礼仪式繁多而隆重。在女方家最重要的仪式是“戴头面”。迎亲路上，男方要在途中铺毡毯、备羊酒迎候，谓之打尖（裕固语叫‘杜苏尔池’）。在男方家的婚宴上，还要举行有名的“阿斯哈斯”仪式，即由“总东”（负责主持礼仪的人）向大家讲述裕固族婚礼的古老来历。这类正式婚姻花费很大，男方多的花两三千元，少的花几百元。即使一般牧户，也要出一马一牛，十几只羊，一二十块布（一块布一丈六尺）、两块茯茶的彩礼。对女方来说，陪嫁的财物动辄超过男方彩礼的三四倍，往往比男方花费得更多。裕固族的非正式婚姻主要指帐房戴头婚。女孩到十五或十七岁时举行戴头面仪式，即成年礼。父母这时候要为女儿另立一顶帐篷（裕固语叫“道尔朗”）。姑娘戴头面后就有了社交自由，可与称心的情侣在“道尔朗”同居，共同生活，生儿育女不受非议。帐房戴头的妇女，有的与一个固定的男子白头到老，也有中途感情发生波折而与另外男子同居的。

新中国成立后，裕固族的婚姻状况有了很大改变。青年男女自由恋爱结婚，家长一般不加干涉。裕固族与其他民族通婚也很常见。

春节是裕固族一年中最大的节日。节前要包饺子（用作冻饺）、炸油馃子、馓子等，并有祭祖的习俗。节日期间放鞭炮，点酥油灯，互送哈达、礼品以示祝福。

裕固族民间口头文学非常发达，包括历史传说、民间故事、叙事长诗和民歌等多个种类。民间故事内容丰富，语言生动，流传较广的有《莫拉》、《神箭手射雁》、《珍珠鹿》等。最有名的叙事长诗的是《黄黛琛》，叙写了一位年轻姑娘在旧社会包办婚姻下的不幸遭遇。民歌是裕固族人最喜爱的一种口头文学形式，题材非常广泛。关于生产劳动的有擀毡歌、割草歌、垛草歌、放羊歌、放牛歌、拉骆驼歌等，关于婚嫁礼仪的则有戴头面歌、离别歌、待客歌、“瑶达曲戈”、“阿斯哈斯”等。新中国成立后，群众又创作了许多歌颂新时代、赞美新生活的新歌。

裕固族人民还擅长造型艺术，主要是实用工艺美术。他们在自制的毛口袋、毯子和马缰绳上编织出各种美丽的图案。裕固族妇女吸取了汉族的刺绣技术，在妇女的衣领、衣袖和布靴上绣出各种花草虫鸟、家畜、家禽等，色彩和谐，形象生动。明花地方的裕固族男子还擅长根雕艺术，他们将生长在沙漠中的梭梭根，依照其原始形状进行加工，刷上清漆，就是一件很有价值的艺术品。"
京族	"京族是中国55个少数民族中人数较少的一个民族，人口为28199人（2010年），主要分布在广西壮族自治区防城港市。其中东兴市约有1.2万人，主要聚居在东兴市江平镇的澫尾、山心、巫头三个海岛上，素有“京族三岛”之称。其他京族人口则与汉族、壮族杂居在东兴市江平、谭吉、红坎、恒望、竹山等地及防城港市的其它市县。钦州市也有少量京族人口分布。

京族所在地区属亚热带气候，雨量充沛，终年不见冰雪，树木四季常青，物产极为丰富。南面的北部湾是著名的渔场，盛产鱼、虾、蟹、贝等多种海产品，有鱼类700多种，其中经济价值较高、产量较丰富的达200多种，珍珠、海马、海龙等都是医药上的名贵药材。北部湾海水含盐度达31%以上，适于制盐业的发展。海岛上盛产香蕉、木瓜、黄皮、龙眼、菠萝等亚热带水果。除渔业、盐业外，京族居民也从事水稻、红薯、花生、芋头和玉米等种植业。竹山地方有铁矿，澫尾、巫头岛有钛矿、磁铁矿、错石英和玻璃砂等矿藏。

京族的主体源于古代百越的一支骆越，隋唐时称为“僚”。后来因马来波利尼西亚语系（或南岛语系）印度尼西亚语族的占人和属于南亚语系孟高棉语族的高棉人及少量汉人的加入，重新融合而成现在的新民族群体。京族文化在发展中受中华汉文化的影响很大，同时也包含了不少占人文化、高棉人文化的元素。

京族有本民族的语言，但由于语言因素复杂，语言学家难以确定其语言属系。京、汉两族人民的长期友好相处，绝大部分京族人民都通用汉语（粤方言）、汉文。历史上曾经使用过“字喃”。“字喃”意为南方的字，即喃字，系13世纪末京族人民在利用汉字的基础上创造的本民族文字。新中国成立前，在歌本和宗教经书中仍保留使用。目前会用京语哈歌(哈，京语音译，即唱)的，绝大多数是50岁以上的老人，如今在整个京族三岛懂字喃的，只剩下10多位老人。近几年随着经济水平的提高，一部分京族人开始发起对本民族语言、文字的保护工作。

京族的祖先迁到江平地区时，附近的谭吉、红坎、恒望等地已有汉族居住，而当时的澫尾、山心、巫头等地还是丛林密盖的荒漠小岛。在漫长的岁月中，京族人民和广大的汉、壮族人民一起，披荆斩棘，筑海堤，垦荒坡，共同开发了祖国边疆。在共同的生活和斗争中，结成了亲密的关系。

京族过去曾称为越族，1958年根据本民族的意愿，经国务院批准，正式定名为“京族”。

【历史沿革】

京族的祖先大约在公元16世纪初陆续由越南涂山等地迁移来华，最先居住在巫山岛和江平镇附近的寨头村，后来才逐渐向澫尾、山心、潭吉等地发展。京族为越南的主体民族，曾称为“越南人”或“安南人”，瑶族称他们为“交趾人”。在澫尾村的乡约中，有“先祖父洪顺三年从涂山漂流到此，立居乡邑”的记载。洪顺是越南16世纪封建王朝的年号，洪顺三年即公元1511年，为我国明朝武宗正德六年。此外，据京族人口较多的刘、阮二姓追述，他们的祖先原来居住在越南吉婆，后迁至越南涂山沿海，以打渔为生。有一次，他们在北海湾追捕鱼群时来到今广西壮族自治区东兴市的巫头岛，见这里荒无人烟，又有较好的渔场，便定居下来，至今约有16－17代人。若以每代人25年计算，至少也有约500年的历史，这与乡约中所记相符。

京族在迁到江平地区之前，已处于封建社会发展阶段。迁来之后，在京、汉两族地主阶级的压迫和剥削下，渔、农业生产长期得不到发展。在红坎村“哈亭”（唱歌的地方）的碑文上，就有“官事重役，不堪其苦”，“人民饥馑”等记载，反映了京族劳动人民过去悲惨生活的景况。

清朝政府曾在江平地区设立了“江平巡检司”。1884年中法战争爆发后，江平京族地区一度被法国侵略者武装侵占，法国大量倾销商品，掠夺土特产和廉价劳动力，控制江平地区的经济命脉，在恒望、竹山等地设立天主教堂，从精神上奴役和麻痹京族人民。他们还暗中进行情报收集和调查我国资源等种种阴谋活动，使京族地区的渔业、农业生产受到严重的破坏。

在帝国主义、封建主义和官僚资本主义长期统治和剥削下，京族人民过着饥寒交迫、毫无政治权利的痛苦生活。勤劳、勇敢的京族人民曾经和汉、瑶、壮族人民一道，进行了多次反帝反封建斗争。中法战争期间，澫尾、巫头等地京、汉各族数十人，在澫尾村京族杜光辉率领下，毅然参加了“黑旗军”，站在抗击法国侵略者的前列。当法国侵略军的铁蹄践踏江平京族地区时，京族人民和汉族人民一起，组成“江平抗敌义军”，奋勇迎敌。1886年，法国侵略者与当地官僚万宁州官潘土木相勾结，烧杀抢掠，横征暴敛，鱼肉人民，当地京、汉各族人民奋起反抗，终于把法国侵略者驱逐出我国领土，并处死潘土木。国民政府时期在这个地区继续推行民族压迫和歧视政策，实行团董和保甲制度，抽丁拉夫，强迫京族人民缴纳“渔盐海税”、“人丁税”等苛捐杂税，京族人民曾进行过多次的反抗斗争。

1921年中国共产党成立后，京族人民在党的领导下，反帝反封建的革命运动蓬勃发展起来。早在大革命时期，京族地区就成立过总工会和农民协会。在总工会的领导下，京、汉等族人民曾多次举行示威游行，高呼“打倒帝国主义”、“打倒封建军阀”、“打倒贪官污吏”等口号。在工人运动胜利发展的形势下，党派人深入京族渔民、农民中，广泛组织了农民协会。1944年初，日本帝国主义侵入京族地区，京族人民积极加入共产党在江平地区组织的抗日游击小组，开展武装斗争，一直坚持到抗日战争胜利。1945年10月，中共广东南路特委派遣队开辟十万大山根据地，展开游击战争。后来南路特委改为粤桂边区党委，同时成立十万山地委，领导十万山区的革命工作。京族人民踊跃参加游击队活动，为游击队送粮筹款，没收地主、富农的财物支援游击队，并开展了反抗国民党追捕游击队的英勇斗争，保护了革命力量。1949年初，粤桂边区纵队密切配合中国人民解放军，在短短的8个月内，攻克了江平等据点，成立了防城县人民政府。京族人民与汉族人民一起组织了支前大队，欢天喜地迎接中国人民解放军的到来，对我国的革命事业作出了自己的贡献。

新中国成立前，京族地区阶级分化非常明显。京族主要从事浅海捕捞的渔业，兼营农业、盐业。地主、富农和渔业资本家占有大量的渔、农业生产资料。澫尾、巫头、山心、潭吉的地主、富农、渔业资本家占4村总户数的2.93％，他们占有4村渔箔的23.87％，每人平均占有数为贫苦渔民的7.54倍；拥有4村渔船总数的28.94％；占有4村耕地的35.09％，平均每人占有的耕地数为贫农的11.73倍。地主通过出租渔具、箔地、渔区、耕地，进行剥削。有的地主为了榨取渔民更多的血汗，往往将同一箔地租给十多户贫苦渔民，每户用期两年，一直排到数十年以后，而箔地地租需在立约时交清，贫苦渔民要等待一二十年才轮到使用那块箔地，人们称之为“租空地”。高利贷的剥削也很严重，渔民往往因一笔小小的债务，弄得倾家荡产。

地主和贫苦渔民之间，还存在一种类似雇工剥削的“寄赖”关系。没有箔地或虽租有箔地但未轮到自己使用的贫苦渔民，替地主经营的渔箔捕鱼，在自己家里吃饭，没有工资，只分得捕获量的10%。这种“寄赖”关系也存在于富裕渔民和贫苦渔民之间。农业上的地租剥削也很严重，租率一般占产量的50%。农民（渔民）除了交纳实物地租以外，还要给地主负担种种劳役，平均每个佃户每年要给地主砍柴约40天，平日还要给地主修房屋、围猪圈，逢“红白大事”还要出杂工。

过去京族内部有名叫“翁村”的组织。“翁村”含有村长的意思，由老人担任，负责监督执行村约，处理村内事宜，筹办“唱哈”，主持祭祀等。“翁村”下设“文祀”一人，“翁管”若干人。“文祀”负责协助村长处理日常事务，“唱哈”时担任司仪，管理文书帐目，保管村财产等。“翁管”负责管理山林和执行山林村约。“翁村”的村约第一条就规定：村民必须交纳租税，服兵役，违者受罚。村约曾是反动政府统治剥削人民的工具。“翁村”等在国民党统治时期又是伪保、甲长，是国民党政权的基层统治人物。

新中国成立前，京族地区以渔业为主，存在一种合伙捕渔组织。以山心村为例，当时这个村的渔业收入占70%，农业占27%，其它占3%。渔业生产一般属于浅海捕捞作业，工具有拉网、渔箔、塞网、沙鱼网、鲎网、螺扒、南虾笼等，生产工具量少质差，作业方法比较落后。拉网、塞网、鲎网等是大型的渔具，需要较多的投资，一般都由几户或几十户共同占有，合伙使用。在这种劳动组织中，由一个劳动力强、经验丰富、技术较全面的老渔民担任“网头”，负责组织安排渔业生产、添置渔网，执行渔业生产中的宗教仪式。其它的“网丁”都听从“网头”的指挥。在产品的分配中，“网头”和“网丁”同样分得一份，没有特殊的权利和报酬。拉网、塞网、渔箔是小型的渔具，操作较为方便，不需很多的劳力。这些作业都比较落后，产量低，捕获的多是小鱼。

【风俗文化】

京族沿海而居，海域捕鱼自然也就成了他们主要的经济生活。在海滩、村寨给人第一印象是成堆成挂的各式渔具。拉网、刺网（定刺、流刺、旋刺）、塞网，还有专门针对特定捕捞对象的鲨鱼网、南虾网、海蜇网、鲎网、墨鱼网等，渔具之多、分工之细，形成了京族发达的渔业文化与独特的渔业风情。

渔箔是京族渔猎生产中独特的传统设施，以渔箔捕鱼已有200多年的历史。渔箔颇象古代的八卦阵。捕鱼经验丰富的京族人，在地势倾斜、水流较急的滩地裂沟两旁，分两行插上木柱，直到最低潮水线处。木柱间用细竹条、竹蔑或山藤编结成“篱笆”栅栏，形成“篱沟”，状如漏斗。在“漏斗”里以竹片和木条编织3个由大到小的“鱼室”（也叫“鱼港”），鱼室彼此相通，各入口处安置有鱼虾能进不能出的“笼须”。涨潮时，潮水带着鱼虾淹没了箔地；退潮时，鱼虾被困于鱼室。渔民驾轻舟划竹筏，进入篱沟以鱼罩、阿罾尽情收获。

在京族的渔业生活中，至今还保留有“见者有份”的“寄赖”习俗。不论是退潮后的渔箔边，还是满载归来渔船旁，只要想吃海味，你就可以捡一些拿走，主人绝不会责怪。京族也有与渔业生活有关的禁忌，如在渔家做客，千万别说饭烧焦了，因为“焦’与“礁”同音，不吉利，渔民最怕触礁。在船上不要说“油”，把油称为“滑水”，因为“滑”有“顺当”、“顺溜”、“顺利”之意，而“油”与“游”同音，船破后人落水才要“游”。移动器物要拿起来，不能推拖着移动，因为有“搁浅”之嫌。京族男子每次出海，老人、妇女、孩子都要到海滩上送行，并举行一些祭海活动。当一艘艘鱼船行驶在辽阔的海面时，渔民便互相对歌，或抒情婉约，或激越磅礴。长年累月，使京族人具备了大海一样的胸怀，大海一样的性格。

京族在饮食习俗上以大米为主食，红薯、芋头为杂食，喜食鱼、虾、蟹、鱼汁及糯米制品。妇女爱嚼槟榔。京族人最爱吃、最会烹饪的是鱼虾。京族渔家平时以小鱼腌制的一种调味汁，叫“鲶汁”，是京族地区独特的产品之一。鱼汁是京族传统的调味品，其做法是：先将小鱼洗净，放进大缸或木桶里，分层加盐，压实加盖封好。几个月后，小鱼便会逐渐溶解，分泌出一种红色汁液，即鱼汁。头道过滤后的鱼汁呈油状，香味浓郁，味道甘醇；第二次过滤后的鱼汁称二漏，色味稍差；第三次过滤后则取出鱼骨残渣，作为饮料或肥料。鱼汁既可调味，也可佐餐下饭。另外，京族男女爱吃一种香脆爽口的圆糍粑——“风吹饼”。“风吹饼”是用大米磨粉蒸熟，撒上芝麻风干，然后放在炭火上烤制而成。京族人家普遍喜吃糖食，喜欢用糯米糖粥来招待客人。

京族人的服饰简朴美观。京族男性穿的是无领、无扣的袒胸上衣。腰间还束以一条或二条彩色腰带；有的束至五六条之多，并以腰带的多少来显示自己的富裕或能干。由于其衫长过膝，衫叉的裂旗又开得很长，所以平时就把两边的衣服撩起，打成球结，置于腹部。男衫的颜色用浅青、淡蓝或浅棕三种。裤子惯穿黑色，既宽又长；其裤裆尤长，几乎是裤长的2/3。

青年女性穿的通常是白、青或草绿色的上衣，裤多为黑色或褐色。中年妇女喜穿青色或浅绿色上衣配以黑裤。老年妇女多穿棕色衣或黑衣黑裤，其裤的宽阔度与男性无异，乍一看就似飘动的长裙。女性的上衣与男性相反，很短，衫脚仅至腰间而不及臀部，故有“长不及臀”之说。其衣无领而开襟，袒胸处则遮以一块绣有图案的菱形小布。这种菱形小布通常称“遮胸”，又俗称“胸掩”，是妇女常用的装饰品之一。京族妇女离村外出、赶圩入市或探亲访友，还要加穿一件旗袍似的下摆较宽的矮领窄袖袒胸长衫，戴一顶黑色或棕色的圆顶礼帽（俗称“头箍”）。

过去京族家家户户都寄身于荒滩乱林之中。住房都是粗陋不堪的草庐茅舍，墙壁以粗糙的木条和竹片编织，有的再糊上一层泥巴，或用竹篾夹茅草、稻草等作墙壁；屋顶盖以茅草、树枝叶或稻草，也有极少数人家盖瓦片的。屋朵四角有用木或大竹作的柱墩。在柱墩上横直交叉地架以木条和粗竹片，上面又铺以粗制的竹席或草垫，形成“地板”。这种“草庐芭舍”，京家称之为“栏栅屋”。它带有百越“干阑”式建筑的古文化积淀，然而因陋就简，“地板”上面住人，“地板”下是家禽栖息的地方。

从20世纪50年代始，随着生产的不断发展，京族的居住条件发生了变化。这种变化的明显标志就是代之而起的“石条瓦房”的普遍出现。“石条瓦房”是以长方形（每块石条约长0.75米，阔0.25米，高0.20米）的淡褐色石条砌成的住宅。石条瓦房用条石或竹片木板之类分隔为左、中、右3个单间。正中的一间为“正厅”，俗称“堂屋”；其正壁上安置着神龛，俗谓“公棚”。正厅除了节日用以祭神之外，平时又是接待客人以及吃饭、饮茶、谈天的地方，是兼作“客厅”之用的。左、右二间是卧室或厨房。

改革开放以后，京族村民住房条件已经大为改善，大部分居民都盖起了钢筋水泥结构的楼房，室内设施非常整齐、美观。房屋的周围一般都种有果树、竹林、剑麻、万年青、仙人掌、椰子树等，既美化了环境，又可防风避沙。

京族的民族节日主要有“哈节”、“春节”、“中元”、“食新米节”等。“哈节”是京族岁时习俗中隆重的民族节日，举办祀神、祭祖、文娱和乡饮四项重要活动。“哈节”的日期各地有所不同。澫尾、巫头两岛在农历六月初十，山心岛在八月初十，红坎村在正月十五。

“哈节”在“哈亭”中举行，各地都建筑有“哈亭”。各村“哈亭”，选用上等木料，结构牢固，有独特的民族形式。屋顶的屋脊正中塑有双龙戏珠的喜庆形象装饰。哈亭内分左、右偏殿和正殿；殿内的柱上都雕写着具有民族习俗特色的楹联或诗词。

整个节日活动过程，大体分为如下四部分：

迎神：在“唱哈”前一天，集队举旗擎伞抬着神座到海边，遥遥迎神，把神迎进哈亭。

祭神：祭神的具体时间为节日当天的下午3点钟左右，祭神时读祭文。

入席、听哈：祭神毕，入席饮宴与听哈，称为“坐蒙”（又称“哈宴”）。每席6至8人。酒肴除少数由“哈头”供应外，大部分由各家自备，每餐由入席人轮流出菜。边吃边听“哈妹”唱歌。妇女只捧菜上桌，不能坐席。妇女、儿童均在“哈亭”外边听歌。“唱哈”连续3天。

送神：“唱合”完毕就送走神灵，送神时必须念《送神词》。

京族在七月十五过中元节。节日这天早上煮糯饭和糯米糖粥供拜祖先，中午宰鸡杀鸭煮猪肉等供拜祖先，然后大家进餐饮酒。1949年以前，京族人家还要烧纸衣、纸鞋、纸箱、金银纸元宝祭奠祖先。

京族人在农历十月初十收了新谷，要祭田头公，酬谢他保佑禾苗丰收，这就是“食新米节”。十月初十日下午，各家煮新米饭供奉“田头公”和祖宗，然后全家吃新米饭。

京族的家庭组织是父系家长制的小家庭，在澫尾、巫头、山心、潭吉、红坎等地平均每户不超过5人，只有个别家庭是三四代同堂的，多至全家十几个人。

过去，京族的婚姻实行一夫一妻制。新中国成立前，京族一般不与外族通婚；同姓或五服不能通婚；严禁姑表通婚。京族中有部分群众信仰天主教，婚姻制度和仪式按天主教的教规进行，不再遵循族规了。

京族青年男女恋爱方式独具特色。他们以歌声来交流思想感情，以歌声来结识朋友，物色佳偶。过去，京族地区还有一种“对屐成亲”的特殊订亲习俗。即男方请媒人到女方求婚姻，由媒人任意拿男方穿的一只屐，再由女方家长任意拿出女儿的一只屐。如屐成一对（一左一右）亲事即成，否则就散。新中国成立后，这种婚俗已经改变，男女青年自由恋爱、登记结婚。

京族的文化艺术有自己的特点。京族口头流传的民间故事和神话传说，内容丰富，情节生动，给人们以思想营养和美的享受，主要有《镇海大王》、《宋珍和陈菊花》、《田头公》、《计叔》、《刘二打番鬼》等。由于京、汉两族长期的友好往来，相互影响，汉族的民间故事《梁山伯和祝英台》、《董永的故事》等也在京族地区广泛流传。

“京戏”是京族传统的戏剧，又称“嘲剧”，独具民族特色。传统剧目有《阮文龙英勇杀敌》、《等红娘》等。汉族的古典戏《二度梅》等也在京族地区流传。

京族传统的民间舞蹈主要有“跳竹杠”、“跳天灯”、“跳乐”和“花棍舞”等，其中有些源于民间宗教舞蹈，有些是京族群众日常生活中的娱乐方式，具有明显的娱神或娱人的文化功能。此外，还有现代题材的舞蹈——“摇船舞”、“纸马舞”、“酒舞”、“天灯舞”等等。

京族的乐器有独弦琴、二胡、笛子、锣、鼓等。独弦琴是京族特有的民族乐器。乐器结构简单而所奏乐曲音调丰富、单色优美是独弦琴的最大特色。独弦琴琴身用大半个竹筒或长方形的木匣做成，长约三尺半，一端插上一根圆木柱子与琴身垂直，另一端以把手系上一条弦线，与小圆柱子相连，即成独弦琴。独弦琴的音量较小，曲音清雅。奏时，用一根小竹片拨弦线，弹出声音娓娓动听。“独弦琴”和京族人的“唱哈”、“竹竿舞”同被誉为京族传统文化的三颗珍珠。"
塔塔尔族	"塔塔尔族是我国人口较少的民族之一，人口共有3556人(2010年)。主要散居在新疆维吾尔自治区境内天山北部地区，以伊犁哈萨克自治州、昌吉回族自治州、乌鲁木齐市等地区人数较多。比较集中分布在乌鲁木齐、伊宁、塔城、奇台、吉木萨尔、阿勒泰、昌吉等地。

“塔塔尔”是本民族自称“tatar”一词的音译。其名称最初见于突厥碑文《阙特勤碑》中，唐代文献称“达旦”，之后文献里出现的“达旦”、“达达”、“达怛”、“达靼”、“鞑靼”等，都是“塔塔尔”的不同音译。

塔塔尔族是一个有悠久历史的民族。唐代时，为我国北方游牧的突厥汗国统治下的一个部落。公元6世纪末7世纪初，突厥汗国衰亡后，鞑靼逐渐强大，唐以后“鞑靼”一名成为对中国北方诸部落的泛称。蒙古兴起后，鞑靼成为蒙古汗国统治下的一个部落。13世纪蒙古西征时，中亚人和欧洲人仍将蒙古人统称为“鞑靼”，明代史书则将东部蒙古各部称为鞑靼。

塔塔尔语属阿尔泰语系突厥语族克普恰克语支。塔塔尔语是在保加尔语和克普恰克语的基础上发展形成的。古回鹘语、喀卡尼亚语、古乌孜别克语都对它产生过深刻的影响。

塔塔尔族使用文字的历史很悠久，在不同的历史时期曾先后使用过突厥文、回鹘文和以阿拉伯字母为基础的塔塔尔文。从20世纪中叶开始，塔塔尔族对原有的老塔塔尔文进行了改革。现代塔塔尔文语音由10个元音单位、24个辅音音位组成。由于塔塔尔族长期与哈萨克族、维吾尔族人交错杂居，往来频繁，联系密切，因而这两个民族的语言文字已成为塔塔尔族人的通用的语言文字。居住在阿勒泰、塔城、奇台等地的塔塔尔族多使用哈萨克语语言文字，乌鲁木齐、伊宁等城市的塔塔尔族则多使用维吾尔语言文字。

【历史沿革】

塔塔尔族主要是由古代保加尔人、钦察人和突厥化了的蒙古人长期融合发展而形成的。

保加尔是继匈奴西迁之后出现在里海以北草原上的一个游牧部落。公元7世纪前后，由于其他游牧部落的不断袭击，保加尔部落被迫迁徙，其中一部分来到了伏尔加河中游和卡玛河一带，征服当地土著居民，组成了“伏尔加-卡玛河保加尔部落联盟”，并逐渐与当地居民融合，改营农业。这些保加尔人成为后来喀山地区塔塔尔人的重要来源之一，直到20世纪初，还有些塔塔尔人自称为保加尔人。

13世纪中叶，西征的蒙古人摧毁了“伏尔加-卡玛河保加尔部落联盟”。成吉思汗之孙拔都，建立了地跨欧亚的金帐汗国。其居民主要是以保加尔人和操突厥语的奇卜察克人（钦察）为主体。汗国的统治者蒙古人在当地居民的影响下，逐渐采用了突厥语。

15世纪，金帐汗国逐渐衰落，在汗国统辖的伏尔加河中游及卡玛河一带，代之而起的是喀山汗国。其首领自称为蒙古人的后代塔塔尔。此后“塔塔尔”逐渐成为喀山汗国及其附近部落居民的名称。

我国的塔塔尔族是19世纪二三十年代及以后陆续从现在俄罗斯(前苏联)统治下的喀山、乌法、斜米列齐、斋桑等地迁来的。塔塔尔族迁入我国的时间大体可分为三个时期：

第一时期是在19世纪20—30年代。19世纪以后，俄国的农奴制危机日益加深。伏尔加河、卡玛河一带塔塔尔人的土地被大量侵占，被迫逃亡各地，有的经过伏尔加河下游、西伯利亚、哈萨克斯坦来到我国新疆北部的布尔津、哈巴河等地，他们多数是贫困不堪的牧民；有的南下到中亚，又通过帕米尔的塔什库尔干，进入我国新疆南部。现在居住在阿勒泰、布尔津等地的塔塔尔族大多是这些人的后代。

第二时期是在19世纪中叶到20世纪初。1851年和1881年，中俄签订了《中俄伊犁巴哈台通商章程》和《中俄伊犁条约》，使沙俄攫取到在新疆通商贸易的许多经济特权。一时间，大批俄商接踵而至，喀山地区的塔塔尔商人也闻风而来，许多人因经商留居新疆。

第三个时期是在1914年第一次世界大战爆发到20世纪30年代。这一时期迁入新疆的塔塔尔人数量相当多，原因很复杂。第一次世界大战爆发后，一批不愿充当帝国主义战争炮灰的塔塔尔族青年流亡到新疆。十月革命以后，又有不少塔塔尔的小业主、手工业者、农民、知识分子为了逃避前苏联的强制集体化来到了新疆。在这一时期，迁来新疆的塔塔尔人中也有少数是十月革命的打击对象，如资本家、地主和富农等。

首批进入新疆的塔塔尔人，有的来到阿勒泰额尔齐斯河流域，在哈萨克族的喀拉喀斯部落安家落户。其后代为了摆脱喀拉喀斯部落束缚，先是向准噶尔盆地东南边缘迁徙，后于20世纪初迁徙到了吉木萨尔和奇台县交界处的白杨河两岸。其后又有一些境外的和乌鲁木齐等地的塔塔尔人来此定居。随着塔塔尔人口和牲畜的增多，经过上书请求，清政府准许将西至小东沟、东至四泉沟的一片草场划给他们从事游牧生产，从而在今天的昌吉回族自治州境内形成了一个相对集中居住的区域。

1944年—1949年的三区革命时期，不少塔塔尔族人民积极参与，为三区革命事业都做出了贡献。

中华人民共和国成立后，塔塔尔族和其他各民族人民一样开始了新的生活，与各民族一样平等地享受着各种民主权利，参与国家大事和当地各项事务的管理。

新疆和平解放前商业是塔塔尔族的主要经济领域。19世纪20-30年代迁来新疆的塔塔尔人，多以经商为业。他们主要居住在塔城和阿勒泰地区。当时这些地区不仅商品交易不发达，而且人口也很稀少。当时塔城市区内只有两个“巴扎”（集市）。塔塔尔族商人将茶叶、盐、布匹等日常用品运到牧区出售，并从牧民那里收购畜产品带到城市里贩卖。当时驻在这一带的清政府军队也是他们的贸易对象。随着新疆对外贸易的开展，塔塔尔族的商业活动逐渐发展。少数塔塔尔族大商业资本家，与国外商业资本直接联系，拥有的商品种类多、档次高。开始在伊宁、塔城、乌鲁木齐等地开设“洋行”和商号，还远至内地一些大城市，设立分支机构。他们主要向俄国出口活畜、皮毛、棉花、肠衣、茶叶、丝绸等；进口棉布、丝、毛布、铜、铁、糖、服装、玻璃等。有的商人为了垄断原料，增加输出额，还附设与经营项目有关的各种加工工厂和兼营畜牧业。当中有一些人由于盈利丰厚，在短短的几十年内，成为新疆的巨富。此外，塔塔尔族的中、小商人的活动形式也有了很大的改变，除部分商人继续跑牧区、农村外，一些商人参加到国际间的贸易活动中，把新疆的一些畜产品运到俄国，换回各种日用工业产品。与此同时，伊宁、塔城、迪化等城市先后出现了一些由塔塔尔商人开设的商店。19世纪70年代以后，俄国资本家在伊宁、塔城、迪化等地开设了许多“洋行”，塔塔尔族的中、小商人沦为他们的附庸，少数大商人则和外国侵略势力相勾结，成为买办资产阶级。

20世纪30年代末至40年代初期，军阀盛世才以种种“莫须有”罪名逮捕和杀害新疆各族人民，伊宁、塔城、迪化等地的塔塔尔族富商几乎被关、杀殆尽，财产亦以“逆产”的罪名被没收“充公”。迪化原有50多家塔塔尔族商店，最后就只剩下十几家了。塔塔尔族商业特别是大商业陷于一蹶不振的境地。

国民党统治新疆时期，通货恶性膨胀，物价飞涨，这十几家塔塔尔族商店只剩下了两家。

中华人民共和国成立后，在对私营工商业实行社会主义改造时，塔塔尔族工商业者大部分都参加了公私合营企业和合作商店。改革开放以来，塔塔尔族的经商传统得以恢复，据2000年人口普查资料统计，塔塔尔族在业人口中从事商业服务业的人员占到了近17%。

长期以来，畜牧业是塔塔尔族仅次于商业的重要经济领域。在布尔津、奇台、吉木萨尔、青河、和布克赛尔、哈巴河等县及乌鲁木齐、伊宁、塔城等城镇都居住有为数不少的塔塔尔族牧业户，因其经济状况不同而分为牧主、个体牧民和牧工等。绝大多数牧民没有牧场和草场，只有少量维持生活的牲畜。

为了维持生活，他们还需兼营农业。牧工不仅为牧主放牧牲畜，为牧主操作杂务，还要为其从事农业劳动。牧工的家属则要为牧主做种种无偿的劳动，如砍柴、打水、挤奶、做饭、看孩子等。牧民在牧业户中所占的比重最大，但他们所占有的牲畜一般都不多，一般没有牧场和草场，要租用牧主的牧场。为了维持生活，他们不得不从事少量农业生产。

塔塔尔族的牧主出现的时间比较晚，人数也不多，并且多数是由商人转化而来的。塔塔尔族牧主多数住在伊宁、塔城等城市里，住在牧区的很少。住在城市里的牧主不仅不参加劳动，而且也不直接参加经营管理。

新中国成立前，少数塔塔尔族从事农业和手工业。有个别塔塔尔族大商人则在在阿勒泰租赁土地，用先进的生产方式经营农业。他们使用新式马拉农具，修建了小型的灌溉设施，并有能力防治农作物的病虫害，所以粮食产量高出当地几倍。

塔塔尔族的手工业主要是经营皮革、肠衣、成衣、水磨、蜡烛、肥皂加工和修理钟表、照相等。塔塔尔族木匠擅长制作各种造型优美、典雅大方的桌椅板凳、木床。还善于制作桶、壶、炉、盘、碗、刀、叉等用具。采用敲、砸、压、弯、拉、铆、接等先进工序制做各种铁制工艺品。还善于制作各种铜器、铝器、陶瓷器皿与金银器物。塔塔尔族工匠用皮毛制作的皮衣、鞋靴、皮囊、皮绳、皮鞭、牲畜用具等深受各族消费者的青睐。塔塔尔族家庭妇女多善长刺绣，绣制的小花帽尤为精致。

【风俗文化】

塔塔尔族的传统服饰十分讲究，因居住地不同而有所差异。城市男性居民上穿宽袖直领、对襟开胸、领边和袖口上绣有花边的翻领白衬衫，外加黑色齐腰的短背心，或者是黑长衫，腰扎皮带。裤子一般也是黑色，宽裆紧腿。冬秋两季，身穿各式长短大衣、短袄和用动物的皮毛制作的皮大衣。脚上穿的是皮鞋或者是长筒皮靴，年长者在皮鞋或皮靴上加套鞋。过去，贫苦牧民只能在一块牛皮上穿上绳子包脚当鞋穿（俗称皮窝子）。夏天喜欢戴黑色或黑白两色丝绒绣花小帽，冬天则戴一种黑色卷毛皮帽。乡村牧区男性戴的小帽除黑色以外，还有红色的和绿色的，衣服上一般都要扎上一条布腰带。

城市女性居民喜欢穿宽大的紧腿裤和宽大的下边带皱边的连衫长裙子，颜色多为白、黄、酱色。脚上多穿皮鞋。喜欢戴镶有珍珠的丝绒小花帽，少妇和年长的妇女还要在小帽上披丝头巾，以耳环、手镯、戒指、项链、胸针等为装饰。农村牧区的女性一般都喜欢扎头巾。新中国成立后，男女服装都发生了显著的变化，西服和各类时尚的服装越来越受到塔塔尔族特别是青年男女的喜爱。

塔塔尔族妇女善刺绣，灵巧的双手不仅在各种服饰上绣上美丽的花纹，同时还为桌布、墙围、床围等绣上多姿多彩的花纹和图案，姑娘们还在自己的嫁妆上绣上花卉图案。小伙子们也大都以姑娘们的刺绣水平高低来作为择偶的条件之一。

塔塔尔族传统饮食十分丰富。主食有“去买西”（烤面饼）、抓饭、馕、拌面、馅饼等；喜食牛羊肉，食用的蔬菜较少，主要有土豆、南瓜、番茄、白菜、洋葱、胡萝卜等。最富有特色的塔塔尔族风味食品是“古拜底埃”和“伊特白里西”。“古拜底埃”是将大米洗净后晾干，上覆奶油、杏干、葡萄干，再放在火炉中烤制而成的一种饼，其味香甜可口；“伊特白里西”做法与“古拜底埃”相同，所不是的是材料是以南瓜为主，再加入米和肉。

素以长于烹饪著称的塔塔尔族妇女，善于制作各种糕点，她们做出来的糕点，不仅味美可口、品种繁多，而且形状也很美观。塔塔尔族除喜欢饮各类茶外，还喜欢喝奶茶、马奶等。最富有民族特色的饮料是“克尔西曼”和“克赛勒”。“克尔西曼”类似啤酒，是用蜂蜜和啤酒化发酵后酿制而成的；“克赛勒”是用野葡萄的酒，这两种饮料都塔塔尔族人民最喜爱的饮料。

居住在城市里的塔塔尔族居民，一般一家一户自成庭院，庭院内种植着果树和花草，修有小道、走廊，环境清幽，布置成宜人憩歇的小花园。房屋多用土坯、砖块、木材、石块等材料修建。房门一般朝阴面开，屋顶为人字形，上盖铁皮，刷成绿、蓝等颜色，也建平项屋，屋顶上厚厚的草泥，在顶边置排水管道。墙壁多用石灰刷成淡蓝色，双层玻璃窗内层为活动式，夏天可以取下，冬天再安上，窗户上还开有小孔，以便通风。房内的地面为水泥或砖。塔塔尔族最具代表性的民间住宅有伊宁市西侧的诺盖依库提城，城内塔塔尔族居民的庭院都是以砖木结构为主的长方形建筑。院内院外的墙壁粉刷得雪白，庭院的大门门楣镂刻着塔塔尔族传统图案。院内除住房外，还配有厨房、库房、浴室、花池、果园、畜圈等，庭院内的房屋墙壁很厚，有的房顶略有坡度，有的房顶覆有铁皮以防漏雨或积雪融渗。房檐下用红砖或青砖装饰。用蓝砖或青砖砌成窗沿，棱形窗框上精刻着各种奇特好看的花卉。庭院内的住房，一般是坐南向北，一明两暗三间房子。中间房子的门向外开，里面左右两间房子的门向里开；墙壁内外均用加有洋蓝、群青(颜料)的石灰粉刷。每个房子都设有壁炉，窗户为双层玻璃，窗上多挂窗帘，地上多铺地毯，布置得整齐、美观。在森林资源丰富的地方，一般多住木房，分别用天蓝和橙紫色油漆刷顶棚和地板，墙壁上或窗户上开有空气流通孔，冬天可以紧闭，夏天再打开，既可防止木板腐烂，又可吸收新鲜空气，保持室内凉爽。牧区的塔塔尔族适应游牧生活，都住毡房，其形式及结构与哈萨克族基本相同。

按照塔塔尔族的传统习惯，儿子在结婚后一般与父母分居，只有少数仍与父母共同生活在一起，因此，传统的塔塔尔族的传统家庭是以一对夫妻和其子女生活在一起的核心家庭基础为主，伴有一些两代夫妻一起生活的混合家庭。三四代人共同生活在一起的大家庭在塔塔尔族很少见。父母对子女有抚养、教育的义务，子女婚后赡养父母，养老送终，对长者十分尊敬。

塔塔尔族人实行一夫一妻制。在传统的塔塔尔族家庭中，丈夫是一家之主、一家之长。家庭大权都掌握在他手中，家中一切大事都由他做主和安排，经济收支也主要由他支配。妻子和妇女在家庭中则处于无权或少权的地位。在家庭经济生活中，男子主要从事放牧和商业等生产活动，女子主要在家里从事挤奶、捣酥油、打羊毛、织毡子等生产劳动和家务劳动。新中国成立后，随着妇女经济和社会地位的提高，已逐渐发生了变化，妇女已经活动自由参与各种社会、经济活动，从而在社会和家庭中获得了独立的经济地位，取得了与男子平等的权利和地位。

塔塔尔人的婚姻有一套程序。过去，塔塔尔人一般实行族内婚，但现在，随着民族交往的增多，与维吾尔族、哈萨克族等民族的通婚越来越多。塔塔尔族结婚一般要经过说亲、订亲、婚礼等几个阶段。塔塔尔族婚礼一般是在新娘家举行。结婚前几天，男方要把为新娘制作全部服装、炊具、陈设、婚礼时食用的食品和为新娘父母准备的礼物送到新娘家去。女方准备床上用品以及窗帘等物品。男方家和女方家各请一个“金哥”（女性），结婚期间主要由“金哥”来伺候料理新郎和新娘的生活起居。

按照传统习惯，新郎和新娘婚后先要在女方家住一段时间，一般为一两个月，长的住一年左右，有的甚至要到第一个孩子出世后，再把妻子娶回家。没有儿子的人家，女婿可以留下，与岳父母共同生活，并有继承岳父母财产的权利。现在塔塔尔人结婚，虽然新郎要提前到女方家中去，但结婚那天就把新娘接回男方家。

塔塔尔族人民的传统娱乐活动丰富多彩，当他们在风景优美的地方欢度“撒班节”时，除了唱歌、跳舞之外，还举行赛马、摔跤、拔河等娱乐活动。此外，还要举行富有民族特色、别具情趣的“赛跳跑”和“爬竿”比赛。“赛跳跑”举行时，参加者口衔一匙，匙内放蛋，裁判口令一下即迅速向前跑，先到达终点而蛋又不掉下来者为优胜。有的还要在腿上绑一个装沙的小口袋。“爬竿”举行时，先要在赛场上竖若干木杆，杆上涂抹肥皂，使其润滑。比赛开始后，参加者竞相往上爬，先到达顶者为优胜。人们尽情欢笑娱乐，共度佳节。

塔塔尔族的民间文学作品极为丰富，有神话传说、故事、谚语、歌谣、谜语等，尤其以诗歌、民歌在新疆各族人民中享有盛名。塔塔尔族中流传着这样一句话：“有诗歌的地方就有塔塔尔人，在塔塔尔人生活的地方一定有诗歌。”塔塔尔族民歌《巴拉米斯肯》)（意为“可怜的小伙子”）等在新疆各民族中流传很广，已成为新疆地区的流行歌曲，婚礼、节日普遍采用。此外，《天鹅进行曲》、《白河边》、《那冈》等民歌也为新疆各族人民所喜爱。塔塔尔族书面文学源远流长，有叙事长诗、爱情诗、小说、话剧、歌剧等，更为重要的是，塔塔尔族还有许多历史，文学、医学、宗教等方面的典籍，都是塔塔尔族传统文化宝库中的重要组成部分。

在新疆各民族中，塔塔尔族的戏剧艺术发展比较早。20世纪30年代初期成立了塔塔尔剧团。曾是活跃于伊宁、塔城、乌鲁木齐等地较有影响的文艺团体。剧目题材广泛、情节生动、紧密联系当时的社会实际，除了以男女受情为主题外，也有揭露社会黑暗面的，歌颂劳动人民的勤劳、智慧、纯朴、善良，先后将《巴西玛哈木》、《可爱的人》、《哈丽亚巴诺》、《逊干尤里吐孜》、《打短工的艾合买提》、《塔伯里迪克》、《为了他人》等剧目搬上舞台，深受各民族人民的欢迎。

塔塔尔族人民能歌善舞。音乐节奏鲜明、旋律流畅华丽、结构短小精干、动听而易于上口，情绪热烈，唱起来促人起舞，往往于歌舞酣时伴以尖声呼叫和口哨声，表现了塔塔尔族热情豪放、活泼乐观的民族性格。塔塔尔族音乐深受新疆各族人民喜爱。塔塔尔族乐器种类很多，有“库涅”(二孔直吹的木箫)、“科比斯(置于唇间吹奏的口琴)、二弦小提琴等。歌唱和跳舞时多用手风琴、曼陀林等伴奏。塔塔尔族舞蹈动作灵巧、活泼、开朗，男子多踢蹲、跳跃等腿部动作，女子则多为手和腰部动作，它兼收并蓄了维吾尔、俄罗斯、乌孜别克等民族舞蹈的特点，又具有自己独特的风格。塔塔尔族舞蹈具有群众性，在喜庆之日，常常举行群众性的舞蹈比赛。"
独龙族	"独龙族总人口为6930人（2010年），是我国人口较少的一个民族，也是云南省人口最少的民族。

独龙族居住的独龙江河谷，南北长约150多公里，东岸是海拔5000多米的高黎贡山，西岸是海拔4000多米的担当力卡山。发源于西藏察隅县伯舒拉岭东南部的独龙江，由北向南从山谷中间穿流而过。河床落差大、流速快，水能资源极为丰富。这里由于受孟加拉湾暖湿气流的影响，雨量充沛，年均降雨量达3000～4000毫米，一年之中便有300天是雨天，成为东南亚三个多雨中心之一。但由于山高谷深、地形多样，山顶与江边山脚的气温相差很大，兼有寒、温、热三个气候带，垂直差异明显，立体性特征突出。海拔3700米以上的山峰，每年积雪达六七个月；半山腰具有温带的气候特点；河谷地区却气候较热，年平均温度在23摄氏度左右。山上覆盖着大面积的原始森林，其中有秃杉、珙桐、桫椤、贡山三尖杉、澜沧黄杉等珍稀植物。密林深处，动物繁生，各种飞禽走兽应有尽有，仅列入国家级保护的就多达49种，其中兽类29种，鸟类20种。属于国家一级保护动物的有13种，二级保护的有36种。此外独龙族地区出产的山货药材很多，主要有黄连、贝母、当归、茯苓、大黄、天麻、以及鹿茸、麝香、熊胆等。地下还有丰富的矿藏，已发现的有金、银、铁、铜、铅、锌、锡、硅、云母、水晶、大理石等。

历史上独龙族曾被称作“俅人”、“俅子”、“曲人”、“洛”、“俅帕”、“曲洛”等，新中国成立后，根据他们历来的自称“独龙”，被正式定名为独龙族。

独龙语属汉藏语系藏缅语族，语支归属目前尚无定论，但据语言学家孙宏开先生调查研究认为，与景颇语、僜语、珞巴语等语言相近，有可能划为同一语支。独龙语内部可分为两大方言，即独龙江的独龙语方言和贡山丙中洛的怒江独龙语方言。

独龙族历史上没有文字，主要以刻木、结绳的方式记事和传递信息。20世纪50年代，缅甸的日旺人（独龙族的一支）白吉斗•蒂其枯创制了一种以日旺话为标准语音点的拉丁文拼音文字——“日旺文”，主要用来翻译圣经，在当地群众中使用。1979年，根据独龙族人民的意愿，贡山县文化馆的独龙族干部木里门•约翰在云南省少数民族语文指导工作委员会的龙乘云同志协助下，在日旺文的基础上以独龙江乡孔当村公所一带的话为标准音点创制了独龙语拼音方案。1983年12月在云南省少数民族语文指导工作委员会第二次扩大会议上讨论通过。1984年起在独龙族干部群众中试教推行，受到大家的热情欢迎和支持。

【历史沿革】

独龙族的族源及民族的形成，时至今日还没有较为清楚的脉络及线索，但从语言系属上来看，作为汉藏语系藏缅语族的独龙族，应当来源于氐羌族群。归纳其民族内部所流传的传说，则主要有两种：一认为独龙族是土著民族。二认为独龙族最初居住在怒江一带，后因出猎偶然来到独龙江河谷，看到这里不仅有宽阔的猎场，而且还有较为平坦的台地，便陆续迁居至此，并逐步由北向南发展。在独龙族约15个氏族中，有8个氏族的传说都说来自怒江。而且从语言以及过去曾有过的文面习俗等文化特征来看，独龙族与贡山的怒族也很相近。近年来大多数学者认为后一种说法比较可信。

独龙江河谷在唐宋两代属南诏及大理政权管辖；元、明、清三代则为丽江木氏土司和丽江路军民总管府统治。此间，在有关的汉文史籍中已开始出现了独龙族先民的记载。如《元一统志》“丽江路风俗条”说：“丽江路，蛮有八种，曰磨些、曰白、曰罗落、曰冬闷、曰峨昌、曰撬、曰吐蕃、曰卢，参错而居”。当时的丽江路包括现在的丽江市、怒江傈僳族自治州和迪庆藏族自治州南部等地，其西北与今西藏自治区相接。文中所载“撬”、“吐蕃”、“卢”正是“参错杂居”于丽江路西部和西北部的独龙族、藏族和傈僳族之先民。“撬”是“俅”字的同声异写。而在以往，都曾将俅（撬）居住的河流及地区称为俅江和俅夷地，如现今贡山县西部的独龙江上游仍被称为俅江。由此可见，元朝时的俅族正处于俅江一带，以后又逐渐迁移到了下游的独龙江流域。及至清代，道光《云南通志》卷一八五转引《清职贡图》如此记载道：“俅人，居澜沧江大雪山外，系鹤庆、丽江西城外野夷。其居处结草为庐，或以树皮覆之。男子披发，着麻布短衣裤，跣足。妇耳缀铜环，衣亦麻布。……更有居山岩中者，衣木叶，茹毛饮血。宛然太古之民。俅人与怒人接壤，畏之不敢越界。”雍正《云南通志》也曾有“俅人丽江界内有之，披树叶为衣，茹毛饮血，无屋宇，居山岩中”的记载，还有乾隆《丽江府志略》以及其它史志中，也有许多类似的记载。这些记载集中反映了当时独龙族人民的生产生活状况。

清代中叶，独龙江和怒江曾被划分为两段，分别受丽江木氏土知府所属的康普土千总和叶枝土千总管辖。据清代余庆远《维西见闻录》记载，从1730年起，独龙族人民被迫以黄蜡30斤、麻布15丈、山驴皮20张为贡礼，每年按期向维西康普土千总纳贡。后来，康普土千总把独龙江上游地区转赠给西藏喇嘛寺，由喇嘛寺通过察瓦龙藏族土千总向独龙族人收取“超度”费，菖莆桶(今贡山县)喇嘛寺亦来收取“香火钱粮”，而康普土千总仍照例征收贡物。每当土司属官前来收取贡物时，除了要另建草房供其住宿，并以丰盛食物招待外，还必须强迫摊购沙盐，实行不等价交换。如果贡物不足，便被强掠为奴。此外，东邻的傈僳族奴隶主，也经常越过高黎贡山，掳掠独龙族人当奴隶，激起了独龙族人民几代人前赴后继的奋起反抗，终因力量对比悬殊而惨遭无情镇压，残暴的奴隶主为此还先后杀绝了独龙族的几个家族。并强迫他们立石为盟、“永不反悔”，甘愿缴纳贡物或以人抵贡，称作“尸骨钱粮”，使独龙族人世代深受着多重的剥削和压迫，一直生活在水深火热之中。

1907至1908年，清王朝派丽江府阿墩子（今德钦县）弹压委员兼管怒俅两江事宜的夏瑚（湖南人）巡视怒江、独龙江一带，他带领随员、向导、背夫共100多人从菖莆桶出发，翻越高黎贡山前往独龙江，并沿路向边境村寨散发盐、布、针线等日用品，委派各地头人担任“伙头”、“甲头”等职，颁发“头人”执照，下令停止当地民众对土司、喇嘛及蓄奴主的一切贡赋，严禁土司掳掠边民为奴。他还任命袁裕才、和定安为“怒俅总管”，取代了叶枝土千总和喇嘛寺对独龙江地区的统治。这位历史上以政府官员的身份进入此地的第一人，还将所到之处的风土人情写成《怒俅边隘详情》，叙行程、记风土，详细记载了独龙族的居住环境、生产及生活状况，并在第三部分中向清政府提出了加强边务、开发边疆的“十条建议”。这对西南边疆稳定和增进民族团结都是十分有益的。

辛亥革命后，独龙江划归菖莆桶殖边公署统辖，1918年改为菖莆桶行政委员会公署。1933年又改为贡山设治局，并先后设立了公安局和区公所。民国时期政局混乱，独龙族人民深受西藏察瓦龙土司和国民党的双重统治。国民政府为了加强对该地区的有效控制，在独龙江推行了保甲制，共设4保，以每一行政村为1保，每一自然村为1甲，并任命当地族长为保、甲长，三年一换，除管理村社日常事务外，还要负责为国民政府征纳税收。

在反动统治的黑暗年代里，英勇的独龙族人民曾多次掀起反抗斗争。1932年因察瓦龙土司的管家欺侮到独龙江挖贝母的怒族农民，引起了独龙族人民的愤怒，他们闻讯赶来把土司管家捆吊在树上。事后土司为了报复，加重了对独龙族的税收，不但鸡、犬、牛、猪全要上税，就连人的耳朵、鼻子也都要上税。由此更加激发了独龙族人民的反抗斗争，一共坚持了3年之久，沉重打击了察瓦龙土司的反动气焰，最后迫使他取消了强加在独龙族和怒族人民身上的各种苛派。设治局统治时期，由于肆无忌惮地敲诈勒索使独龙族人民的生活如雪上加霜，更加困苦不堪，故而又激起他们不断地开展了反对设治局的斗争。

近代100余年来，帝国主义的侵略魔爪不断伸入我国西南边境，大批帝国主义分子披着“旅行家”、“传教士”的外衣，潜入怒江、独龙江一带，进行间谍活动

1907年在怒江发生的“白哈罗教案”(参见傈僳族的有关叙述)，就是当地藏族、傈僳族、怒族和独龙族人民对法帝国主义进行的反抗斗争。1913年，英帝国主义派遣武装人员一行10多人以“勘测队”之名，在英军上尉布里查的带领下从缅甸侵入独龙江，到处抓夫、要粮要物、祸害百姓，还拷打并残酷杀害了独龙族汉子江勒奎，激起了独龙族人民的强烈义愤，立即组织起来进行了坚决的反抗，他们断绝了敌人粮源，并埋伏在“勘测队”的必经之地——吉色鲁溜索附近，当布里查爬上溜索滑到江心时，被独龙族猎手的毒箭射中坠死江中，其余侵略者则被吓得从原路仓皇逃出了国境，彻底粉碎了这支英国侵略军企图通过独龙江进犯西藏的阴谋。

正是由于历代反动统治的压迫、屠杀以及近代帝国主义的欺侮，独龙族人民灾难深重，人口不断减少，到新中国成立前夕，仅剩下1700多人，几乎濒临灭绝的境地。

1949年8月，贡山宣告和平解放。1950年3月，成立了贡山临时政务委员会。同年4月，正式改为“贡山县”。10月，成立了贡山县人民政府。独龙族人民从此获得了新生。

独龙语称氏族为“尼勒”，意为同一祖先传承下来具有血缘关系的共同体。大多数独龙族人的氏族观念已十分淡薄，已无共同的地域以及更多的政治经济联系而显得十分松弛。只是以一种各兄弟家族所公认的祖先象征物留存在大家的记忆之中。氏族名称也没有图腾的内容，多是以该氏族的某些特征来称呼，有的还有一种超自然的象征意义。如20世纪50年代整个独龙江流域所有的15个氏族中，有叫“木金”的，意为“天上诞生”；叫“当生”的，意为“红皮肤”；还有叫“东勒”的，意为“性格暴躁”等等。有的本身就是地名，如“麻必洛”、“克劳洛”便是独龙江上游两大支流的名称。“麻必”和“克劳”大概是原氏族的名称，但其意义已不可考。而“洛”则是“河谷”的意思。氏族成员间有互相帮助及保护的责任，实行血族复仇制，任何一个成员受到外人的欺凌以至杀害，其他成员都有义务为他报仇。同一氏族内分出的家族之间不能通婚。

独龙族的家族公社是由原氏族成员的不断分裂（迁徙）而形成的，独龙语称为“其拉”或“吉可罗”，意为整体、全部的。截止20世纪50年代初，独龙江流域共有54个家族公社。虽已处于解体阶段而不再是完整的经济单位，但较之原氏族组织仍在独龙族社会生活中发挥着特有的作用。具体为：①每个家族公社有共同的地域，以山岭、河谷、森林、溪流等划分各自的界线，形成一个个自然村寨。一般来说，未经允许其他家族的成员不得迁入本家族领地内或垦荒、渔猎等。②每个家族公社都有一个自然形成的家族长(有的同时也是氏族头人)，称为“卡桑”，一般都是由家族内辈分高、能说会道、较为富裕的男子担任。卡桑同样参加劳动，不得世袭，如果死亡或因故失去了威信，则另找新人代之。对内领导生产、主持祭祀、排解纠纷，对外负责纳贡摊派、指挥作战、订立盟约。各家族公社之间独立、平等、互不统属。只有在共同反抗藏族封建领主和傈僳族统治者的残酷剥削和掠夺时，一些近亲的家族才会临时结成类似联盟的组织，较强大的家族成为联盟的核心，其“卡桑”便是联盟的领袖。有时会另产生一个军事领袖，称“甲卡”，作为“卡桑”的助手。一旦对外战争状态结束，这种联盟也就自行解散了。③家族公社内部禁止通婚，实行族外婚。④每个家族公社都有各自独特的名称，习惯用各地自然环境的特点来命名和称呼。如，“孔当”家族意即一块宽大的坝子。“龙棍”家族，意即石头多的地方。当然也有用家族长的名字来命名的，如“木千王”、“木千图”等。⑤家族公社成员的名字前须冠以家族名称或父名(女儿还冠以母名)。例如一个独龙族姑娘阿婻的全名是白丽(家族名)•丁板(父名)•顶(母名)•阿克洽(爱称)•婻(排行)。因此只要知道名字，就能判断出是哪个家族，谁的子女，以及排行第几。而且女子出嫁后也不改其家族的姓。⑥家族公社通常包括两三个以父系家长为主的原始共产制的大家庭，独龙语称为“宗”。每一个大家庭一般包括父、子、孙三代，都有一个称为“吉马戛”的家长（有的同时也是家族长）。里面有好几个火塘，代表着男子娶妻后实行火塘分居的小家庭，独龙语称为“卡尔信”。所有成员都要参加大家庭共耕地的劳动，收获物归大家庭集体所有。而属于各个火塘（即小家庭）的少量土地，仍由大家庭成员协作共耕，收获物则归各火塘所有。大家庭中一般有两种仓房：一种是被称为“捧千”的用来统一存放大家庭里共同收获物的大仓房，由年老的主妇管理。另一种则是以火塘为单位的各个小家庭自已的小仓库，称为“捧秋”。由小家庭的主妇来管理，主要是储存小家庭粮物的地方。大家庭内部由各个火塘的主妇，先从大仓房中取出粮食轮流煮饭，吃完后再接着用小仓房里的，而各个小家庭不能拒绝，这已成为一种传统的义务。吃饭时，通常由年长的主妇按人平均分配，不论大小哪怕是婴儿也都要分一份。若老主妇不在，就依次由最年长的媳妇来分。这种“主妇管仓”、“主妇分食”等传统做法，是独龙族昔日母权制社会的遗俗，

20世纪50年代，随着生产力的发展，生产劳动日益个体化，一夫一妻制的个体家庭便从家族公社中分裂出来，成为独龙族社会经济的基本组织形式。小家庭包括夫妇及其子女，已很少三代同住。家庭内部男女地位基本平等，生产、家务以及子女婚姻大事一般是夫妻双方共同协商而定。家长则由男子担任。儿子婚后便要另立火塘与父分家，一个火塘就是一个相对独立的经济单位。幼子则从父母共居，既是双亲的赡养者，又是财产的继承人。

【风俗文化】

1950年以前，独龙族社会生产力水平低下，生产过程原始和简单，主要表现在以下几个方面：

生产工具十分简陋，尚处于木、竹、铁器并用的时代。在山地上戳洞点种玉米的尖竹器或尖木器，独龙族称为“斯木”，随用随丢。用于松土、锄草的木勾（“高拉”），是用天然树丫削尖制成，效率很低，也极易损坏，劳作时常常要同时带上三四把以作备用。后来才在木锄的尖端上镶一道外地输入的铁皮，改造成为小铁锄（“恰卡”），效率提高了3倍，使用非常普遍。铁砍刀（“夏木”）的传入大约有一二百年的历史，是独龙族用来砍柴、开路、狩猎、盖屋的“万能”工具，但价格十分昂贵，当时要两头肥猪才能换到一把。而铁斧（“温尔”或“兰贝”）约在80年前从缅甸传入，一条黄牛也只能换来两把，只有少数人家才有。

独龙族的锄耕农业极为简单粗放。仍以刀耕火种为主，砍倒烧光、轮歇耕作，广种薄收，还没有发展到犁耕。耕地大部分是不固定的“火山地”和半固定的“水冬瓜地”，以及村寨房舍周围的“园地”。

独龙语称火山地为“响木朗”，意为“刀子地”，是用刀斧砍烧树木后利用灰烬作肥料进行耕种的天然林地。主要有森林的刀耕火种地、竹林的刀耕火种地和竹木混合林的刀耕火种地3种。火山地数量多、分布广，大多集中在独龙江两岸陡峭的山坡上，一般要在种植一两年后抛荒轮歇。按过去的习惯，火山地一般占有权并不固定，属于生荒或轮歇期间，谁砍烧谁就可以种，这种情况也沿续至今。

作为半固定的耕地，“水冬瓜地”面积仅次于火山地，占第2位，独龙语称为“斯蒙阿麻”。其经营管理、生产操作与前者一样。只不过这是一种人工培植树林以蓄积肥料再砍烧的轮种耕地。独龙族人民在长期的生产实践中，认识到水冬瓜树生长快、枝叶茂盛，砍烧后比一般树木肥力大，可连续轮种玉米、苦荞、稗子或小米3年，便逐步在砍烧后的火山地上重种水冬瓜树苗，等到5至6年长大后又再砍烧耕种。这比原来的做法前进了一大步，已经由简单的砍倒烧光改变为通过人工栽培种植再造肥力的水冬瓜地。

至于村寨四周、房前屋后的园地，称为“结白”。地势较平，最为肥沃，但面积最少。采用锄耕，不必抛荒轮歇。耕作较其它土地精细，主要种玉米、土豆、芋头等。

不可或缺的经济补充——采集和渔猎。由于农作物产量很低，一般一年粮食收入不够全年所需，缺粮时期平均有三四个月，甚至多达半年以上。因此，必须靠采集和渔猎来补充。

采集在独龙族的经济生活中仍然占有极其重要的地位，仅次于农业。当地得天独厚的自然条件，为人们提供了各种食用的动植物。独龙族人一般根据季节的变化来采集应时野食。其中有被称为“阿开”、“不里”、“打格勒”、“阿薄拨”、“木库务”、“克龙”、“阿龙”、“阿波”等包括野苕、董棕、登木线根、小竹笋、竹叶菜、野蒜、大百合、鱼腥草等20多种野生植物，多为块根，茎、叶、花次之。有青头菌、鸡油菌、香菌、牛肝菌、松菌、干巴菌、蘑菇、木耳、银耳、白参等20余种可食菌类。此外，捕捉各种野蜂、割蜂蜜、取蜂蛹、掏鸟蛋等也是独龙族采集生产中的重要内容。由于畜牧业不发达，家畜饲养也仅限于数量极少的鸡和猪，且多用于祭祀。肉食基本上只能依赖狩猎和捕鱼所得。虽然这已不是主要的生产活动，但作为一种副业远还没有到完全被淘汰的程度，仍具有现实的经济意义。

渔猎也是独龙族生产活动的重要内容。独龙江峡谷的深山密林里成群结队的各种野生动物，为独龙族人提供了丰富的肉食和皮毛。每个家族公社都有比较固定的猎场，多在高寒山区。主要的狩猎工具有：弩弓、竹箭、砍刀、猎狗等。狩猎活动一般多在冬、夏两季进行，分为集体围猎和个人狩猎两种形式。所有猎物都按传统习惯由大家共享，进行平均分配。

捕鱼一般不分季节，但每年四五月河水暴涨到秋末则是捕鱼的最佳时刻。过去还有专属于各个家族的“鱼口子”（鱼场），大家只能在自己的“鱼口子”里捕鱼，捕获的要平均地分给各个家族成员。现在已基本没有了。人们可以任意沿江上下置网挂篓，所获亦归自己支配。独龙族捕鱼的方法很多，常用的可依据工具的不同分为：鱼篓捉鱼、夹网捕鱼、鱼叉叉鱼、鱼爪钩鱼、鱼钩钓鱼、溜筒吸鱼、鱼坝捕鱼、药物毒鱼等。

简单实用的家庭副业。农闲时，独龙族村民还常常会坐在屋外空地或火塘边搞一些家庭手工业。如用藤、竹编织的箩筐、盒子、簸箕等各种器具；用简陋的工具纺麻织布，方法简单原始，麻织品种类很少，主要是常用的“独龙毯”和绑腿。还有进行兽皮和树皮的加工。

商品交换很不发达。由于生产力发展水平低下，剩余产品极少，极大地限制了独龙族交换的发展。没有商品性生产，没有出现脱离劳动的专业商人，也没有形成集镇，一般以物易物，互通有无。主要有两种形式：一种是在本民族内部进行的近似等价的交换；另一种则是与外族商人进行的，还常常受到一些奸商的欺骗剥削，是一种不等价的交换。

多种形式并存的土地所有制形态和耕作方式。与落后的生产力相适应，独龙族在1950年以前对土地的占有和耕作形式，正处在由家族公有共耕向个体家庭私有自耕的过渡时期。主要有公有共耕、伙有共耕和个体私有自耕等形式。

公有共耕。独龙语称“夺木枯”，是全家族在共同占有的土地上共同耕种的形式。一般共耕地多为火山地。由家族长带领全体成员共同商定生产计划和劳动组织，各户平均出籽种并使用自己的工具进行共同劳动，收获物也平均分配给各个家庭自由支配。这是独龙族历史上普遍存在的一种集体耕地的形态。但后来随着铁制工具的逐渐增多，使个体劳动成为了可能，当初的这种家族公有共耕形式在劳动力使用和粮食分配等方面种种难以解决的矛盾也越来越突出，日益影响着人们的生产积极性。于是逐步的被伙有伙耕和私有自耕所代替。到20世纪50年代，这种家族公有共耕的方式仅占全部耕地的4.8%，只是以往原始集体生产的一种残余罢了。

伙有伙耕。称为“夺木奢”，是同一家族成员几户伙同占有耕地，共出籽种、同出劳力，收获物按户平均分配的方式。共耕地有火山地、水冬瓜树地。但所有权仍属公有，共耕户只有暂时的占有权和使用权。其规模一般是三五户，最多七八户。绝大多数居民家庭都分别参加了这种小集体，使当时的伙耕地面积占到总耕地面积的50%～80%，成为独龙族社会主要的生产方式。这是原始公有演变为个体私有的一种过渡形态。

私有共耕及私有自耕。独龙族的私有土地，一般是指屋前屋后的园地和村寨附近人工种植的水冬瓜树地。园地虽属个体家庭私有，但极少买卖，一旦迁居便随之丢荒。而私人占有的水冬瓜地则较为稳定，可以传给后人或转借转赠他人，甚至可以出售。只是这种买卖还未最终将土地商品化，仅处在一种原始的交换阶段。价格十分低廉，也不需履行任何手续，两三亩上好的刀耕火种地，也只需1斗粮食、1把砍刀或1头小猪即可换得。虽然这样，随着私人占有土地的形成以及土地买卖的出现，还是进一步加速了家族公社的解体。

由于生产力水平极其低下，这些属于个体家庭私有的土地，除园地多为自耕外，大多数仍还采取“共耕”的形式进行耕种。在分配收获物时，一种是按照共耕者所出劳动力和籽种的多少来确定其分配数量。另一种则是属于较为稳定的共耕户，故不论其投入多少，仍按平均分配的传统原则共同分享。当然也还出现了一种共耕组合的分配形式，即由一方主要出土地及籽种，另一方则承担主要劳动，而收获物或对半分或让前者得到三分之二。显然这种方式已孕育着地租剥削的萌芽，只不过是在所谓“协作”或“互助”的名义下进行罢了。

独龙族社会阶级的初期分化。随着土地私有制的不断发展，也就不可避免地导致了贫富分化。当时的独龙族社会已陆续出现了一些具有剥削性质的现象，主要反映在一定形式的雇佣劳动以及借贷关系的出现等等。一些家族长或富裕户利用原始协作形式进行雇工剥削。如过去普遍盛行的“迪里哇”（意为大家来帮忙）原是无任何剥削的原始协作，可后来随着贫富分化而在进行农业生产时已变味具有了剥削的因素。因为按照习惯在作“迪里哇”时，主人必须备有酒食以款待大家。可在现实生活中由于一般的贫苦农民无力举行这样的对等活动，而让少数人家常常利用这一形式“招待”大家为他无偿劳动，所创造出的财富远远超过那些酒食的价值。另外，还出现了一种类似雇佣短工的“戛木”现象，即主人将酬劳由原来的酒食改为给一定的粮食或生活用品。雇佣剥削的性质比“迪里哇”更加明显。有的家族长或富裕户甚至还雇请儿童来从事家务劳动，名义上以“养子”称呼，可其生活待遇极低，常遭打骂，每年所得除去伙食也只能得到一件麻布衣服或少量的粮食。这种童工现象虽不太普遍，但可能就是家长奴隶制的萌芽。而在借贷关系上，借方已开始付给贷者一定的酬劳。一般所借贷的主要是粮食、工具以及牲畜，其中以借牲畜的居多。因为牲畜常常被独龙族看作是最有价值的财富。凡借后偿还时必须支付一定的利息，而计息的的方法通常是偿还时的牲畜至少要比借出时大一拳（独龙族还没有一定的计量标准，习惯用拳头来量大小），否则就要另付一定数量的粮食来弥补。所以，有不少富裕户便通过借贷牲畜或工具来获取更多的酬劳。

独龙族青年男女社交自由，但在过去婚姻不能自主，必需听从父母之命、媒妁之言，而且幼年订婚的现象较为普遍。聘礼较多，一般是1头黄牛（称为“活牛”）或1头猪、1口铁锅、1个铁三角以及几件首饰和毯子等（称为“干牛”）。独龙族的婚姻，通常经过订婚、迎娶两个阶段。一夫一妻制的个体家庭虽然已逐步确立，但在婚姻制度上还保留着一些原始群婚和对偶婚的残余，非等辈婚、妻姊妹婚、转房制和家长多妻等多种婚姻形式并存，其中又以妻姊妹婚为主要的婚姻缔结形式。而在婚姻结构上则形成了相对固定的氏族环状外婚集团，独龙语称为“伯惹”，意为“弟兄和姊妹的婚配”。即在固定的通婚集团中，甲氏族的一群兄弟可以与乙氏族的几个姊妹同时或先后结成配偶关系，但乙氏族的男子却不能娶甲氏族的女子为妻，从而有效地防止了血统倒流。

独龙族人死后，绝大多数实行土葬，主要有棺葬和席裹葬两种形式。棺材多用粗大独木刳空而成。出殡时，尸体只能从特意撬开的地板下抬出，而严禁直接从大门送走，否则会犯禁而继续死人。下葬必须选择在早上太阳升起的时刻进行。墓地多在自家园地的附近，墓穴为长方形，男女的葬式均为头朝北、脚朝南、侧身面向东方。埋后不垒坟，葬完不再祭扫，家里也没有祖先灵牌之类的象征物。少数患恶病死亡的则行火葬或水葬。独龙江上游地区，还有专门对巫师进行的“房葬”或“棚葬”。一家有丧事，尤其是死者埋葬之日，全村都要停止劳动，而且本村寨人和远近亲友都还要来送粮食、鸡、酒等物，以示对死者的哀悼。

独龙族的传统衣着十分简单。男女一律袒露臂膀，小腿都缠裹麻布绑腿。男的斜披一条称为“约德格仁瓜”的条纹麻毯，左右包抄到胸前拴结。胯部通常用麻绳系着一小块叫“能布特连”的麻布围兜着下体。左佩刀，右系篾箩。妇女用两块叫“其拉衣约瓜”的长麻毯围身至膝，并包抄向前。自左抄右的，用绳紧紧系在腰间。从右抄左的，则披脱自如。通常是白天为衣，夜间做被。有的男子过去甚至只能在腰下围一串树叶。

独龙族男女均散发，前垂齐眉，后披在肩上，左右盖耳。过去都喜欢坠系耳饰和佩挂项链，现男子已极少系戴。过去女子有文面的习惯，独龙语称为“巴克图”。一般在十二三岁时进行。文面时，先用竹签或树枝蘸锅烟灰水在脸部描好纹型，干后，拿一根长有硬刺的老荆棘自上而下地对准脸上图案，再用木棍轻轻敲击沿纹路打刺。拭去血水，敷以锅烟灰或一种深色的草汁并反复擦揉刺纹，使之渗入皮下。7天左右被刺纹处红肿结痂，等创口愈合脱痂后所纹图案呈青蓝色，再也洗抹不掉，永远留在脸上。文面的样式因地区不同而各有差异，通常在独龙江上游一带是满面文，即前额、双颊、鼻梁及上下唇都刺有花纹；下游一带则只在鼻尖刺一圈和唇下刺两三路。对于独龙族文面习俗的由来，人们有许多不同的说法：有人认为是独龙族女子的成年礼；有的认为是美的追求以及避邪消灾的需要，有人则认为是历史上为躲蔽外族人掳掠妇女而来；有的还认为与独龙族早已消失的图腾崇拜物有着某种联系。新中国成立以后，这种文面习俗已逐渐被独龙族妇女所摒弃。

独龙族的传统饮食自然独特。由于受社会经济发育程度及周边自然生态环境的影响，历史上他们的食物来源较为匮乏，属于粮食和野生植物各占一半的杂食型结构。主食品种不多，主要是玉米、土豆、青稞、稗子、荞子、燕麦等，其中淀粉质食物常常占有绝大部分的比例。炊具简陋，多为竹、木制成，再加上副食和调料的缺乏，故制作食物的方法也很简单，大多沿用以往烧、烤、煮的烹饪方法。近年来随着各种豆类蔬菜的陆续传入，独龙族的佐食习惯也有所改变。日常饮食一天只吃早、晚两顿，早餐以炒面、烧烤土豆为主，晚饭多是吃玉米及其它杂粮。因条件所限独龙族一般口味清淡，油盐不多。好饮酒，喝的是自酿的低度水酒。凡亲友来往、生产协作、婚丧嫁娶、宗教仪式和节庆活动等都少不了酒，酒在独龙族社会生活中占有特殊的重要位置。每当有客人远道而来或逢年过节，宾主都要相互搂着脖子，脸贴脸、嘴挨嘴地同时喝上一杯“同心酒”，以表达彼此间的友谊和忠心。另外，受附近藏族的影响还喜欢将茶叶、盐和熬熟的动植物油混合在特制的竹筒里“打”茶饮用。

独龙族的住所曾经历过巢居、穴居等阶段，后来才逐渐地告别了居无定所的情形。一般房屋大多适应山地环境和气候特点，建造在独龙江两岸山腰的小型台地和朝江面倾斜的小块平坝上。一端搭接山地，一端临空架设，全部基架柱脚都埋插在地下，稳定牢靠。房屋属于竹、木结构的“干栏式”建筑，布局紧凑，防雨水和通风性能良好。一般在独龙江中上游地区，因地势高、气温低、平地和松林多，再加上受到藏族房屋建筑的影响，多是呈正方形的“木垛房”，结实耐住。下游一带，江水西向，地势渐低，气温稍高，多竹林且地形陡峻，故多为长方形的“竹篾房”，较为轻巧。在这里还可以见到独龙族昔日聚家族而居的长形竹楼草房的残存样式。这是由原来的一间长宽大体相等的房屋，因男孩们不断长大成婚而相继在其两侧逐间加盖延伸而成。彼此并列的各个隔间共用一个大屋顶，且相互衔接在同一个平面上。室内中间有通道直达长屋两端供进出的两个门，并延伸到晾台。两侧便是两排没有门的小隔间。每间设一个火塘，也就是一对夫妇和子女日常生活的所在。老人则与未婚的子女共一个火塘起居。长房里的人都是直系亲属及其后代，他们共同劳动，共同消费，由从前的统一公共灶，过渡到了各个火塘轮流做饭的共食制。食物按人平均分配，并由主妇主管分食。而现在独龙族沿江上下居住的主要样式，则是一个家庭单独建造的一所一间或两间的房屋。

独龙族唯一的传统节日就是过年，独龙语叫“卡尔江哇”。一般在农历的冬腊月，即每年的12月到翌年1月间举行，没有固定的日期，具体由各村寨自己选定。节日的长短视食物的多少而定，约二三天或四五天。年前友好家族便以“口传”、“结绳”或“刻木”等形式相互邀请，客人也会在过节的前一天如约而至。节日里，人们祭祀天鬼山神、“抛碗卜卦”、共吃年饭、唱歌跳舞以至通宵达旦……而最热闹、最隆重的就是剽牛祭天。献祭的牛有时是较富有的人家捐献的，也有由全村共同献出的，只要有条件就非举行不可。仪式开始时，家族长或巫师把牛牵来拴在场子中央的木桩上，给它背披上“独龙毯”，角上挂上串珠。接着由主祭人点燃松明和青松毛，面向东方叩头念祭词。然后取下牛身上的毯子和串珠，两个选好的猎手，手持长长的竹矛从两头边舞边跳进入场中，在场的人们一一给他俩敬酒，二人猛喝狂跳，四周群众则围成一个大圈边唱边舞，大小铓锣一起敲响，整个气氛越发热烈。当牛被勇敢的猎手用锋利的竹矛剽倒而死，众人便在欢声笑语之中，迅速地用大锅把肉煮熟并平均的分给在场的每一个人，未到场的也按旧俗托人捎去一份带皮毛的肉。牛头则归猎手，大家跟着他边吃边喝、载歌载舞，共祝人畜兴旺，祈望来年人顺粮丰。

此外，在长期的社会实践中，独龙族根据自己对生产过程和自然现象变化的观察和总结，创造了一种适合于自身生产生活需要的历算法，即根据月圆月亏、花开鸟鸣、草木生长、雨雪飘落、江河起伏等来计算年历。从当年的大雪封山到次年的大雪封山算为一年，称为“极友”。从月亮最圆的那天起至第二次月亮最圆时为一月，称为“数朗”。独龙江上游的独龙族则以“龙”（意为“圆”，即月圆的意思）为基数来划分每年的十二个节令，并据此安排各种活动。

“得则卡龙”（一月），意思是山上有雪，男子打猎，女子织布。无事可做的农闲季节。

“阿蒙龙”（二月），山顶还有雪，但江边可以种土豆、小麦和青稞。

“阿暴龙”（三月），地上普遍发青，可以砍火山地和种土豆。

“奢九龙”（四月），鸟开始鸣叫，继续砍火山，种南瓜等农作物。

“昌木蒋龙”（五月），各种鸟都叫了、花开了，开始种玉米、栽秧和稗子等。

“阿累龙”（六月），竹笋长出，薅草、挖贝母、捕鱼等活动。

“布安龙”（七月），青黄不接，是饥饿月，上山采集。

“阿送龙”（八月），山上松叶发黄，种荞子，吃青玉米，收小米和各种瓜类。

“阿长母龙”（九月），叶黄霜降，收玉米、割牧草。

“曹罗龙”（十月），是收获月，山上始积雪，继续收粮食，并搭架、修仓库准备储粮。

“总木加龙”（十一月），山上积雪变厚，是降雪月，收回最后的粮食作物，准备过冬的柴火。

“力哥龙”（十二月），江边也开始有雪，女的忙着找柴，男的进山狩猎，并准备过年。

下游的独龙族则采用“花鸟历”，把一年划分为花开月、鸟叫月、烧火山月、播种月、收获月等10个季节。其节令不十分严格，天多天少不太固定，月大月小也只是相对而言，但对花开鸟叫等物候却极为重视。每当桃花盛开，“戛高马巩”鸟鸣时，要及时播种。再到“崩得鲁那”鸟叫时，则停止一切播种。

独龙族地区民风古朴纯挚，“路不拾遗，夜不闭户”的社会风尚世代相传。由于高山积雪，经常和外界隔绝，人们远行时携带的食品用具，往往为了避免往返负重之苦而暂挂在树枝上或放在岩洞和哨棚里，回来时才逐袋取用，从无别人擅自拿走而丢失。大家尊老爱幼，生活虽然穷苦，却没有乞讨之人，鳏寡孤独、老弱病残都能得到全村的无私帮助。他们认为“有了东西不给别人吃是最为可耻的”。此外，独龙族人历来团结互助，特别讲究有难同当、有福同享，不管哪家起房盖屋，全村都会主动登门无偿相帮，不吃饭仅喝一点水酒。而婚丧嫁娶则不请自到，还带来酒、肉、粮食等礼物。传统美德蔚然成风。他们热情好客，重信用、遵诺言。感情真挚、粗犷刚健，充分体现了独龙族人民热爱生活、勤劳善良的道德风尚。

历史上独龙族还没有形成严密的社会组织和明文法规，但在其社会内部仍有一种世代相传的原始习惯法，来作为待人处事的规矩、判别是非的标准以及调解内部矛盾的法度，并以此来维护传统社会和人际关系的正常运行。一般处理纠纷由发生地的家族头人来主持完成，解决的办法主要有两种：一是调解，常常用“点数说理”的方式进行；二是天断神判，采用“捞油锅”、“捞水锅”等极端办法，一般针对盗窃、债务、杀人、奸情以及婚姻纠纷等难以决断的是非。而对于偷盗行为的处理最为严厉，只要证据确凿一般可将偷盗者打死并抄光其全部财产；对婚姻纠纷，主要是追赔财礼，付出一定的物质代价；对打伤人的，则必须按程度轻重予以不同的物质赔偿。

在长期与大自然搏斗和反抗历代封建统治及外国侵略者的斗争中，独龙族人民还创作了具有本民族鲜明特色的丰富多彩的民间文学作品。有代表性的神话传说有《创世纪》、《大蚂蚁把天地分开》、《嘎美嘎莎造人》、《猎人射太阳》、《洪水泛滥》等，不仅反映了独龙族社会最初阶段的生活及抗争情况，还记述了独龙族先民们对宇宙万物和人类社会的种种看法与解释，从不同侧面生动形象地再现了古代独龙族社会的真实面貌。有流传较广的民间故事《星星姑娘》、《鱼姑娘的故事》、《姑娘与青蛙》等，想象丰富、构思奇特，具有鲜明的民族特色。到了近代又增加了反帝反封建的内容及题材，如《反抗察瓦龙土司的斗争》、《独龙族人民狠揍侵略者》、《痛打土司管家》等。此外，独龙族人民还结合社会生活和狩猎活动的实践，创作了许多短小精悍富于哲理的寓言故事，如《兔子与老虎》、《猫和狮子》、《小兔和老熊》、《老虎同火赛跑》、《说谎话的狗》、《乌鸦和老虎》等。

独龙族喜歌乐舞，特别善于通过“唱”和“跳”的方式来表达自身的思想感情，倾诉内心的喜怒哀乐。逢年过节、婚丧嫁娶、起房盖屋、欢庆丰收等重要场合都要载歌载舞、唱歌对调。歌谣大多有感而发、简洁明快。一般分为两大类：一类被称为“普”，语言含蓄难懂，讲究字数齐整，上下两句相同而对仗。演唱时融诗歌舞为一体，边跳边唱，踏歌而行。又因具体内容不同而细分为迎新年时唱的“老社普”、过年节时唱的“卡尔江普”、盖新房时唱的“球木普”、办丧事送亡魂“阿细”时唱的“阿细普”等。另一类称为“门竹”，通俗易懂，极具生产生活色彩。两类歌谣都有对唱、合唱和独唱等形式，是独龙族人民生活中最喜闻乐见的一种艺术活动。"
鄂伦春族	"鄂伦春族是世居我国东北部地区的人口最少的民族之一，新中国成立初期人口只有一千余人，近几十年人口增长较快，据2010年第六次全国人口普查统计，鄂伦春族人口为8659人。鄂伦春语属阿尔泰语系满—通古斯语族通古斯语支，没有文字，现在主要使用汉语汉文。

鄂伦春族主要分布在内蒙古自治区呼伦贝尔盟鄂伦春自治旗、布特哈旗、莫力达瓦达斡尔族自治旗和黑龙江省北部的呼玛、逊克、爱辉、嘉荫等县。黑龙江省有鄂伦春族3871人，占鄂伦春族总人口的47%；内蒙古自治区有3573人，占44%。

鄂伦春族世代生活的大小兴安岭位于黑龙江省北部和内蒙古自治区的东北部。西为大兴安岭，北为伊勒呼里山，东为小兴安岭。大兴安岭平均宽约200～300公里，海拔1000～1400米左右，面积为8.6万多平方公里，西麓山体浑圆，呈高原状，逐渐过渡到呼伦贝尔高原，东麓陡峭，急剧过渡到松嫩平原，这里的河流湍急，绰尔河、格尼河、诺敏河、毕拉河、奎勒河、甘河、多布库尔河、那都里河、南瓮河，由西向东南流汇嫩江。北部是伊勒呼里山，盘古河、呼玛河从山北流出汇入黑龙江。宽阔的冲积盆地遍布于峡谷之间，土地肥沃，宜农宜牧。小兴安岭山势平缓，海拔500～1000米，面积约7.8万平方公里，300～500米高的丘陵和洪积台地遍布其间，东麓的逊河、沾河、库尔滨河、嘉荫河流汇黑龙江。

大小兴安岭地区属寒温带大陆性气候。大兴安岭冬季漫长而酷寒，最低温度可达零下40～50℃，无霜期仅100天左右。小兴安岭平均气温比大兴安岭高10℃左右，无霜期110天左右。大小兴安岭全年平均降水量约为700毫米，以7、8月最多。全区降雪期约有7—8个月，积雪期在200—220天，但降雪日数只有46—87天。降雪集中于11月份和第二年的2、3月份，最大积雪深度30—50厘米。

大小兴安岭资源丰富，覆盖着广阔的原始森林，素有林海之称。针叶林有兴安落叶松、樟子松、红松、鱼鳞松、杉松、冷松、黄花松；阔叶林有白桦、黑桦、柞树、白杨、榆树等。灌木和乔木遍及山岭。大小兴安岭极富野菜、野果和块根药材类植物资源。野菜有山芹菜、山韭菜、旱葱、山葱、柳蒿芽、黄花菜、蕨菜等；野果有山葡萄、山梨、山丁子、稠李子、红豆、都柿、越橘、草莓、榛子、松籽、山核桃等；可食菌类有黑木耳、猴头、蘑菇等；药材有人参、黄芪、五味子、知母、刺五加等。这里还栖息着50多种珍禽异兽。兽类有马鹿、驼鹿（犴达犴）、狍子、野猪、黑熊、棕熊、东北虎、猞猁、狼、狐狸、貉子、獾子、水獭、獐子、黄鼬、灰鼠、野兔等；飞禽有树鸡（野鸡）、榛鸡（飞龙）、天鹅、大雁、野鸭、鹤、鹞鹰、猫头鹰及各类山雀等。

纵横交错、密如蛛网的江河湖泊盛产各种鱼类，包括重达数百、数千斤的鳇鱼、鲟鱼，以及大马哈鱼（鲑鱼）、鲤鱼、白鱼、鲫鱼、哲罗鱼、雅罗鱼、细鳞鱼、花翅鱼、鳌花鱼（鳜鱼）、狗鱼、鲶鱼、草根鱼、柳根鱼等。

辽阔美丽的土地和丰富的资源为鄂伦春族的发展提供了广阔的空间和动力。

【历史沿革】

鄂伦春是一个有着悠久历史的民族。关于其族源，主要有两种说法，一是室韦说，二是肃慎说。目前学界多倾向于前者。十七世纪中叶以前，鄂伦春人分布于贝加尔湖以东、黑龙江以北，以精奇里江为中心的广大地区。历史上这里主要是钵室韦人和深末怛室韦人的活动区域，因此，隋朝时的钵室韦、深末怛室韦应是鄂伦春族先民的主要来源，北室韦亦有可能参与了族体形成过程。唐朝时室韦发展为20余部，唐设室韦都督府加以管辖。据文献记载，其中的婆莴和落俎部分布于今黑龙江以北、外兴安岭以南。辽朝的室韦部在今嫩江上游以北及外兴安岭以南，黑龙江中、上游地区。辽设室韦国王府，圣宗时又设室韦节度使，隶西北路招讨司，对这一带的室韦人等进行管辖。金朝的火鲁火疃谋克管辖外兴安岭以南地区。元朝时，鄂伦春人被称为“林木中百姓”和“北山野人”，分布极为广阔，在辽阳行省的管辖之中。明朝时黑龙江以北有“乘鹿以出入”的“北山野人”，就是指游猎于贝加尔湖以东、黑龙江以北的“使鹿部”，也就是鄂伦春人。明朝于永乐七年（1409年），设置了奴儿干都司，“北山野人”在其管辖范围，明弘治年间始归辽东都司管辖。清初文献曾把鄂伦春人称为“树中人”。清崇德五年(1640年)，“俄尔吞”曾作为鄂伦春族的族称出现于文献中。同年，将“索伦部”分编为八牛录（佐领），鄂伦春人为索伦部中的一部分。康熙八年（1669年），在宁古塔将军之下设布特哈（打牲部落）八旗，管理分布在黑龙江上、中游的鄂伦春、鄂温克、达斡尔等族。

康熙二十二年（1683年），从原来统辖吉林、黑龙江的宁古塔将军析出黑龙江将军。黑龙江将军之下设八城，分设副都统、总管等官员管辖。对于鄂伦春族的管理，将其分为“摩凌阿鄂伦春”(骑马的鄂伦春人)和“雅发罕鄂伦春”(步行的鄂伦春人)两部分。被编入布特哈(打牲)八旗“充官兵者”,称作“摩凌阿鄂伦春”,没有编入布特哈八旗,“戈猎山薮仅供纳貂役者”,称作“雅发罕鄂伦春”。后者分设五路八佐,每佐设鄂伦春族佐领一人,每年派名为“谙达”的人到当地去征收貂皮。

十七世纪中叶以后,由于沙俄帝国主义者的侵略劫掠,迫使黑龙江以北精奇里江两岸的鄂伦春族南迁到大、小兴安岭地区。

康熙二十二年(1683年)以后，文献中多次出现“俄罗春”、“鄂罗春”、“鄂伦春”等不同写法。从康熙二十九年（1690年）十月始，“鄂伦春”才作为统一的族称固定下来。“鄂伦春”是民族自称，即“使用驯鹿的人们”。鄂伦春族南迁以前，原来居住在黑龙江上游的埃文基人（鄂伦春和鄂温克人）以牧养驯鹿为主，兼事渔猎和采集。另外，“鄂伦”的发音与驯鹿的发音(oron)相同，（cho）是表示人的附加成分，两者合起来为（oroncho），即“鄂伦春”，汉语就是“打鹿人”之意。

根据居住区域的不同，鄂伦春人内部还有不同的名称。如居住于呼玛河流域的鄂伦春人自称库玛尔千；居住在逊克县、嘉荫县河边的鄂伦春人自称毕拉千；居住在甘河流域的鄂伦春人自称甘千；居住在托河流域的鄂伦春人自称托千等。比如，库玛尔千的“库玛尔”表示地点，“千”表示人的附加成分，表示某地人之意。

鄂伦春是一个热爱和平的民族，同时又是一个极具反抗精神、骁勇善战的民族。鄂伦春族在反抗外敌侵略、维护国家统一和反分裂斗争中做出了重要贡献。

17世纪中叶，沙俄侵犯我国黑龙江流域。康熙四年(1665年)，沙俄侵占了黑龙江上游北岸的雅克萨城，烧杀抢掠当地居民。康熙二十四年（1685年），在清军第二次收复雅克萨城的战役中，有565名鄂伦春族士兵参战，对雅克萨之战的胜利做出了贡献。雍正十年(1732年)，清政府抽调鄂伦春族兵259名，连同达斡尔等族兵共3000人编为八旗，在呼伦贝尔的济拉嘛泰河口设城驻防，巡逻边境，保卫边疆。光绪二十六年(1900年)，沙俄入侵，将我江东64屯各族人民赶至江边射杀。库玛尔路协领寿廉带领鄂伦春族马队官兵500人痛击了入侵者。

康熙末年至乾隆年间，准噶尔贵族噶尔丹、策妄阿拉布坦和阿睦尔撒纳等人在沙俄的策动下先后发动武装叛乱。在平定准噶尔分裂势力的战争中，鄂伦春族官兵做出了贡献。乾嘉年间“摩凌阿”（骑马）鄂伦春族阿穆勒塔，是一位维护国家统一和独立的英雄人物，他英勇善战，屡建奇功。在收复台湾和抗击廓尔喀侵略军的战争中立有大功，官至总管，加副都统衔，成为历史上职位最高的鄂伦春族军事指挥官。

鄂伦春族对于国内统治者的压迫和奸商的欺压也进行了顽强的抵抗。在每年的“楚勒罕”集会上，鄂伦春人除了贡纳貂皮，得到一些布匹、银两的赏赐外，余下的貂皮和细毛皮张可以出售，换取生产生活用品。对于散处山野的“雅发罕（徒步）鄂伦春”，布特哈总管衙门设5名官员分别管理，3年一换，称作“谙达”，每年都在固定的地点向鄂伦春人征貂并予赏赐。后来，“谙达”私带物品与鄂伦春人交换，甚至于发展达斡尔、汉族“谙达”与鄂伦春族进行极不公平的交换，近于明抢暗夺，“所捕貂皮，辄为谙达诸人以微物易去，肆意欺凌，不啻奴畜”。光绪年间，库玛尔路骁骑校烈钦泰聚集各路鄂伦春族，反抗“谙达”的残暴剥削和压迫，要求裁撤布特哈总管衙门。烈钦泰等人的反抗斗争获得了成效，导致清廷撤销布特哈总管衙门，设兴安城总管衙门。官方“谙达”制被废除。私人谙达和私商乘机取而代之。鄂伦春人与谙达进行的是一种包干式的物物交易。鄂伦春人把所获猎品，除自己所用部分外，其余全部交给谙达，由谙达提供弹药、粮食、布匹等基本生活、生产用品。因此，对于鄂伦春族来说，并不是从交换中获得利润，而仅仅是为了维持生存和生活的循环和平衡。奸商对鄂伦春族盘剥甚于官私“谙达”，他们不仅利用灌酒等卑劣手法欺骗鄂伦春族，而且利用鄂伦春人商品意识不强的弱点，使鄂伦春人反而欠下奸商债务，然后敲诈勒索，霸妻抢女，终于爆发了1924年刚通领导下的反奸商斗争。在日伪统治时期，禁止鄂伦春族出售猎品，全部交给“满洲畜产品株式会社”，仅向鄂伦春人提供一份粮食、布匹和子弹，难以维持生计，鄂伦春人身体素质急剧下降，各种疾病蔓延，人口大量死亡。

“九一八”事变爆发以后，日本侵略者为了镇压鄂伦春族人民的反抗，强化了统治。1938年，日本关东军制定了《指导纲要方案》，对鄂伦春族采取暂时利用、最终消灭的“指导方针”。鄂伦春族并未屈服于日本侵略者的野蛮统治，开展了自发的抗日斗争，纷纷支援和参加抗日联军。在抗日联军三、六、九、十一路军中，均有鄂伦春族参加。其中，第六军约有40多名鄂伦春族战士。在抗联队伍中，有许多传奇式的鄂伦春族英雄人物。抗联第六军的黄毛(绰号)在狩猎过程中练就了一手好枪法，是位神枪手。1936年8月，他与另两位战士在汤旺河阻击五六百名日伪军。他百发百中，仅1人就击毙敌人四五十个，敌军惊恐万分，直至1938年未敢进犯汤旺河。另一位鄂伦春族抗联战士元宝负责赵尚志的安全工作。1937年冬，在赵尚志领导的一次战役中，他一人击毙日军数十人。抗日烈士李宝格列和李桂夏布是父子，他们的抗日事迹陈列于哈尔滨市东北烈士纪念馆。鄂伦春族群众积极为抗日联军带路、送信、运送粮食和物资、掩护抗联战士，帮助抗联侦察敌情、配合抗联攻打敌人据点，不少人献出了宝贵的生命，为抗日战争的胜利做出了贡献。

十七世纪中叶鄂伦春族南迁至黑龙江以南后，严格意义的父系氏族社会已不存在，但仍存有痕迹。鄂伦春人的父系氏族称“穆昆”，氏族长“穆昆达”由民主选举产生，条件是办事公正、有威望、人品好和辈份较高的人充当，氏族内的一切事务由“穆昆达”主持。氏族大会是最高权力机构。有三种情况可以召开氏族大会：一是选举氏族长；二是续族谱、排辈份；三是遇到重大情况和突发事件。氏族大会还会对违反习惯法的人进行处罚。

鄂伦春人南迁以后，其父系家庭公社“乌力楞”已处于向游猎公社过渡阶段，绝大多数“乌力楞”处于地域性的游猎公社阶段。“乌力楞”为通古斯语,意为“子孙们”。“乌力楞”由同一父系的若干代子孙的各个小家庭组成，是鄂伦春族社会的基本经济单位。“乌力楞”内生产资料公有,共同劳动,猎品按户平均分配。“乌力楞”的首领是“塔坦达”，由民主选举生产。“塔坦达”是公社的组织者和领导者，“塔坦达”没有特权，同其他成员一样劳动。

清朝，由于铁器、枪支、马匹的使用,生产力提高较快,交换促进了发展,出现了私有财产。加上周围其它民族的影响，鄂伦春族社会经济发生了深刻的变化。一夫一妻制的个体小家庭逐渐从家族公社中分离出来,成为社会经济的基本单位。“乌力楞”也就逐渐由血缘组织发展成为地缘组织。这时,每个小家庭可以自由加入或退出任何一个“乌力楞”。

家族公社的解体,标志着鄂伦春族以血缘为纽带的原始社会发展阶段的结束。到解放时,鄂伦春族已进入以地缘为纽带的农村公社发展阶段。“乌力楞”村社已成为鄂伦春族社会的基本单位和生产组织,但仍然存在有家族公社的遗迹。

光绪八年（1882年），鄂伦春人被欺压过重，引起强烈反抗，黑龙江将军文绪奏请撤销布特哈总管衙门，建立兴安城总管衙门专管鄂伦春族。光绪十年（1884年），兴安城总管衙门建成。兴安城总管衙门设副都衔总管1名，副总管10名，其中，鄂伦春族副总管8名。下设库玛尔路有3佐；阿里路有1佐；多布库尔路有1佐；托河路有1佐；毕拉尔路有2佐。光绪十九年，因实效不大，依黑龙江将军依克唐阿的奏请，裁撤了兴安城总管衙门，而改由黑龙江、墨尔根、呼伦贝尔三城副都统管辖，其中，黑龙江城副都统管辖库玛尔路4旗8佐和毕拉尔路2旗4佐；墨尔根城副都统管辖阿里多布库尔路1旗2佐；呼伦贝尔城副都统管辖托河路1旗2佐。副都统和协领为满族人，佐领均为鄂伦春人。佐领除定期向协领报告情况外，拥有佐内的军事、行政、司法、治安等权力，独揽佐内鄂伦春族的生杀予夺之权。光绪三十四年（1908年），设瑗珲兵备道和呼伦贝尔兵备道，分管库玛尔路、阿里多布库尔路鄂伦春族，毕拉尔路归兴东道管辖。

进入民国后，黑龙江改设行省，分设县制，但鄂伦春族的管理机构没有合并到县制中，路、旗、佐同县并存，不受县领导。为了加强边防，民国12年（1923年），在鄂伦春族中设“保卫团”，民国14年（1925年）改为“山林游击队”。

军阀统治时期,废除了八旗组织的内容,四路十六佐的机构基本上没有变动。管辖系统上略作改变,其中三路划归黑龙江省督办公署管辖,一路划归海拉尔蒙古衙门管辖。统治者为了便于加强对鄂伦春族的统治,强制实行过“弃猎归农”政策,使他们定居下来,以便于统治和抽壮丁。还把青壮年强编为“山林游击队”,后来改编为“保卫团”作为他们驱使的工具。但在几年之后,大部分人又弃农归猎。仅有少数上层官员在统治者的鼓励和扶植下,雇用鄂伦春、汉、满、达斡尔等族的雇工,大量开荒种地,使农业有了一定的发展。出现了几家占有百余垧土地的大地主。

1931年“九一八”事变后，日本侵占东北，将原库玛尔路、毕拉尔路、阿里多布库尔路、托河路置于伪黑龙江省民政厅蒙旗科管辖，各路协领公署虽未撤销，但已成了有名无实的机构。1934年，伪满洲国将东北和内蒙划分为14个省，伪黑河省管辖库玛尔路和毕拉尔路；伪兴安东省管辖阿里多布库尔路；伪兴安北省管辖托河路。同年7月废除八旗制，名义上仍保留路、佐制度，但协领和佐领已为傀儡，日本特务机关派到各地的“指导官”实际统治鄂伦春族。在日伪统治时期，对鄂伦春族采取了民族隔离政策，与其他民族悠久的联系被割断。

“安嘎”是鄂伦春人“乌力楞”为单位的狩猎组织的补充形式。氏族集体狩猎甚至氏族之间联合狩猎是最古老的一种狩猎组织，由于生产力十分低下，这种狩猎组织是必然存在过的。而以“乌力楞”为单位的狩猎组织是鄂伦春人古老的狩猎形式，直至新中国建立前夕仍然保存着其残留形式。“安嘎”(aana)是由数人组成的一种临时性的狩猎组织，多半由亲戚、朋友组成。很显然，这样的生产组织只能在游猎公社阶段存在。“安嘎”组成后，要民主推选出一位赋有狩猎经验和威望的年长者为“塔坦达”。“塔坦”是火坑之意，“塔坦达”原来指的就是火堆的守护者，即家族长。所以“安嘎”是从父系家庭公社集体狩猎过渡来的。“塔坦达”负责“安嘎”的生产和猎产品的分配。还要选一位“乌纠鲁达”并安排一人当“吐阿钦”。“乌纠鲁达”是“塔坦达”的助手，负责“安嘎”的日常生活。妇女不随猎时，选一位年轻而狩猎技术差的人当“吐阿钦”，负责做饭、管理马匹等杂务，但他并不受到歧视。过去个人狩猎是集体狩猎的一种补充形式，猎产品是公有的。但是随着父系家庭公社向游猎公社的演变，马匹和步枪的使用，个人单独狩猎并且据有狩猎产品就成为一种趋势。以“安嘎”为单位的集体狩猎与个人单独狩猎并存很长的时间。由于狩猎的特殊性，直至新中国成立初，个人单独狩猎并不是狩猎的主要形式。

【风俗文化】

鄂伦春族的先民一直在莽莽林海中过着游猎生活，其传统文化与游猎紧密地联系在了一起。

十七世纪中叶以前，鄂伦春人狩猎的主要工具是弓箭、扎枪、驯鹿和猎犬，迁到黑龙江以南以后，猎马取代驯鹿。18世纪中叶，鄂伦春人已经开始使用火枪，但并未马上废弃弓箭，弓箭与火枪并用。鄂伦春人最早使用的是火绳枪、火镰枪和炮子枪等三种火枪。从19世纪末开始，陆续使用过各种步枪。由于地理环境的影响，鄂伦春人南迁后逐渐淘汰了驯鹿，改用猎马。在长期的野外饲养和狩猎训练的基础上，鄂伦春人培育了体型矮小、行动敏捷，速度、耐力俱佳而又善于在深山密林中穿行奔跑的鄂伦春马，成为狩猎的得力助手和运载工具。除此之外，鄂伦春猎人还使用地箭、猎刀、铁夹、桦皮船、滑雪板等作为狩猎工具。

鄂伦春人有4个狩猎期：2－3月份是鹿胎期；6－7月份是鹿茸、犴茸期；9月至落雪前是鹿尾期；落雪后的冬季是打皮子期或打肉期。这些时段统称为“红围期”，即狩猎的黄金期。

狍子、马鹿、驼鹿、梅花鹿、獐子、野猪等食草动物是猎人们经常猎取的对象，也是他们过去衣食所需的主要来源。食肉类的虎、熊、豹等猛兽，细毛类的貂、猞猁、水獭、灰鼠、貉、黄鼬、野兔、赤狐等，飞禽类的野鸡、树鸡、飞龙、天鹅、大雁、野鸭等，均是鄂伦春猎人的猎取对象。

历史上的鄂伦春人是足智多谋的猎手，在长期的狩猎生活中，总结出许多猎取动物的方法，最常使用的狩猎方法有寻觅法、跟踪法、瞭望法、堵截法、蹲守碱场法、蹲伏泡泽法、掏洞法、诱叫法、遛河法、窖鹿法等。

鄂伦春人在狩猎的间歇捕鱼。春天，鱼群从黑龙江逆流而上，进入大小支流，鄂伦春人用网和叉捕捉哲罗、细鳞等大鱼；夏季是垂钓的最好季节；秋天，各种鱼类顺流游回大河大江过冬，是挡梁子的最好季节，既可以捕到下水的鱼，也可以捕到上水的大马哈鱼；冬季，在冰面上搭盖窝棚凿冰洞叉鱼，也可在冰洞下穿网捕鱼。

鄂伦春妇女在春、夏、秋三季进行采集生产。春季采集野菜，秋季采、挖野果和块根植物等，而夏季主要采集蘑菇、木耳等菌类植物。夏季也是捡拾鸟蛋的季节。

历史上，鄂伦春人的房屋主要有“斜仁柱”、产房、土窖子、木刻楞房、桦皮棚（林盘）、布棚（麦汗）、高脚仓库（奥伦）等。“斜仁柱”是鄂伦春族游猎时最主要的住房，呈圆锥形。骨架用长若干米的主杆、带杈的树干和20多根“斜仁”(树干)搭成，其覆盖物有冬季用的狍皮围子，需用60余张狍皮缝制，也用桦树皮、芦苇帘和布围子。“斜仁柱”正对门的铺位叫“玛路”，是供神的地方，只许男性客人和男主人坐卧。儿子、儿媳住左侧铺位，父母住右侧铺位。中间有火塘，上吊一铁锅，也有用三角架支锅的。“奥伦”是一种搭盖在森林中的高脚仓房，存放暂时不用的衣着、肉干、干菜、粮食等。

鄂伦春人传统的交通工具主要有驯鹿、马、桦皮船、兽皮船、木筏、滑雪板和雪橇等。驯鹿是在南迁以前普遍使用的，南迁以后逐步被马所代替。鄂伦春人使用过以马皮、犴皮或鹿皮为底的船。

过去，鄂伦春人的饮食以兽肉为主，鱼、野菜为辅，后来传入了米面。鄂伦春人喜欢食用狍子、鹿、犴、野猪、熊肉，同时也食用小动物和飞禽肉。做法主要有煮手把肉、烤肉、烧肉、炖肉汤、晒肉干、杂花菜、灌血清、骨髓油、生狍肝和腰子等。米面食主要有面片、油面片、烙面饼、烧面、面汤、油炒面、肉粥、稠李子粥、黏饭等。鄂伦春语称油面片为“图胡烈”，将擀好的面一片片揪进滚开的白水里，捞出后拌熟肉片、食盐、野韭菜花等佐料，倒入加热的野猪油或熊油，拌匀后食用。稠李子粥是鄂伦春族一种特殊的吃法，将稠李子放入粥中煮，爆开呈粉红色即可食用，色艳味美。

鄂伦春族喜喝五味子汤和桦树汁。每年春季的五六月份，在桦树根部砍一个小口，桦树汁便会涌出，清澈透明，甘甜可口。鄂伦春人还喝一种称作“弟尔古色”的桦树浆，将桦树的外皮剥掉，用猎刀在树干上轻轻刮下乳白色的粘稠状树液，其味甘甜清爽。

过去，鄂伦春人穿的衣服主要是用狍皮缝制的，也用鹿皮和小犴皮。男皮袍有长袍和短袍两种。男皮袍的襟边、袖口均镶有黑色薄皮云字边，为了便于骑马，前后左右开衩。短皮袍在狩猎时穿用。女皮袍的样式与男皮袍大致相同，但前后不开衩，襟边、袖口等处镶有精美的薄皮云字边，前襟、袖口、双肩等处均绣有各种纹饰。老年人穿的皮袍，只镶边不绣花，着色较淡。皮袍的钮扣过去用兽骨或硬木做成，后来也用铜钮扣。过去腰带用鹿犴皮制作，后来年轻妇女多扎黄、紫、蓝色的布腰带，而老年妇女一般扎素色的腰带。传统的皮裤较短，只及膝，还需穿套裤，用狍皮或鹿皮制作，上边钉的皮绳系在裤腰带上，下面钉的皮绳系在鞋靿上。妇女穿的皮裤裤腰两侧开衩，裤腿及裤口处均镶有各种云字纹饰。

到了近代，各种布匹、绸缎传入鄂伦春地区，夏季男女都穿一种叫“查姆查”的布长衫。男人还穿马褂、坎肩和布小褂。冬季，男人戴一种用完整的狍头皮缝制的帽子，保留狍耳、眼、鼻，有的甚至将两个角保留下来。妇女们戴猞猁皮帽子，或吊有皮毛、绣有纹饰的毡帽。夏季，男人戴一种用布做的尖顶的“巴里”帽。女人夏季戴一种叫“奇哈布屯”的头饰。冬季穿的鞋有用狍腿皮做靿、狍脖子皮做靿底的半高皮靴。手套有“考胡路”、“瓦日格”和“沙日巴黑”3种，都是用狍皮制作的。

鄂伦春族用狍皮缝制一种叫“纳纳乌拉”的皮被。有两种，一种是普通的，另一种是用冬季猎到的狍皮缝制的睡袋，做双人睡袋需用8张袍皮，单人用6张狍皮。在野外狩猎时，猎人在冰天雪地里就宿于这种睡袋中。褥子有狍腿皮、狍皮、熊皮3种。

鄂伦春人传统手工业有桦皮制品、制革、皮制品、毛织品、木制品、骨制品、铁制品、铅制品等。鄂伦春人在每年的6－7月剥取桦树皮，经加工后可以制作种类繁多的器物，从日常生活用的碗、盆、桶、箱、篓、帽盒、针线盒、烟盒，到生产用的“古约文”(拾果具)、桦皮船、狍哨以及覆盖“斜仁柱”的“铁克沙”。桦树皮制品适应了鄂伦春人游猎生活的特点。鄂伦春人的皮制品大多用狍皮，其次为鹿、犴皮，其他兽皮则较少。

鄂伦春族的刺绣有直绣和缝绣两种。直绣是在衣物上用线绣成相应的图案；而缝绣是把兽皮、布剪成各种图案，缝合在衣服和鞋帽上。刺绣的图案主要有团花、几何纹、波浪纹、独立花纹、角隅纹和萨满服上的树木、动物、人物等。

剪皮是鄂伦春族妇女创造的一种十分独特的艺术形式。它利用桦树皮和兽皮剪制成人物、动物等形象，作为儿童的玩具；为了使皮袍、帽子、口袋、手套的口沿、四角美观、耐用，还剪制一些图案，用狍筋、鹿筋线缝上，成为一种艺术装饰品。神话故事、人物形象、动物形象、装饰图案等是剪皮艺术的题材。剪皮艺术反映了鄂伦春族在游猎生活中形成的审美观和对美的追求。

鄂伦春人还用马鬃、马尾、犴毛、熊毛等编织生活用品。

鄂伦春人的装饰品有耳环、项饰、手镯、顶针、贝饰、香包、耳套、雪镜等。男人戴过用兽骨和铜铁制作的指环，开始时仅为拉弓射箭。雪镜有用马尾编织的和用桦树包子制作的两种。有一种顶针是用犴骨琢制的。香包通常用狍皮缝制，呈蝙蝠形、苹果形，两面绣花，是少女的饰物。

雕刻是鄂伦春族手工加工的一部分，也用于宗教用品，分浮雕和圆雕两种。浮雕主要雕刻在桦树皮器皿上，也包括刀鞘、马鞍、鹿哨、木盒上的雕刻。圆雕是用猎刀对木料、松树皮、兽骨等进行的立体雕刻，十分精致。雕刻的纹样主要有云纹、回纹、几何纹、波浪纹、环带纹、十字纹、团花等，花样主要有“奎叶格音”花、“珠勒都很”花、“南绰罗”花等。

鄂伦春族的节庆主要有篝火节、春节和抹黑节。鄂伦春语称篝火节为“古伦木沓”，祭祀火神之意，在每年的6月初举行。春节是鄂伦春族重要的节日。过去，除夕夜各家各户在住房前燃起篝火。年夜饭前，老人把各种神龛打开，摆放在屋内的“玛路”上，或到房后挂有神龛的地方，摆上酒肉，燃香上供，全家人依次向神偶磕头，祈求神灵保佑。在房门前或村屯道口为亡灵烧纸磕头后，全家人在一起吃团圆饭。初一早晨，全家人还要向东或南给“白纳恰”神（山神）磕头，祈求多赐猎物，尔后要相互拜年。正月十六过抹黑节，相互往脸上抹锅底灰，以驱赶鬼邪。现在更多含有游戏、喜庆之寓意。受周围民族的影响，现在也过端午节、中秋节、新年等。

鄂伦春是一个讲唱文学十分发达的民族，包括传说、故事、神话、谚语、谜语、歌谣、笑话、歇后语等。长篇讲唱文学“摩苏昆”是鄂伦春族民间文学的珍品。“摩苏昆”以说唱结合的形式，讲唱“莫日根”的英雄故事和苦难的身世，可以讲唱数天或数十天。“摩苏昆”的语言流畅、押韵、精练、朴实，曲调起伏变化不大，非常悦耳动听，带有浓郁的民族传统韵味。

鄂伦春族的音乐以“赞达温”山歌曲调为主，高亢清透，伴有延长音和颤音，优美动听。“赞达温”的歌词即兴添加，语言朴实，感情浓烈。仅有的一种乐器是叫“彭努哈”或“卡木斯堪”的口弦琴，音量虽微弱，但能吹奏出各种曲调。

鄂伦春族的舞蹈分仪式舞、娱乐舞、宗教舞三大类，共同特点是边歌边舞。动作由慢到快，动作激烈至高潮时结束。代表性舞蹈有“依和讷嫩”、“依哈嫩”、黑熊搏斗舞等。“依和讷嫩”是三年一次的氏族大会上进行的全族性舞蹈，十几人为一组，一人居中央，其余人手拉手围成圈儿跳。过去一个氏族集中起来传家谱和族谱时跳这种舞。流传于鄂伦春自治旗三人表演的黑熊搏斗舞，模仿黑熊搏斗嬉戏的内容，极富鄂伦春族传统文化的特色。表演时互相吼出“哈莫”、“哈莫”的声音，先由两人表演搏斗，最后第三者上来劝解。

鄂伦春人传统的婚姻由父母包办，实行一夫一妻的氏族外婚制，还实行间接的交错从表婚，经过求婚、认亲、过彩礼和结婚等过程，彩礼以马匹为主。严禁氏族内婚或性行为。男女婚姻多由男方托媒人求婚，一般求三次才成，第三次尤为关键。求成后，商定认亲、过彩礼的日期。在认亲的日子，男方要留在女方家，时间20天至1个月不等。女方要给未来的新郎换上用黑皮子镶边的新衣服和红布坎肩（背面和肩头绣有云纹），未来的新娘要把头发梳成两个辫子缠在头上，这是订婚的标志。在结婚那天，新郎和伙伴们以赛马的形式进入女方住地，经过一系列的仪式后，新郎当晚住在新娘家。第二天新娘被接到新郎住地。新郎的帽子上带貂尾和4个绣花飘带，新娘头上戴着饰品，男女都佩带猎刀，新娘在拜天地时头上蒙着花布。现在的婚姻形式与汉族基本相同。

鄂伦春人的葬式主要有风葬(也称树葬)、土葬和火葬，也实行过先树葬后土葬的二次葬。患急病的青年人和孕妇用火葬。人死后，穿好衣服头北脚南置于原来居住的“斜仁柱”内，用纸（过去还曾用桦树皮、兽皮等）蒙脸，其意是灵魂贴着纸尽快到阎罗王处。举行一系列的吊丧仪式后才能出殡。出殡前选一个有山有水的山坡下为墓地。出殡时由亲属和好友抬着棺材护送。如果死者的子女较多，出殡时请萨满送魂，以阻止死者灵魂危及子女。由死者家人扎一个草人，在草人上系很多线，子女各牵一条线，由萨满祈祷，最后萨满用神棒把线打断，将草人扔出，就认为死者的灵魂远去了。鄂伦春人有用死者坐骑殉葬的习俗，也可以将死者的衣物、马具驮于马上，绕葬地几圈以示殉马。鄂伦春人还要举行隆重的周年祭。

鄂伦春人的礼仪是以敬老为中心的。主要礼节有屈膝请安和磕头两种。晚辈人见到长辈要用请安礼，平辈人见面也要互致请安礼问候。磕头礼在祈神祭祖、婚丧、节庆等庄重场合施行。鄂伦春人非常尊敬老人和长辈。晚辈人在长辈面前要毕恭毕敬，长幼有序，行为得体。出远门前和回来后都要向长辈请安。出门或狩猎中遇到长辈，在相距很远的地方下马，步行迎上去请安，待长辈人过去后才能骑马行路。鄂伦春人热情好客，以诚待人，招待必尽诚意。天晚则留客人住宿。鄂伦春族男女有别，男客人不能坐儿媳妇和姑娘的铺位，女客人也不能坐男人的铺位。鄂伦春人各个家庭间有互相拜访的礼节。

“刻耶处”、“班吉”、“撒布卡”、“嘎拉哈”、赛马、射箭、射击、摔跤、拉杠、游泳、攀绳、爬杆、滑雪、滑冰、打秋千、扔石头、扳腕、拉钩等是鄂伦春人的传统游戏和体育项目。“刻耶处”是用木头制作的一种将牌，共120块，过去十分盛行。“班吉”是鄂伦春族的一种围棋，由棋盘和棋子组成，共37枚棋子。

鄂伦春族的禁忌主要有生产禁忌、妇女禁忌、生活禁忌、自然禁忌、动物禁忌等等。比如，狩猎前不能说能打到多少猎物，否则什么都打不到；女人不许坐在“玛路”上；妇女不许铺熊皮；对熊不能称熊，而称“太贴”；不能用刀或铁器捣火，否则冲犯火神；年轻人不能叫长辈人的名字等。"
赫哲族	"赫哲族是我国人口较少民族之一，共5354人（2010年）。目前，赫哲族分布于黑龙江、松花江、乌苏里江交汇构成的三江平原和完达山余脉，集中居住于三乡两村，即同江市街津口赫哲族乡、八岔赫哲族乡、双鸭山市饶河县四排赫哲族乡和佳木斯市敖其镇敖其赫哲族村、抚远县抓吉镇抓吉赫哲族村。据全国第五次人口普查，在全国4640名赫哲族人口中，黑龙江省境内为3910人，占全国赫哲人口的84.3%。

赫哲族居住的三江平原和完达山脉美丽、富饶。三江平原是冲积平原，面积约为8万平方公里。地势低平，海拔在50-100米之间，分布着平原、草地、湿地、泡沼。黑土层15-50厘米不等，自然肥力较高。三江平原气候湿润，年降雨量为500-600毫米之间，属寒温带大陆性季风气候，无霜期为135天左右。完达山是长白山系的一部分，位于三江平原的西南部，属中、低山脉，边缘地区为丘陵，海拔高度一般在800-1000米。

赫哲族居住的三江流域水产资源十分丰富。鳇鱼是非常名贵的鱼种，鳇鱼筋、骨作为珍品，曾常年向清王朝进贡，与“东珠”、“人参”并称东北贡品中的“三珍”。鲑鱼（大玛哈鱼）和鲟鱼为名鱼种。除此之外，“三花”、“五罗”（鳌花、鳊花、鲫花，哲罗、发罗、雅罗、胡罗、重罗）享誉黑龙江。

完达山脉有极为丰富的自然资源。属长白山植物区系的植物类有23个科39个属，为天然次生林。主要阔叶树种有松、桦、杨、槐、柞、核桃楸、黄波萝、水曲柳等；主要针叶树种有落叶松、红杉、樟子杉等。野果有山犁、都柿、山葡萄、稠李子、山丁子、山里红等。山野菜有木耳、猴头、黄花菜、元蘑、花脸蘑、榛蘑、白蘑、蕨菜、柳蒿菜、野韭、野蒜、江葱、山白菜等数十种。山林中栖息着各种珍禽异兽，哺乳类动物有26种，鸟类34种，两栖类动物6种，爬行类动物有2种。野兽包括东北虎、豹、熊、紫貂、梅花鹿、马鹿、獐子、野猪、狍子、貉、狐狸、水獭、鼬、草兔、灰鼠、狼、獾子、猞猁等。其中紫貂是历史上十分珍贵的贡品。

由于居住地域广阔，赫哲人的自称较多。过去，居住在今富锦市大屯以上松花江沿岸的人自称“那贝”；居住于今富锦市嘎尔当至街津口村的人自称“那乃”；居住于今同江市街津口村以下至乌苏里江沿岸的人自称“那尼傲”。这三种称呼中的“那”都是“本地”、“当地”之意，“乃”、“贝”、“尼傲”都是人之意。此外，原居住在下八岔以下地区和乌苏里江沿岸的人被称为“赫真”或“赫吉斯勒”，意为“下游人”或“东方人”；原居住于勤得利以上混同江和松花江沿岸的人还自称“奇楞”。“赫哲”是从“赫真”变音而来，是“黑斤”、“黑津”、“黑金”、“黑哲”、“赫斤”、“赫金”等名称的同音异写。“赫哲”作为族称最早出现于康熙二年(1663)三月。1934年凌纯声《松花江下游的赫哲族》一书出版后，“赫哲”作为族称广泛传播。

赫哲族语言系阿尔泰语系满—通古斯语族满语支，没有文字。

【历史沿革】

从赫哲人氏族的形成、演变的历史而言，赫哲族是一个分布广泛、多源多流的民族。

赫哲人先民是肃慎族系的组成部分，历史上包含于肃慎、挹娄、勿吉等古代民族之中。

唐代和渤海国时期，赫哲族先民与黑水靺鞨有密切的渊源关系，是其构成之一。唐开元十年(722)，唐宣宗封黑水靺鞨首领为勃利州刺史。唐开元十二年(724)，唐于黑水靺鞨之地设黑水军，唐开元十四年(726)，在黑水靺鞨设黑水都督，以本地首领为都督、刺史，唐派长史监领，共同管理其地，赫哲族先民归属其内。

辽代，属于生女真北支的一部分。辽重熙六年(1037)，设五国部节度使，赫哲族先民归属其内。

金代属生女真人的一部分。金收国元年(1115)，在松花江下游设置胡里改路，赫哲族先民归属其内。

元代为女真水达达人的一部分。元代归属女直水达达万户府和女直水达达路等。

明永乐七年(1409)，设奴儿干都指挥使司，赫哲族先民归属其内。明弘治年间始归辽东都司管辖。明代女真人分为三大系统，即海西女真、建州女真和野人女真，赫哲人是野人女真的重要组成部分。赫哲族先民的情况在此时逐渐清晰起来，各种文献对其描述也更为详细。至明末清初，赫哲先民从女真人中逐步分离出来，这为赫哲族共同体和民族认同意识的形成奠定了基础。明末，女真族再度崛起，而其推动力来自于建州女真。明初，建州女真主体胡里改部、斡朵里部、毛怜部分两路从松花江下游南下，经过分离、聚合，最后于明景泰初年会聚于浑河上源苏子河至婆猪江（今浑江）之间。16世纪末17世纪初，努尔哈赤逐渐统一了女真各部。1616年，努尔哈赤在赫图阿拉(今辽宁新宾)称汗，国号金，史称后金。海西女真原来亦居于松花江下游一带，明初逐步南迁，于16世纪30-70年代先后定居于辽河上游至松花江上游之间，形成哈达、乌拉、叶赫、辉发四部。

由于上述两大女真部落的逐渐南迁，特别是清政权建立后，满族的政治中心和主要活动区域移至关内，为野人女真留下了单独形成族体的空间。因此，明朝是赫哲族形成的孕育时期，经过200年左右分化整合，清初，赫哲族体进入了形成期。满族和赫哲族均主要出自于黑水靺鞨，尔后由于发展程度、分布地域的不同，于明代分化为建州、海西女真、“野人女真”三大集团。建州、海西女真后来成为满族形成的主体，而“野人女真”的一部分则形成为赫哲族。明末清初，“野人女真”分虎尔哈、尔瓦喀两部，赫哲族分为两部分：“住松花江、黑龙江两岸者，曰剃发黑金”；“住乌苏里、松花、黑龙三江汇流左右者，曰不剃发黑金……所谓使犬国也”。剃发黑斤与不剃发黑斤原属同一“额登喀喇”。我国的赫哲族和俄罗斯的那乃人主要是剃发黑斤的后裔，被俄罗斯学者错划为乌尔奇人的主要是不剃发黑斤的后裔。从1599年至1644年，努尔哈赤与清朝对赫哲人居住的地区用兵17次。入关前最后一次用兵共携回男丁720人、妇幼1820人，共2552人，全部分隶八旗。对赫哲族用兵的主要原因是“慢不朝贡”，“尔之先世，本皆我一国之人，载籍甚明，尔等向未之知，是以甘以自外”，以及认为“其性暴戾，当善为防之”的大民族主义意识，这说明清初赫哲族的人们共同体认同意识已经形成，与女真各部之间存在民族分界意识，赫哲族作为一个独立的人们共同体已经存在。清康熙五十三年(1714)，建立三姓城，设三姓协领衙门；清雍正五年(1727)，增设三姓副都统；清雍正七年(1729)，增设依兰副都统；清雍正十年(1732)，改设三姓副都统，隶宁古塔将军；清光绪八年(1882)，于嘎尔当设置协领衙门。清末民国初年，先后在桦川、富锦、同江、抚远、饶河等地建立州县制，赫哲族分辖于所在地的各县。

清朝政府征服赫哲族以后，用“编户”、“编旗”两种方法管理赫哲族，进一步削弱了其氏族制残余并加速了地域关系的形成，出现贫富分化，推动了赫哲民族共同体的发展。但赫哲民族体进入形成阶段伊始，清朝统治者就采取了削弱、同化的政策，人口不断流失。清入关前，编入八旗的赫哲人(佛满洲)融入满族中。清入关后，大量的赫哲人被编入“伊彻(新)满洲”，并逐步同化于满族之中。如清康熙十三年(1674)，将“虎尔哈部”赫哲人迁至宁古塔（今黑龙江省宁安市），编为40个“新满洲佐领”（额兵2000人）；清康熙五十三年（1714），将三姓地方赫哲壮丁1530多名编为4个“新满洲佐领”。清雍正九年（1731），三姓协领衙门升格为副都统衙门之后，大幅度扩充兵额。除800名由三姓赫哲族补充外，在八姓地方挑兵1000名。清入关后，仅康熙、雍正年间内迁编旗的赫哲人近60个佐领，其中31个佐领、万余人迁往盛京，余者留住吉林，两者相加共2万余人。这些被编入“新满洲佐领”的赫哲人，逐渐同化于满族中，成为满族入主中原的重要力量。

清政府的编户、编旗政策和任命赫哲头人为姓长、乡长和佐领等官职的做法，导致光绪年间赫哲族与汉、满族的大量杂居，进一步推动了赫哲社会地域关系的形成。清末，赫哲地区出现了棉线网和连珠枪等“快枪”，促进了生产的发展和渔产品的大量商品化。农业也传入赫哲地区。清末民国初，赫哲人中出现了大土地占有者和拥有大量渔猎生产工具的富人，他们通过出租土地和枪、马、渔具入股分成进行原始积累，加速推动了赫哲人社会的阶层分化。在广泛的地域关系和清朝国家社会组织机构取代赫哲人自身的社会组织及其功能的基础上，统一的赫哲族民族认同意识形成。以上，均是赫哲族民族共同体进入成熟阶段的标志。

赫哲族是一个有着顽强生命力的民族，在遭遇过多次人口剧减的历史灾难后，依然坚强地存续下来，并在新中国之后得到重新发展。据康熙末年记载，“三姓”副都统衙门所属赫哲族2398户，约1.2万多人。咸丰年间(1856-1857)，为5016人。民国初年左右，居住在松花江下游、混同江南岸和乌苏里江西岸的赫哲族约1600人。据凌纯声调查，民国十九年(1930)，松花江下游、混同江南岸和乌苏里江西岸的赫哲族有1200人，同时期俄罗斯境内的那乃人有1.1万人。由于疾病、历史上的屠杀等原因，1945年日本战败投降时，中国境内的赫哲族人口仅剩300余人，濒于灭绝。1953年全国第一次人口普查时，赫哲族人口恢复到450人；1964年全国第二次人口普查为718人；1980年全国第三次人口普查为1489人；1990年全国第四次人口普查为4254人。

历史上，赫哲人广泛分布于松花江下游、乌苏里江流域和黑龙江中下游直至库页岛的广大地域内。17世纪中叶，沙皇俄国侵入贝加尔湖以东地区和黑龙江流域。1689年9月7日中俄签订《中俄尼布楚条约》，赫哲人从此跨境居住，被人为地分割成两部分。1858年和1860年，沙俄强迫清政府签订不平等的《中俄瑷珲条约》和《中俄北京条约》，分别强占黑龙江以北、外兴安岭以南60多万平方公里和黑龙江以北、乌苏里江以东100多万平方公里的中国土地，赫哲人世代居住的广阔土地被沙俄霸占。

赫哲族面对外敌入侵，进行了顽强的抗争。1651年10月，沙俄哥萨克头目哈巴罗夫率军入侵乌扎拉村。赫哲、奇勒尔、满等居民约千人，于10月19日向哈巴罗夫入侵者的住地发起猛攻。赫哲人手持长矛和弓箭，与沙俄入侵者进行白刃战，但终因入侵者火力过强，伤亡117人，被迫撤退。1652年4月4日黎明，宁古塔章京海色率二千余骑兵，在赫哲等居民的配合下，向沙俄侵略者的冬营地“阿枪斯克”发起进攻。清军打死哈巴罗夫所率侵略者10人，打伤76人，其中包括哈巴罗夫本人。1649-1655年，在哈巴罗夫入侵黑龙江流域的6年中，共有233名入侵者被清朝军民击毙，占532名入侵者的半数以上，给侵略者以沉重的打击。1657年，沙俄侵略者入侵松花江流域三姓附近的尚坚乌黑（白石之意），抢劫赫哲等族居民的粮食、财物和貂皮。清军在赫哲等族居民的配合下，予侵略者以沉重打击。1658年7月11日，斯捷潘诺夫带领500名哥萨克入侵松花江口的赫哲等族居民的住地，宁古塔章京沙尔瑚达统率45艘战船、1400名清军与入侵者激战，侵略军头目斯捷潘诺夫毙命，只有47人逃走。1660年夏，沙俄军队入侵黑龙江下游和松花江交汇处，大肆抢劫赫哲族居民。清军在赫哲人的配合下，在伯力以北古法坛村附近伏击敌军，击毙入侵者60多人。沙俄入侵者最终被赶出黑龙江流域。

1931年“九一八”事变后，赫哲族奋起抗击侵略者。1932年，居住在苏苏屯和万里霍通屯的20多名赫哲族青年参加了东北抗日联军第六军。同年，居住在街津口、勤得利、哈鱼等地的40多名赫哲族青年参加抗日联军，被编为一个独立分队。1941—1942年,日伪当局为防止赫哲人“通苏”或参加抗日联军,在“治安肃政”、“强化治安”的口号下,实行了“坚壁清野,集村并屯”的反动政策,强行把居住在混同江沿岸的237名赫哲人赶离江岸,分别归并到各距江岸40～50公里沼泽地中的所谓一、二、三部落中。由于生存环境极其恶劣，加之疾病蔓延，这237人中死亡72人，占人口的30.4%。1943年5月22日，24名赫哲族偷渡到苏联，为苏军侦察敌情，充当翻译和向导。1945年9月20日，有4人被前苏联最高苏维埃主席团授予三级抗日奖章。在抗日战争期间，赫哲族军民英勇作战，为中国抗日战争的胜利做出了贡献。

历史上，赫哲人存在过“哈拉莫昆”的社会组织。“哈拉莫昆”有两种含义：“哈拉”原指氏族，后来为“姓氏”之意，“哈拉达”原指氏族长，后来清朝政府设姓长进行管理。“莫昆”是“族”之意，即家族或宗族，“莫昆达”即家族长或宗族长，后来清政府设乡长进行管理。一个“哈拉莫昆”原来是由同姓有血缘关系的各家庭公社所组成的。后来，血缘关系被打破，进入地域关系为主的村社阶段。“哈拉莫昆”的规模不等，有10户左右的，也有20户左右的。这实际上是父系氏族制和家庭公社的残余表现。“哈拉莫昆”组织的存在形式说明，此时的赫哲人正处于血缘关系向地域关系的演变过程中。

“哈拉莫昆”的大小事宜一般在内部解决，如事情重大，情节复杂，也邀请其他“哈拉莫昆”参与解决，不到万不得已，不诉诸官府。“哈拉莫昆达”管理生产生活、婚姻、丧葬等事宜。“有不法、不平诸事，则姓长、乡长集于证，公议处置。长（常）法杀人者死。余则视事大小，定班帛服物之多寡，令理屈者出之，名曰‘纳威勒’，至十头为止，小事纳一头二头，大事则纳十头，约值银数两，至百两以内。公议云然，两造心服，姓长、乡长始以丈叩地，遂成铁案。否则再议，有至数日数月不决者”。最初的“哈拉莫昆达”是由全体“哈拉莫昆”成员召开议事会，经选举产生的。须具有才能、威望和办事公正的人担任，多数是年事高、辈分大、有渔猎生产经验的人。尔后出现子承父业的现象，是父系家庭公社向地域公社进一步演变的表现。而由政府委派或任命，则说明外力作用在加速推动赫哲人进入地域关系。20世纪初，乌苏里江流域及东部沿海一带，以血缘关系为纽带的氏族联系基本消失其作用，而松花江中游赫哲人的氏族组织的作用消失得更为明显。清末民初，赫哲族社会出现了富有阶层，通过占有枪、马、渔具等生产资料入股分成；出现出租土地和雇工的现象。这说明，赫哲人的父系家庭公社的遗存和农村公社已失去存在的基础。

【风俗文化】

“衣鱼兽皮，陆行乘舟”是过去赫哲人渔猎生活的写照。赫哲族是一个渔猎民族，并且是北方少数民族中惟一曾以渔业为主的民族。他们在春、秋、冬三季捕鱼。在夏季渔闲期，渔民们修理捕鱼工具，为捕鱼季节的到来作准备。从开江的“谷雨”到“小满”的一个多月时间为春季鱼汛期，是网捕的好季节，可以捕获各种杂鱼。端午节前后，为捕捞鲟鱼、鳇鱼的旺季，可持续20天左右。从“白露”开始为秋季鱼汛期，是捕获大玛哈鱼(鲑)的好季节。封江以后冬季捕鱼开始，主要的捕鱼方法是用网打水趟子、“鱼涡子”和钩捕等。

经常使用的捕鱼工具有网、钩、叉、船。最常使用的网具是“拉网”，后来陆续增加了“抬网”、“扒网”、“旋网”、“丝挂网”、“趟网”、“圈网”、“铃铛网”等等。后期普遍使用趟网和挂网。钩具很多，比较原始的有捕鳇鱼用的“秋特乐”，没有倒钩，也不用鱼铒，一杆拴20-30把钩。后来快钩成为赫哲族渔民主要的捕鱼工具，一杆拴240至260把钩。其他还有“蹶达钩”、“蚯蚓钩”、“浪当钩”、“鳊花钩”、“毛毛钩”、“甩钩”、“底钩”等。鱼叉有叉大鱼的“活柄叉”，叉小鱼的“连柄叉”等。赫哲人擅用叉捕鱼：“尝于波平浪静时往江面认取鱼行水纹，投叉取之，百无一失，虽数寸鱼亦如探囊取物。从旁观之，不知何神异若此也”。随着技术的发展，赫哲人使用的鱼船也不断变迁。最古老的渔船是用一整棵杨木凿成的独木舟。最具特色的是桦皮船，具有轻盈、快捷的特点。木制“快马子”船也曾盛行一时。其他曾经使用过的船还有“舢板”、“丝挂船”以及新中国成立后使用的各式机器船等。

历史上，赫哲人的捕鱼活动一般以个体为单位。在集体捕鱼时，要选一位德高望重的人为“劳德玛发”，由他组织和主持捕鱼生产及分配。清末以前，集体捕鱼所得平均分配，并且照顾到鳏、寡、孤、独和未参加捕鱼的人们。渔场历来是公有的。

狩猎是过去赫哲人的另一项主要经济来源。狩猎活动一般要集体进行，推选一名“劳德玛发”领导。少则二三人，多则十几人，一般由亲属和好友组成。居住在松花江流域的赫哲人，主要以鹿和各种细毛兽为猎取对象；居住在乌苏里江流域的赫哲人，除鹿和细毛兽外，貂是其主要的猎取对象；居住在黑龙江下游的赫哲人，以猎取貂等细毛兽为主，辅以猎取鹿、熊、虎等大兽。

猎犬、弓箭(后来为枪)、马是最重要的狩猎工具。历史上，赫哲人亦被称为“使犬部”。弓箭是赫哲人最古老的狩猎工具之一，历史记载为“楛失石镞”，是赫哲族先民标志性的贡品。“激达”(扎枪)也是赫哲人古老的狩猎工具。后来，火绳枪、“洋炮”、“别枪弹克”、连珠枪、套筒枪、“毛瑟”枪、“三八式”枪、捷克枪等先后传入赫哲人地区，进入火器狩猎阶段。赫哲人在冬季惯用滑雪板狩猎，“骑木马蹿山跳涧”，“足踏木板，溜冰而射”。其他狩猎工具还有累刀、下闸、窟窿箭、夹子、扑貂网等。

赫哲人熟悉野兽的习性，狩猎方法花样繁多。赫哲人谙于捕貂，捕貂是狩猎的主要收入来源，“以毛皮为市，以貂皮为贡”。如在貂经常通过的路线做碓板捕捉；用烟熏貂洞，迫使其进入洞外的网内；设地箭触而射之等。赫哲人丰富的狩猎技术在猎鹿时表现得淋漓尽致。其猎法有围猎、蹲碱场、卡鹿道、诱猎。所谓围猎，就是几个人围住鹿，向隐藏射手的地方轰赶；鹿需要吃碱，猎人便蹲守在碱场下风口“守株待兔”；等候于鹿常走的道路附近伏击，即为“卡鹿道”；在鹿发情时，猎人模仿鹿的叫声，引诱其到猎人埋伏处，趁机捕杀。在猎取其他野兽时，赫哲人也同样掌握了众多熟练的技巧，显示出特有的智慧。

采集野菜、野果主要由妇女们承担，这是过去赫哲人饮食结构中必不可少的组成部分。

历史上的赫哲人拥有自己传统的手工艺。男人们主要制作船、铁质工具和从事编织、木工等。妇女们心灵手巧，是手工业的主体。她们以鱼、兽皮为原料，制作出精美的服饰和生活、生产用具。赫哲人用桦树皮制作出精品的制品，大到桦皮船，小到箱、碗、盒、桶、盆等数十种。各种桦皮、木制品及生产工具上雕刻有各种精美的图案，有云纹、花朵、鸟兽、山水风景等。虚实均匀，精致美观。

赫哲人的住房原始、简陋。临时住处有尖圆顶的撮罗子和地窨子、“温特哈”、草窝棚等。固定的住处有马架子、用草苫顶的正房。历史上的赫哲族还曾住过树屋，是巢居的痕迹。正房的东侧或西侧一般还搭建鱼楼子，存放鱼和兽肉干、粮食或其他物品。

赫哲人过去冬季用狗拉雪橇(拖日科衣)、滑雪板、马爬犁等；夏季用桦皮船(乌莫日沉)、舢板船、独木舟(乌同格衣)、“快马子”(威呼)等。“其快马以桦皮为之，长丈余，宽约二尺，两头渐窄，才容一人，其快如风”。狗拉雪橇少则套三四只狗，多则套几十只狗，在莽莽雪原上疾行如飞，日行百多公里，蔚为壮观。桦皮船大则需十余人划桨；轻便的如“桦皮快马”船，一人即可扛起，划行灵巧，是叉鱼和传递信息的得力助手。马是赫哲人狩猎骑乘和驮运物品不可缺少的朋友。

赫哲人的饮食以鱼、兽肉和野菜为主，小米是副食。赫哲人的饮食分生、熟两种。生食有鲜鱼和鱼、兽肉干；熟食则有鱼松、炖鱼、煎鱼、炸鱼、烤鱼、兽肉干、炖肉、炒肉、鱼肉粥等。鱼松是每餐必上的一道菜。生吃的鱼类有鲟鱼、鳇鱼、鲤鱼、白鱼、草根鱼、鲢鱼等。赫哲族常食拌菜生鱼，鱼被放血后，将剔下的鱼肉切成细丝，拌上野生的“江葱”和野辣椒，加适量的醋和盐。在春、夏、秋季，把活鱼和新鲜的鱼肉剔下，切成薄片，蘸醋、盐食用就叫“拉布特喀”；把新鲜鱼肉剔下，切成连在鱼皮上的薄片，用削尖的鲜柳条串上，放于旺火燎烧成三四分熟，蘸醋、盐食用，就叫“达勒格切”；将去皮的冻鱼削成很薄的冻鱼片(类似于刨花)，蘸醋、盐水和辣椒油食用，称之为“苏日阿克”，这是下酒之佳肴。

过去，赫哲人的服饰、被褥等用鱼、兽皮制作。居住在混同江沿岸、同江勤得利以上至松花江下游的赫哲人，主要用狍皮、鹿皮做衣料，只有靰鞡、套裤用鱼皮。勤得利以下至混同江下游、乌苏里江一带的赫哲人多以鱼皮做衣服。布匹虽然很早就传入赫哲人地区，但真正流行于清末。“男以皮为帽，冬则貂帽狐裘。妇女帽如兜鹜，衣服多用鱼皮，而缘以色布，边缀铜铃”，说的就是当时赫哲人的服饰状况。过去，赫哲人的兽皮服饰主要有：狍(鹿)皮大衣、狍(鹿)皮衣、裤，狍(鹿)皮被、褥，狍头皮帽子、手闷子、皮袜子、靰鞡等。冬季穿的衣裤用“成皮”缝制，绒毛多，皮板厚，暖和而耐用。春、夏、秋三季则穿初冬皮、大秋皮和夏季皮(红杠子皮)做成的衣裤，毛短，较凉爽。用鱼皮制作衣、套裤、靰鞡等。有的衣边饰以贝壳、铜铃、铜钱等饰件。

赫哲人的传统衣裤、鞋帽、被褥等绣有各种图案。衣领、衣襟、袖口、下摆、围裙、裤腿、帽耳、鞋面、烟荷包上绣有云纹、几何纹和各种花朵、蝴蝶等。还把鱼、兽皮剪成各种图样，再用颜料或天然植物颜料染成各种颜色缝上。尤其是妇女穿的衣服，托领、襟边、袖头、围裙上多绣或镶嵌各种云纹、花朵。过去还用鲜花颜色染于鱼兽皮衣服上，十分美观。把各种小布块剪成三角形、方形、菱形，拼成各种几何图案，做成被、褥。

春节是赫哲人最重要的节日。一些人家做“吐伙宴”面饼、稠李子饼和稠粥分送与邻居们。在除夕夜，还要进行一系列的祭祀活动。为亡者“烧黄钱纸和包袱”。屋内西墙供奉祖宗三代之位，锅灶上方供奉灶神，后来房子西南外墙供天地神。受满、汉民族的影响，也过元宵节、端午节、中秋节、“二月二”节、清明节、“腊月二十三”祭灶神等。现在，赫哲族聚居区的赫哲族过“乌日贡”节，以文体活动的形式庆祝丰收，日期为农历五月十五日。

赫哲人的乐曲主要是民歌曲调，分为“嫁令阔”、“伊玛堪”、“白本初”、“博布力”等。“嫁令阔”调是赫哲族音乐的基本调型，轻柔悠扬，用以歌颂美丽的大自然，抒发对家乡的山河、风光、沃土、旷野的无限热爱的心情。《乌苏里船歌》便是在传统民歌曲调《等阿哥》的曲调基础上创作的，不仅体现了传统民歌曲调的特点，而且有所创新和发展，是赫哲族民间音乐的瑰宝。

用铁丝、钢片制成的口弦琴是惟一的民族弹奏乐器，过去曾广泛流传于赫哲人中，但现在会演奏者寥寥无几。手鼓和腰铃过去主要用作萨满法器，后来被世俗化。在“跳鹿神”时，打手鼓、摆腰铃是群众性的活动，被当作民间乐器使用。

赫哲人的传统舞蹈多模拟捕鱼、狩猎和战斗的场面。天鹅舞表现了传说中的一位赫哲少女为了反抗封建婚姻，进行不屈不挠的抗争，最后被迫投河自尽变成一只美丽天鹅的故事。萨满舞有独舞和群舞两种。萨满独自一个人载歌载舞，即为独舞。每年春季开江后或是秋季封冻前，在晴空万里的日子，萨满率众人“跳鹿神”，腰铃晃动，手鼓齐鸣，相互竞技，各显其能，活脱脱的北方少数民族风俗图，这便是群舞。新中国建立后，这些宗教舞蹈已经匿迹，但经过提练升华，已衍变为现代舞蹈。

赫哲人是一个民间讲唱文学十分丰富的民族，包括“伊玛堪”(说唱故事)、“特仑固”(传说)、“说胡力”(故事)、“嫁令阔”(民歌)、谜语、谚语等。其中，最有影响的是“伊玛堪”。有大段大段的唱词，讲唱者绘声绘色地模仿老年调、青年调、男调、女调、求助调、胜利调等。“伊玛堪”讲唱者们以夸张的想象，丰富的民间口语，生动的比喻，模拟各种人物、动物对话，惟妙惟肖，使听者如身临其境。“伊玛堪”作品大多是长篇说唱，可以连续说唱几天几夜。大多数作品讲述的是古代氏族社会血亲复仇和部落间的战争。主人公是莫日根，他通过比武招亲和抢夺的方式拥有很多妻子。除莫日根外，还有两个必不可少的文学形象——萨满和神鹰“阔力”。萨满有善有恶，有男有女，具有非凡的法力，帮助各自的英雄。莫日根的妻子或姊妹，在危难的时候可变成威力无穷的神鹰“阔力”，帮助莫日根战胜敌人。有时甚至比莫日根还强大，战胜莫日根战胜不了的敌人。在“伊玛堪”作品中，不仅描写了英雄莫日根克服千难万险战胜强敌的场面，而且还描写了狩猎、宴饮、娶亲、结义、祭神等场景，反映了赫哲族古代生活状况。“伊玛堪”是一个具有悠久历史的渔猎民族流传下来的艺术瑰宝。

赫哲人实行氏族外婚，一夫一妻制，过去富户或官吏也有一夫多妻的。婚龄一般为十七八岁。过去婚姻仪式比较简单，《西伯利东偏纪要》云：“聘娶，男携酒壶入女家，先饮，后议银两数目，上者以绸缎羔皮代，次以布。女与父母俱允，即同宿一夕，再约期送女，不亲迎。时有同妆妇女三四俱乘船至门前，走行入户，女即执酒敬客，客以布为礼，亦敬翁姑兄嫂。陪嫁用桦皮为筐筥木杓。”但后来受满、汉民族影响较大，婚姻仪式趋于繁琐。改嫁不受限制，与初婚相似，但喜车无彩篷。现在，婚姻形式与汉族无太大区别。

过去，赫哲人的丧葬仪式有“二次葬”遗风：狩猎时死于山林者，用桦树皮或树枝裹尸，架于树上，也称为“树葬”；二三年后再行土葬。死于家中3日后埋葬。无棺，挖一个长方形的土坑，四周砌原木，上边搭棚盖，培土成冢。尸体屈膝仰卧于墓中，死者生前用过的一切器具作陪葬品。后来受满、汉族的影响，开始使用棺木。小孩死后不能埋葬，认为灵魂弱小，埋于地下无法出来，所以实行树葬或用桦树皮包裹起来，置于离住处较远的树林或山坡上。

过去，赫哲人还进行“档子”和“撂档子”仪式。男人死后第七天、女人死后第九天，将被褥放于死者生前睡觉的地方，旁边放供桌，每日供食、斟酒，以示死者灵魂仍在。送死者灵魂去阴间就称“撂档子”，一般在死后百日举行，后改为一、二、三周年时举行。“撂档子”仪式庄严、隆重。用苇席或白布搭一个棚子，做一个木偶(木古法)，穿戴起来代表死者，放入棚中。再请送魂萨满坐在木偶旁击鼓祷告3日。第三天晚上，将木偶放在雪橇上，送往西北方向扔掉。这时，送魂萨满站在高处向西北方向连射3箭，指示死者灵魂顺着箭的方向去阴间。仪式结束后，长辈以外的家人在墓前将死者的被、褥等烧掉，并脱掉孝服。

赫哲族的礼仪是以家长制为中心的，尊老并保持长者的权威是其礼仪的中心。过去，儿媳不能与公婆同桌用餐，并且要侍立门旁等候盛饭。弟媳不能与兄长当面讲话，有事时找人转达。“亲戚往来以抱见为礼”。晚辈见到长者，要行跪拜礼，长者吻晚辈之颊和额头。对客人以礼相待，必留吃饭、饮酒。对客人须奉上鱼头，以示敬意。现在的礼仪与周边其他民族趋同。

在20世纪50年代对街津口村的民族学调查资料中，赫哲人把一年分为12个月，每月均为30天。将30根小木条，削成同样宽、厚、长，中间穿孔，用绳子串好挂起来，一天移动一根，移动30根即为1个月。在同一时期对四排村的调查中，赫哲人对于四季的划分仍然以自然景象作标志。朝阳坡积雪的融化昭示着春天的到来；枝繁叶茂、鸟雀齐鸣则进入夏季；树叶色彩缤纷并开始凋零，说明秋天开始了；江河封冻则进入白雪皑皑的冬季。还用观测自然景观和物候的方法预测气候和年成。比如，日月有风晕就要出现风雨天气；雨后出虹则会晴天；下弦月雨雪不大，上弦月雨雪大。过去，四排村的赫哲人认为，春季第一次打雷时，由南向北亮，年成会好，反之则年成不佳。

过去的赫哲人习惯以碗、盆、桶、袋等物品代替容器，以此计算重量多少。清朝末年用一种木板制成的稍呈梯形的匣子作容器，容量是17.5斤。

赫哲人有很多游戏和传统体育活动。叉草球是赫哲族青少年非常喜欢的游戏活动，在每年的春秋两季进行。人数不固定，分为两队，每人手执一根长七八尺的木杈，先由甲队将草球向乙队掷去，乙队人人举杈叉球，叉住草球则前行若干步，否则后退若干步。然后乙队发球，甲队叉球，如此反复，超过事先划定的界线，即为胜方。后来规则有所变化，以胜的次数多者为胜方。连续叉中若干次者为胜。这种游戏最初是为了训练青少年使用“激达”(扎枪)的本领。此外，赫哲族的游戏和传统体育活动还有打冰磨、射草把、叉鱼、滑雪、射箭、滑冰、赛船、骑马、赛“狗拉雪橇”、打雪仗、摔跤、拔河、“拉棍子”等。

在社会生活和生产活动中，过去赫哲人用习惯法和禁忌约束人们的行为。在同一渔场许多渔民捕鱼时，要遵守已经相互商定好的轮流作业制度；猎场为公共所有，谁先到猎场，谁就获得了临时狩猎权；在狩猎前划分猎场，狩猎时不得越界乱捕等等。

赫哲人的禁忌主要表现在捕鱼和狩猎生产活动中，在捕鱼、狩猎的时候不准说怪话、谎话，认为这会触犯神灵，捕不到鱼、兽；狩猎的人相遇，一定要请到自己的住处吃一顿饭等等。妇女和孕妇被作为禁忌的重点：孕妇和月经期妇女不准到渔场和渔船上，否则捕不到鱼；妇女不能坐跨猎枪、子弹及其他各种捕鱼、狩猎的工具；不许妇女坐和跨男人的衣物；孕妇不能劈鱼头，否则婴儿畸形；妇女不能用脚踢船头，否则会失去福气等。"
门巴族	"门巴族总人口共有10561人（2010年），主要分布在我国西藏自治区东南部的门隅和墨脱地区，错那县的勒布是门巴族的主要聚居区。

“门巴”意思是“生活在门隅的人”。“门巴”既是自称，也是藏族和其他民族对他们的称呼。由于居住地域的差异以及历史上的民族迁徙，各地门巴族还有一些其它称呼，如自称“主巴”、“勒波”等。墨脱是门巴族另一重要聚居地。墨脱位于门隅的东北方向，古称“白玛岗”，藏语义为“隐藏着的莲花圣地”。200多年前，一部分门巴族分别从门隅和主隅（今不丹）地区东迁墨脱，形成了门巴族东西分布的格局。

门隅地区位于喜马拉雅山南麓，珞瑜以西。这里气候温和，雨量充沛，山峦绵亘，河流湍急，土地肥沃，物产丰富。墨脱地处喜马拉雅山脉东段最高峰南迦巴瓦峰的南坡，雅鲁藏布江贯穿全境，形成数百里长的世界最大峡谷雅鲁藏布大峡谷。墨脱北高南低，由北部高山海拔5000余米降至南部深谷海拔500米，境内层峦叠嶂，沟壑纵横，江河切割，山川壮丽。墨脱属山地亚热带湿润气候区，雨量丰富，四季如春。

由于得天独厚的地理条件和气候条件，门隅和墨脱地区资源和物产十分丰富，森林密布，生长着松、柏、桦、青杠、枫、杉、楠、竹等，木材储藏量极为丰富。药材有天麻、三七、黄茋、雪莲、当归、党参等几十种。珍稀动植物众多，如墨脱境内的高等植物就有3000余种，野生动物数百种，其中属国家重点保护的就有40多种，堪称西藏天然的植物园和动物王国，墨脱已成为国家级自然保护区。

门巴族有自己的语言门巴语，属汉藏语系藏缅语族藏语支。方言差别较大，无本民族文字。门巴族人民和藏族人民长期友好往来，互通婚姻，在政治、经济、文化、宗教信仰、生活习俗等方面都有十分密切的关系，因此多通晓藏语，通用藏文。

1964年，门巴族被我国政府正式确认为单一民族。

【历史沿革】

根据神话传说、藏文文献记载和考古材料可知，门巴族族源是门隅的土著群体与来自于西藏高原北部的群体互相融合而来的。经过漫长的历史发展，大约在吐蕃王朝统一西藏诸部以前，门巴族已经形成。

公元7世纪，门隅地区归入吐蕃地方政权治下，门巴族成为吐蕃的属民。823年立于拉萨大昭寺前的《唐蕃会盟碑》记载：“此威德无比雍仲之王威严煊赫，是故，南若门巴……等虽可争胜于疆场，然对圣神赞普之强盛威势及公正法令，莫不畏服俯首，彼此欢忭而听命差遣也。”元至正六年（1346）的藏文史籍《红史》记载，早在松赞干布时代“南自珞与门……等均置于吐蕃统治之下”。成书于1564年的藏文史籍《贤者喜宴》载：“如是……南方之珞与门……等，均被收为属民。”从这些古藏文史料可以看到，藏族与门巴族以及珞巴族在久远的古代就有着紧密的联系，从吐蕃王朝开始，藏族与门巴族和珞巴族在政治、经济和文化上的联系不断得到加强。

13世纪中叶，门隅被纳入西藏萨迦地方政权的治理之下，成为元朝的一个行政区域。14世纪至16世纪，西藏噶举派势力帕木主巴政权和藏巴汗政权统治西藏，门隅成为噶举派的领地。这一时期，对门巴族的历史发展产生了巨大影响。西藏地方政权在门隅委派官员，设驿站、税官、关卡和集市，以及传播佛教和兴建寺院，这一切，对门巴族的部落社会和村社组织产生了强烈的冲击，原始村社组织在继续维持原有性质和职能的同时，又增加了担负向西藏地方政权和领主缴纳贡物、差役和赋税的任务，门巴族人民开始逐渐沦为农奴。

17世纪中叶，藏传佛教格鲁派取得了西藏地方政权。五世达赖喇嘛为加强对门隅的治理，派他的弟子和密友、出生于门隅梅惹萨顶地方的门巴族高僧梅惹•洛珠嘉措到门隅传教和执政。洛珠嘉措积极采取措施治理门隅，改宁玛派寺院达旺寺为格鲁派寺院，并进行了大规模扩建，使达旺寺成为门隅的第一大寺，成为格鲁派在门隅地区的政教中心。1656年，五世达赖喇嘛令西藏地方政府委派两名“拉涅”（总管），协助梅惹喇嘛管理门隅的行政事务。达旺寺建成后，五世达赖喇嘛和西藏地方政府赋予了达旺寺很多特权，如委派下级官员，征收赋税，实行“僧差制度”，会同政府官员管理门隅等。为了扩大达旺寺的影响，加强对门隅的政教统治，五世达赖喇嘛于1680年亲自给梅惹喇嘛颁封了封文。

18世纪初，西藏地方政府在原管理措施的基础上，进一步完善对门隅地区的行政管理体制，在门隅建立地方行政机构，清查户口，颁布封文律令。在行政区划和建制上，按照不同地域和传统习惯，参照西藏其它地方实行的行政区划制度，将门隅地区划分为32个“措”或“定”（相当于乡一级行政机构，大的“措”与区一级机构相当）的地方行政组织。在“措”或“定”的基础上设有四个“宗”，即江噶尔、森格、德让和达隆宗。“宗”的建制相当于现在的县一级政权，有的小“宗”相当于区一级政权。为了管理“措”或“定”以及“宗”的行政事务，西藏地方政府在达旺设立了“达旺细哲”（意为“四联”）的行政管理机构。“细哲”指由四个方面的代表组成的联合管理委员会，即西藏地方政府委派的拉涅，一僧一俗各代表一方，哲蚌寺洛色林扎仓所派的达旺寺堪布，达旺寺扎仓代表。“达旺细哲”是管理日常行政事务的常设机构。19世纪中叶，西藏地方政府强化“达旺细哲”的管理职能，于1853年，授予错那宗僧俗宗本参与管辖门隅的权力，组成“达旺住哲”（意为“六联”）的更高一级的行政管理委员会。在“达旺住哲”的基础上，加上西藏地方政府拉恰勒空委派的错那宗“哲珠”（购米官），组成“达旺顿哲”（意为“七联”）的会议。“达旺顿哲”不是常设机构，通常只解决通商贸易问题，只在一些特殊情况下才召开会议。还有“达旺古哲”的“九联”会议，它是在“六联”的基础上增加达旺附近门尼玛三部即夏日措、斯如措和拉乌措的头人，主要解决措与措、村与村之间的纠纷。当遇到最紧急的事关整个门隅地区利害关系的重大事件时，“达旺住哲”会同门隅各部头人组成“达旺塔措”会议。以上不同层次的常设和非常设机构，发挥着各自的行政管理职能，封建农奴制统治在门隅得到了进一步强化。

18世纪时，封建农奴制在门隅的统治已较为完备。一方面，西藏地方政权加强对门隅的治理，保障了西南边陲的稳定，巩固了祖国版图的完整与统一。另一方面，西藏三大领主——官家、寺院和贵族也加紧了在门隅的巧取豪夺，使曾长期生活在这里的门巴族人民不堪忍受。沉重的乌拉差役（乌拉差役是指赋税、差役、地租等内容的统称，“乌拉”一词是无偿劳役的意思，种类繁多，包括各种劳役、捐税、地租等。），加上连年的地震水灾和层层压榨，致使许多人户家破人亡、流离失所，他们渴望着一个没有压迫、没有剥削的好去处。这时，传来了东部的白玛岗是一个“不种青稞有糌粑，不养牦牛有酥油，不修房屋有房住”的佛乐胜境的美丽传说，给绝望中的门巴人带来了希望，引来了门巴族千里迢迢的长途迁徙。

门巴族的迁徙经历了一个漫长的过程。最早迁往墨脱的已有10代人，最晚的距今有6代人，他们定居在白玛岗地区雅鲁藏布江沿岸。在墨脱，今天还能看到与他们东迁历史有关的许多遗迹，一些村庄也沿用了原籍时的地名和村名，如德尔工、地东等。部分门巴族迁居白玛岗，形成了门巴族东西分布的居住格局，给门巴族的社会发展带来了深远的影响。

1844年，英印总督派驻印东北边境代办詹金斯少校压服6名门巴族头人，强行租借门隅的吉惹巴惹地方，迫使门巴族放弃对概里巴拉山口以南的管辖，引起门巴族群众的强烈不满，埋下了反抗斗争的火种。1872年冬，英占达让区副专员郭惹亨少校，趁英方与不丹划界之机，也向当地门巴族头人提出划清达旺与英方的边界，当即遭到门巴族头人的坚决拒绝，表现出门巴族人民决不妥协的坚定爱国精神。

1913—1914年，英国政府代表享利•麦克马洪在西姆拉会议上，以讹诈和欺骗手段诱使当时的西藏地方政府代表夏扎•边觉多吉与其进行秘密交易，将门隅、珞瑜和下察隅9万平方公里的土地划入英印版图，这就是臭名昭著的“麦克马洪线”。“麦克马洪线”一出笼就遭到中国政府和西藏的藏族、门巴族、珞巴族等各族人民的坚决反对，中国中央政府始终不承认所谓的“麦克马洪线”。英殖民主义者侵略的野心仍然不死，他们先是假借考察、探险等名义加紧渗透，或是通过挑拨藏、门之间的民族关系扩大势力范围，但均被门、藏等各族人民所识破。1938年，英国派一支远征队于4月到达达旺，立即遭到门巴族人民的坚决抵制，迫使英国远征队撤退。1944年初，侵略者武装侵入门隅德让宗，当即遭到错那宗政府、“达旺住哲”和门巴族广大群众的激烈反对。

1947年之后，脱离英国而独立的印度政府，继承了英国政府对中国西藏的领土占领，企图把英国政府未实现的侵占计划加以实现。1947年，控制门隅色拉山以南的印军，下令不准色拉山以北的门巴族群众向西藏地方政府支差纳税，立刻遭到该地区群众的强烈反对。1951年2月7日，印军进占门隅中心达旺。达旺僧俗群众自动集会，要求印军退出达旺，要求错那宗宗本收回门隅失地。错那宗政府当即向西藏地方政府报告了印军的侵占情况。根据西藏地方政府的指示，错那宗政府和达旺寺堪布坚持向门巴族百姓征收赋税，直至1953年才被迫中断。门巴族人民面对殖民主义扩张势力和外国侵略者时表现出了凛然正气和铮铮铁骨。门巴族人民为维护国家主权和领土完整，为保卫祖国西南边疆做出了重大贡献。

西藏和平解放前，在门巴族社会中，封建农奴制统治与门巴族原始村社组织同时并存。对于三大领主来说，领主是领地范围内的生产资料如土地、山林、草场、河流的最高所有者，领地范围内的门巴族全体民众是领主的农奴，而对于墨脱地区村社组织的门巴族居民来说，村社范围内的生产资料由集体占有，村社内部成员之间没有等级划分和阶级对抗，民族内部贫富悬殊不大，阶级分化不明显。在门巴族传统社会中，封建农奴主是利用原始村社组织形式来推行封建农奴制的，封建农奴制与门巴族的原始村社结合形成了一种复合社会形态，这是门巴族社会形态的基本特征。

西藏三大领主为强化对门巴族人民的统治，在门隅逐渐建立了一套完善的政治统治机构。西藏和平解放前，门巴族地区被划分为若干个“措”或“定”的行政单位（相当于县下边的区）。墨脱划分为5个措，门隅划分为32个“措”或“定”，在“措”或“定”的基础上设有四个“宗”，即江噶尔、森格、德让和达隆宗。江噶尔宗宗本由错那宗任命；森格宗宗本由江噶尔宗本兼任；德让宗和达隆宗宗本由达旺寺扎仓会议任命。

错那宗本，可以委派门隅部分地区的楚巴（税官）。楚巴直接向宗本负责。楚巴不仅收税，还有行政和司法的职能。楚巴实际上成了宗本的代理人，楚卡（收税处）就是宗政府的派出机构，在基层政治结构中具有重要地位。

门隅各措（定）没有措本的设置，各措有一至二名“根保”（有的地方叫提根）。根保要听命宗本和楚巴的差遣，传达农奴主的旨意，推派差赋和乌拉，调解民事纠纷和处理村内行政事务。根保3年一任，一般是在上年岁的差巴中轮流担任。根保之下，设一“格米”，为根保干一些送信跑腿方面的杂务，由差巴轮流担任，经常轮换。

西藏地方政府通过各级行政机构，在门巴族地区清查户籍，支派乌拉，征收赋税，行使司法权力。

门巴族以村落为单位聚居，在一个村落内包含有若干父系家庭。早期的氏族血缘纽带已经破裂，地缘关系代替了血缘关系成为政治和经济基础，门巴族的村社公有制就是在地缘关系基础上建立起来的。门巴族村社有明确的地域界限，村社与村社之间通常是以山脊、河流、溪涧为标志，彼此不可随意侵越。村社占据的地域称“基萨”，意为“公地”，在村社基萨范围内的土地、草场、山林和荒地归村社公有，村社内的个体家庭只有使用权和使用继承权，没有买卖权。绝嗣者的土地仍归还村社公有。封建农奴制确立以后，由于整个门隅和墨脱归属不同领主所有，原先分配给村社成员的土地、草场等也随之成为领主的份地，收入不再完全归村社成员所有，大部分以支付差赋等形式被领主无偿占有。

每一个村社组织都有一个村社长，门隅门巴族称之为“格琼”，墨脱门巴族称之为“学本”。村社长由全体成员民主推举产生，一般是推举办事公道、能说善辩、在群众中有威信的人担任，任期一年。格琼和学本没有特权，没有薪俸，平时同村社成员一样地参加劳动，一样地交纳差赋劳役，是村社平等的一员。在门巴族地区实施封建农奴制统治以前，村社长替代了氏族头人而行使地缘公社头人的职责，主要任务是组织和主持村社的生产、分配，协调村社内部事务，执行习惯法，代表村社对外联络与谈判等。待到实施封建农奴制统治以后，复合的社会形态，又使村社长增加了负责传达官家领主等指令，组织交纳差赋劳役等任务。

在门巴族的农业生产活动中，集体轮作制和伙有共耕制普遍存在。所谓集体轮作制，是指本属私人占有的耕地，却采用集体轮作的方式耕种，多在刀耕火种上采用。互相借地不是几户人家之间的私人协商，而是全村各户必须遵守的原则和应尽的义务。这种私人占有土地而集体轮种的耕作制度，是门巴族原始公社时期定期分配耕地的残余形式。伙耕制在墨脱门巴族中大量存在。种植玉米时，由三五户人家自愿结合，伙有共耕，一道砍伐山林，种子均摊，收获物均分。除伙耕外，门巴族在农事生产中互相换工十分普遍，互相合作的风气很浓。直到今天，农村实行联产承包和包产到户，但伙耕、换工和互相合作的习惯仍未改变。

门巴族村社内部的人际关系保持着平等和谐的道德风尚。在生产、生活的各个方面，如伙耕、建屋、婚娶、待客等，村社成员都视为自己份内的事。互帮互助，集体友爱，平等民主的原始村公社精神还有较多的保存。

1951年西藏和平解放，1959年西藏进行民主改革，彻底废除了封建农奴制度，门巴族人民和西藏各族人民一道，实现了社会发展的历史性飞跃，获得了民族新生。

1959年7月，墨脱县人民政府宣布成立；同年，错那县原勒布四措撤销，成立了勒布区，下设麻玛乡、基巴乡、贡日乡和勒乡4个乡。门巴族地区各级人民政权的建立，广大门巴族农奴在政治上翻身得解放，当家作主成了国家的主人。党的民族区域自治政策在门巴族主要聚居地得到了全面落实。林芝地区墨脱县是以门巴族为主体的边境县，县的历届主要领导都由门巴族担任。林芝县排龙乡是门巴族在林芝县的集中聚居区，根据该地的实际情况，专门成立了林芝排龙门巴民族乡。山南地区错那县勒布区是最早建立门巴族自治政权的地区，为了加强该地区的管理和扶持力度，撤销了勒布区的建制，成立了勒布办事处，仍下设麻玛等4个门巴民族乡。今天，从地方到全国的历届人民代表大会和政治协商会议中，都有门巴族的代表和委员，直接参加国家和地方管理。

【风俗文化】

门巴族的生产方式主要有农业、牧业和手工业。农业是门巴族主要的经济生产方式。门隅的农业比较发达，以较为精细的锄耕和犁耕为主，墨脱以刀耕火种为主。门隅腹心及以南地区的农作物主要有稻米、小米、高粱、玉米、青稞、大豆等。门隅北部的勒布、邦金一带以生产荞麦和小麦为主。墨脱地区种植玉米、鸡爪谷、水稻和青稞等粮食作物。门巴族地区气候温和，瓜果蔬菜品种丰富，有萝卜、卷心菜、黄瓜、南瓜、冬瓜、辣椒、茄子等几十个品种。

牧业生产是门隅门巴族的重要经济活动。门隅北部有许多水草丰茂、草质肥美的天然牧场，为门巴族从事牧业生产提供了优越的条件。畜牧产品主要有酥油、奶渣等乳类制品和牛肉、牛毛、牛皮等。这些既是门巴族人民的生活必需品，又是他们用以交换的重要物资。

狩猎在墨脱门巴族传统的生产活动中占有重要地位。墨脱有着浩瀚的原始森林，栖息着种类繁多的飞禽走兽，为门巴族的狩猎活动提供了丰富的动物资源。门巴族的狩猎活动多在夏、冬两季，夏季以捕猎香獐为主，冬季以捕猎野牛为主。现在墨脱已建立国家级自然保护区，传统的狩猎活动受到了较大的限制，野牛、羚羊、香獐等动物已禁猎，人们只能捕猎山鼠、野鸡等非保护类动物。

门巴族的手工业有竹木器、石器制作、金属加工以及造纸等门类，其中以竹木器制作最为发达和最具特色。门巴木碗久负盛名，门巴竹器远销西藏各地，享誉藏区。

门巴族传统的交通工具十分简单，无代步工具。运输时，门隅门巴族有时使用畜力，墨脱门巴族则完全靠人背运。人力、藤筐和竹筐，外加一根“丁”字形手杖，是门巴族外出时常用的交通工具和运输工具。在门隅和墨脱地区，河网密布，桥梁纵横，既有溜索桥和藤网桥，也有竹索桥和木桥，最具特色的是藤网桥。一座座藤网桥像一条条蛟龙飞腾在江河溪涧之上，成为门隅和珞瑜地区特有的景观。

在日常生活中，门巴族的主食主要有荞麦饼、玉米饭、大米饭和鸡爪谷糊。玉米饭是墨脱门巴族的主食。鸡爪谷，谷穗形似鸡爪，故得名，产于墨脱和珞瑜地区。鸡爪谷的食用方法一般是炒熟后磨成面后干食，也做成黏坨食用。鸡爪谷还是酿酒的优质原料。墨脱门巴族酿造的“邦羌”酒，主要是以鸡爪谷为原料酿制成的。在门隅南部和墨脱地区出产稻米，因而米饭也是门巴族的重要主食。

在门巴族饮食结构中，常见的蔬菜品种有白菜、萝卜、元根、土豆、黄瓜等。门隅和墨脱森林茂密，盛产野生蘑菇和木耳。蘑菇种类繁多，味道十分鲜美。

门巴族日常生活中饮料有酒和茶两大类别。酒有“邦羌”、米酒和青稞酒，茶有酥油茶和清茶。石锅是门巴族特有的煮饭做菜的炊具。石锅传热慢，炖肉做饭可保持食物的原味，十分鲜美，深受人们喜爱。门巴族居住地区多竹木，餐具主要是用竹木制作。其中最有名的是门巴木碗。木碗以桔红色为主调，明亮、华丽，造型丰富，线条流畅，富有动态美。

在门巴族饮食礼仪中，饮酒习俗丰富而具有特色。门巴族善饮酒，大至婚丧嫁娶、宗教礼仪，小到日常杂活、谈天说地，均离不开酒。

门巴女性服饰绚丽多彩。门隅达旺一带的妇女穿称为“堆通江坚”的花上衣，衣服上绣缀有人、牛、太阳和各种花卉的彩色图案，色彩用白、蓝、黄、红四色搭配。妇女穿白短内衣，下体穿筒裙，筒裙由条纹花布做成。勒布、邦金等地妇女穿内衣和外罩衣，围白色氆氇裙。外罩衣服长及小腿，质料系羊毛织成的氆氇呢，色彩为红色和黑色，斜襟右衽，衣角开口，用孔雀蓝布压边，无领、无扣、无衣袋，穿者腰部围一条称为“金玛”的白氆氇做的围裙。墨脱门巴族妇女喜欢穿白色的无领、圆口、搭襟小上衣，一般不穿外罩衣服，下身喜欢穿有竖条花纹、下边带飘穗的筒裙。妇女系腰带，腰间佩挂小腰刀。墨脱门巴族崇尚白色，反映在服饰穿戴上男女上衣均以白色为主。

在勒布地区，妇女有一件不同于其他地区门巴族妇女的特殊装束，这就是披挂在她们后背上的那张完整的小牛皮。披挂时，小牛犊皮毛向内而皮板朝外，头部向上直抵披挂者颈项，牛尾朝下，四肢向两侧伸展。

门巴族男子的服装有外套、内衣和长裤等。长外套用羊毛纺织的氆氇作料，衣长达膝，斜襟右衽，立领长袖，无扣和衣袋，镶蓝色滚边，外套以红色为主，穿衣时系红氆氇腰带。内衣一般用白土绸作料，斜襟右衽，无领。

达旺一带的门巴族妇女戴一种称为“古奥洛木”的帽子。这种帽子由牦牛毛编织而成，圆顶，帽沿有五角，垂吊5根缨穗，戴时，1根穗子对准鼻梁正中，另4根在侧面和脑后，芒果一带的妇女帽形似达旺帽，前后缨穗有18条之多。邦金妇女的帽形亦似达旺帽，虽没有飘逸的穗子，但在帽沿上插一支孔雀翎或雉鸡尾，鲜艳夺目，别致美观。勒布一带的门巴族男女戴一顶别具特色的小帽，门巴语叫“巴尔霞”。“巴尔霞”的圆顶用黑氆氇呢制成，帽围是用红色氆氇或红色毡绒缝制的二寸高的筒状，翻沿部分用的是桔黄色毡绒，镶以孔雀蓝沿边，并留一楔形缺口。戴时，习惯将缺口对着右眼的上方。过去女帽色料全用黄色，帽沿缀有垂至眉际的五彩色线穗子。

门巴族妇女的饰品有耳环、项饰、腰带、手镯、戒指等。男子蓄长发，佩戴耳饰，胸前喜戴一菱形“嘎乌”，腰佩长刀，挽弓挎箭，十分刚健英武。

门巴族民居主要有碉房式石楼和干栏式木屋两类。石楼的屋顶用木板苫盖，有苫檐伸出楼壁，楼顶两面坡倾成人家形。石楼基座大多为长方形，楼壁垂直高耸。基座和楼壁全用石块砌成，不用挂梁。楼屋之间铺排木板。门巴石楼一般分作3层，底层供圈养牲畜使用，中层是住人的居室，上层堆放粮食和杂物。

干栏式木屋，是墨脱门巴族的房屋建筑。门巴木屋的建筑为竹木结构，一般为三层。底层无围墙，供拴养牲畜用，第二层为人居住的住室。住室的外侧有宽大的外走廊，兼作晒台，是人们编竹器、做木活的场所。底层与外走廊相连接的是一架用粗大的圆木砍凿成的木梯。第三层存放杂物。屋顶为两面坡人字型。门巴族粮仓与木屋是分开建的，一般相距数米或十几米。门巴族修房造屋，从选择地基、开工到落成竣工，有丰富的习俗和礼仪。

门巴族的节日文化丰富多彩，年节礼俗引人入胜。墨脱门巴族以十二月为岁首。从藏历11月开始，人们就做过年的准备。大年初一早上鸡鸣第一遍时，全家人就起床，穿新衣，互致问候祝福，每人喝一碗用酥油、奶酪、“邦羌”和鸡蛋煮制的饮料。从初二开始，门巴族以村寨为单位，全村人集中一起，轮流去各家聚餐。这期间，欢歌笑语不绝于耳，人们除载歌载舞欢度佳节，举行射箭、抱石、跳高、拔河等体育竞技和游戏活动，整个村寨沉浸在欢乐的海洋中。

门隅门巴族过新年是从藏历元月初一至十五日为节庆日子。新年前夕，家家户户大扫除，用面粉调成糊状，在门、墙和椽条上面涂各种吉祥图案。12月29日除夕之夜，各家均要喝一种用面团、肉块等9种食物煮的粥，以示生活富足。许多人家还准备一个叫“切玛”的五谷斗，内装炒青稞、糌粑面等物，预祝来年风调雨顺，五谷丰登。大年初一清晨，各家主妇争相早起，抢先到平常汲水的地方背回第一桶水，认为新年最早背回的水是雪山顶上狮子流下来的奶汁，象征财富，谁背到第一桶水最吉利。初一合家欢聚，不走亲串户。从年初二开始，人们走村串户，探亲访友，相互道喜。到别人家串门时，妇女必须走在前面先进屋，切忌男子先串门进屋。门巴人认为，新年时来客是妇女，预示着家中猪牛会多生母畜，是六畜兴旺的好兆头。节日期间，人们欢聚一堂，唱歌跳舞，还开展人们喜闻乐见的游艺活动。节日期间还有一个大型活动，就是门巴戏的演出。各村寨都有业余戏班，届时演门巴族传统剧目《阿拉卡教父子》和《卓娃桑姆》等，全村不分男女老幼都去观看，甚为热闹。藏历十五日，是整个节日的最后一天，全村男女集体聚会，共同分享各家准备的美味食品。家家房顶上竖立旗杆，悬挂经幡，祭天祈福。

妇女怀孕后，仍从事劳作和家务。门隅妇女过去必须回娘家生第一胎，现在仍以在娘家生孩子居多。墨脱门巴族在哪里生第一胎由生育妇女决定。妇女生产时，由老阿妈或家人接生。孩子出生后，乡里四邻、亲朋好友携带蛋、肉、黄酒等前来祝贺，但来人不能进产妇的屋子。

门巴族青年婚前社交比较自由，一般女子在十六七岁，男子在十八岁左右，男女之间便可自由交往。青年男女经过一段时间的交往，双方有了感情后，征得双方父母的同意，便可请媒人或由父母亲自去对方家提亲。一般是找与自家关系好、能说会道、有一定威信的人充当媒人。去时带上几竹筒酒和数条哈达，给对方家倒“喜尔羌“（求婚酒）和敬献哈达，对方同意这门亲事就会喝酒并收下哈达，然后择期举行订婚仪式，订婚后一般要半年或一年以上才能结婚。

结婚之日，迎亲人着节日盛装，带着哈达和青稞酒到女方家迎接新娘。娘家送亲人有舅、姑、兄弟等亲戚，新娘父母不随队伍前往，由男家派专人来迎接。迎亲途中男方家要敬女家3道酒，有专门安排的敬酒人在路旁恭候。新娘到男家后即被带入内室，脱去从娘家穿来的衣服首饰，里里外外换上婆家准备的一套东西，表明新娘从此属于婆家人。换好衣后新娘和新郎入座，乡亲们向一对新人和娘家客人献哈达、敬酒，唱诵颂词和吉祥歌。婚礼第二天，娘家以舅父为主的客人借口酒不香浓、敬酒女无笑颜为由开始发难，挥舞拳头捶打桌子，掀翻酒碗杯盘，责骂男家，婚礼出现戏剧性的场面。男家会急忙端上好酒好菜，向娘家人赔罪，请求原谅，闹剧最后以舅父接受男家的“赔罪酒”而平息。婚礼第三天，新郎家要为新娘的父母及亲属在一个专门的房间设丰盛的酒宴，一边喝酒吃饭，一边商量新娘何时落户夫家。娘家客人在酒宴上要给新娘送些钱物，舅父及父母依次劝慰女儿，教训女婿。临近傍晚时，酒女和歌女手捧大碗酒，边歌边舞给娘家人敬“杂羌”（送行酒），这时新娘的亲属们挥舞着哈达，唱起急促的短调“回去歌”，蜂拥而上，将新娘从婚宴上抢走。新郎的亲属们也挥舞着哈达，唱着“归来歌”，急忙追出门外去抢夺，最后由媒人出面才能平息“风波”。婚礼期间，人们饮酒狂歌，欢跃舞蹈，通宵达旦。整个婚礼高潮迭起，风趣多姿。

门巴族的葬式有土葬、水葬、火葬和天葬，还有少量的屋顶葬和屋底葬。有一次葬，也有二次或三次葬型的复合葬。

门巴族的音乐是与歌、舞、戏剧结合一起的。门巴族的音乐歌体有萨玛体、卓鲁体、加鲁体和喜歌体等。萨玛歌体多用于节庆、婚礼、亲朋欢聚等场合。在敬酒时演唱，故又称为萨玛酒歌。卓鲁意为牧歌，相传是由门巴族的牧业始祖太波嘎列创作的，流行于门隅地区。卓鲁体曲调舒缓宽广、高亢而绵长，除牧人在生产劳作时歌唱外，还用于叙事诗的演唱。加鲁意为情歌，曲调细腻而流畅。喜歌体以卡萨喜扎为代表，曲调活泼欢快。门巴族的传统乐器有“里令”（双音笛）、“塔阿让布龙”（五音笛）、“基斯岗”（竹口琴）和牛角琴。

门巴族的舞蹈最有特点的是“巴羌”、“颇章拉堆巴”和牦牛舞等。“巴羌”意为跳神舞。舞蹈多模拟鸟兽形象，有牛舞、猪舞、鸟舞、犬舞、大鹏舞等，主要在宗教祭典和仪式上表演。“颇章拉堆巴”意为贺新房，这是门隅门巴族在新房竣工时跳的一种欢快的舞蹈，表演者边舞边歌，表达对新房的赞美，对房主家的祝福。牦牛舞表演时模拟牦牛的各种动作，形象逼真，富于情趣。人们在农闲、节日和喜庆时节还跳圆圈舞、嬉戏舞以娱乐。

门巴族戏剧俗称门巴戏，是在门巴族丰厚的民族文化土壤中孕育、萌生、成长起来的民族艺术之花。门巴戏保留了戏剧的早期形态。表演时，戴不同的动物形象假面具，还要身披不同的饰品，多以动物的皮革、羽毛披挂在身，表演中模拟各种动物的姿态和动作，人物道白很少，跳时不唱，唱时不跳。使用的乐器是巫师跳神时的鼓和钹，只有一人击打乐器，没有固定的戏班和专职演员。戏剧的表演形式十分粗犷和古朴，保留着早期戏剧的古老面貌。门巴戏的传统剧目还有《卓娃桑姆》和《诺桑王子》等。2006年5月20日，山南门巴戏经国务院批准列入第一批国家级非物质文化遗产名录。

门巴族的文学艺术十分丰富，主要门类有神话、传说、故事和诗歌等。

人类诞生神话有《猴子变人》和《三兄弟和扎深木》。《三兄弟和扎深木》讲，很早以前，雅鲁藏布江江水漫了出来，淹没了整个世界，只有南迦巴瓦峰还矗立在汪洋的中央，只有一个男孩侥幸活了下来。天神授意扎深木女神同男孩结为夫妻，生下了许多浑身长毛的孩子。他们没有饭吃，没有衣穿，住在山洞里。天神见此情景，送给男孩荞麦种和小刀。男孩学会了种庄稼，用“窝麻”药草的嫩根煮水给孩子洗澡，洗去了孩子身上的毛。因为孩子怕热水烫，把头伸进洞里，身子露在外面，所以留下了头发。从那以后，世上有了人，并且成了今天这个模样。

《皮休嘎木》是一篇门巴族家喻户晓的传说。反映的是工匠和桥梁建筑发明家皮休嘎木的传说。门巴族还有许多反映民族迁徙和民族间友好往来的传说。门巴族有丰富的动物故事和生活故事。动物故事语言生动而精炼，常把动物形态的描绘与讽喻意义的表现混融一体，寓意深刻，具有深刻的社会意义。生活故事中有幻想性色彩浓郁的作品，如《隅南热巴的故事》、《宝碗》等，还有许多直接反映现实生活斗争的写实性的作品，其中反映劳苦大众同领主斗争的题材，在门巴族民间故事中占有很大的份量。

在门巴族民间诗歌中，“萨玛酒歌”是一个主要的诗体。萨玛酒歌分独段体和多段体两种，以多段体居多。在结构上，一般一首完整的多段体诗为3段。每段由3行或5行诗行构成。每诗行有6音节或9音节，也有7音节或8音节构成一诗行的。顿律通常为3顿。萨玛酒歌题材广泛，涉及政治、经济和社会生活的各个方面。如歌颂和赞美家乡的诗歌《萨玛•家乡》和《萨玛•白鹤歌》，热情讴歌了家乡的富饶、美丽与神奇。

情歌也是门巴族诗歌的重要诗体。门巴族情歌多为独段体，基本结构为每首诗4句诗行（偶而有6句诗行），每句6个音节，分3顿，每顿均为两个音节。门巴族情歌结构短小，易唱易诵，音韵铿锵，节奏鲜明，善用比兴手法，有很强的艺术表现力。门巴族情歌主要以爱情和婚姻作为基本主题，有的表达男女双方互相倾慕、爱恋的炽烈情感，有的表现对爱情的忠贞不渝，有的表达对情侣的痴痴思念，有的抒发由于爱情悲剧引起的忧伤与哀怨。在门巴族民间诗歌创作中，叙事长诗《太波嘎列》是一部规模较大、流传广泛的作品。门巴族的作家文学以《仓央嘉措情歌》为其代表。《仓央嘉措情歌》内容丰富，思想深邃，艺术精湛，已成为享誉世界的文学佳作，在西藏地区影响深远，深受人们的喜爱。"
珞巴族	"珞巴族总人口约3682人（2010年），主要分布在西藏自治区东起察隅、西至门隅、南达中印边界的广大珞渝地区，以米林、墨脱、察隅、隆子、朗县等地最为集中。另有少数散居在拉萨、林芝、山南等地、市。

珞巴族聚居的珞渝地区，位于喜马拉雅山南麓、北纬27度至30度之间的低纬度地区，山高林密，河流众多，雅鲁藏布江、丹巴河等穿越其间。珞渝北部高山区雪峰连绵，层峦叠嶂。自然环境的多样性形成了从寒带到热带的立体气候，为动物和植物的生长、繁衍提供了优越的条件。农作物和经济作物有青稞、小麦、鸡爪谷、玉米、水稻、荞麦、高粱、豆类和香蕉、菠萝、柑桔、柚、桃、梨、葡萄、西瓜等水果；家畜有黄牛、犏牛、猪、鸡等。

历史上，人们依据地理形势，把珞渝分作上珞渝和下珞渝。上珞渝泛指古称的白马岗（即今墨脱县）、马尼岗、梅楚卡一带；下珞渝则泛指永木河、锡约尔河、巴恰西仁河流域，直至南部同印度接壤的广大地区。

“珞巴”，是藏族对居住在这一地区古老居民的习惯称呼，“珞”，在藏文里有“附近”、“智慧”、“南方”、“没有开化”等几种词的意思；“巴”，意为“人”。新中国成立后，根据实际情况和本民族意愿，正式定名为珞巴族，取“南方人”之意。

珞巴族内部部落众多，他们多以部落或氏族聚居在一起。主要部落有义都、米古巴、米辛巴、达额木、希蒙、民荣、博嘎尔、博日、坚波、德根、阿帕塔尼、崩尼、苏龙、阿卡等。此外，还有一些小部落。墨脱珞巴族分属米古巴、米辛巴两部落，主要居住在达木珞巴族乡，另有部分与门巴族、藏族杂居在一起；米林县珞巴族主要属博嘎尔部落，居住在南伊珞巴族乡、羌纳乡、米林镇等乡镇；隆子县珞巴人，主要居住该县斗玉乡，包括纳、姆热、巴依、布瑞等部落；察隅县的珞巴族，主要是原属义都部落的一部分，居住在该县西巴村。

珞巴语为汉藏语系藏缅语族的一种独立语言，各部落之间方言差别较大，没有本民族文字。

【历史沿革】

珞巴族的祖先是珞渝地区最早的开发者，早在新石器时代，他们就繁衍生息在这里。20世纪70年代以来，我国的民族和考古工作者在上珞渝的墨脱地区发现了大批磨制石器。这些石器与在西藏其他地区采集的同类石器在形制和文化内涵上极其相似。考古资料表明，珞巴族先民同藏族先民一道，共同创造了喜马拉雅山区的远古文明。在珞巴族的神话传说中，有其先民最初居住在墨脱一个山洞里的传说。

藏文史籍《红史》等记载，早在松赞干布(617～650年)时代，“南自珞与门……等均置于吐蕃统治之下”。吐蕃后期的历史也记载了吐蕃赞普处理珞渝地区事务，珞渝部族受吐蕃王朝统治的事实。在藏传佛教后弘期，噶举派僧人曾到接近珞渝的工布、娘布、塔布、隆子一带传教建寺。在博嘎尔部落的传说中，噶举派僧人汤东杰布，曾经到珞渝马尼岗一带向珞巴人传授耕作技术，并教化珞巴人皈依佛教，但成效不大。17世纪后期，格鲁派在西藏取得统治地位，在清朝中央政府扶持下管理西藏地方政府，针对珞渝的具体情况，设立了有关机构。1680年，达赖五世发给梅惹喇嘛的文书中，记载自火猴年（1656年）以来，“所有僧俗不顾自身任何安危，与约二十五年间，一心积极维护宗教事业……门区属部未归我治者及珞渝人等亦入我治下……”。后来，这些地区分划给沿喜马拉雅北坡设置的地方官府分别管理。西部塔克新一带原来的传统习惯是每十二年藏历猴年，藏族官员与珞巴有关部落首领举行盟誓，确定由珞巴人负责修路，并保证前来转山的藏族群众转山活动和物资交换顺利进行。珞巴人则得到西藏地方政府发放的生产、生活物资，如牛、铁制工具等，这加强了藏地和珞渝边地的关系，体现了西藏地方政府对边境地区的约束和控制。在中部的则拉宗冈，西藏地方政府设置了专管马尼岗一带的珞巴族部落官员，并在该地区设五个分别代理征收差税的根布（头人，相当于村长），每年由根布率部落内各氏族代表到米林色尔冬上缴差税，同时举办物资交易会，珞巴族与当地藏族群众交换所需物资。后改为则拉宗冈指派代表寺院、贵族和官府的藏区富户代理管理，称为“三乃卡”，与五个根布合称“乃卡松（三）根卡阿（五）”，成为定制。使东拉山口北部的纳玉沟和洛拉山口北部的里龙沟等地成为珞巴族各部落与工布藏族人民交流的重要通道，将珞巴族与藏族更紧密地联系起来。

19世纪中叶，西藏地方政府把珞渝地区划归波密土王管辖。波密土王于1881年在地东村（今墨脱县境）建立地东宗，委派宗本辖五“错”（“错”相当于区）、六寺。20世纪初，波密土王为进一步巩固对珞渝的统治，将地东宗的达岗错扩建为宗，即嘎朗央宗。并在此先后委派过八任宗本。西藏地方政府也经常派人到珞渝地区巡查。1927年，西藏地方政府和波密土王发生矛盾，撤消了嘎朗央宗，将辖地仍划归地东宗，恢复达岗错建置。又在达岗错及其以南地区，委派“错本”（相当于区长）和“学本”（相当于村长），每年前往收缴租税。当时，西藏地方政府为巩固边防，还派军队到达珞渝南境和印度阿萨姆交界的地方巡边。1944年前后，英帝国主义以划定非法的“麦克马洪线”为借口，派兵溯雅鲁藏布江下游而上，侵入珞渝的戛高、许木地区，强令当地人民不再为西藏地方政府支差纳税。随后，英帝又派兵侵占了更巴拉以南、戛高以北地区，强迫西藏地方政府停止对当地行使固有的管辖权力。

珞巴人民为了保卫祖国和家园，勇敢地阻止了英印政府一次次派出的各种人员渗入珞渝地区，与外来入侵者进行了长期的斗争。早在19世纪初，英帝国主义侵略势力就开始不断渗入西藏边地，他们力图打开从阿萨姆经过珞渝和察隅到中国四川内地的一条捷径，通过这条通道贯通与中国长江中下游的联系。为此，英国打着考察、开发、传教、采集动植物标本的名义，派遣“探险队”进入珞渝地区，遭到珞巴族人民的反抗。英国吞并了阿萨姆地区后，为了霸占这片狭长的平原地带，经常唆使当地淘金者、捕鱼者及种植者不向山地部落交纳“波萨”，以使这些人逐步摆脱珞巴族部落的主权管理，接受英国人保护。1847年阿萨姆地方边境政治官维特齐上尉率兵进山，要求部落释放不交“波萨”而被拘的淘金者。阿波尔人夜袭了维特齐上尉的队伍，维特齐焚烧了阿波尔人的村庄。此后，珞巴人同蚕食他们土地、掠夺他们财富的英国侵略者进行了长时期的斗争。

著名的反抗殖民侵略的珞巴族部落首领凯萨，为珞巴族义都部落首领，察隅人。1851年，法国神父M•噶拉克以“传教”为名，进入瓦弄、珞渝、察隅等地，搜集情报，激起珞巴族群众的强烈不满。1855年，噶拉克再次进入察隅杜曲地区，破坏当地风俗，严重伤害了当地珞巴族的民族感情和民族利益，激怒了珞巴族人民，凯萨愤怒地处死了噶拉克。噶拉克之死使英、法等帝国主义国家恼羞成怒，英国殖民当局从萨地亚派出阿萨姆率领的长枪队，直奔察隅，血腥镇压凯萨领导的珞巴族人民。凯萨率领珞巴族群众进行了英勇顽强的抵抗，许多珞巴人都英勇战死。凯萨在被俘关押期间，拒绝威逼利诱，毫不屈服，被英军杀害。

1911年，英国军官威廉姆森偷越国境，进入珞渝南部进行间谍活动，被珞巴族阿迪部落处死。珞巴族人民面对前来寻衅报复的英帝国主义“阿波尔”远征军，毫不畏惧，以长矛、大刀和毒箭等原始的武器抗击手持现代武器的入侵者。1944年前后，英帝国主义借口维护非法划定的“麦克马洪线”，派兵入侵珞渝地区。1947年，印度当局陆续占领了门隅以及珞渝、下察隅的大部分地区，中国西藏地方政府和珞巴族人民进行了坚决的抵制。

中华人民共和国成立前，珞巴族人民生活在西藏封建农奴制度下，受西藏三大领主（地方政府、贵族和寺院）的压迫和歧视。为了加强对珞巴人的控制和约束，西藏地方政府还在一些靠近藏族居住的地区，委派藏族官吏统治。20世纪中期，珞巴族社会仍处于原始社会末期阶段，珞巴族由于居住在不同地域，有20多个大小部落，每个部落都有各自部落的部落名、有各自的地域、操自己的方言、有自己的道德规范和风俗习惯、有自己的军事首领。各个部落又包含若干个氏族。每个氏族都有自己的居住地，氏族内部以血缘亲疏分住在相邻的村子，每个村往往都是同一家族的成员。氏族居住周围村社范围内的土地归氏族全体成员公有，氏族成员可以在公有土地上开荒、狩猎或从事其它生产活动。珞巴族社会普遍实行父子联名制，氏族内部每个成员的名字由父名和子名两部分组成，即在儿子的名字前加父名，父系谱系反映出氏族内部各个家庭成员之间血缘远近。阅历丰富的老人可以随口说出自己氏族10代以上的谱系，这是每个氏族成员必须具备的知识。

中华人民共和国成立前，珞巴族各部落还保留着家长奴隶制，蓄奴主一般没有脱离生产劳动，主人与奴隶的生活相差不大，但属于不同的等级。在博嘎尔部落，有麦德、麦让、伍布和涅巴4个等级。在崩尼、崩如部落有列德、阿比和苏龙3个等级。即所谓的“高骨头”麦德（或列德，意为“有能力、有气魄”，在口语中可以作“主人”使用）等级，“低骨头”涅巴（意为“被压着不能抬头、被迫劳动”，实际上是奴隶）等级。麦德是氏族始祖的直系后代，被认为是血统纯洁的人，也是各个氏族的主体成员。麦德在社会上有地位，有人身自由，他们的后代即使贫穷，仍然是高贵的血统。麦德等级高度重视血统的纯洁，严格遵循习惯法，实行等级内婚。涅巴被认为是血统低贱的人，大部分是从外部落买来的奴隶。只能在低等级内通婚。麦德可以把占有的涅巴用于买卖、赠送、转借，人们习惯上把占有涅巴的多少与占有牲畜、粮食的数量一样，作为财富象征。

麦让有两种来源：一种是其祖先原本是被氏族收养的人，血统与氏族血统不同，收养之后就作为氏族的正式成员看待，并参加氏族的一切活动。另一种是由于麦德等级的祖先因娶了低骨头等级的女子，使自己血统混杂，从而失去了高贵的血统，子女永远沦为麦让等级，不能恢复到原来的麦德等级。麦让等级是自由人，他们的的地位低于麦德，高于伍布和涅巴，在经济条件许可的情况下，他们也可以占有涅巴。

伍布由涅巴的后代变来的。涅巴的子女仍然是涅巴，涅巴的孙子女称为伍布。伍布是在主人家当了三代的涅巴或是用积攒的财物娶妻，向主人请求获准后，从主人家分出来。伍布对主人还保留一定的依附关系，一般要继续住在主人家附近，以便保护主人并在主人家有事时尽义务。同时，伍布受外来人欺负时，主人也会把他们当作自己的“亲戚”保护。独立出去的伍布，可以自由使用氏族公有的山林、土地，参加氏族的集体活动。

【风俗文化】

20世纪50年代之前，珞巴族社会经济发展缓慢，生产水平很低。农业生产刀耕火种，生产工具简单粗糙，除了少量砍刀、长刀为铁制，其它生产工具，如播种用的尖棍、锄草用的锹、锄、骨铲子、竹刮子等均为木制、骨制或竹制。主要的农作物是玉米和鸡爪谷，在玉米、鸡爪谷生长过程中，不施肥，仅仅除草一、二次。鸡爪谷每亩收成约100斤（珞巴人按播撒种子的倍数计算，丰年可收成50多倍，一般年景仅收成二十几倍）。旱地实行轮歇耕作，砍伐的树木和灌木燃烧后的草木灰，含氮、磷、钾较高，是天然复合肥料，能够提高土壤的肥力，促进农作物生长，珞巴人喜欢并习惯这种耕作方式。土地肥力高的，可以连续使用二三年；肥力低的，种植一年后轮休几年才再次砍伐耕种。村庄附近耕地，主要种植各种蔬菜、香蕉、甘蔗等。水田占耕地面积的比例较少。农作物产量很不稳定。

珞巴族的耕地在播种前要用竹木架设围栏，以防庄稼成熟时猴、野猪、熊等野生动物对庄稼的糟蹋、破坏。砍烧耕地和架设围栏是繁重的工作，由男子完成；其它的如播种、插秧、除草、收割等农活由妇女承担。

狩猎是珞巴族社会生产的重要组成部分。珞巴人擅长狩猎、捕鼠和捕鱼。珞巴人采取围打、围捕、陷阱、绳套等方法，也能捕杀多种动物。在铁器工具流人珞渝地区前，人们多集体狩猎。至今，米古巴和民荣部落仍然保持这种狩猎方式。集体行猎规模较大，有比较固定的时间，一次需要10多天，每年约4—5次，主要捕捉大中型动物。届时，全村青壮年男子都必须参加。出征前，在最有经验的领队猎人带领下，举行出猎仪式，巫师要诵经，把过去猎获的野兽骨头，放在领队家的火塘周围，杀鸡或杀猪，将血洒在野兽骨头上，预祝出猎平安。近代，铁器输入使用，珞巴人的生产发生了重大变化，也促进了狩猎方法的进步，人们可以依靠个体的力量自行狩猎。狩猎的方式有：设栏下套、设置石压子、设陷阱、设套、安放地箭、设木笼等10余种。如，捕捉山鼠的方法多种，用石板压、设小地弩、下活套等，颇为珞巴人喜爱。捕鱼，是一项不分性别、年龄，人人都可以参加的生产活动，分集体捕鱼和个体捕鱼两种方式。集体参加捕鱼，目前仅存在投毒捕鱼时采用。珞巴人的个体捕鱼用鱼笼、垂钓、放套、下网、撒网等方法。人们把捕获的鱼烤干后，可存放较长的时间，是珞巴人主要肉食来源。

珞巴人制作弓箭的技艺较高，对弯制竹弓和削制箭杆很有讲究。制弓要选择竹种，对弓的长度、宽窄有专门的要求。箭杆、箭镞和箭羽的选材、制作工艺也很精细。珞巴人从幼儿时就开始练习射箭，使用弓箭的本领十分娴熟，谁家生了孩子，四邻亲友以弓箭为礼祝贺。逢年过节，都要举行射箭比赛。勇猛善射的青年猎手，会得到众多姑娘的青睐。各部落都有一套制毒技术，他们常常采用剧毒野生植物晒干后捣成粉末，再取毒蛇的毒液与之调和配制毒药，涂在箭头上，狩猎射杀野兽。

采集业是珞巴族经济生活的重要补充，是生活在高山部落人们的主要生活来源之一。人们采集野果、寄生菌、根茎，有的地区主要的食物来源是“达谢”等植物的茎心，制作成淀粉食用。

珞巴族的手工业还没有从农业中分离出来。珞巴人男女都擅长编制竹器，他们用各类竹制品、兽皮、黄连、麝香、熊掌、辣椒、染料草等土特产和猎物，与藏族交换铁工具、食盐、羊毛、衣服、粮食、茶叶等生活必需品。珞巴族流行传统手工艺品竹编，珞巴人从小就开始学编制，竹制品种类有竹筐、竹席、竹笼、竹绳、竹碗、竹盆、竹篮、竹雨具等，工艺精巧别致，既实用，又富有民族特色。

藤网桥是珞巴人特有的技术，以藤索为材料编织而成。建造藤网桥时，人们隔河射箭，箭尾拖曳绳索，把藤索、棕索和竹索带过宽阔而湍急的河面。墨脱县德兴区横跨雅鲁藏布江上的藤网桥是历史最久的一座，距今已有300多年。

珞巴人还制造石锅。米古巴和米新巴等部落，用一种质地柔软且耐高温的石料凿成的石锅经久耐用；珞巴人设计的水磨房也非常巧妙，人们使用时，不需要人管理，只需将粮食放进一个悬挂着的粮袋里，粮食就会随着磨盘的转动，均匀地落入磨口，直至粮食被碾成粉末。

珞巴族生活的喜马拉雅山脉南北地区，气候环境迥然不同，南北各部落服饰明显不同。博嘎尔部落生活的珞渝地区北端，海拔较高，气候寒冷，男子穿山羊皮、野牛皮上衣或藏式氆氇长袍，外套黑色贯头式大坎肩。过去一般不穿衣裤，只系一块遮羞布，现在大多穿汉式长裤；男子戴藤帽或熊皮圆盔帽，熊皮圆盔帽是珞巴族男子特有的典型头饰。女子穿野麻织物做的对襟无领袖上衣，围腰带，下穿过膝筒裙，小腿捆扎裹腿；冬天御寒用牛皮和羊毛织披肩。珞渝中心地带气候炎热，这里的阿帕塔尼、米里、崩尼等部落服饰较为简洁，男女服装都只将布块围在身上，长者过膝，短者过臀，手臂袒露在外，崩尼人称之为“埃济”。米里、德根部落的女子穿一种称之为“阶邦”的草裙。在靠近藏区的地方，珞巴人也穿藏装、藏靴。察隅地区女子传统服饰，上装为无领短袖对襟衫，下装为内外两层筒裙，内裙长过膝，外裙仅及臀部。衣裙上锈有文饰图案，裹绑腿。头顶绾发髻，用簪子等银饰品固定。饰物有富有特色大耳筒、银币项串等。

各部落发式不同：义都部落男女都剪短发；博嘎尔、德根、棱波等部落的男女把额前的头发剪至眉际，脑后留一尺多长，散披在肩；崩尼、阿帕塔尼等部落，男子绾发髻于前额，用银、铜或竹制簪子固定。女子梳两条长辫子。

崩尼部落的男女盛行穿鼻，男女在12岁左右进行，在鼻翼两侧各穿一孔，佩戴铁环或铜环。阿帕塔尼部落的妇女在鼻翼上穿孔，插饰木塞或戴金属、藤条小环。

各部落男女都喜佩戴耳饰、项饰、腰饰、手饰、腕饰等各种饰品。佩带的饰物，是家中多年积攒，是家庭财富的象征。男子戴铜和银的手镯和竹管耳环，脖颈上套各色串珠，腰间挂弓箭、长刀等物。珠串多用海贝、兽骨、兽牙和绿松石等磨制成珠子穿串而成。妇女除佩带各色串珠、银质和铜质手镯、戒指、耳环（竹耳管）、项珠外，腰间还缀有很多海贝串成的圆球、铜铃、银币、铁链、小刀、烟斗、火镰等。

珞巴族男女都喜爱系腰带，腰带有藤编、皮革制作或羊毛编织的，饰有各种图案。珞巴人喜欢在腰带上悬挂小刀、火镰和其它铜、贝制作的饰物。男子好佩戴长刀和弓箭。长刀不单是显示阳刚之气的装饰品，而且是日常生活中的常用工具和重要武器，可用来防止野兽、毒虫的袭击。弓箭是珞巴族狩猎的主要武器，是男子随身之物。

珞巴族崩尼、巴达姆、阿帕塔尼等部落，有文身习俗。文身图案有直线、箭头形、点状、斧形、三星、须状等形状。不同的部落文身的部位也不同。

烧烤是珞巴族最常见的一种加工食物的方式。无论植物性食物，还是动物性食物，都可以烧烤。将整条鱼投入火塘，埋上热灰，很快便可焖熟食用。珞巴人还把在山上捕获到大的动物，加工成肉条，烤熟后长期贮藏。珞巴人也用石块烙制食品。他们把荞麦、玉米和达谢（一种木本棕类乔木植物）加工后提取的淀粉）研磨后，用水调和成稀面团，摊在烧红的石片上烙熟或烙过后再埋入火塘的灰烬中，使其熟透。崩如、苏龙部落的人把达谢调成浆，放在大葫芦里，再从火塘里把烧红的石头取出来，立刻投放到葫芦里，利用石头的热量把达谢煮熟。苏龙人把粮食放进竹筒，加上水，堵上木塞，放在火堆上烧，食用时用刀把竹筒破开。其他部落人外出远行时也使用这种方法做饭。有些部落用陶罐和石锅烹饪食物。珞巴人烹调蔬菜的方法很简单，用水将菜煮熟后，加入调味的食盐和辣椒即可。珞巴人多数部落一天吃三餐，他们喜欢在两餐之间饮酒。珞巴人家家户户用大米、鸡爪谷等粮食酿酒。一些部落在盟誓时，还沿用古老的饮血酒习俗。博嘎尔人每年秋收后杀牲庆祝，把余温未冷的牛血和在酥油中饮用。他们认为，野牛的骨髓吸出来生食味道最鲜美。一部分珞巴人常把獐子肉剁成肉酱，拌上辣椒和姜末作为其它食品的配料。

具有珞巴族民族地域特征的历法——物候历，是珞巴人在长期的狩猎、采集和农业生产活动中，根据月相盈亏、昼夜更替、四季变化、植物枯荣等自然现象的变化规律创造的。物候历根据月亮圆缺变化和季节转换规律，归纳出每月有三十天，每年有十二个月。珞巴人对每月、每天都有形象、生动的说明，反映出珞巴人独特的智慧。

珞巴族地区的房屋建筑多是干栏式，中间层住人，下层饲养牲畜。每个氏族都有未婚男子集体居住的公房，它也是氏族或首领议事的地方，平时妇女不能进入。有些部落还建有少女的公房。

珞巴族各地年节日期不一，年前，家家户户舂米酿酒、杀猪宰羊，经济条件富裕者还要宰牛。不少地方还保留有“氏族集合”的古老习惯，过节时，各户要备酒、杀鸡、炸油饼、牛肉、猪肉、野牛肉、香獐肉、鱼肉、鼠肉，在熊熊篝火旁饮酒、唱歌、吃肉，进行各种娱乐活动。一些珞巴地区有在年节举办婚事，欢度节日时婚筵喜庆的习俗。

珞巴人非常好客，视挽留客人为荣。有客自远方来，珞巴人会拿出干肉、烤肉、奶渣、玉米酒、荞麦饼和辣椒等款待。客人吃饭前，主人要先喝一杯酒，先吃一口饭，以示食物无毒和对客人的真诚。希蒙的珞巴族称年节为“调更谷乳术”节，届时，要把宰杀的猪、牛、羊肉连皮切成块分送给亲友，还要把牛头盖骨高高悬挂家中墙上，作为勤劳和富有的象征，世代相传。“昂德林节”，是珞巴族传统农祀节日，珞巴语意丰收节。每年收割时择日举行。临近节日，男人上山打猎，女人收取少许谷物，做熟后请村中老人尝鲜，剩下的喂狗。节日期间，全村男女身着盛装，从各自家里拿出准备好的美酒佳肴，全村男女唱歌跳舞，通宵达旦。

珞巴族中还流传着一个叫“莫朗”的节日，意在预示丰收。具体时间由巫师择定，一般在农历腊月或正月。届时，全村男青少年排列为一行，身着盛装，在巫师带领下到邻近各村巡游，路过田野时，巫师撒大米粒，青少年挥舞长刀，敲打铜盘，队尾的一个老者沿途撒大米粉。巡游队伍要走遍本部落。在经过即将播种的土地时，举着竹制男性生殖器的青年就到地里跳生殖舞。每到一个村子的广场上就唱歌舞蹈，村民们则会备酒款待。珞巴人认为，庄稼的繁殖和人的生育是一个道理，为的是祈求人丁兴旺。在毗邻藏区的珞巴人，节日和祭祀活动与藏族相差无几。

珞巴族民间世代口耳相传着大量的神话、传说、民间故事等文学作品。珞巴族创世纪史诗《斯金金巴巴娜达盟》，从天地起源、日月星辰、自然万物和人类的诞生讲起，直到珞巴族的来源和发展。长篇神话《阿巴达尼》，讲述珞巴族父系祖先阿博达尼诞生、氏族的婚配、迁徙、发展和分布、繁衍成为十三个部落的艰苦历程。神话有《纽布射日》、《天神三兄弟》、《三头神牛》、《人和猴子为什么不一样》、《太阳、月亮和草药》等。民族交往的传说有《宾鸟追马》、《种子的来历》等；发明创造的传说有《斯金金巴巴奈达美和金尼麦包》等。民间还流传有《蝙蝠》、《啄木鸟》、《乌都鸟》等故事。

音乐主要是演唱歌谣。珞巴人常在休闲、劳动、远足、婚娶、丧葬、祭祀时，触景生情，即兴创作歌曲。民歌属五声音阶，以徵、羽调式为主，有“夹依”、“百力”、“月”和“亚里”等4种，也用于舞蹈时伴唱，表演形式是一人领唱众人和。“夹依”，为叙事性民歌，多用于赞颂和祈祝。“甲景甲”，是具有代表性的古老曲调，在婚丧嫁娶、宗教祭祀、修建新房等各种重大场合、仪式上表演。“百力”多用于喜庆场合，是珞巴族生活习俗的酒歌、哭嫁歌。“月”是表现人们出征前唱的一种歌曲。

舞蹈有多种，大多表现与生产、生活相关的内容，跳祭祀舞、征战舞时，无音乐伴奏，舞蹈动作原始古朴，豪迈奔放。如，男子集体舞“刀舞”，舞者身穿猎装，手持弓箭、长刀，表现激烈狩猎场面；“驯牛”舞，表现珞巴人追赶、抓获、驯牛的过程；“巴纠”，是珞巴族崩如人婚庆时表演的舞蹈，有模拟鸟兽动作；“纽布衣”和“哈日巴”舞，反映原始宗教仪式的内容。舞蹈时，没有乐器伴奏，由巫师领唱，姑娘们跟着巫师所唱歌曲的末句，重复合唱，并按着歌曲的节拍起舞。歌词大多叙述创世纪的传说、动植物的起源、生产工具的发明创造等。

珞巴人过去实行氏族外婚，在同一等级内实行买卖婚姻。在珞巴语里，男子娶妻意为“买妻子（老婆）”，父亲嫁女意为“卖女儿”。不同等级的男子，买老婆的价格不同，等级越高，身价越高。一般一个麦德等级（即所谓的“高骨头”。麦德，意为“有能力、有气魄”，在口语中可以作“主人”使用）女子的婚价为6—10头犏奶牛，麦让（麦让等级是自由人，他们的地位仅低于麦德）和伍布等级（低于麦让等级，是由涅巴的后代变来的）女子的婚价为3—5头犏奶牛。男女婚姻多由父母包办，孩子七八岁甚至更早就订婚。一般是男方向女方求婚，可以由男方的父母直接去，也可以委托介绍人去。双方谈妥后即可订婚。订婚时，男方要给女方送去猪、米、酥油、酒等礼物。以后，男方开始向女方陆续送去婚价，到女子十五六岁时交足婚价就可以迎娶。由于普遍盛行买卖婚姻，所以妇女的地位十分低下，在家族中没有继承财产的权利。

娶亲日子，由男方杀鸡占卜选定。当天，女方父母与介绍人一起把新娘送到新郎家，新郎家准备酒、肉招待。新娘到后与新郎一起握刀杀一只鸡，看鸡肝纹路所示吉凶如何，如不吉利，由新娘、新郎各自再杀一只鸡，杀到鸡肝出现吉象纹路为止。接着，新娘新郎举行喝酒仪式，每人面前放一碗酒，碗边抹上酥油，自己先喝一口，再喝交杯酒。喝完交杯酒后，共同招待介绍人和所有的客人。然后，双方客人和来贺喜的亲戚朋友一起不断地饮酒、唱歌和跳舞，通宵达旦。

近半个多世纪以来，随着社会的进步，过去的买卖婚姻已逐渐转变为自由恋爱，高低等级、“骨头”的概念在年轻的珞巴人中已经淡化，买卖婚姻也逐渐减少。

丧葬习俗因地域和部落的不同而有所差异。多数部落实行墓葬。墓葬时，先挖一个1米多深的圆形坑，在坑底再挖一个与坑壁成90度角的墓穴，墓穴两边与上方用木料做支架，并烧火熏烤；底部铺垫板、草、褥子、枕头。死者放入墓穴后，将捆尸体的绳子及脸罩解下，盖上衣服。在男性死者旁放弓箭、砍刀、小刀、烟斗、烟袋等物品，女性死者旁放耳环、手镯、项链、“嘎乌”、针线等物品。墓穴门打好树桩，铺上草后，填土至与地面相平，坟墓上搭个棚子。

下葬时，杀猪和鸡，猪的四只脚和鸡的两个翅膀挂在坟墓上。葬后，要带回送葬时捎去的肉和米酒，在死者房外支锅做饭，请参加送葬的人吃。吃剩的饭菜分给来客，忌带进死者家里。当晚，死者家属要到坟前烧火、放供品，葬后短则十多天，长则周年，每天早上或晚上都如此进行。到最后1天，认为死者的灵魂已走，在坟前杀一只鸡祭奠死者，丧事才告完毕。米古巴、米辛巴、德根、巴依、玛雅、达足等部落实行树葬。树葬是在人死后，将尸体用藤条捆绑住，放在藤筐或木箱里，随葬品有死者生前用具和一些装饰品。请喇嘛念经超度，树葬时，在村外找一棵分杈的大树，将装尸体的藤筐或木箱置树杈上。第二天，全氏族或家族共同举哀，全村停止劳动一天，村里的人和死者的亲友都要带粮食、酒前来吊唁，与死者家人一道哭丧。隆子县的原纳、崩尼、崩如、苏龙等部落实行崖洞葬和石冢葬。

珞巴族的许多部落对天体崇拜中，对太阳尤其崇敬，认为她是神灵，给人类带来了光明和温暖，是真理与正义的化身。博嘎尔、迦龙等部落都有隆重的祭太阳的仪式。

自然现象崇拜，即对风、雷电、彩虹等自然现象的崇拜。珞巴人对这些自然现象有特定的崇拜仪式，阿帕塔尼部落每年3月下旬要举行仪式，祈求诸神免降冰雹、免除雷击和淫雨等。

山石崇拜，即对山、石、土地、树、水和火等自然物的崇拜。珞巴人生活的地方高山环抱，他们认为山神是山的主人，因此，崇拜山神的仪式，多与狩猎有关；崇拜岩石的仪式，与战争和结盟有关。

动植物崇拜，即对虎、豹、熊、猪、牛、羊、狗、鹰以及树木等的崇拜。在博嘎尔、崩如、苏龙和迦龙等部落，还有祭祀老虎的习俗。如有人在行猎中误伤老虎，要请巫师主持祭奠仪式，以求得老虎的宽恕。

珞巴人认为人的出生、成长和死亡由灵魂决定，灵魂又受到神鬼的影响和支配，灵魂一旦离开肉体，死亡就来临，人的肉体死亡后，灵魂并没有死亡，只是离开躯体到另外的世界。为了保护灵魂，各部落都制作一些护魂灵物，佩带在身上。祖先崇拜是以某种自然物做为自己祖先的图腾崇拜。每个氏族都有自己的图腾，作为全氏族崇拜的对象。

珞巴族的巫师有两种，一种是卜卦师，称为“米剂”，一种是祭神跳鬼的祭司，称为“纽布”。他们被认为是来往于人和鬼之间的使者，享有崇高的威望。人生病，便认为是鬼作祟，要杀大量的牲畜，以驱除病魔，送走鬼怪。从事农业生产的部落十分崇拜土地，为祈求丰收，要举行各种祭祀活动。在播种完后，要在地头进行祈丰收祭仪。每户都要做大米饭和一石锅菜，盛入竹皿和木碗中，放在地边，祈求地神保佑庄稼丰收，不遭野兽损害。秋收前，要在十月举行望果节活动。在村内公房旁摆上各种粮食，敬献酒肉祈求年年丰收，人丁兴旺。新年吃年饭前，全家首先敬祖先、灶神，感谢灶神一年的庇佑，并祈求继续得到幸福和美满。初二，各家祭祀粮神，杀一只鸡供奉，分别用三个竹碗盛满白酒、甜酒和米饭，放在主室的木架上，祈求家神请保佑明年人畜兴旺，粮食满仓。家里有人出远门或打猎，要杀鸡卜卦或煮鸡蛋占卜。

长期以来，珞巴人与藏族人民有着多方面的接触，在靠近藏族或与藏族杂居的地方，部分珞巴族群众信仰藏传佛教，家里供奉有藏传佛教的神龛；藏族群众每12年一次的藏历猴年朝拜札日神山活动，珞巴族群众也积极参加。"
基诺族	"基诺族总人口为23143人（2010年），是云南省人口较少的7个特有民族之一，1979年被国家正式确定的祖国民族大家庭成员的单一民族。基诺族主要聚居于云南省西双版纳傣族自治州（以下简称西双版纳州）景洪市基诺山基诺族民族乡及四邻的勐旺、勐养、勐罕，勐腊县的勐仑、象明也有少量基诺族散居。

“基诺”是本民族的自称，可释意为“舅舅的后人”或“尊重舅舅的民族”。过去汉语译为“攸乐”,故又习称其居住的基诺山为“攸乐山”。

景洪市东北部的基诺山基诺族民族乡（以下简称基诺乡），是全国唯一的基诺族民族乡。该乡风景秀丽，俗称基诺山或基诺洛克山，东连勐腊县勐仑镇，南邻勐罕镇（橄榄坝），西接勐养镇，北毗大渡岗乡。基诺山属横断山系无量山脉末梢中的丘林地带，总面积623平方公里，拥有国有森林约45万亩,轮歇地21.33万亩,国家自然保护区8.6万亩,其他用地16万亩,95%的土地坡度在25度以上。地势东南部低,西北部高，以亚诺山最高,海拔1482.5米,小黑江岸最低,海拔550米。基诺山地处热带山区，年平均气温在18至20摄氏度之间，年降雨量约1100毫米，年均日照数1852.14小时。气候温和，雨量充沛，四季无霜，全年分旱、湿两季，5至9月为雨季，其中7、8月为盛雨季节，其它月份为旱季。澜沧江与勐仑江相夹,境内地形蜿蜒起伏,河溪纵横交错，主要河流有帕尼河、小黑江、少纽河、么洋河、亚诺河等。土壤系紫色沉积沙岩和季雨林条件下发育的赤红壤，有机质较多，土质颇厚、湿润肥沃、物产丰富，山地植被随山势呈垂直分布，海拔1000米以下为热带雨林，海拔1000米以上为热带常绿阔叶林。

基诺山的动植物资源非常丰富。沟谷中古木参天，藤木攀缠，山梁上青翠碧绿，林波涟漪，覆盖着茂密的原始阔叶林和多层次的植物群落。其中森林树种1000多种，经济作物2000多种，常用的中药树30多种，野生果类和奇花异草不计其数。基诺族以旱稻、水稻、玉米为主要农作物，经济作物主要有茶叶、棉花、砂仁等。基诺山是出产著名普洱茶的六大茶山之一，古老的茶林已有数百年的历史。盛产香蕉、木瓜等亚热带水果。茂密的原始森林中生活着印支虎、亚洲象、野牛、野猪、野象、犀鸟、长臂猿、孔雀等珍禽异兽，有哺乳动物100多种，鸟类420余种，两栖动物36种，爬行类60多种，鱼类100余种。铜、铅、铁、银、油等矿产资源也极为丰富。

基诺语属汉藏语系藏缅语族彝语支。语音、词汇上同彝语支、缅语支都有明显的对应关系，但在语音、词汇、语法上有自己的特点。基诺族日常生活中使用基诺语。基诺族没有文字，过去多以刻木、刻竹，记数、记事。在汉文献中，直到清朝初期才有关于“攸乐”人的零星记载。现在政治生活中大多使用汉语，学校进行汉语教学，并辅之以基诺语。

【历史沿革】

关于基诺族的族源，有土著说和南迁说两种。“基诺”一词源于基诺族先民在杰卓山居住的时代，当时出现了“基诺洛克”的名称，“基”为舅舅，“诺”为跟在后面的，直译是“跟在舅舅后面的人”。相传基诺族的发祥地是“司杰卓米”。它是基诺山东部边缘一座海拔近1440米的高山，现在称为孔明山。至今，阿哈、阿希两支系以及居住在勐旺乡补元行政村的乌优支系居民，回顾祖先迁徙路线，都不约而同地把发祥地指向这座高山。这说明在很早以前，基诺族的先民就生活在基诺山及周围地区。

基诺族定居在基诺山之初，可能还处在母系社会发展阶段。传说最早居住在“杰卓”的是一个寡妇，生了七男七女，兄妹互相结婚，后来人口繁衍，便分化出两对寨子——可以通婚的两对氏族集团。第一对寨子是词通和曼锋，词通是“父寨”，曼锋是“母寨”，往后他们又发展出曼雅、窝庄、回真、生牛等10个儿女寨，这就是通常所说的基诺山的前半山。另一对寨子是曼坡(父寨)和曼飘(母寨)，其繁衍的儿女寨有竜帕、莫羊、炸共等九寨，是为后半山。

关于两对父母寨的世系已经不得而知，但子女寨的世系还可以获得。据1958年调查，曼雅寨是词通寨分出来的“大儿子”，建寨人是姐右，后经右保、保姐、巴保姐、姐腰、腰八、八撒、撒姐、姐白腊、白腊腰、腰子、不勒姐等已有12代，若以25年一代计算，曼雅寨已有300多年的历史。后半山的曼卡寨分离出来的时间较晚，从建寨人不腊腰算起，已经历了8代，也有200多年的历史了。从曼雅等寨父子连名的情况看，这些子女寨在建寨时已确立了父权制，也就是说至少在300多年前，基诺族已从母系时代发展到了父系时代。18世纪中期以后,以血缘为基础的父系制家庭公社仍在继续发展,到19世纪末,随着生产力的发展,部分生产资料私有制和个体家庭经济出现,父系制家庭公社才向农村公社过渡。然而在这一过程中,仍顽强地保留着氏族血缘关系的纽带，各儿女寨还要到父母寨去举行一年一度的祭祖仪式。照惯例，父母寨的“寨父”、“寨母”(均系男性头人)每三年要巡视子女寨一次，届时儿女寨的人们要远出迎送，组织隆重的祖传仪式进行欢迎，热情招待。

当地人传说，在远古的时代，洪水淹没大地，只有一对善良勇敢的同胞兄妹玛黑、玛纽受仙人保护和指点，幸免于难，经过各种艰难波折，最终结为夫妻。仙人曾赐予他们10颗葫芦籽，种下后只长出1颗，结出的100个小葫芦中，仅长成1个，却长得像房子一样大，里边还有人在说话，打开一看，葫芦里出来4种人，先出来的是基诺人，依次而出的是汉人、傣人、哈尼人(有的说还有第五种人，是布朗人)。后来，他们各自找到了乐土。从这个传说里，可以反映出基诺族同汉、傣、哈尼等民族在远古时代的密切关系。

另一传说，基诺族是从普洱、墨江甚至更远的北方迁来的。迁徙时曾经过昆明和峨山县的“没且竜”，后又辗转至西双版纳的勐遮和勐养，最终定居于基诺洛克。基诺族的巫师为死者送魂，也都送往北方。基诺族来到基诺山，先定居在一个叫“杰卓”的山梁子上，至今人们仍把这块地方称为“特巴特前”，意为基诺人共有的地方。据说基诺族居住在“杰卓”时，以树叶、兽皮为衣，以采集、狩猎为食，生活相当艰难。由采集狩猎经济到山地农业经济的转化，是基诺族社会生活中的一个巨大进步，可是他们的旱稻种籽来得却不容易。相传，基诺人因得不到旱稻种籽，于是设法带猎狗深入到产稻区，让猎狗在谷堆上打了几个滚，结果在狗毛里带回了数十粒稻种，此后稻种逐渐繁殖，就使基诺族进入了以种植旱稻为主的山地农业时代。

基诺族尊奉诸葛孔明。传说基诺族的祖先是孔明南征部队的一部分，因途中贪睡而被“丢落”，进而以“丢落”附会为“攸乐”，这就是“攸乐”一名的来源。这些人后来虽追上了孔明，但不再被收留。为了这些落伍者的生存，孔明赐以茶籽，命其好好种茶，还叫照他帽子的样式盖房。基诺族男童衣背上的圆形刺绣图案，据说是孔明的八卦，祭鬼神时也呼喊孔明先生。上述传说的真实性虽有待考证，但在一定程度上反映了古代基诺族同汉族的密切联系。

据现有的资料看，基诺族最早的隶属关系可以追溯到1160年，叭真统一勐泐各部落，建立勐泐景龙金殿国时，基诺山即为叭真王族的世袭领地。元朝在云南设置行省之后，西双版纳纳入元朝的统治范围。元朝政府设立彻里路，委任傣族土官进行统治。明朝改置车里军民宣慰使司，土司统治一直沿至清代。基诺山也是隶属其辖地。清朝鄂尔泰任云南总督时，为开拓西双版纳，于雍正七年(1729年)“江内六版纳”，实行改土归流，基诺山隶属普洱府，雍正七年至十三年（1729年—1735年）在攸乐山的茨通寨筑砖城，派骑兵、步兵约500人驻守该地，设攸乐同知。清雍正十三年（1735年）因“烟瘴甚盛”，驻军和行政官吏病死颇多，清廷撤消了攸乐同知，委任基诺族首领为“攸乐土目”，作为代理人直接管理基诺山区。后来基诺山区长期受傣族封建领主管辖，傣族封建领主“召片领”在基诺山头人中委任“叭雅”、“扎”、“先”。民国年间，国民政府曾将基诺山归小勐养乡管辖，后又推行保甲制，在基诺族上层头目中任命保长、甲长，于是，基诺山区形成“三位一体”的政治组织。

新中国成立前，基诺族的基本社会结构已经不是以血缘为单位，而是由不同的氏族共居所形成的地缘单位——农村公社。这里的每个村社，就是一个独立的村寨。村寨的疆界都有刻着刀枪状的木、石界标，界内的土地归村社公有，他人不得侵占。每个村寨都有两个以上的互通婚姻的氏族，而且有两个长老按传统习惯处理村社的行政、祭祀和生产等事，俨然是一个自给自足的小天地。基诺山的土地，名义上属于西双版纳最高领主“召片领”所有，但他对于这一块世袭领地所有权的体现，只是每年派员去收取贡赋，摊派杂役，这并不影响基诺族对山区土地的实际占有和使用权。基诺族村社内部土地占有制形式大致有如下3种：一是以村寨为单位的土地共有制，二是以氏族或姓氏为单位的土地共有制，三是个体家庭的私人占有制。这三种土地占有制形式，在各村寨都不同程度地存在，但就多数村寨而言，占优势的则是以父系氏族为单位的土地共有制。竜帕寨可谓氏族共有制的代表。这个村寨的土地在每年砍树辟荒前，就以氏族为单位重新进行分配，收获时按劳动力平均分配产品。竜帕寨也有少数村寨共有和家庭私有的土地。曼雅寨是土地私人占有制的代表，这种私有土地被称作“柯德柯多”，可以长期占有使用，甚至能够转让，但当迁离村寨时，必须交还氏族。曼雅寨也有部分村寨共有的土地。由此可见，尽管基诺族村寨的土地占有形式有所不同，但无论那一种，都还没有达到严格的土地私人所有制的程度，基本上处于村社共有私人占用的阶段，这也正是农村公社的一个基本特点。农业生产广泛实行公有共耕、伙友共耕、私有共耕的形式，也盛行换工互助，狩猎所获也用原始平均主义的分配原则进行分配。

20世纪三四十年代，萌芽性质的土地的私有、租佃、买卖关系开始出现，当时已有借贷、雇工和类似家内奴隶的“养子”，村寨成员内部有了贫富分化，富裕者称“搓果”，穷困者称“绕赤”，居中的叫“卖马亚”。极少数人就其经济地位而言是剥削者，但尚未形成一个脱离生产、以剥削奴隶或农民为生的阶级。在这里，劳动力的强弱同经济地位的穷富密切相关。比如，同是一个村社的头人，有的劳动力多就年年有余粮，因而具有放债的能力，而有的头人劳动力少或多病，就要缺衣少粮，不得不向人借贷或依靠亲友接济。直到新中国成立前，在多数村寨中占主导地位的仍然是村社或父系氏族共有制。

村寨的主要领导为“卓巴”(寨父或称老火头)、“卓色”(寨母或谓老菩萨、大斋)，他们是村寨中两个古老氏族的长老，是村寨里享有最高威望的人。担任此职的唯一条件是年龄最大，而不是勇敢善战，经济富裕，能说会辩。即使他碌碌无为，甚至是个瞎子或哑巴，也得义不容辞地担任村寨长老的职位。他们去世之后，继承人也是同一氏族的最年长者。有些较大的村寨还按年龄安排好了继承者，“卓巴”的继承人称“巴努”，“卓色”的继承人叫“生努”，他们作为当权长老的助手，在“卓巴”、“卓色”没有去世前就要从事村寨的具体管理事务。长老的职能主要是主持村寨生产、生活和祭祀活动。譬如，每年播种前只有经过他执行的杀牲祭鬼仪式，并由其先撒几颗种后，全村才能播种；过年的日期也由他们决定。一旦长老家中独有的被村寨成员敬畏的大鼓、芒锣敲响时，便宣告了新年的开始，村社男女老幼齐至长老家歌舞作乐。

长老与开始建寨的父系氏族联系在一起。有的村寨人丁不旺，若两个长老所在的氏族其中有一个灭绝已无长老可立，往往引起整个村寨的迁移。长老虽不具有政治特权，但拥有特殊的地位。傣族土司时，在基诺族中设立“帕雅”、“扎”、“先”的政治统治，国民党政府也曾建立保甲制，但他们往往都与村寨长老制相结合，并没有也无法取代长老的地位。

1941年，基诺山约有8000人，共28个寨子，由于无法忍受国民党政府的各种差役赋税，基诺族人民在搓约等人的领导下发动了武装起义，迫使当局撤职查办了车里县县长王字鹅，此后三年，民国地方政府不再向基诺族人民多加兵役赋税。

【风俗文化】

基诺族长期处于十分落后的原始状态，直到新中国成立前，以“刀耕火种”为主要手段和特点的山地农业是其经济生产的主要形式。它主要靠毁林开荒、轮歇耕作。垦荒时伐木刈草，晒干后放火焚烧，用草木灰作肥料，稍事平整，即行播种。一年种一季，不选种、不施肥。播种时，男子用剁铲或手锄在前面挖坑，女子随后点种、掩土。在平缓的坡地上才有少量的条播和撒种。他们采用轮种制的方法，开荒的山地一般种一、二年，较肥沃的才种三年。第一年种棉花，第二年种旱稻，第三年种包谷，种完后就抛荒，再开新地。砍刀、剁铲、钐刀、弯刀、镰刀、火镰、小手锄等是基诺族主要生产工具。

基诺山是普洱茶六大茶山之一。传说三国时，基诺族人民就已开始种茶，并能进行初步的茶叶加工。清朝初中期，普洱茶盛极一时，西双版纳六大茶山最高年产量曾达8万担，其中车里、攸乐山、大勐龙等产茶5000余担。1729年清政府设立“攸乐同知”始派官员征收茶捐赋税，当时有许多茶商和马帮前来收购茶叶，基诺山的竜帕寨曾是清政府设立的茶场，是当时的制茶中心，茶叶生产曾兴盛一时。

至20世纪80年代初，基诺族的养殖业尚处在原始放牧阶段。大牲畜有黄牛、水牛，但不是用来耕地，而是用于祭祀和食肉，还普遍饲养猪、狗、鸡等家畜家禽。除狗外，牲畜都自行放牧于村寨周围的山坡草地上，也无专人照管，让其自由栖息、觅食。

基诺族人善于狩猎。狩猎是基诺男子的一项基本技能，猎获动物的多少，狩猎知识和经验是否丰富成为衡量男子能力的主要标志。男子外出或劳动时多随身携弩弓、弯弓、弹弓或荷挎猎枪，随时射杀飞禽走兽，他们也能设置陷阱、扣子、篱道、跳签、压木等捕捉野兽。猎获归途中，狩猎汉子敲响一种用竹子做的打击乐器，声音铿锵有力，狩猎英雄还会唱起动听的狩猎歌。盛行集体围猎，参加者平均分配猎获物，唯击中者多得兽皮。

捕鱼也是基诺族居民的重要副业。小黑江、勐旺河、卜天河等，沟箐纵横，鱼类资源非常丰富。人们有空就去捕鱼，农闲时还集体捕捞，用作小菜或做成“干巴”，烧烤后便成为待客、佐食的佳肴。

采集是基诺族妇女的重要生产活动。基诺族日常生活的佐餐、副食主要靠妇女采集的各种野菜、野果和虫类。基诺山生长着许多山珍野味，如各种菌类、竹笋、木耳、白生等，野果有一二十种，野菜达二三十种，虫类20多种。基诺妇女在生产劳动中习惯背一个棉布大筒帕，以备随时采集各种野菜和果子，有的现采现食，有的则要加工后方可食用。基诺妇女耕作之余就四处采集，收工回家，全家吃的佐食汤菜都有了。

基诺族的传统手工业规模小，尚未形成商品生产，基本上还是自给自足经济的一种补充，也没有从与农业中完全分离出来。纺织和刺绣是基诺妇女的一项基本技能。在基诺山，随时都可以看到妇女或手持纺轮捻线，或穿针引线刺绣。纺线的技艺只有经过长期训练才能熟练掌握。织布是成年女子特别是已婚妇女的一项活计。她们用一种原始的腰机织布，把经线的一头拴在自己的腰上，另一头拴在对面的木柱上，席地而坐，双手持梭将纬线来回牵引，然后用砍刀状的木板打紧，织出厚实耐用的“砍刀布”。每年秋收之后，妇女们忙着去除棉籽，弹花、纺线、染色。刺绣主要用于服饰。基诺族女子从小就必须学会刺绣、缝纫的技能，成年后便要亲手刺绣手帕、挎包、花带等信物送给恋爱对象，定亲后女孩还得纺织和刺绣一批衣被作为陪嫁。

基诺族男子的传统手工业则为竹篾编制。基诺山漫山遍野的竹林为他们提供了必要的生活用品，他们住的是竹楼，吃的是竹笋；桌、椅、板、凳、床、箱是竹编的，甑、碗、瓢、盆、筷是竹做的；刻木记事用竹板竹片，吹拉弹奏也离不开竹；农耕用的剁铲，狩猎用的弯弓、跳签……小到烟盒，大到背篓，无一不是基诺男子技巧技能的表现。他们用两抬两压、三抬三压和双抬双压等方法编制各种生产生活用品，造型美观大方。

基诺族的民间手工艺还有雕刻，即用木、竹和牛角等雕刻出神龛、棺材、耳环、鼓、烟斗以及饭甑、碗、勺等生活用具。他们擅长泥塑，主要是做些祭祀用的人、马、猪、牛、羊、蛇、蟹、鸡等。

几乎每个基诺山寨都有铁匠，他们能生产斧头、镰刀、锄头、铁犁等生产工具和刀、铲、锅等生活用具。铁匠技术据说是从汉族那里学来的，他们不具有冶铁的能力，打铁用的原料多是与马帮或外商以物换物而来。

基诺男子通常上穿无领无扣对襟黑白花格麻、布褂，上衣背面正中缝上一块方形红布，上绣一朵美丽的太阳花（一说是孔明的八卦图案），下身着白色或蓝色宽大长裤或短裤，扎宽布腰带。新中国成立前，多数男子头顶留三撮头发：中以纪念武侯，左右以怀父母。有的说，左为父母留，右为自己留。女子上身穿无领镶绣对襟杂色小褂，下系镶红边黑色前开合短裙，现在也有改穿长裙的。基诺妇女习惯裹绑腿、挽发高髻，她们头上还戴有白厚麻布，后披翅长及肩部的披风尖顶帽，显得既庄重大方又活泼俏丽。过去男女均赤足，喜欢嚼食槟榔或用花梨木黑汁染牙。男女皆两耳穿孔，内塞竹管、木塞，以耳孔大为美。

基诺族习惯于日食三餐，以大米为日常主食，杂以玉米、瓜豆等。基诺族食用大米很讲究，要吃好米、新米，陈仓米多用来喂养家畜或做烤酒。喜吃青玉米。早餐通常把糯米饭用手捏成团吃，午餐多把米饭用芭蕉叶包好带到地里随时加盐和辣椒食用，也有直接把米带上山，就地砍竹筒、采集野菜，把米和菜放在竹筒里烤熟而食。晚餐除主食米饭外，还备有一些菜肴，其中有瓜豆及随时采集和猎获的山菜野味，家庭饲养的畜禽只在婚丧礼祭时才能宰杀，平时肉类多来源于狩猎所获。

基诺族喜酸、辣、咸口味，尤其喜酸。酸笋是主要的家常菜。把格里罗果捣烂后加辣椒、盐成为每餐必备的调料。基诺族的烹调方法主要是烤、煮、炒。竹筒烤饭、酸笋煮狗肉、苦刺果煮牛肉、火烧飞蚂蚁、烤蜘蛛、竹鼠煮稀饭、芭蕉叶烧肉、金条肉都是基诺族最具特色的风味佳肴。基诺族普遍喜好饮酒，民间有不可一日无酒的说法。所饮用的酒大都是自家用大米或玉米酿制。在酿制过程中，通常要加一些锁梅叶等植物，酒呈浅绿色，带有一种植物的自然香味，有健脾强身之功效。基诺人多喜喝老叶茶，喝茶时一般都将老叶揉炒后放入茶罐加水煮至汤浓才饮用。

在毛俄、茄玛等寨的部分基诺族妇女中,还有一种食用当地特有的胶泥的习惯。有的老年妇女已食土成癖，一日不食就有不适。研究表明，这种胶泥中含有少量人体必需的铜、铁、钙、锌等元素。

基诺村寨喜建于平缓向阳的小山坡上。房屋是用竹木和茅草修建的“干栏式”竹楼，貌似孔明帽，相传建房式样是孔明教的。竹楼由木架支撑，用粗木做梁、柱，连榫为架，不用金属连接。楼板和四壁用竹片排列铺成，将茅草编成草排覆盖在楼顶上。竹楼上层住人，下层不设四壁，用于堆放工具、什物和家畜栖息。竹楼上有前后两个晒台，前晒台连着楼梯口，后晒台是晒衣、纺织之处。楼上用篾笆隔开，里屋按人口多少隔成数间卧室，外屋为“客厅”，兼厨房、饭堂，“客厅”中间有火塘，三块锅桩石作三足鼎立状，火塘上面悬挂着竹编吊笼，放置食品。火塘和锅桩石是家中神圣之物，饮茶、谈天、商谈家务、安排生产都在此进行。竹楼屋脊两头装饰着茅草扎的耳环花，一般群众的竹楼共饰6朵，村寨“长老”家则饰10朵。装饰着耳环花的竹楼使人一眼就识别出其主人的社会地位和身份。

传统基诺族房屋与现在稍有区别，大致有两种：一是有一个火塘的竹楼，内居一个父系家庭的全体成员五六人至十余人。据说20世纪40年代国民党军队进山镇压基诺人民起义前，许多村社都存在着有五六十人的父系大家庭，几代人在一个男姓家长领导下集体劳动，吃大锅饭。另一种是竜帕寨的长方形竹楼，长约三四十米，宽8至10米，楼内共居着同一父系氏族的数代人，进楼有一通道，用石头砌边的土台上等距离并排着各个小家庭火塘，火塘两旁是他们的卧室，进门右边第一间为家长寝室。这种大长房虽然也有一个男性家长，但各小家庭已有了自己的家庭经济，按小家庭为单位独立消费。1940年时，竜帕寨的一个大竹楼曾住着同一父系氏族的31户，共125人。每个竹楼都有一个男性家长——“卓巴”，假如此家的男子去世而无“卓巴”，则拆掉房子，妇女必须改嫁或回娘家，没有继承门户的权利。这种共居分炊的习俗生动地反映了父系大家庭向小家庭村社过渡的情形。

成人礼是基诺人一生中的一件大事。每个男青年十五六岁，女青年十三四岁后要行“成年礼”，经过一个复杂而严肃的仪式后才能换上成人的衣服，背上筒帕，并参加“饶考”(男的)、“米考”(女的)组织，从此才具有村社正式成员的资格。举行成年仪式时，父母要送给儿女全套的生产工具和成年人衣服，女孩子还要梳成年人发式。仪式上，村寨长老要带领大家吟唱史诗，讲述劳动和生活的艰辛，传授传统的道德规范。

基诺族的婚姻是有对偶婚色彩和群婚残余的一夫一妻制。一般婚姻在本村寨不同的氏族内进行。随着社会的发展，从20世纪初开始，婚姻关系也随着村社地缘关系的确立和扩大，开始向氏族外村寨的非氏族内婚过渡。在婚前，氏族外男女间的社交和性关系是自由的，私生子随母亲到夫家生活，在社会上不受歧视，但也有由舅舅收养的。男女青年要经过“成人礼”，参加“饶考”、“米考”组织，才有结交异性、谈情说爱的权利。有的村寨还建有专为青年男女幽会的公房。男女恋爱通常经过“巴漂”（秘密地谈情约会阶段），“巴宝”（由秘密转入公开阶段），“巴里”（同居阶段）等3个阶段。男女同居之后，双方感情和睦，如果某一天，男子晨起时主动为姑娘扫地、背水、烧火、做饭，即表明他要与姑娘结为夫妻。男方父亲或舅舅便向女方父母求婚，择日举行婚礼。婚后妇女必须严守贞操，很少有离异的现象。

基诺族丧葬习俗为：人去世后，挖独木为棺，土葬于公共墓地，不留坟冢。死者生前喜爱的生产、生活用品，作为殉葬品，富者还埋入一铜锅银子。墓表搭盖小草房，内置竹桌，家属一日三次供饭，连续进行1至3年，有的还守墓数月，以示对死者的缅怀，死者的灵魂最终归至祖先英灵所在的圣地——“司杰卓米”。数年之后，为了安葬后逝者，不仅可把原来的草房拆除，还可把先已入葬的棺木尸骨挖出，抛撒于山野中。这是因为每个村寨的公共墓地面积有限，而每一父系氏族的墓地就更加狭小，又不能任意扩大，据说扩大了鬼生活的地方，将对活人不吉利。凶死者或未成年者不得葬入村社墓地，后迁入的社员也不能葬入公共墓地，只能安葬于公共墓地的边缘，孕妇、精神病患者死亡则实行火葬。父亲去世一年后，儿女们要重盖新房，意思是把自己的房子献给父亲，新居落成时要举行一次隆重的祭祀活动叫“上新房”。

基诺族的传统节日以“特懋克”（一作“特毛切”）最隆重、最盛大。“特懋克”即过年，意为“打大铁”，是基诺族人民为纪念铁器的创制和使用而举行的节庆。过去节日活动都以村寨为单位举行，没有统一的时间，大约在农历腊月间，一般由“卓巴”来决定，一旦“卓巴”敲响大鼓时，便意味着开始过节了。1988年，西双版纳州人大常委会根据基诺族人民的意愿，把公历的2月6日至8日定为基诺人民的“特懋克”节日。节日期间，多数村寨都会凑钱买牛，组织隆重的剽牛活动。届时，在卓巴的指挥下，一群手持标枪的男子，轮流把标枪投向被栓住的黄牛，牛被戳死后，几个小伙子持刀先砍牛脚，而后割下牛臀部一块肉祭祀，余下的部分大家分食；还要用瘦牛肉、皮、血、苦胆、蒜、辣子、酸笋、槟榔、绿叶、酒做成名为“克勒刹”的凉菜，与3只鸟和飞鼠干巴等一起作为礼物，送给邻近村寨的长老家，并颂赞美之词。剽牛后，各家的家长都要到卓巴家举行祭鼓仪式，长老要设宴款待，跳“大鼓舞”。村民还要给铁匠送些竹鼠，行打铁祭祀。

基诺族的传统节日还有“好希早”，即新米节，亦称“新米”。每年农历七八月间，谷物即将成熟的时候，基诺族人就从田地里采集新谷子、蔬菜和瓜豆，杀鸡，请亲戚朋友到家里共同品尝新米、陈酒、鲜肉、绿菜，同时举行各种祭祀仪式。人们边吃边唱，欢乐的歌声常常通宵达旦。

基诺族有不成系统的太阴历，它以月亮的圆缺纪月。一年分为12个月，民歌有“一年11个月，一月30天”的唱词，实际多余的那个月是基诺族的“过年月”，其天数是不固定的。其他11个月也没有月份名称。

基诺族的纪日、纪年根据创世神阿嫫杳孛创世造物的顺序而立，每12天为一轮回。第一天叫“伊搓”，意为水日；第二天叫“尼嫫”，即“阿嫫杳孛日”，意为“（造物）主日”；第三天叫“扎欧”，意为“太阳日”；第四天叫“布洛”，意为“月亮日”；第五天叫“尼”，意为“星星日”；第六天叫“冒”，天地合拢之意，意为“合日”；第七天叫“西”，可译作“草日”；第八天叫“萨厄”，意为“风日”；第九天叫“色额”，意为“树日”；第十天叫“布霍”，意为“雨日”；第十一天叫“西夺”，意为七个太阳的生日，也可译为“七日”；第十二天叫“米刍”，意为“火日”。基诺族纪年以12年为一轮，有的基诺人用纪日的顺序称呼，因将周而复始的那一年也算进去，常有13年为一轮之说。

基诺族无生肖属相的说法，但每个人都清楚的知道自己的生年和生日名称，并推算出自己的年岁，并将其作为选择、安排人生礼仪活动和祭祀活动的依据。基诺族的历法主要是用于推算祭祀等宗教活动，在农耕生产和日常生活中则使用简单原始的物候历。

基诺族以初春的“特懋克”节为一年的开始，当桦皮树、大麻嫫发出新芽，豆渣树开花，小黑江长出青苔，澜沧江水发亮（约相当于公历1月），“特懋克”节就到了，各村寨开始进行隆重的“特懋克”节，并开始安排砍林地，修理树枝，平整土地；待知了鸣叫时（约相当于公历2月）就可举行烧地的仪式，刈隔火道，烧地、拣楂、田坎、筑地砍；知了的叫声达到高潮时（约相当于公历3月），开始种棉花、玉米，在地边修建窝棚；满山的“皆波”花盛开时（约相当于公历4、5月间），可举行播种仪式，种植旱谷、瓜豆，除草，打扎栏；地中杂草茂盛时（约相当于公历6、7月间），老寨要举行隆重的“喏嫫洛”祭，准备“好希早（吃新米）”仪式。人们除草、间苗、修扎栏；“阿咕幽”开始鸣叫，早稻成熟了（约相当于公历8月），儿孙寨举行祭始祖的“喏嫫洛”仪式，“吃新米”，收割早稻、守地护秋；中稻成熟（约相当于公历9月），开始收割中稻，未种晚稻的人家举行“叫谷魂”仪式；晚稻成熟（约相当于公历10月），收割晚稻，收棉花、黄豆，堆谷堆；打谷子时（相当于公历11月），背运谷子回家，举行“叫谷魂”仪式，准备盖新房；过年月，挑选山林地，开始“号地”，派人选牛买牛，准备过“特懋克”节的物品。

基诺族的文化艺术多姿多彩。民间流传着丰富的神话传说、故事、诗歌和谜语、谚语。在神话传说中，流传较广的是《玛黑和玛妞》、《阿嫫杳孛》等。民间故事有反映纯洁爱情的《两个小伙子》，有反映善有善报、恶有恶报的《宝刀和竹笛》、《猴子和人》、《大姐和四妹》，有机智人物故事《阿维的故事》，有歌颂妇女勤劳，忠诚善良的《白腊杰和白腊车》、《选新娘》、《孤儿腰杰的故事》，有勤劳勇敢、品德高尚、舍己救人的《沙切和蛇郎》、《鸡蛋姑娘》，还有讽喻故事《玉波壳和野猫》、《青蛙和猴子》、《青蛙断案》等。基诺族诗歌分叙事诗和抒情诗两种，内容广泛，格调含蓄而真切，生活气息浓郁。最著名的叙事长诗是《巴诗与米诗》，叙述基诺族男女之间美丽而又凄婉的爱情故事。基诺族的谜语主要反映自然现象，生活用品、生产工具方面，既具诗歌的韵味和又有艺术魅力；谚语则简易通俗，含义深刻。

基诺族有较为丰富的民间音乐。他们喜爱歌舞，从青少年时代起，就喜欢学习唱歌，且能即景生情，以物比喻，依照曲调即兴填词。歌声悠扬，娓娓动听。每当节日兴会，长者乘兴高歌，青年生情起舞。民歌有叙事歌、婚嫁歌、节日歌、狩猎歌、迎宾歌、情歌、儿歌、宗教类民歌等。人们经常以唱民歌的方式来传授知识。如关于生产知识的有狩猎歌、猎获小调、播种歌、采集歌、时节歌等，传授生活知识的有情歌、婚礼歌等，讲述社会规范的有礼俗歌，还有用于批评讽刺、维护道德伦理、表达社会舆论的民歌。人们不仅在欢乐的时候唱民歌，发生矛盾纠纷的时候也唱民歌，以婉转的语言、得体的措辞来表达不满、化解矛盾，争而不怒。因此常常避免了争吵翻脸，化干戈为玉帛。基诺族主要的民间乐器有：“塞土”(大鼓)，竹制打击乐器“七柯”和“布古”，竹制吹管乐器“毕土鲁”、“贝托”、“约遮”、“别别”、“别别搓列列”和“师别”，以及口弦、二胡、芒锣和铜钹等。

民间舞蹈分为习俗性舞蹈和娱乐性舞蹈两大类。习俗性舞蹈如大鼓舞、贺新房舞、丧葬舞、祭祖舞等。大鼓舞是基诺族最具民族特色的舞蹈，也被列入第一批国家级非物质文化遗产名录和云南省第一批非物质文化遗产名录。大鼓又称太阳鼓，即“塞吐”，“塞”泛指较大的神灵。基诺族把对神灵、祖先、生殖等的崇拜，都集中表现在对大鼓的崇拜上。传统上跳大鼓舞的时间一年只有两次，一是“特懋克”节，再就是“尼叭腊”祭祀活动上。娱乐性舞蹈主要有“佐交交麦”（儿童舞蹈）、“竹骨能”（姑娘舞）、“跳笙”等几种。

基诺族在社会组织内部有一种原始的习惯法，作为待人处事的规矩、判别是非的标准和调解内部矛盾的法度，以此来维护传统社会中人际关系的正常运行。这种习惯法又与原始宗教、伦理道德有着天然的联系，涉及社会生活的方方面面。基诺族一敬畏鬼神，二敬畏长老，如在年节中举行祭祀时，卓巴、卓色两家各杀一只鸡，以“神的使者”名义宣布传统的村规民约。基诺族一直保留着以酒代罚之习，凡违反了村规民约或做错了事的人，一般要罚其10碗酒，重者要罚两头猪、百余斤大米和几十斤酒，请全村老少共餐一顿。在离婚仪式中，男方出一壶酒，由女方的舅舅各倒一杯酒，男女各喝一口，余者倾注于地，男方说：“你活着不是我家人，死了也不是我家鬼。”婚姻即正式解除。

习惯法与伦理道德以民谚、歌曲、古训等形式来传播和约束人们的行为。如俗语说：“巴什不结亲，死后可配对。家族内不嫁，兄弟间不婚。两只公鸡不住一个窝，一个姑娘不恋两个小伙。没有媒人不成婚。把女儿当财产，有情人也难成亲。不长草的地方不出庄稼，爱虚荣的女人不会当家。”

基诺族保存着天然的平等观念，他们把公平公正的观念比作天平。烧地时，由“沙奇”（公证人）看拦火道的宽与窄是否符合规定来判断烧地者的责任。男女恋爱要请一个女子做“沙奇”，结婚时要由她证明嫁妆和礼金的数量。分家时，特别是巴卡村村民离婚，夫妻双方各请一位“沙奇”作为离婚证明人，以公平的古规来监督双方分家产的过程。

基诺族社会保持着原始天然淳朴的道德风尚。大家尊老爱幼、团结互助，他们勤劳、好客、重信用，传统美德蔚然成风。基诺族生产力水平低下，常常缺衣短粮，但他们的粮食却储存在地边或屋外的小草棚中，“夜不闭户、路不拾遗”。基诺族中还保留着原始平均主义的习惯，所猎获物即使是一只小麂子，也要按村社人口人均一份。在民间一直保留“生分熟吃”的习俗，即捕获到猎物之后，凡是见到捕获者的人，生时就可分得一份，熟时还以可去吃，直到吃完为止。饮酒待客也非常真诚，只要客人不放杯，主人一定要奉陪到底。

基诺族除具有一定的祖先崇拜和对诸葛孔明尊奉外，最具特色、占主要地位的宗教观是万物有灵思想。基诺族认为山有山神，地有地神，寨有寨神，谷有谷神。每年祭祀的活动很多，传统节日、喜庆丰收，生儿育女、天灾人祸都要祭祀神灵。一年中最大的祭祀活动是“特懋克”节时的祭太阳鼓。太阳鼓是基诺族最神圣的祭器和乐器，一般有两面，分公鼓和母鼓。他们视太阳鼓为神灵的化身和村寨的象征。祭祀太阳鼓，目的是祈盼它能保佑全寨人丁兴旺、五谷丰登。祭祀活动还有“喏嫫洛”祭创世神阿嫫杳孛和“好希早”节时祭祀祖先。还有叫谷魂、“祭大竜”、“祭小竜”等十多种。祭祀活动均有特定的规矩，一般要杀猪、杀狗。狩猎祭要按猎获物的大小、凶猛程度分为三个等级，祭祀的规模也根据等级的不同而有所区别，所有猎物必须在祭祀后才能食用。大的宗教活动由“卓巴”、“卓色”主持，全寨人参加，并由不脱产巫师“白腊跑”和“莫培”念经。基诺族的巫师有一套独特的占卜术，且巫医并行，能用草药治病。巫师既是熟知习惯法和历史掌故的人，又多为著名的歌手，同时又是长篇史诗的口传人，实际上是民族文化的传承者。"
